:040000000EEF00F00F
:0400080004EF10F001
:080018000CEF10F0EDEF0DF00C
:10100000002C1F00CC1E00BE1E00D01500B0170023
:10101000121F00421900281F00241F00201F001C5F
:101020001F000C1F00061F00001F00F21E00761A92
:0510300000303736001E
:10103600060E526E300EE82EFED7522EFCD700D08A
:101046008A8A200E526E2A0EE82EFED7522EFCD722
:10105600586AC00E436E060E446E020E456E5BD88D
:101066003FEC0EF0C00E436E050E446E3F0E456E0D
:1010760052D83FEC0EF0C00E436E040E446EEB0EDB
:10108600456E49D83FEC0EF0C00E436E010E446E1D
:10109600456A41D83FEC0EF0C00E436E446A400EDE
:1010A600456E39D83FEC0EF0010E476E34D883EC0E
:1010B6000EF0C00E436E090E446E030E456E2BD81D
:1010C6003FEC0EF058500DE1040E536E540E546E64
:1010D600040E556E780E566E530E4E6E300E05EC9F
:1010E6000EF0576A24D8456A16D83FEC0EF0572AF8
:1010F600170E5764F7D7180E576E19D845680BD8D0
:101106003FEC0EF0572A9B0E5764F7D7582A020E6B
:1011160058649FD7020C5850310F526E52C0F6FFDA
:10112600100EF76E000EF86E0800F5501200400E15
:10113600436E57C044F0400C550E73EC0FF0586ADE
:101146000A0E73EC0FF0582A070E5864F9D7ACA2B2
:10115600FED757EC0FF0596A5A6A576A090E566E4F
:1011660030D03EEC0FF0556E4AD855C0DFFF594AD5
:101176005A2AAA0E0001601911E1030E61190EE147
:1011860062050CE1050E59185A1008E13EEC0FF005
:101196000F0E316E010E62EC0EF015D0040E5918CA
:1011A6005A100FE1020E601906E0050E601903E001
:1011B600070E601906E120EE61F0DE505626DD507E
:1011C600572218D8CEE365EC09F03FC056F040C070
:1011D60057F0550E73EC0FF0596A5A6A06D00FD8BD
:1011E600DF5073EC0FF0594A5A2A04D8F8E32CEC76
:1011F6000EF0ADD75650595C57505A5812005950F8
:10120600600FD96EDA6A1200526E090E5218D8B4FF
:101216001200536A1ED04CD8300E73EC0CF02AD054
:101226002FD8300E73EC0EF025D036D8300E43ECA6
:101236000CF020D03DD8370E73EC0CF01BD020D824
:10124600370E73EC0EF016D027D8370E43EC0CF0A1
:1012560011D05250506E516A51500CE15050DBE0A3
:10126600010ADEE0030AE1E0010AE4E0070AE7E03A
:10127600010AEAE04F2A532A030E5364EAD7030C05
:101286005350020DF350100F546E010E476E540E5C
:10129600486E4FC049F012005350020DF350080F2C
:1012A600546E010E476E540E486E4FC049F0120040
:1012B60053505324546E010E476E540E486E4FC061
:1012C60049F0120063C000F064C001F040D0A0EC09
:1012D6000BF031C041F032C042F049D062EC0AF066
:1012E60031C041F032C042F042D027EC0BF031C0A1
:1012F60041F032C042F03BD0BFEC09F031C041F0C2
:1013060032C042F034D0010E696F2B6E0CD0010E44
:10131600696F615103E1010E296E05D0020E611954
:1013260002E1010E286E426A0A0E0DD0436A43504E
:10133600600FD96EDA6A0A0EDF6E432A070E43641F
:10134600F6D7426A080E416E12D06969ECD70001E1
:101356006051BDE0020AC2E0010AC7E00B0ACCE018
:10136600010AD1E0030AD3E0A00AE0E0EED741C0CB
:101376003FF042C040F012000001656B200E666F20
:10138600676BDF0E626FFE0E616F010E636F41D8F1
:10139600800E7F6E256A266A61C03BF062C03CF013
:1013A6003D6A3E6A63C033F0346A356A366A34C0D1
:1013B60036F033C035F0346A336A33503B26345046
:1013C6003C2235503D2236503E22376A386A396A09
:1013D6003A6A0ED00900F5502526000E262209008D
:1013E600F5502626020E3726000E382239223A22DA
:1013F6003B50375C3C5038583D5039583E503A586F
:10140600E9E325C069F026C06AF0326A0B0E316E38
:101416000B0C65C0F6FF66C0F7FF67C0F8FF120049
:101426004BD862EC0EF037D8000E07EC09F01ED848
:10143600030E07EC09F025D8010E07EC09F0060E9D
:101446002D6E790E2E6E5E0E2F6E306A2D0E4F6E3D
:10145600040E07EC09F028D8050E07EC09F024D88D
:10146600020E07EC09F028D862EF0EF05E0E2D6E24
:10147600770E2E6E780E2F6E790E306E2D0E4F6E05
:101486001200770E2D6E730E2E6E2F6E380E306E86
:101496002D0E4F6E12002D6A2E6A3E0E2F6E730EA3
:1014A600306E2D0E4F6E1200400E2D6E2E6E2F6E6C
:1014B600306E2D0E4F6E1200020E316E000C0CECCB
:1014C6000AF0A40E7F6EF85009E1000EF65C200EBD
:1014D600F75804E2FE0E0001696F30D0356A366AAD
:1014E60022D03550690FD96EDA6ADF50F56E59ECA5
:1014F6000BF0F0E20D00F6CF33F03F0E33160DE0A1
:10150600FF0E00016125336EFF0E6221346E3550E9
:10151600331807E13650341804E10A0035EC0FF0B1
:101526000900354A362A00016151355C6251365848
:10153600D8E3010E696F006A016A00D0326A0A0EAA
:10154600316E0A0C316E010E326E24B43CD031C0BD
:101556001EF02492248424900E0E226E010E1D6E1F
:10156600F40E1C6E2486380E026E1F0E036E000EDD
:10157600046E146A380E056E1F0E066E000E076E98
:10158600156A380E086E1F0E096E000E0A6E166A70
:10159600380E0B6E1F0E0C6E000E0D6E176A360E91
:1015A6000E6E1F0E0F6E000E106E186A9E96C6BA4D
:1015B60009D001D007D0C76A080EC66EC56A270EC5
:1015C600C86EC68A326A32501200C5BC01D002D03B
:1015D600010E01D0000E000901E126D017C03AF035
:1015E60020EE0BF001D80AD00500FA6EDE50FD6E33
:1015F600DE50FE6EDE50FF6EFA5012003B6E3C6A05
:101606003C5002E08EEF0FF03B50010A02E18EEFF4
:101616000FF0030A02E194EF0FF0010A02E192EFE4
:101626000FF0070A8EEF0FF0249020EE1FF0DF5028
:10163600DF2AD96EDA6ADF50316E31C0C9FF08EC95
:101646000CF001E1060C030C010E2A6EF66A200E60
:10165600F76EF86AC00EF614336EFF0EF714346E8A
:10166600FF0EF814356E355007E1200E345C04E2A7
:10167600FE0E0001696F21D0366A376A17D8F8E284
:10168600940E7F6E35EC0FF0400EF626000EF72214
:10169600F822364A372A800E365C070E3758EEE3B4
:1016A600010E0001696F636B646B07D0000EF65C78
:1016B600000EF758020EF8581200326A0A0E316E02
:1016C6000A0C5FEC0AF062EC0EF05B5012E12D6A38
:1016D60024D8276403D0276A010E5B6E2D0E4F6E49
:1016E600050E07EC09F02D6A22D8020E07EC09F068
:1016F60010D02D6A12D8276402D0276A5B6A2D0E95
:101706004F6E020E07EC09F02D6A11D8050E07EC94
:1017160009F05FEC0AF062EF0EF02E6A2F6A306A6B
:1017260027502D0FD96EDA6ADF68272A030C2E6A36
:101736002F6A306A2D0E4F6E1200010E0001696F7E
:101746006A6F6B6B010E6C6F6D6B6E6B3F0EF86E96
:10175600F768FE0EF66EC00E7F6E0900F5CF6FF0CD
:101766000900F5CF70F0716B726B400E736F746F7A
:10177600300EF86EF76AF66A0C0E336E09003350B7
:10178600690FD96EDA6AF5CFDFFF332A0F0E33649D
:10179600F5D70001796B7A6B020E7B6F7C6B200E9E
:1017A6007D6F326A1E0E316E1E0C1F50D96EDA6ABC
:1017B600C950DF6E1F2A29D803E0C59AC588050CD3
:1017C600248614C03AF001D80AD00500FA6E0250F9
:1017D600FD6E0350FE6E0450FF6EFA5012003B6E13
:1017E6003C6A3C5002E083EF0FF03B50010A02E1F5
:1017F60083EF0FF0030A02E180EF0FF0010A02E126
:1018060080EF0FF0070A83EF0FF02006D8A021061D
:1018160020502110120031D09EA6FED701D0FCD751
:101826009E9624A00ED001D00CD0C5BC01D002D00B
:10183600010E01D0000E000904E001D002D00F0E07
:10184600226E2250030DF350010F3D6E3DC0F6FF90
:10185600100EF76EF86A000EF86E01D80DD005006E
:10186600FA6E0900F550FD6E0900F550FE6E09008E
:10187600F550FF6EFA501200226E24A21200CCD749
:101886004D6E24D80F0B4E6E21D8100B4C6E100ED9
:101896004C1801E14E8E13D81ED83FEC0EF016D828
:1018A6004A6E050E4B6ED8904A324B2EFCD74A50E4
:1018B6004E6E05D84A6E4A280ED83FEF0EF047C046
:1018C60043F04850D96EDA6ADF5012004950D96E9B
:1018D600DA6ADF501200446E4EC045F04D501200D9
:1018E6004C6E495021D8D8904A36D8904A36D8906E
:1018F6004A3412D81ED83FEC0EF0495015D8050EC2
:101906004B6ED8904A324B2EFCD74A5005D84A6EB9
:101916004A280FD83FEF0EF04D6E47C043F04850AF
:10192600D96EDA6ADF501200D96EDA6ADF504A6E73
:101936001200446E4DC045F04C501200248602D071
:101946009E86030C14C03AF001D80AD00500FA6E40
:101956000250FD6E0350FE6E0450FF6EFA501200E8
:101966003B6E3C6A3C5002E08EEF0FF03B50010AA2
:1019760002E18EEF0FF0030A02E190EF0FF0010A89
:1019860002E190EF0FF0070ADBE08EEF0FF0426EF8
:101996004250A5EC0AF00009FBE0000E366E1E0E62
:1019A600376E000E386E410E396E16EC0FF0400E93
:1019B600316E10D82BEC0FF0366A376A386A396AFE
:1019C6003A6AC9EC0EF07DEC0FF0BCEC0EF0E806BE
:1019D600FCE01200336A010E326E010C356E315096
:1019E600321033100BE014D831C0DEFF32C0DEFFF8
:1019F60033C0DEFF14D834C0DFFF120009D8380E1A
:101A0600DE6E1F0EDE6E000EDE6E09D8DF6A120075
:101A16003550030DF350020FD96EDA6A12003550B5
:101A2600140FD96EDA6A12005FEC0AF062EC0EF05F
:101A360044EC0AF0000E07EC09F06E0E2D6E060E51
:101A46002E6E540E2F6E7D0E306E2D0E4F6E030EC3
:101A560007EC09F04EEC0AF0010E07EC09F039EC40
:101A66000AF0040E07EC09F05FEC0AF062EF0EF0E4
:101A76002490020E236E16C03AF020EE08F001D82C
:101A86000AD00500FA6EDE50FD6EDE50FE6EDE50A8
:101A9600FF6EFA5012003B6E3C6A3C5002E08EEF3D
:101AA6000FF03B50020A02E190EF0FF0010A02E14B
:101AB60090EF0FF08EEF0FF0D0A8D0B201D0010C4E
:101AC600416A0000412A4128FCE184AE010CBFECCA
:101AD60009F0FE0EF66EF768010EF86E0900F5CFF6
:101AE6003FF0406A0900F550402625503F18E7E1CF
:101AF6002650401801E0010C000C480E656E900E51
:101B0600AB6E240EAC6E440EAF6ED46A000E316A14
:101B1600326A336A99EC0FF0000E316A326A336A20
:101B260098EC0FF0000E316A326A336A9AEC0FF0C5
:101B36002C6A12008D6A8C6A896A8E6A8A6A8F6A32
:101B4600400E8B6E9668F80E976E92681F0E986E12
:101B5600DF0E936E9F0E946E95680F0125690F0E2A
:101B6600246F010E236F538F538D010C5FEC0AF027
:101B760062EC0EF07C0E2D6E5C0E2E6E2F6E780EC5
:101B8600306E2D0E4F6E000E07EC09F03E0E2D6ED8
:101B96009AEC0BF0030E07EC09F05FEC0AF062EF2B
:101BA6000EF03A5010D83A5007D82BEC0FF09CECB8
:101BB6000EF016EC0FF0020CD96EDA6ADECF32F0B8
:101BC600DDCF33F01200D96EDA6A020ED926DF5065
:101BD600316E12003A0EF66E1F0EF76E000EF86E9C
:101BE6000900F5CF5BF000EE60F0490EEE6AE806FC
:101BF600FDE100EE02F02F0EEE6AE806FDE10001BF
:101C060047EF0FF04F6E516A51505124506E010E3E
:101C1600476E500E486E4EC049F04F5073EC0CF0B4
:101C26004E2A512A030E5164EFD7030C8CEC0FF0A9
:101C3600006A016A8B825FEC0DF0E80604E1B9ECFC
:101C46000DF09FEC08F0FC6AE06A8B9200EF10F052
:101C560012002A5004E017EC0DF02A6A12002950EF
:101C660004E013EC0AF0296A12002850D8B41200D6
:101C760064EC0BF0286A1200466E0000FD0E406E02
:101C860043C041F04650CAEC0CF044C040F045C099
:101C960041F04650CAEC0CF0000012003E6E010EF8
:101CA6003F6E24B20AD024823F6A3E50010ED8B459
:101CB600020E226EC5800EEC0CF03F501200326E02
:101CC6000BD0325002E18E8201D08E840000325059
:101CD60002E18E9201D08E9431063128F2E1120093
:101CE6004A6E47C043F04850D96EDA6ADF50446EF8
:101CF6004950D96EDA6ADF50456E4A503FEF0EF012
:101D0600486E496A47C043F049C044F0456A4850A6
:101D16003FEC0EF0492A170E4964F4D7170C3AC067
:101D260031F0EDEC0CF02BEC0FF003D816EC0FF0C5
:101D3600020C366A376A386A396A12003AC031F0DC
:101D460007D82BEC0FF09CEC0EF016EC0FF0020C03
:101D5600336A020E326E020C3A50E6EC0DF03A503F
:101D6600DFEC0DF02BEC0FF09CEC0EF016EC0FF008
:101D7600020C010E316E24B207D024941E689E9682
:101D86009D96C69A23C031F03150120036C031F00C
:101D960037C032F038C033F039C034F0020EF1EFFC
:101DA6000CF03AC031F0EDEC0CF02BEC0FF09CECA3
:101DB6000EF016EC0FF0040C3AC031F0EDEC0CF01E
:101DC6002BEC0FF09CEC0EF016EC0FF0020C3AC068
:101DD60031F0ABEC0EF02BEC0FF09CEC0EF016ECA9
:101DE6000FF0040C3AC031F0ABEC0EF02BEC0FF018
:101DF6009CEC0EF016EC0FF0020C3AC031F0EDEC54
:101E06000CF02BEC0FF09CEC0EF016EC0FF0040C23
:101E16003AC031F0ABEC0EF02BEC0FF09CEC0EF070
:101E260016EC0FF0040C36C031F037C032F038C073
:101E360033F039C034F0000EF1EF0CF09DEC0DF0EC
:101E46006DEC0FF080EC0DF04FEC0FF019EF0EF08B
:101E560024A6120031C01FF032C020F033C021F09A
:101E6600249612000F0100507E6F01507E6F7F8214
:101E76000000000012009EAAFED72C6AABA202D078
:101E8600AB98AB88AE501200979297948E928E9430
:101E9600000021EC0FF0FFD7C76A080EC66EC56AB0
:101EA600270EC86EC69A270C2B04D8A41200D08819
:101EB600D0828B92FF00120024801E501E24316EA9
:101EC60031C0C9FF030C2480D8801E34316E31C066
:101ED600C9FF050C700ED36E646A9B6A2A6B1200EA
:101EE600316E9EA8FED731C0ADFF120000D02492FD
:101EF600236A0E0C000E51EF0EF0C58AC588090C38
:101F0600C58AC5880A0CC59AC588050C2490C5865D
:101F1600040C1BEF08F0C584000CC582010CC582B9
:101F2600020CC582010C7AEF0FF0120012001200AB
:051F3600050C010C0187
:102000002DEF10F0FFFFFFFF0182B8EF43F0FFFF5D
:10201000FFFFFFFFFFFFFFFF0180D8CF60F0E8CF99
:1020200061F0E0CF62F0D9CF63F0DACF64F09DB811
:102030009EA802D087EC88F0A3B8A4A802D009EC2F
:1020400087F064C0DAFF63C0D9FF62C0E0FF61C0FF
:10205000E8FF60C0D8FF0190100062EF2CF0009004
:102060002301CA1D01B21D01A0AA00C0C7004A2356
:1020700001F2DB008223017423016623015823014E
:102080003C23012E2301202301482401E0EA0077AC
:102090007C585E79716F760600003800545C7300DE
:1020A000506D781C0000006E00777C395E79716F8E
:1020B000760600003800373F7300506D783E000010
:1020C000006E00303132333435363738396162636F
:1020D000646566003F065B4F666D7D077F67051090
:1020E0002030406080A0FF6E67C579DD61021A7004
:1020F00021010A00060E0A003C00000080210100B8
:1021000000580201000A005824000000000000FCF2
:102110008C00CE2F00CE25014220011065005E0705
:1021200001CA25010000009EDF00489900602401DB
:10213000000000F2E700A68A006C2401000000F213
:10214000E700A68A00D225010000005C2201BE7FC4
:1021500000000000000000A0E60006AA0000000049
:1021600000000086D800A49A00000000000000AE25
:102170002501D6CB00000000000000AA25010EA515
:1021800000AA02019138616C6C506F6442756666FA
:102190006572735B504F445F4255464645525F52ED
:1021A000585D20213D204E554C4C00616C6C506FA9
:1021B00064427566666572735B504F445F42554674
:1021C0004645525F54585D20213D204E554C4C00F1
:1021D0006F75744361706163697479203E20444176
:1021E00054414752414D5F4D494E5F4F564552480D
:1021F00045414400417373657274696F6E20666176
:10220000696C65643A202573202825733A2025736C
:102210003A202564290A00636F6E6669672D3E7354
:1022200061766553657474696E677320213D204E35
:10223000554C4C00636F6E6669672D3E70726F7609
:1022400069646553697A6520213D204E554C4C00E8
:102250007372632F447269766572732F506F647363
:10226000436861696E556172742E6300636F6E66B8
:1022700069672D3E777269746542797465732021B0
:102280003D204E554C4C00636F6E6669672D3E7263
:10229000656164427974657320213D204E554C4C34
:1022A000007372632F506F6473436861696E2F50BF
:1022B0006F6473436861696E2E6300777269746539
:1022C000506572696F64203E207461736B50657253
:1022D000696F6400636F6D6D756E696361746557D6
:1022E000697468506F6473436861696E00696E70E9
:1022F000757453697A65203E3D2076616C7565532F
:10230000697A6500736574506F6473436F6D6D73A4
:1023100041747472696275746573007372632F54CB
:1023200061736B732F526164696F5461736B2E63B9
:10233000007372632F526164696F2F566172496E28
:10234000742E63007372632F526164696F2F526140
:1023500064696F2E630070726F636573735261649A
:10236000696F427974657300706F6473556172743C
:1023700020213D204E554C4C00526164696F5461E0
:10238000736B5F496E697400636861696E20213DFB
:10239000204E554C4C00696E6974506F64734368ED
:1023A00061696E006465636F6465566172496E743D
:1023B00000382E382E382E382E00302E324C4F005A
:1023C000414C2E484900414C2E4C4F0048454C5042
:1023D00000303030300031313131003232323200B1
:1023E0003333333300343434340035353535002D50
:1023F0002D2D2D006572723100657272320065728A
:1024000072330065727234006572725500446174F3
:102410006100636F6E6E0050726F7500504831300E
:1024200000504820340050482037004641494C00B5
:102430004F4F4F4F0050415353004550742D004EA5
:1024400047452E002D41434300436F6E66006E6387
:102450006E6F006275737900636F6E7400372E3192
:102460000046414300644546006F66660043414CA8
:102470000043484100506F6400457272004F464669
:10248000002575006F6E00627200454C004F5200CF
:102490005552006E63004943007264007048002A80
:1024A00043002A460045430000FF01018A518B1179
:1024B00070E1680E00019C6F230E9D6F500E9E6FA1
:1024C000220E9F6F010EA16F7C0EA06FD40EA26F23
:1024D000220EA36F8DEC84F05CD08AC1A1F08BC179
:1024E000A2F000013EDADFA005D001D003D039DA36
:1024F000DF904FD0A1C06CF0A2C06DF0000ED6EC02
:1025000091F06CC068F06DC069F0000120EECCF075
:102510006C51D9266D51DA22DF50050F6A6F00EC3D
:1025200083F0CDEC79F0A1C065F0A2C066F00001A7
:1025300020EECCF0A151D926A251DA22DECF67F0ED
:10254000DDCF68F06D6B050E67256B6F000E68219F
:102550006C6F11D06B516525D96E6C516621DA6EA6
:102560006D516525E16E000E6621E26EDFCFE7FF5B
:102570006D2B6B4B6C2BEED9DF50696F6A6B695119
:102580006B5D6A516C59E6E301D0E4D7E3D96DC0C5
:10259000DFFF8AC179F08BC17AF033D020EECFF023
:1025A0007951D9267A51DA2201D80AD00500FA6E7B
:1025B000DE50FD6EDE50FE6EDE50FF6EFA501200F1
:1025C0007B6FD6D9DF507C6F7C517925D96E000E98
:1025D0007A21DA6E7BC0DFFFCBD910EE64F079513F
:1025E000E1267A51E222E7507B6F7B29656F666BAB
:1025F000000E6623686B640E676F46EC6BF06551E6
:10260000DF6E79C065F07AC066F0000120EECAF096
:102610006551D9266651DA22DECF67F0DDCF68F04A
:1026200067C0D9FF68C0DAFFDF500009B7E101D009
:10263000B5D779C065F07AC066F016D0696B0CD05A
:102640005AD969516525E16E000E6621E26EDFCF31
:10265000E7FF51D9DF6A692B5AD9DE50695DF0E393
:1026600001D0EED754D9DF0665C0D9FF66C0DAFFC6
:102670001B0EDE1807E001D005D049D9DF50DEE19E
:1026800001D0DCD779C072F07AC073F020EE64F02C
:102690002DD9030EDF6004D001D002D0000EAFD0E0
:1026A00072C0D9FF73C0DAFF1B0EDE1803E0F6D745
:1026B00001D0F4D720EE02F019D9DF50746F20EE6C
:1026C00001F014D9DF50766F7451756F08D975C059
:1026D000DEFF76C0DDFF03D9DECF74F0DDCF75F00D
:1026E000060E7425776F000E7521786F20EE64F06A
:1026F000FDD8DF50746F756B7751745D78517559E3
:1027000003E2CCD701D0CAD7EAD8010EDB5005E1ED
:102710005D0EDE5C10E301D00ED036D90001676B90
:10272000ACEC3BF0672B630E6765FAD701D0F8D7A6
:10273000B4EC3BF0B3D772C06CF073C06DF0CFD87F
:10274000DF50050F6E6F706B716B010E6F6F39D0BC
:10275000700E656F6F516C25D96E000E6D21DA6EAB
:10276000DF50666F6651676F686B67C068F0676BB4
:102770006551D96EDA6A6751DE1A6851DD1A080EA2
:102780006B6FE0D868AF14D001D012D0DBD8D890EE
:1027900067376837210E6719696F100E68196A6FFD
:1027A0006551D96EDA6A69C0DEFF6AC0DDFF03D009
:1027B000655161EC27F06B076B51E3E101D0E1D784
:1027C0006F2B6E516F5DC4E301D0C2D77051711190
:1027D00001E002D0010E01D0000E00090FE101D08E
:1027E0000DD0D2D80001676BACEC3BF0672B630EC9
:1027F0006765FAD79DD7F8D79BD750D7010E000948
:1028000001E06BD68AC165F08BC166F087D8DFA284
:1028100013D001D011D020EECEF087D8DFCF67F0F3
:10282000DF2A0F0E676508D001D006D077D8DF9277
:1028300020EECEF07AD8DF6A71D8DFB201D002D0B4
:10284000010E01D0000E000949E122EC86F00101E1
:10285000A45142E047EC85F000016C6B16D0000EED
:102860006C25D96EDA6A060EDA226C5101018A25CE
:1028700000016A6F84D86B6F650E6A25E16E000EE9
:102880006B21E26EDFCFE7FF6C2B47506C5DE7E317
:1028900001D0E5D753D8A7EC3BF047C0DFFF650E6A
:1028A0008A250001666F6BD8676F47C068F042D811
:1028B000A7EC3BF001D80AD00500FA6EDE50FD6EA1
:1028C000DE50FE6EDE50FF6EFA50120037D8A7ECD5
:1028D0003BF0DF6AA46B010CA5EC73F0010C20EE59
:1028E000CCF07251D9267351DA2212007251D926D6
:1028F0007351DA22120069516525676F000E662157
:10290000686F6729D96E000E6821DA6E120020EE1A
:1029100064F06551D9266651DA22120020EED2F019
:102920006551D9266651DA2212006551D9266651C1
:10293000DA221200010120EED3F01200010120EE94
:10294000C9F012006551D96EDA6ADECF67F0DDCFCB
:1029500068F0120020EE64F06551D9266651DA2243
:10296000120020EED2F0A151D926A251DA22120093
:1029700020EE64F07951D9267A51DA221200000E45
:1029800001018B210001120072C065F073C066F076
:102990001200826B836B7A51D96EDA6ADECFF6FF52
:1029A000DDCFF7FF000EF86E0800F550250A01E0B4
:1029B0009AD17A51D96EDA6ADE2A000EDD227A5176
:1029C000D96EDA6ADECF84F0DDCF85F084C0F6FF01
:1029D00085C0F7FF000EF86E0800F550640A0AE0A3
:1029E00084C0F6FF85C0F7FF000EF86E0800F550B2
:1029F000690A72E17BC0D9FF7CC0DAFF020EDF26D4
:102A0000DF5CD96EDA6ADECF86F0DECF87F084290C
:102A10007D6F000E85217E6F7A51D96EDA6A7DC096
:102A2000DEFF7EC0DDFF200E8A6F010E87AF000E35
:102A3000816F8A07320E8A25D96EDA6A050EDA228C
:102A400086C065F087C066F0686B0A0E676F46EC5B
:102A50006BF065C06BF066C06CF07EEC8DF06B5176
:102A6000300FDF6E86C071F087C072F0746B0A0E93
:102A7000736FF3EC62F071C086F072C087F0824B26
:102A8000832B8651871102E08A51D3E18A511CE0E1
:102A900081511AE08A07320E8A25D96EDA6A050E4C
:102AA000DA222D0EDF6E824B832B0ED0320E8A255A
:102AB000D96EDA6A050EDA22DF50656F666B79C06F
:102AC00067F056EC64F08A2B200E8A19EFE182C081
:102AD00079F083C07AF0120084C0F6FF85C0F7FF5A
:102AE000000EF86E0800F550750A60E17BC0D9FF52
:102AF0007CC0DAFF020EDF26DF5CD96EDA6ADECF39
:102B000086F0DECF87F084297D6F000E85217E6FF1
:102B10007A51D96EDA6A7DC0DEFF7EC0DDFF3CD01F
:102B2000200E8A6F8A07320E8A25D96EDA6A050E60
:102B3000DA2286C065F087C066F0686B0A0E676FA0
:102B4000F1EC7EF06551300FDF6E86C065F087C016
:102B500066F0686B0A0E676F5FEC79F065C086F00F
:102B600066C087F0824B832B8651871111E08A5112
:102B70000FE0D8D7320E8A25D96EDA6A050EDA222E
:102B8000DF50656F666B79C067F056EC64F08A2B96
:102B9000200E8A199CE0EED784C0F6FF85C0F7FFAF
:102BA000000EF86E0800F550750ABAE0816B7A5194
:102BB000D96EDA6ADECFF6FFDDCFF7FF000EF86ED2
:102BC0000800F550730A09E17A51D96EDA6ADE2AF3
:102BD000000EDD22010E816F3CD07A51D96EDA6A87
:102BE000DECFF6FFDDCFF7FF000EF86E0800F550E0
:102BF0006C0A2FE17A51D96EDA6ADECF7DF0DDCF33
:102C00007EF07D2B000E7E237DC0F6FF7EC0F7FF99
:102C1000000EF86E0800F5506C0A1BE17A51D96E6F
:102C2000DA6ADECF7DF0DDCF7EF0020E7D27000E6A
:102C30007E237DC0F6FF7EC0F7FF000EF86E080011
:102C4000F550730A06E17A51D96EDA6A030EDE2670
:102C5000BFD781513FE07BC0D9FF7CC0DAFF020EB5
:102C6000DF26DF5CD96EDA6ADECF7FF0DECF80F060
:102C70001CD07FC0F6FF80C0F7FF000EF86E0F0E6D
:102C8000F76403D00800F55005D0F6CFE9FFF7CF81
:102C9000EAFFEF500001656F666B79C067F056EC94
:102CA00064F0824B832B7F4B802B7FC0F6FF80C06C
:102CB000F7FF000EF86E0F0EF76403D00800F55012
:102CC00005D0F6CFE9FFF7CFEAFFEF50000901E1A9
:102CD000FED6CFD77A51D96EDA6ADE2A000EDD220F
:102CE000796B7A6B12007A51D96EDA6ADECFF6FF11
:102CF000DDCFF7FF000EF86E0800F550656F666BCC
:102D000079C067F056EC64F07A51D96EDA6ADE2A3F
:102D1000000EDD227A6B010E796F010C4AC2D9FFD9
:102D20004BC2DAFF01D80AD00500FA6EDE50FD6E04
:102D3000DE50FE6EDE50FF6EFA50120065C0CEF31C
:102D400066C0CFF30301CE51CF1138E001016E51BF
:102D50000301CE1933E101016F510301CF192EE1B7
:102D6000000E0001676F090E686F6A6B800E696F55
:102D7000020120EE03F01BD901D80AD00500FA6E3B
:102D8000DE50FD6EDE50FE6EDE50FF6EFA50120019
:102D900067C0CCF368C0CDF3000E0101DA6F090EF5
:102DA000DB6FCCC3DCF1CDC3DDF1000EDE6F070EAF
:102DB000DF6FE16B800EE06FFBEC37F0CEC36EF19E
:102DC000CFC36FF127C26EF028C26FF029C270F036
:102DD0002AC271F00201272B000E282329232A235F
:102DE0006EC065F06FC066F070C067F071C068F0CB
:102DF0002BC269F02CC26AF02DC26BF02EC26CF0AF
:102E0000DFEC6BF0655166116711681101E002D0CB
:102E1000010E01D0000E00093CE0000E0301D06F4E
:102E2000070ED16FD00E0001826F030E836F856B8A
:102E3000800E846FD20E866F030E876F7CEC89F054
:102E4000D0C366F0D1C367F0D2C368F0D3C369F0D2
:102E5000020120EE06F0ABD801D80AD00500FA6EC8
:102E6000DE50FD6EDE50FE6EDE50FF6EFA50120038
:102E7000010191D8DFA606D001D004D08CD8DF960E
:102E80008AD8DF8A705104E001D002D0718101D06C
:102E90007191010180D8DFAA20D001D01ED020EE90
:102EA00002F080D88FD8DD22DD52DD52030EDB50D8
:102EB0000BE1020EDB5008E1010EDB5005E10A0ECA
:102EC000DE5C0BE301D009D066D8DF8864D8DF9AD6
:102ED00020EE02F067D819EC75F00001656B010176
:102EE000705109E001D007D071A105D001D003D005
:102EF000010E0001656F0001655100094BE001D032
:102F0000010C5AD8040EB8653AD001D038D001016E
:102F100070A706D001D004D0D1EC92F001017097D7
:102F200070A10CD001D00AD0BBB101D002D0010EEB
:102F300001D0000E96EC83F00101709170A306D0D1
:102F400001D004D0A0EC90F00101709370A506D0E0
:102F500001D004D0CFEC92F00101709570A90CD093
:102F600001D00AD0BBB501D002D0010E01D0000EB5
:102F70004EEC8FF0010170997191010E71171CD800
:102F8000B82BB837010171510001B819010BB819FC
:102F90000101716F010C20EE01F07251D9267351BD
:102FA000DA2212007251D9267351DA2212004A51E4
:102FB000D9264B51DA221200010171317F0B000139
:102FC000B86F1200DE2A000EDE22DE22000CEAC1FB
:102FD00073F0EBC174F0ECC175F0EDC176F01EEC4E
:102FE00081F0000901E01200B2EC89F070C0EDF14F
:102FF00071C0EEF124D9DF50030B030A03E1010E87
:103000000101A06F0101A0050CE119D9DF50030BEC
:10301000030A07E014D9DF50EC6F700EEC1701E1E2
:10302000A06BA00501E0DFD0E2EC91F065C0EFF10C
:1030300066C0F0F104D9DFA822D0EFC165F0F0C17D
:1030400066F0EBD8CBEC85F0EFC16BF0F0C16CF023
:10305000010120EE46F000D901D80AD00500FA6E31
:10306000DE50FD6EDE50FE6EDE50FF6EFA50120036
:10307000010E0001656F000E02EC81F01ED0EFC161
:1030800065F0F0C166F0D2D8F7EC85F0EFC16BF0D7
:10309000F0C16CF0010120EE49F0DED801D80AD071
:1030A0000500FA6EDE50FD6EDE50FE6EDE50FF6EE5
:1030B000FA501200E0D802EC81F057EC92F065C0B3
:1030C000F1F166C0F2F1BBD8DFAA21D0F1C165F001
:1030D000F2C166F0A2D8CBEC85F0F1C16BF0F2C181
:1030E0006CF0010120EE46F0BCD801D80AD00500F2
:1030F000FA6EDE50FD6EDE50FE6EDE50FF6EFA5050
:103100001200010E0001656F02EC81F020D0F1C1C8
:1031100065F0F2C166F08AD8F7EC85F0F1C16BF08A
:10312000F2C16CF0010120EE49F09BD801D80AD021
:103130000500FA6EDE50FD6EDE50FE6EDE50FF6E54
:10314000FA5012000001656B010E02EC81F05CEC9C
:1031500092F065C0F3F166C0F4F171D8DFAC22D013
:10316000F3C165F0F4C166F058D8CBEC85F0F3C13B
:103170006BF0F4C16CF0010120EE46F077D801D875
:103180000AD00500FA6EDE50FD6EDE50FE6EDE5097
:10319000FF6EFA501200010E0001656F020E02EC84
:1031A00081F030D0F3C165F0F4C166F03FD8F7ECA0
:1031B00085F0F3C16BF0F4C16CF0010120EE49F031
:1031C00055D801D80AD00500FA6EDE50FD6EDE50EB
:1031D000FE6EDE50FF6EFA5012000001656B020EAB
:1031E00002EC81F00FD0899E899C8F968F9043D8F6
:1031F00002EC81F0656B010E02EC81F0656B020E52
:1032000002EC81F0EAC1DAF1EBC1DBF1ECC1DCF1F7
:10321000EDC1DDF119D83BEF36F0EAC167F0EBC143
:1032200068F0ECC169F0EDC16AF01200EAC167F024
:10323000EBC168F0ECC169F0EDC16AF01200EDC1BC
:10324000D9FFEEC1DAFF1200010E0101DE6FDF6B64
:10325000E06BE16BE26B010CEF51D926F051DA2201
:103260001200F151D926F251DA221200F351D92677
:10327000F451DA2212000001656B000CCFEC91F0E2
:1032800065C073F066C074F0290E00012BD9696B1C
:10329000020E6B6FE1EC83F0270E24D9020E696FEA
:1032A0006B6FE1EC83F0230E1DD9040E2AD9E1ECFB
:1032B00083F0250E17D9060E24D9E1EC83F02B0EEE
:1032C00011D9080E1ED9E1EC83F02D0E0BD90A0E90
:1032D00018D9E1EC83F03A0E05D90C0E16D9E1ECC1
:1032E00083F017D90D0E11D9E1EC83F002D98CECE3
:1032F0005EF015EC8FF065C073F066C074F0290EB7
:103300000001F0D8100EFDD8E1EC83F0270EEAD8CA
:10331000120EF7D8E1EC83F0230EE4D8140EF1D8A6
:10332000E1EC83F0250EDED8160EEBD8E1EC83F04D
:103330002B0ED8D8180EE5D8E1EC83F02D0ED2D89C
:103340001A0EDFD8E1EC83F03A0ECCD81C0EDDD893
:10335000E1EC83F0DED81D0ED8D8E1EC83F0C9D8BB
:103360008CEC5EF021EC8FF065C073F066C074F0F9
:10337000290E0001B7D8200EC4D8E1EC83F0270E47
:10338000B1D8220EBED8E1EC83F0230EABD8240EC8
:10339000B8D8E1EC83F0250EA5D8260EB2D8E1EC22
:1033A00083F02B0E9FD8280EACD8E1EC83F02D0EC5
:1033B00099D82A0EA6D8E1EC83F03A0E93D82C0EB9
:1033C000A4D8E1EC83F0A5D82D0E9FD8E1EC83F0D2
:1033D00090D88CEC5EF0380E85D8440E92D8E1EC93
:1033E00083F0A70E676F010E686F6A6B300E8DD881
:1033F000E1EC83F0B20E676F010E686F6A6B310EFD
:1034000084D8E1EC83F0B30E676F010E686F6A6BCE
:10341000320E7BD8E1EC83F00101B397C20E0001BC
:10342000676F010E686F6A6B330E78D8E1EC83F03A
:103430005A0E676F686B6A6B380E70D8E1EC83F0D8
:10344000CA0E676F010E686F6A6B3C0E67D8E1ECBD
:1034500083F0C60E676F010E686F6A6B400E5ED810
:10346000E1EC83F05F0E676F686B6A6B460E4DD8B8
:10347000E1EC83F0CE0E676F010E686F6A6B470E4A
:1034800040D8E1EC83F0D40E676F010E686F6A6B71
:10349000490E37D8E1EC83F02AEC92F065296E6F83
:1034A000000E66216F6F6EC067F06FC068F06A6BC8
:1034B000500E2BD8E1EC83F0706B702B0E0E706504
:1034C000FCD7710E676F686B6A6B880E1ED8E1ECD3
:1034D00083F071B103D00101BB9102D00101BB8126
:1034E000000012007325676F000E7421686F6A6B0D
:1034F000120073C065F074C066F072C067F0686B4C
:103500001200696F020E6B6F020C696F010E6B6F18
:10351000010C720E676F686B6A6B1200696F040EA4
:103520006B6F040C0550800B0E6E05500524146E55
:1035300004BE1480145008E0142804E1026A036AEF
:10354000046A056A048E04D0026A036A046A056A82
:103550000950800B0E1A095009240F6E08BE0F8007
:103560000F5008E00F2804E1066A076A086A096A32
:10357000088E04D0066A076A086A096A0F5002E0DA
:10358000145005E1026A036A046A056A12000850D1
:103590000202F3CF19F0F4CF1AF01950106E116A2D
:1035A000126A136A1A50156E166A176A186A07505B
:1035B0000302F3CF19F0F4CF1AF019501026000EC1
:1035C0001122122213221A501526000E162217223B
:1035D000182206500402F3CF19F0F4CF1AF0195054
:1035E0001026000E1122122213221A501526000E48
:1035F00016221722182212C013F011C012F010C0A8
:1036000011F0106A06500302F3CF19F0F4CF1AF04C
:10361000195010261A501122000E122213220750A0
:103620000202F3CF19F0F4CF1AF0195010261A50F5
:103630001122000E1222132212C013F011C012F038
:1036400010C011F0106A06500202F3CF19F0F4CF47
:103650001AF0195010261A501122000E12221322AD
:1036600008500302F3CF19F0F4CF1AF019501526C1
:103670001A501622000E1722182207500402F3CF08
:1036800019F0F4CF1AF0195015261A501622000E10
:103690001722182208500402F3CF19F0F4CF1AF0C1
:1036A00019500A6E1A500B6E0C6A0D6A080ED890EB
:1036B0000A360B360C360D36E82EF9D70A50152689
:1036C0000B5016220C5017220D501822135015269D
:1036D000000E16221722182212C013F011C012F089
:1036E00010C011F0106A0F5014C00AF00B6A0A26BD
:1036F000000E0B22820E0A24196EFF0E0B201A6E8A
:103700000FD0D890153616361736183613BE1580DA
:10371000D89010361136123613361906D8A01A066C
:1037200017AEEFD70F6A13AE13D010500A6E1150B8
:103730000B6E12500C6E7F0E13140D6E0A500B1090
:103740000C100D1003E0010E0F6E02D015B0FBD768
:103750000F500EE0152A000E16221722182218A06C
:1037600007D018341832173216321532194A1A2A6D
:103770001ABE0AD01A5002E1192806E3156A166A21
:10378000800E176E7F0E15D01ABE04D01A5008E1B5
:10379000190406E2156A166A176A186A0E6A0AD0D0
:1037A00019C014F07F0E1716186A14B0178ED8902F
:1037B0001430186E0E50181215C002F016C003F027
:1037C00017C004F018C005F012008F0501E028D1E1
:1037D000CFEC91F065C076F066C077F0290E00015D
:1037E00023D96B6B020E6D6F3BEC76F0270E1CD964
:1037F000020E6B6F6D6F3BEC76F0230E15D9040E45
:103800001AD93BEC76F0250E0FD9060E14D93BECF5
:1038100076F02B0E09D9080E0ED93BEC76F02D0E62
:1038200003D90A0E08D93BEC76F03A0EFDD80C0EFF
:1038300006D93BEC76F0350EF7D80D0E00D93BECEF
:1038400076F015EC8FF065C076F066C077F0290E43
:103850000001EAD8100EEFD83BEC76F0270EE4D842
:10386000120EE9D83BEC76F0230EDED8140EE3D826
:103870003BEC76F0250ED8D8160EDDD83BEC76F072
:103880002B0ED2D8180ED7D83BEC76F02D0ECCD814
:103890001A0ED1D83BEC76F03A0EC6D81C0ECFD813
:1038A0003BEC76F0350EC0D81D0EC9D83BEC76F057
:1038B00021EC8FF065C076F066C077F0290E00012C
:1038C000B3D8200EB8D83BEC76F0270EADD8220E38
:1038D000B2D83BEC76F0230EA7D8240EACD83BEC44
:1038E00076F0250EA1D8260EA6D83BEC76F02B0E4E
:1038F0009BD8280EA0D83BEC76F02D0E95D82A0E3A
:103900009AD83BEC76F03A0E8FD82C0E98D83BEC38
:1039100076F0350E89D82D0E92D83BEC76F0380E25
:1039200083D8440E88D83BEC76F0A70E696F010E61
:103930006A6F6C6B300E83D83BEC76F0B20E696F19
:10394000010E6A6F6C6B310E7AD83BEC76F0B30ED9
:10395000696F010E6A6F6C6B320E71D83BEC76F0BA
:10396000C20E696F010E6A6F6C6B330E6CD83BEC44
:1039700076F05A0E696F6A6B6C6B380E64D83BEC4C
:1039800076F0CA0E696F010E6A6F6C6B3C0E5BD8E5
:103990003BEC76F0C60E696F010E6A6F6C6B400EE1
:1039A00052D83BEC76F05F0E696F6A6B6C6B460E1B
:1039B00046D83BEC76F0CE0E696F010E6A6F6C6BE9
:1039C000470E39D83BEC76F0D40E696F010E6A6F62
:1039D0006C6B490E30D83BEC76F02AEC92F06529FE
:1039E000726F000E6621736F72C069F073C06AF067
:1039F0006C6B500E24D83BEC76F0756B752B0E0E6D
:103A00007565FCD70101010EBBA1000E0001746FAA
:103A1000740E696F6A6B6C6B880E11D83BEC76F094
:103A200001018F6B000012007625696F000E77216F
:103A30006A6F6C6B12006B6F020E6D6F020C6B6F16
:103A4000010E6D6F010C6B6F040E6D6F040C6851ED
:103A5000800B716F68516825736F67BF73817351F5
:103A600005E0732901E106D9678F03D0656B666BAA
:103A7000676B686B6C51800B726F711901E0718D0F
:103A80006C516C25726F6BBF7281725108E07229A4
:103A900004E1696B6A6B6B6B6C6B6B8F03D0696B4A
:103AA0006A6B6B6B6C6B7351725D22E271AD02D00D
:103AB000800E711B73C074F072C073F074C072F02A
:103AC00065C074F069C065F074C069F066C074F0D8
:103AD0006AC066F074C06AF067C074F06BC067F0CB
:103AE00074C06BF068C074F06CC068F074C06CF0A7
:103AF000746B735172C06DF06E6B6D5F000E6E5B18
:103B00006EBF15D06E5103E11A0E6D5D10E3C7D87C
:103B1000010ED8B4000E746FADD872C073F00AD025
:103B200074A102D0B7D802D0D89074339AD8725109
:103B3000735DF6E371BD15D0735101E1A0D06951F9
:103B400065276A5166236B5167236C51682368A10E
:103B500053D074A102D09ED802D0D890743381D8AB
:103B60004BD06951655D6A5166596B51675968510F
:103B7000800A6D6F6C51800A6D591FE26551695D55
:103B80006D6F66516A596E6F67516B596F6F6851EF
:103B90006C59706FFF0E6D25656FFF0E6E21666F9D
:103BA000FF0E6F21676FFF0E7021686F800E711B13
:103BB000746D74510AE168D808D06951655F6A5123
:103BC000665B6B51675B6C51685B69D813E174513C
:103BD00011E155D0D890653766376737683774BFBD
:103BE000658174A102D0D88001D0D8907437735108
:103BF00001E0730767AFEED7726B74AF0AD074C081
:103C00006DF07F0E6D1703E0010E726F02D065B18B
:103C1000FBD772510BE038D868A108D068356833FB
:103C2000673366336533732901E0732B732902E030
:103C3000735104E11FD8735101E1716B73A102D07C
:103C4000678F01D0679FD8907331686F71BF688F9D
:103C500065C065F066C066F067C067F068C068F070
:103C6000120065B1748F6835683367336633653326
:103C7000732B1200656B666B676B686B1200656B6C
:103C8000666B676B686B1200652B000E66236723FB
:103C90006823000CD89074310109746F12006551CB
:103CA00066116711681112009B6F00019B5115ECA2
:103CB00079F068C09CF069C09DF000019C519D1195
:103CC000D8B412009CC065F09DC066F04BEC88F043
:103CD0000009D8B41200250E9E6F9F0E916F926B53
:103CE00091C0D9FF92C0DAFF9BC0DFFF20EE01F048
:103CF0009151D9269251DA2210EE3AF0F1D8E2220F
:103D0000E7501EEC8AF0DF6E9E0E94EC41F09DECC5
:103D100055F020EE22F0BDD8DF501FE1260E9E6F39
:103D20009F0E936F946B93C0D9FF94C0DAFFC8D8ED
:103D3000B0D810EE01F09351E1269451A4D820EEB2
:103D40001FF0A7D810EE03F09351E1269451B3D899
:103D500094EC41F09DEC55F04CD0270E9E6F9F0ED9
:103D6000976F986B97C0D9FF98C0DAFFA9D891D800
:103D700010EE23F0B5D86AEC46F096D8D8A020EE25
:103D800023F087D8DECF8DF0DDCF8EF020EE01F06E
:103D9000ABD88DC0DEFF8EC0DDFF20EE1FF079D8DE
:103DA00010EE03F09751E1269851E222DFCFE7FFB2
:103DB00020EE23F06ED810EE25F092D86AEC46F093
:103DC00073D8D8A020EE23F064D8DECF8FF0DDCFFB
:103DD00090F020EE04F088D88FC0DEFF90C0DDFFA9
:103DE00020EE1FF056D810EE06F09751E1269851BC
:103DF000AED7290E9E6F9F0E956F966B6AD820EEF8
:103E00002BF047D84BD83FD89E0E94EC41F09DEC58
:103E100055F02A0E9E6F5DD820EE2DF03AD83ED890
:103E200032D89E0E94EC41F09DEC55F02B0E9E6F17
:103E30009F0E996F9A6B99C0D9FF9AC0DAFF9BC009
:103E4000DFFF20EE27F025D810EE01F03ED81BD87A
:103E500020EE1FF01ED810EE03F037D8E222DFCF9D
:103E6000E7FF20EE29F015D810EE04F02ED80BD87D
:103E700020EE1FF00ED810EE06F027D81CD894ECD8
:103E800041F09DEF55F0E222DECFE6FFDDCFE5FF0A
:103E900012009C51D9269D51DA22120010EE01F039
:103EA0009551E126965112008C6FDE50800A8C5994
:103EB00020EE25F01200E222DFCFE7FF9E0E120077
:103EC0009BC0DFFF20EE25F012009951E1269A51A8
:103ED000120095C0D9FF96C0DAFF9BC0DFFF120029
:103EE0009C51E1269D5112009751D9269851DA2212
:103EF0001200C5EC71F007D90FD980EC78F0F4D836
:103F0000B7EC62F07DC0E6F07EC0E7F07FC0E8F07D
:103F100080C0E9F0E2C0D6F0E3C0D7F0E4C0D8F04A
:103F2000E5C0D9F0E6C0DAF0E7C0DBF0E8C0DCF0CD
:103F3000E9C0DDF0EB0EDE6F020EDF6FE20EE06F28
:103F4000020EE16FC4EC68F0D6C040F3D7C041F375
:103F5000DAD8320EE8D880EC78F0C6D8B7EC62F048
:103F60007DC0EAF07EC0EBF07FC0ECF080C0EDF0E9
:103F7000CAD8D2D880EC78F0B7D8B7EC62F07DC060
:103F8000EEF07EC0EFF07FC0F0F080C0F1F0EAC04C
:103F9000C2F0EBC0C3F0ECC0C4F0EDC0C5F0EEC0A1
:103FA000C6F0EFC0C7F0F0C0C8F0F1C0C9F0B80E5D
:103FB000CA6F030ECB6FD4EC2DF0C2C042F3C3C066
:103FC00043F3A1D8640EAFD880EC78F08DD8B7EC6D
:103FD00062F07DC08AF07EC08BF07FC08CF080C024
:103FE0008DF0DFEC86F08AC044F38BC045F38BD8AC
:103FF000640E99D880EC78F077D8B7EC62F07DC089
:10400000F2F07EC0F3F07FC0F4F080C0F5F0E2C0C3
:104010008AF0E3C08BF0E4C08CF0E5C08DF0F2C014
:104020008EF0F3C08FF0F4C090F0F5C091F04CEC3E
:1040300061F08AC046F38BC047F365D86DD880EC39
:1040400078F052D8B7EC62F07DC08AF07EC08BF079
:104050007FC08CF080C08DF002EC85F08AC048F300
:104060008BC049F350D858D880EC78F03DD8B7ECE5
:1040700062F07DC08AF07EC08BF07FC08CF080C083
:104080008DF081EC82F08AC04AF38BC04BF33BD8B1
:104090003C0E49D880EC78F027D8B7EC62F07DC0B0
:1040A000ABF07EC0ACF07FC0ADF080C0AEF097EC5E
:1040B0007BF0ABC04CF3ACC04DF3400E656F030E0C
:1040C000666F686B070E676FE2C069F0E3C06AF065
:1040D000E4C06BF0E5C06CF0A80E6D6F110E6E6F52
:1040E000010E6F6FE1EF85F071C07DF072C07EF060
:1040F00073C07FF074C080F0E80E816F030E826F92
:10410000836B846B030CE2C071F0E3C072F0E4C017
:1041100073F0E5C074F01200E80E756F030E766F51
:10412000776B786B030C756F766B776B786B12001F
:10413000866F0001876B070E86190FE170EC80F027
:10414000FDD8E7EC87F06CEC80F0F8D8E7EC87F06E
:1041500068EC80F0F3D8E7EF87F0090E8619D8B441
:104160001200856BA5D081C0D9FF82C0DAFF7FC065
:10417000E1FF80C0E2FFDE50E61801E1B3D08751D5
:10418000220F7A6F300E7B6F7FC0D9FF80C0DAFFBD
:10419000DF507C6F87511B0FE7EC87F0A3D020EE38
:1041A00001F0D4D810EE01F07F51E1268051E222D7
:1041B000DE50E61801E196D08751770F7A6F300E06
:1041C0007B6F20EE01F0A6D8700FE7EC87F08AD065
:1041D00020EE02F0BBD810EE02F07F51E1268051B4
:1041E000E222DE50E6187EE08751470F9BD892D836
:1041F000440FE7EC87F0AFD895D88CD84B0FE7EC9D
:1042000087F0ADD88FD886D84B0FE7EC87F06AD00F
:1042100020EE03F09BD810EE03F07F51E126805191
:10422000E222DE50E6185EE08751220F7A6F370EE9
:104230007B6F20EE03F06ED81B0FE7EC87F052D0B7
:1042400020EE04F083D810EE04F07F51E126805177
:10425000E222DE50E61846E08751770F7A6F370E7C
:104260007B6F20EE04F056D8700FE7EC87F03AD061
:1042700020EE05F06BD810EE05F07F51E12680515D
:10428000E222DE50E6182EE08751470F51D842D87F
:10429000440FE7EC87F05FD84BD83CD84B0FE7ECE6
:1042A00087F05DD845D836D84B0FE7EC87F01AD0A9
:1042B0008651836F846B845115E1835101E153D79B
:1042C000010A01E16CD7030A83E0010AA1E0070AB1
:1042D000B7E0010ACDE0030A05E0010A03E00F0A96
:1042E000D8A4010A0B0E00018727852B030E8565D4
:1042F000DFD7060E8661060C86517F25D96E000E2B
:104300008021DA6E86518125E16E000E8221E26EF7
:1043100043EF50F07F51D9268051DA22DF507C6F75
:10432000875112007A6F300E7B6F20EE02F0300C56
:104330007A6F370E7B6F20EE05F0370C7B6F7FC0F6
:10434000D9FF80C0DAFFDF507C6F180C8151D9266D
:104350008251DA221200000187514B0F1200000136
:1043600087514E0F12007651800B7F6F7651762564
:10437000816F75BF8181815105E0812901E1FED8FE
:10438000758F01D0FBD87A51800B7F1B7A517A252B
:10439000806F79BF8081805105E0802901E1F3D8E9
:1043A000798F01D0F0D8805102E0815105E1736B23
:1043B000746B756B766B120079517303B2D8826F90
:1043C000836B846B856B8B51866F876B886B896B76
:1043D00078517403A6D8B3D877517503A2D8AFD853
:1043E000A6D8775174039DD8B6D87851730399D85D
:1043F000B2D89DD87751730394D8ADD8795174034E
:1044000090D8B5D8785175038CD8B1D87951750347
:1044100088D87B6F8B517C6F7D6B7E6B080ED8903C
:104420007B377C377D377E37E82EF9D77B5186275F
:104430007C5187237D5188237E518923855186278E
:1044400091D875D8805181C07BF07C6B7B27000EA2
:104450007C23820E7B258A6FFF0E7C218B6F0FD011
:10446000D890863787378837893785BF8681D89037
:1044700082378337843785378A07D8A08B0788AF80
:10448000EFD7806B85AF13D082517B6F83517C6FE8
:1044900084517D6F7F0E85157E6F7B517C117D1160
:1044A0007E1103E0010E806F02D086B1FBD78051F0
:1044B0000BE0862B57D889A107D0893589338833FB
:1044C000873386338A4B8B2B8BBF0AD08B5102E10B
:1044D0008A2906E3866B876B800E886F7F0E15D066
:1044E0008BBF04D08B5108E18A0506E2866B876B8F
:1044F000886B896B7F6B0AD08AC081F07F0E88172A
:10450000896B81B1888FD8908131896F7F518913F0
:1045100086C073F087C074F088C075F089C076F0EB
:104520001200F3CF8AF0F4CF8BF08A51120084C0CE
:1045300085F083C084F082C083F0826B12008227F2
:10454000000E8323842385238B518627000E872327
:1045500088238923000C82278B518323000E842318
:104560008523000C000E872388238923000C8627CF
:104570008B518723000E88238923000C736B746B87
:10458000756B766B1200776B786B796B7A6B1200B8
:1045900023C290F024C291F025C292F026C293F07B
:1045A0007DC090F07EC091F07FC092F080C093F00B
:1045B00090C081F091C082F092C083F093C084F0EB
:1045C00083358435816F826B836B846B8237815135
:1045D0008D6F8E6B8EBF0ED08E5103E1960E8D5D6A
:1045E00009E37DC07DF07EC07EF07FC07FF080C09B
:1045F00080F01200010E93AF000E8F6F8F5112E00A
:104600007DC065F07EC066F07FC067F080C068F056
:104610000DEC8CF065C07DF066C07EF067C07FF069
:1046200068C080F08EBF05D08E5108E17E0E8D5D92
:1046300005E27D6B7E6B7F6B806B1200696B6A6B32
:104640006B6B4B0E6C6F7DC065F07EC066F07FC0FB
:1046500067F080C068F027EC1DF091D8696B6A6B39
:104660006B6BCB0E6C6F94D827EC1DF065C085F09A
:1046700066C086F067C087F068C088F085C075F0B6
:1046800086C076F087C077F088C078F07DC079F07A
:104690007EC07AF07FC07BF080C07CF0ADEC80F013
:1046A00075C098F076C099F077C09AF078C09BF00A
:1046B000896B8A6B8B6B8C6B656B666B676B3F0E64
:1046C00054D8A4EC5BF003E26CD8BF0E0AD0656B43
:1046D000666B676BBF0E49D8A4EC5BF003E361D84F
:1046E0003F0E8C6F7DC069F07EC06AF07FC06BF0BA
:1046F00080C06CF098C065F099C066F09AC067F011
:104700009BC068F027EC1DF03AD842D889C069F008
:104710008AC06AF08BC06BF08CC06CF027EC1DF087
:1047200065C098F066C099F067C09AF068C09BF0C9
:104730008F5112E098C065F099C066F09AC067F09A
:104740009BC068F00DEC8CF065C098F066C099F0E5
:1047500067C09AF068C09BF098C07DF099C07EF069
:104760009AC07FF09BC080F01200686F98C069F01B
:1047700099C06AF09AC06BF09BC06CF0120065C0E3
:1047800094F066C095F067C096F068C097F012008C
:1047900094C065F095C066F096C067F097C068F069
:1047A0001200896B8A6B800E8B6F800CE3EC92F0A9
:1047B0008DEC68F000018E6B8F6B906B916B8D6B45
:1047C000B10ED5D87E6BF1EC8EF08DEC68F0680EF2
:1047D00000018C6FE40EE82EFED78C2FFCD7000072
:1047E000B10E0001C4D87E6FF1EC8EF08DEC68F054
:1047F000680E00018C6FE40EE82EFED78C2FFCD7DC
:10480000000000018D2B020E8D65DAD78E818E0E91
:10481000896FF5EC74F000018E838E0E896FF5ECD4
:1048200074F000018E858E0E896FF5EC74F0000136
:104830008E878E0E896FF5EC74F000018E898E0ED6
:10484000896FF5EC74F000018E8B8E0E896FF5EC9C
:1048500074F000018E8D8E0E896FF5EC74F00001FE
:104860008E8F8E0E896FF5EC74F000018F8B8E0E9B
:10487000896FF5EC74F000018F898E0E896FF5EC6D
:1048800074F000018F878E0E896FF5EC74F00001D3
:104890008F858E0E896FF5EC74F000018F838E0E7C
:1048A000896FF5EC74F000018F818E0E896FF5EC45
:1048B00074F000018F8F8E0E896FF5EC74F000019B
:1048C00090818E0E896FF5EC74F000018F8D8E0E45
:1048D000896FF5EC74F0000190838E0E896FF5EC12
:1048E00074F0000190878E0E896FF5EC74F0000172
:1048F00090858E0E896FF5EC74F0000190898E0E14
:10490000896FF5EC74F0000191898E0E896FF5ECDA
:1049100074F0000191838E0E896FF5EC74F0000144
:10492000908B8E0E896FF5EC74F00001908F8E0ED7
:10493000896FF5EC74F00001908D8E0E896FF5ECA7
:1049400074F0000191818E0E896FF5EC74F0000116
:10495000918B8E0E896FF5EC74F0000191858E0EAF
:10496000896FF5EC74F0E3EC92F08DEF68F07A6FFC
:10497000230E7B6F010E7C6F8DC07DF0010CA26B4E
:10498000A36BA46BA56B9E0EA26FEF0EA36FE10E3F
:10499000A46F410EA56FA3D831EC3AF0CED85C0ECF
:1049A000776FFE0E786FE80E796F3A0E7A6FB3EC80
:1049B00021F073C09EF07CD827EC1DF0ACD88FD8C6
:1049C00031EC3AF0BAD88BD831EC3AF0ADD8B3EC40
:1049D00021F09CD88ED8ED0E776F450E786FDE0EE5
:1049E000796FB20E7A6FB3EC21F073C09EF060D88D
:1049F00027EC1DF090D873D831EC3AF09ED86FD8E0
:104A000031EC3AF091D8B3EC21F080D872D867D865
:104A100031EC3AF089D8B3EC21F078D86AD83A0E64
:104A2000776F6D0E786FA00E796F2B0E7A6FB3ECE7
:104A300021F073C09EF03CD827EC1DF06CD8A2C0CA
:104A400073F0A3C074F0A4C075F0A5C076F0776BC6
:104A5000786B200E796F410E7A6FB3EC21F073C042
:104A6000A2F074C0A3F075C0A4F076C0A5F0A2C0F7
:104A70007DF0A3C07EF0A4C07FF0A5C080F0C8EC9C
:104A800022F07DC0A2F07EC0A3F07FC0A4F080C061
:104A9000A5F0A2C065F0A3C066F0A4C067F0A5C0F1
:104AA00068F081EC56F065C09CF066C09DF0120085
:104AB00074C09FF075C0A0F076C0A1F0A2C065F0F0
:104AC000A3C066F0A4C067F0A5C068F09EC069F0FE
:104AD0009FC06AF0A0C06BF0A1C06CF012009CC037
:104AE00065F09DC066F0000E66BFFF0E676F686FD1
:104AF000010C75C0A0F076C0A1F09EC073F09FC0FD
:104B000074F0A0C075F0A1C076F0120073C09EF0E2
:104B100074C09FF0120065C0A2F066C0A3F067C029
:104B2000A4F068C0A5F0120065C077F066C078F008
:104B300067C079F068C07AF0120065C073F066C093
:104B400074F067C075F068C076F01200686F7BD0B3
:104B50007C0E656F250E666F010E676F12009C0E4E
:104B6000656FBD0E666F000E676F1200840E656F75
:104B7000140E666F010E676F1200E60E656F100E61
:104B8000666F010E676F1200CE0E656FDD0E666FE9
:104B9000000E676F1200A00E656FB50E666F000EF7
:104BA000676F1200FE0E656FF70E666F000E676F7F
:104BB00012006A0E656F0D0E666F010E676F1200B0
:104BC000E80E656FF60E666F000E676F12000E0E30
:104BD000656FF90E666F000E676F1200CA0E656F83
:104BE000F80E666F000E676F1200A20E656FF60E6C
:104BF000666F000E676F1200860E656FF80E666FA7
:104C0000000E676F1200EC0E656FE40E666F000E0B
:104C1000676F1200420E656FE90E666F000E676FD8
:104C20001200420E656FF80E666F000E676F12007D
:104C30000E0E656FE10E666F000E676F1200656BFA
:104C4000666B676B12000001685189E0020AE9E0B7
:104C5000010A8CE0070A91E0010A8FE0030AC5E02F
:104C6000010A8BE00F0AB3E0020A80E0010A01E1C9
:104C70007DD71B0AD6E0010A87E0090AD2E0010AC3
:104C80008AE0030A8FE03A0ACCE0010A01E16ED71C
:104C9000030A01E16BD7010A8CE0070A91E0010ADF
:104CA0009DE0030AA9E0010AAEE00E0AB3E0030AA0
:104CB000B1E0010AA8E01B0ABBE0710AB2E0030AF6
:104CC000B0E0010AAEE0070AACE0010AAAE0030A7C
:104CD000A8E0010AA6E00E0AA4E0030AA2E0010A85
:104CE000A0E02B0A01E134D7110A01E169D7F10AEA
:104CF00098E0030A96E0070A94E0140A01E159D704
:104D0000010A01E125D7030A01E122D798D7C7D8C4
:104D1000DA22DECF77F0DDCF78F0C1D89CEC33F02B
:104D200068EC42F0E75000017A6FB9D8BED868EC61
:104D300042F0E750796F3CC07BF03DC07CF0770ECD
:104D4000746FE7EC82F0000901E093D0770E6C6F8E
:104D5000726B736B6C517EEC2BF068EC42F0E75099
:104D6000030F706F000ED6EC91F000016C51D96EFC
:104D7000DA6ADECF68F0DDCF69F070C06AF000EC6F
:104D800083F0010E716F3FD0720E656F6C51D96E5A
:104D9000DA6ADECF6DF0DDCF6EF071516D25D96E20
:104DA000000E6E21DA6EDF50666F6651676F686BBA
:104DB00067C068F0676B6551D96EDA6A6751DE1AB1
:104DC0006851DD1A080E6B6F74D868AF14D001D02B
:104DD00012D06FD8D89067376837210E6719696F7E
:104DE000100E68196A6F6551D96EDA6A69C0DEFF04
:104DF0006AC0DDFF02D0655164D86B076B51E4E1F6
:104E000001D0E2D7712B7051715DBEE301D0BCD7E8
:104E10006C5142EC2BF033D873C0DFFF6C5142EC85
:104E20002BF0DF2A6C5142EC2BF029D872C0DFFF47
:104E30006C5142EC2BF0DF2A6C5142EC2BF01FD866
:104E40000D0EDF6E6C5142EC2BF0DF2A77C066F05E
:104E500078C067F079C068F001D80BD00500FA6E11
:104E600001013A51FD6E3B51FE6E3C51FF6EFA500E
:104E7000120015D81AD868EC42F0E76A1200DF5029
:104E80006D6F6C51D96EDA6ADECF6EF0DDCF6FF0E8
:104E90006D516E25D96E000E6F21DA6E120020EE74
:104EA00002F03A50D9263B501200DA2210EE64F09C
:104EB00012006551D96EDA6ADECF67F0DDCF68F097
:104EC0001200D96EDA6AD890DE36DD361200CFECE9
:104ED00091F065C079F066C07AF0ADD88ED8C80E72
:104EE000DE6EDD6A20EE27F088D86E0EAFD885D84A
:104EF000B40EDE6EB9D881D8B40EADD87ED8010E0E
:104F0000DE6E80D87AD882D878D8010EDF6E97D836
:104F10008CEC5EF015EC8FF065C079F066C07AF02D
:104F20008AD86BD82C0EDE6E010E9AD866D8640E25
:104F30008DD863D8960EDE6E97D85FD8FA0E8BD8D0
:104F40005CD8DE6A5FD859D861D857D8DF6A77D87D
:104F50008CEC5EF021EC8FF065C079F066C07AF0E1
:104F60006AD84BD88A0EDE6E020E7AD846D8300E3A
:104F7000DE6E020EDD6E20EE23F03FD87ED820EEEE
:104F800025F03BD87AD820EE2BF037D8010EDE6E14
:104F900039D833D83BD831D8020EDF6E50D88CECDC
:104FA0005EF020EE38F029D8DE6ADD6A0101A76BD9
:104FB000040EB26F060EB36F5BD800EC7BF02DD8F9
:104FC0005F6ACE6BCF6B2AEC92F065C068F066C06A
:104FD00069F06B6B6A6B6D6B340E6C6FF4EC86F082
:104FE000786B782B0E0E7865FCD70101BB81010E22
:104FF0008F6FE5EC1BF0000012007951D9267A5131
:10500000DA221200DD6A20EE2DF01200580EDE6E5C
:10501000020EDD6E20EE3AF0020C020ECC6FCD6B6C
:10502000080EC66F640EC76FFD0EC86FC969D56BD9
:10503000140ED46F140C000120EE29F0120079C078
:1050400065F07AC066F0686B676B1200DE6EDD6A31
:1050500020EE23F01200DE6EDD6A20EE2BF012004F
:10506000DD6E20EE27F01200DD6A20EE25F0120042
:105070005A6A5B6A5C6A5D6AF80C440EDE6E020E68
:10508000DD6E020C70D0C6D852EF92F0C3D825EF77
:1050900073F0C0D85DEF85F0BDD8EDEF8DF0D82965
:1050A0000001DE6FBFD8DF6FB2EF65F0D8290001D5
:1050B000986FB8D8996F38EF8FF0D8290001986FA2
:1050C000B1D8996FA0EF47F0D8290001986FAAD8FE
:1050D000996FF5EF29F0D8290001986FA3D8996F3F
:1050E00003EF62F0D8290001986F9CD8996FF9EF0F
:1050F00059F0D8290001986F95D8996FE7EF2FF0F4
:1051000089D855EF8EF020EE01F091D8DECF98F0DF
:10511000DDCF99F0D1EF8FF020EE01F088D8DECF0F
:1051200098F0DDCF99F0DCEF91F0D8290001656FA0
:1051300079D8666F2EEF7FF0D8290001656F72D89D
:10514000666FD1EF8AF0D8290001956F6BD8966F02
:105150007AEF92F0D8C16CF0D9C16DF047EF87F0CB
:1051600059D80EEF8DF0D8C1D9FFD9C1DAFFDF5081
:1051700002E16BEF71F0010AD8B41200030A02E1F8
:105180002EEF41F0010AECE0070A01E17CD7140A96
:1051900002E162EF8DF0080A02E17DEF90F0380A3B
:1051A00002E182EF5DF0100AD5E0710A01E16ED7ED
:1051B000030A01E16ED7010A01E16ED7070A01E196
:1051C0006ED7010A01E172D7030A01E176D7010A1D
:1051D00001E17AD70E0A01E17ED7030A83E0010AD2
:1051E00088E01A0AD8B41200310AD8B41200010AB1
:1051F000A3E0100AD8B41200F10A82E0030A83E0A7
:10520000070A8AE0140AD8B41200010A9CE0030AD3
:105210008CE0120020EE01F0D851D926D951DA22C3
:10522000DF501200000E0101D92100011200D851F7
:10523000D926D951DA2212000001786F78511FE087
:10524000816B826B000E716F030E726FD890813587
:10525000D96E8235DA6ED890D936DA367151D926C0
:105260007251DA22B9D8814B822B82BFEBD782519F
:1052700003E10B0E815DE6E30101996B000C010176
:105280009951040D000EF324D96E030EF420DA6E4A
:10529000A3D86DC079F06EC07AF06FC07BF070C09B
:1052A0007CF06DC07DF06EC07EF06FC07FF070C08E
:1052B00080F0992B090E996501D0996B0001876BDD
:1052C000886B79D8DE50795DDE507A59DE507B5993
:1052D0007C51800A776FDE50800A775909E26BD8DB
:1052E000DECF79F0DECF7AF0DECF7BF0DECF7CF060
:1052F00062D87D51DE5C7E51DE587F51DE58DE5033
:10530000800A776F8051800A775909E254D8DECF3E
:105310007DF0DECF7EF0DECF7FF0DECF80F0874BFA
:10532000882B88BFCED7885103E10A0E875DC9E379
:105330007D51795D656F7E517A59666F7F517B59DA
:10534000676F80517C59686FF0EC78F065C083F02E
:1053500066C084F067C085F068C086F086BF09D05B
:105360008651851105E1C00E835D5D0E845901E310
:10537000000C86BF09D08651851105E1E00E835DE2
:105380002E0E845901E3010C86BF09D08651851188
:1053900005E1700E835D170E845901E3020C86BF90
:1053A000040C8651851105E1B80E835D0B0E8459FE
:1053B00001E3030C040C000E716F030E726FD890A2
:1053C0008735D96E8835DA6ED890D936DA3671518C
:1053D000D9267251DA2212006DC0DEFF6EC0DEFFE8
:1053E0006FC0DEFF70C0DEFF1200C0D815EC79F090
:1053F00068C0A4F069C0A5F00001A451A51104E1A2
:10540000B5D8886F020E4FD0040E9825A0D8FEECB8
:105410004EF07FC0A0F080C0A1F0982998D8FEEC93
:105420004EF07FC0A2F080C0A3F0A2C06DF0A3C078
:105430006EF0A0C06FF0A1C070F0A4C071F0A5C064
:1054400072F0746B85EC30F028E201D026D073EC5A
:1054500030F06C6B5ED808E301D006D069D804E365
:1054600001D002D0010E6C6F6C51000916E001D022
:1054700014D07CEC30F06C6B4CD808E301D006D033
:1054800057D804E301D002D0010E6C6F6C510009B3
:1054900004E001D002D0010E746F7451000905E1DF
:1054A00065D8886F030E896F31D020EE3AF064D84A
:1054B000020EDE18010ED8A4000E9F6F9F5105E169
:1054C000A2C09BF0A3C09CF004D0A0C09BF0A1C0E0
:1054D0009CF020EE23F050D89BC0DEFF9CC0DDFF87
:1054E0009F5105E1A0C09DF0A1C09EF004D0A2C0D4
:1054F0009DF0A3C09EF020EE25F03ED89DC0DEFFBB
:105500009EC0DDFFADEC8BF031D83BD8470E67EF86
:1055100082F020EE13F06751D9266851DA22DE506E
:10552000655D6651800A6B6FDE50800A6B59120010
:1055300020EE15F06751D9266851DA226551DE5CFC
:10554000DE50800A6B6F6651800A6B5912007F6FC4
:10555000000E9921806F20EE1FF0A451D926A5518D
:10556000DA22DECF81F0DDCF82F0120098C0D9FFC1
:1055700099C0DAFFDF501200A451D926A551DA22D2
:1055800012000001886F896B120070517BD8030EE6
:10559000DF6E7051D96EDA6ADECF71F0DDCF72F056
:1055A00071C0D9FF72C0DAFF1B0EDF6E56D8500EE5
:1055B000DF6E705167D8DF2A50D8DF6A705162D829
:1055C000DF2A4BD8DF6870515DD863EC34F070C0CF
:1055D0006BF0A5D8686B9BD803E008D001D006D04B
:1055E000682B050E6865F7D701D0F5D76F6B67D8C4
:1055F0006F2B050E6F65FBD701D0F9D76B5142D8E1
:1056000046D840D848D857D83DD8DF2A6B513AD829
:1056100042D879D837D8DF2A20D8010EDF6E7051F2
:1056200031D8DF2A1AD8640EDF6E70512BD8DF2AEA
:1056300070515EEC34F068EC42F0E76A70515ED86D
:1056400068EC42F070511ED8DF50FD0FE76E7051CC
:1056500019D8640EDF60010C000C7051D96EDA6A43
:10566000020ED926DF50716F7051D96EDA6ADECF23
:1056700072F0DDCF73F071517225D96E000E732177
:10568000DA6E1200D96EDA6A020ED926020C060E04
:10569000DF266B511200DF506C6F6B51D96EDA6AE6
:1056A000DECF6DF0DDCF6EF06C516D25D96E000E42
:1056B0006E21DA6E1200CA0EDF6E6B5112006F514E
:1056C0006925D96E000E6A21DA6E6B51E16EE26ACD
:1056D000E6CF6CF0E5CF6DF06B51E16EE26A020E41
:1056E000E126E7506C27000E6D236F516C25E16EAB
:1056F000000E6D21E26EDFCFE7FF1200D96EDA6A8D
:1057000010EE02F01200FE0EDF6E6B5112006851B7
:105710006525D96E000E6621DA6EDE28120069C09A
:1057200065F06AC066F01200939A8A9A1A0E000118
:105730007D6FF80EE82EFED77D2FFCD700008A8AF9
:10574000200E00017D6F290EE82EFED77D2FFCD79D
:1057500000D0C00E0001A0D8300EEDEC8BF0C00ED2
:105760009BD8370EEDEC8BF0C00E96D8360EEDECD4
:105770008BF0A3D83F0E786F300EEDEC8BF09DD8F8
:105780003F0E786F370EEDEC8BF097D8280E786FC0
:10579000360EEDEC8BF066D8300EEDEC8BF062D867
:1057A000370EEDEC8BF05ED8360EEDEC8BF06ED84C
:1057B000300EEDEC8BF06AD8370EEDEC8BF066D83E
:1057C000360EEDEC8BF06ED8300EEDEC8BF06AD827
:1057D000370EEDEC8BF066D8360EEDEC8BF0010E4B
:1057E0007A6F300EDDEC8BF0010E7A6F370EDDEC48
:1057F0008BF0010E7A6F360EDDEC8BF03AD8300E5E
:10580000EDEC8BF036D8370EEDEC8BF032D8360E4F
:10581000EDEC8BF07E6B34D8300EEDEC8BF030D8A5
:10582000370EEDEC8BF02CD8360EEDEC8BF07E2B9A
:10583000170E7E65F0D7180E7E6F400E39D8300EE9
:10584000EDEC8BF0400E34D8370EEDEC8BF0400EC3
:105850002FD8360EEDEC8BF07E2B9B0E7E65EDD7B0
:1058600000009B0CC00E766F040E776FEB0E786F06
:10587000EB0CC00E766F090E776F030E786F030C7A
:10588000400E766F7EC077F0786B400CC00E766F5E
:10589000010E776F786B010C766F060E776F020E34
:1058A000786F020CC00E766F776B400E786F400CED
:1058B000766F7EC077F078691200C00E766F050EA5
:1058C000776F050C6A0EF66E200EF76E010EF86EFD
:1058D00006EEC9F010EE12F00900F5CFEEFFE5502C
:1058E000E150FAE1FA0EF66E030EF76E010EF86E55
:1058F00005EEC9F010EE36F00900F5CFEEFFE550E9
:10590000E150FAE1C40EF66E030EF76E010EF86E6A
:1059100004EE72F010EE36F00900F5CFEEFFE55020
:10592000E150FAE14A0EF66E090EF76E010EF86EBE
:1059300003EE9DF010EE2FF00900F5CFEEFFE550DD
:10594000E150FAE1F60EF66EE60EF76E000EF86E16
:1059500002EEABF010EE54F00900F5CFEEFFE5508B
:10596000E150FAE14C0EF66E250EF76E010EF86E60
:1059700001EEFAF010EE06F00900F5CFEEFFE5506B
:10598000E150FAE10DEE00F0D60EEE6AE806FDE118
:105990000CEE00F0FA0EEE6AE806FDE10BEE00F008
:1059A000FA0EEE6AE806FDE10AEE00F05A0EEE6A23
:1059B000E806FDE109EE00F0DA0EEE6AE806FDE128
:1059C00008EE00F0FA0EEE6AE806FDE107EE00F0E0
:1059D000E40EEE6AE806FDE106EE00F0C90EEE6A9E
:1059E000E806FDE105EE00F0C90EEE6AE806FDE10D
:1059F00004EE00F0720EEE6AE806FDE103EE00F040
:105A00009D0EEE6AE806FDE102EE00F0AB0EEE6AD6
:105A1000E806FDE101EE00F0D80EEE6AE806FDE1D1
:105A200000EE33F02D0EEE6AE806FDE101900192E2
:105A300000014DEF4CF0E4C1D9FFE5C1DAFFDECF44
:105A4000F7F0DDCFF8F0AF5105E1ABD835EC91F0D0
:105A50008DEC68F00001666B080E656F97D8655194
:105A6000671906E16651681901E002D0010E01D004
:105A7000000E000914E06E6B010E35EC91F0840EFF
:105A80007A6F240E7B6F78D8F1EC8EF0010E020154
:105A9000AF6F0201AC6BAD6B8DEC68F058D0666BEC
:105AA000040E656F73D86551671906E16651681970
:105AB00001E002D0010E01D0000E000911E06E6B72
:105AC000010E35EC91F0690E7A6F240E7B6F54D87D
:105AD000F1EC8EF00201AF6B64D835EC91F0D9D7C0
:105AE000010E666F656B52D86551671906E1665104
:105AF000681901E002D0010E01D0000E000927E074
:105B00004AD8AF190EE0AFB103D00101BB9102D06A
:105B10000101BB81010E00EC92F086EC92F0E5EC05
:105B20001BF0E0C1DCF1E1C1DDF1E2C1DEF1E3C176
:105B3000DFF122EECAF001D80AD00500FA6EDE507D
:105B4000FD6EDE50FE6EDE50FF6EFA501200020156
:105B5000AF51D8B41200AE510101B819D8B4120037
:105B600020D835EC91F04CEC7FF00BD81FEC3DF0D9
:105B7000F1EC8EF08DEF68F0010E7C6F7D6F7E6B27
:105B8000010C65C07AF066C07BF01200F7C067F0C8
:105B9000F8C068F012000101010EBBA1000E020165
:105BA000120000016E6B020CC651C25DC751C35991
:105BB000C851C459C951C55908E3BB0E9C6F220E88
:105BC00092D82F0E97D88DEC84F0CAC0D9FFCBC0E5
:105BD000DAFFDE50DE10DE1009E1340E00019C6FAA
:105BE000220E81D8300E86D88DEC84F0000120EE94
:105BF00003F086D808E1870E9C6F220E74D8310E10
:105C000079D88DEC84F0000120EE06F079D808E117
:105C10006C0E9C6F220E67D8320E6CD88DEC84F01F
:105C2000000120EE09F06CD808E1170E9C6F220EDF
:105C30005AD8330E5FD88DEC84F0C2C05BF3C3C07A
:105C40005CF3C4C05DF3C5C05EF31C0E03015F6F5F
:105C50002D0E606F000E616FC6C07DF0C7C07EF074
:105C6000C8C07FF0C9C080F0C2C081F0C3C082F05C
:105C7000C4C083F0C5C084F0B7EC62F07DC02BF2E5
:105C80007EC02CF27FC02DF280C02EF2CAC04AF234
:105C9000CBC04BF201016E6B6F6B0201276B286B5F
:105CA000296B2A6B2C0E0101B425726F000EB521F1
:105CB000736F000E0001BB6F070EBC6FBE6B800ED2
:105CC000BD6F020120EE09F0D7EC17F0DECFBFF078
:105CD000DECFC0F0DDCFC1F00BEC7BF05B0EC26F0E
:105CE000030EC36F12009D6F1B0E9E6F230E9F6FDE
:105CF000A16B1200A06F790EA26F230EA36F12008A
:105D0000CA51D926CB51DA22DE50DE10DE10120045
:105D10000001F251070ED8A4090E3E240101D86FEC
:105D2000000E3F20D96FD8C1F6FFD9C1F7FF000E92
:105D3000F86E0900F5CFE1F10A00F5CFE2F152C2A9
:105D400065F053C266F08BD801D80DD00500FA6E0D
:105D50000900F550FD6E0900F550FE6E0900F55082
:105D6000FF6EFA50120065C0E3F166C0E4F1010174
:105D7000E1510001F003F3CFD8F1F4CFD9F1F103F1
:105D8000F3500101D927E2510001F0030101F35062
:105D9000D9276AD8DECFDAF1DDCFDBF1DA51D825A9
:105DA000E56FD951DB21E66FE86AE836D9BFE8062E
:105DB000E76FE86AE7BFE806E86F030E37D848D810
:105DC000DC51E55DDD51E659DE51E759E851800AC5
:105DD000E06FDF51800AE05902E2030E11D0050E98
:105DE00025D836D8E551DC5DE651DD59E751DE595D
:105DF000DF51800AE06FE851800AE05908E2050EA1
:105E000015D8DAC1E5F1DBC1E6F1E76BE86B2CD818
:105E1000E5C1DEFFE6C1DDFFF3C0EAF0F4C0EBF060
:105E2000F5C0ECF0F6C0EDF0CBEF78F03E24D86F83
:105E3000000E3F20D96FD8C1F6FFD9C1F7FF000E81
:105E4000F86E0900F5CFDAF10900F5CFDBF11200A9
:105E5000DA51DC6FDB51DD6FDE6BDF6B12003EC0B1
:105E6000F6FF3FC0F7FF1200E3C1D9FFE4C1DAFF3C
:105E7000120020EE38F097D8DFAE16D020EE39F0C1
:105E800092D8DFB211D077D8CA5D9CD8CB5990D8C0
:105E9000CC5993D8CD597BD891C0C6F192C0C7F1E7
:105EA00093C0C8F194C0C9F120EE39F07CD8DFA2CC
:105EB00016D020EE38F077D8DFBE11D05CD8C65DA2
:105EC00081D8C75975D8C85978D8C95960D891C0F0
:105ED000CAF192C0CBF193C0CCF194C0CDF15A502D
:105EE0000101CA5D306F5B50CB59316F5C50CC59AA
:105EF000326F5D50CD59336F30C17DF031C17EF0CE
:105F000032C17FF033C180F02C0E0001816F010E91
:105F1000DBEC3FF0BDEC48F07DC030F17EC031F1EC
:105F20007FC032F180C033F15A500101C65D2C6F41
:105F30005B50C7592D6F5C50C8592E6F5D50C959C1
:105F40002F6F2CC17DF02DC17EF02EC17FF02FC1AF
:105F500080F0D40E0001816FFE0E826F8369846928
:105F6000BDEC48F07DC02CF17EC02DF17FC02EF13C
:105F700080C02FF11200D8905A348D6F5B348E6F31
:105F80005C348F6F5D34906F8D5101011200000100
:105F9000946F911F921F931F941F912B000E9223B9
:105FA00093239423000C8B51D9268C51DA221200B2
:105FB0000001926F8F51010112000001936F905107
:105FC000010112000001916F8E510101120085D86C
:105FD00015EC79F068C09EF069C09FF000019E51F9
:105FE0009F1104E17AD8886F020E50D0982966D8A4
:105FF000FEEC4EF07FC09AF080C09BF0040E982516
:106000005DD8FEEC4EF07FC09CF080C09DF09AC041
:106010006DF09BC06EF09CC06FF09DC070F09EC094
:1060200071F09FC072F0746B70D82AE201D028D052
:106030005AD86C6B89EC2AF009E301D007D098ECB0
:106040002AF004E301D002D0010E6C6F6C510009FC
:1060500017E001D015D050D86C6B89EC2AF009E319
:1060600001D007D098EC2AF004E301D002D0010E51
:106070006C6F6C51000904E001D002D0010E746F06
:106080007451000905E129D8886F030E896F13D078
:1060900020EE27F043D89AC0DEFF9BC0DDFF20EE44
:1060A00029F03CD89CC0DEFF9DC0DDFFADEC8BF03D
:1060B00014D8C1EC2AF04B0E67EF82F07F6F000E10
:1060C0009921806F20EE1FF09E51D9269F51DA2230
:1060D000DECF81F0DDCF82F0120098C0D9FF99C0E9
:1060E000DAFFDF5012006DC065F06EC066F071C05F
:1060F00067F072C068F012006FC065F070C066F0A3
:1061000071C067F072C068F012006F516D5D6E5122
:10611000800A736F7051800A735912009E51D926FC
:106120009F51DA221200A0D8DE6ADD6A6CC065F0E9
:106130006DC066F07B0E676FF2EC71F065C080F0A9
:1061400066C081F080C065F081C066F06CC067F009
:106150006DC068F07CD865C079F066C07AF079517E
:10616000705D7A51715901E21200030E746F756B04
:106170008051745F8151755B7CD87451DE267551F6
:10618000DD2272D8DFCF74F0DE2ADFCF75F0000E8B
:10619000DD226FD8DECF76F0DDCF77F07451762533
:1061A000D96E75517721DA6EAA0EDF6E7E6B7F6B2A
:1061B00020D07E517B0FD96EDA6A72C0E1FF73C0C6
:1061C000E2FFE7CF74F0E62AE7CF75F0000EE52294
:1061D0006EC0E1FF6FC0E2FFE6CF76F0E5CF77F06B
:1061E00074517625E16E75517721B1EC70F07E4BDC
:1061F0007F2B80517E5D81517F59DBE335D86C5117
:10620000DE266D51DD2235D8DECF65F0DDCF66F0BC
:106210002BD8DECF67F0DDCF68F037EC86F0746FF7
:1062200023D8DECF75F0DDCF76F023D8DECF77F040
:10623000DDCF78F075517725D96E76517821DA6EF9
:1062400074C0DFFF11D8DE2A000EDD22000C67517A
:106250006525696F685166216A6F020E6925656F51
:10626000000E6A21666F120072C0D9FF73C0DAFF98
:1062700012006EC0D9FF6FC0DAFF12000001686F14
:1062800066D0020E656F260E666F010E676F1200F4
:10629000720E656FDA0E666F000E676F1200B60E33
:1062A000656F1F0E666F010E676F1200380E656F07
:1062B0001A0E666F010E676F1200B80E656FF40E4E
:1062C000666F000E676F1200960E656F060E666FA2
:1062D000010E676F1200CC0E656F010E666F010E26
:1062E000676F1200120E656FDA0E666F000E676F31
:1062F0001200DA0E656FF90E666F000E676F1200FE
:10630000DA0E656F1C0E666F010E676F1200F40ED9
:10631000656F1B0E666F010E676F1200940E656F3E
:10632000010E666F010E676F1200F20E656F9F0E11
:10633000666F000E676F1200C40E656F150E666FF4
:10634000010E676F1200656B666B676B12000001D0
:10635000685197E0010A9CE0030A93E0010A9FE07C
:10636000070A9DE0140A8DE0080A8BE0380A89E0EC
:10637000100AE2E0710A93E0030A91E0010A96E054
:10638000070A9BE0010AA0E0030AA5E0010AAAE0CF
:106390000E0AAFE0030AADE0010AA4E01A0AC5E064
:1063A000310ABCE0010A89E0100AB8E0F10A01E113
:1063B00076D7030AA5E0070AA3E0140AAFE0010AB2
:1063C000ADE0030AA4E0BFD7F0C0D9FFF1C0DAFF07
:1063D000DFAE000C42C065F043C066F078EC8AF096
:1063E00000097EE0000E59EC6EF065C0DEF166C07B
:1063F000DFF120EE33F01AEC3DF010EE04F068EC23
:1064000042F0E6CFE0F1E5CFE1F10101E66BE76BA9
:106410003ED020EE0DF01AEC3DF071D8DE51E65D75
:10642000DA6FDF51E759DB6FE051DA03F3CFDCF1CC
:10643000F4CFDDF1DB03F350DD27E151DA03F35054
:10644000DD27D851DC25E26FD951DD21E36F52D829
:10645000E2C1A7F0E3C1A8F0BFEC40F0A5C0E4F1B1
:10646000A6C0E5F1780EECEC34F0E6C175F0E7C1BA
:1064700076F0E4C177F0E5C178F07A6B000E796FC1
:1064800000EC35F020EC44F00101E64BE72B29D875
:10649000C0E3E66BE76B18D0E1EC34F035D8CBEC19
:1064A00034F0A0EC3DF0D89001012ED8DA6E700ED9
:1064B000D926020EDA2223D8D8C1D9FFD9C1DAFFF2
:1064C000E7EC34F0E64BE72B0CD8E6E3F2C0EAF059
:1064D000F3C0EBF0F4C0ECF0F5C0EDF0CBEC78F0ED
:1064E000010C4050E65DE751800AD86F4150800AA8
:1064F000D859120042C0A5F043C0A6F01200DECF6A
:10650000D8F1DDCFD9F11200E635D96EE7351200AA
:10651000010E34EC7EF085EC8EF0000902E08DEF88
:1065200068F082EC92F0000904E0FCEC5CF08DEF86
:1065300068F00001E66BE76B76D0D890E635D96E4F
:10654000E7359DEC5BF0DECFE8F0DDCFE9F0000150
:1065500020EE33F076D8DECFE4F0DDCFE5F0E4C016
:10656000D9FFE5C0DAFFDF50FDEC6FF0E8C065F061
:10657000E9C066F078EC8AF0000943E0E8C067F013
:10658000E9C068F061EC86F0000907E0E8C084F03B
:10659000E9C085F078EC49F043D0000120EE3CF0F2
:1065A00050D8DFA212D020EE3BF04BD8DFB60DD092
:1065B0000101BD5135E1E8C0D2F0E9C0D3F0A5EC4E
:1065C0008CF044D8B2EC76F02BD0E8C067F0E9C08C
:1065D00068F007EC8EF0000907E0E8C084F0E9C03D
:1065E00085F09DEC50F01CD0000120EE3BF029D846
:1065F000DFA2E1D7E8C0D4F0E9C0D5F04DEC74F0EB
:106600000FD0E8C065F0E9C066F054EC8AF00009EC
:1066100004E11CD8B2EC76F003D00101BD51B6E123
:106620000001E64BE72B0101AE510001E65DE751A9
:10663000800AE46FE6EC75F0E45901E27ED78DEF55
:1066400068F0E851D926E951DA221200E8C0D4F006
:10665000E9C0D5F0120020EE33F072D810EE09F048
:1066600068EC42F0E650E610E61044E020EE0BF055
:1066700067D86BD865D887D876D85ED868EC42F0F2
:10668000E7509F6FA06B20EE33F05AD810EE09F060
:1066900068EC42F001D80AD00500FA6EE650FD6EB3
:1066A000E650FE6EE650FF6EFA50120020EE0DF03E
:1066B00047D864D820EE0BF043D847D841D863D8E8
:1066C000A06B020E9F6F20EE33F03AD810EE09F067
:1066D00068EC42F001D80AD00500FA6EE650FD6E73
:1066E000E650FE6EE650FF6EFA50120020EE0FF0FC
:1066F00027D844D020EE0BF023D82ED821D848D864
:1067000032D81AD868EC42F0E7507D6F7E6BB0EC5F
:1067100059F020EE0DF014D82CD820EE0BF010D844
:106720001BD80ED835D87E6B020E7D6FB0EC59F0B9
:1067300020EE0FF005D81DD0DA2210EE03F0120083
:10674000A351D926A451DA221200DECF9BF0DDCF6F
:106750009CF020EE1FF01200DECF79F0DDCF7AF052
:1067600020EE1FF0120020EE36F0A351D926A451DE
:10677000120079C0DEFF7AC0DDFF12009BC0DEFF91
:106780009CC0DDFF1200DECF9DF0DDCF9EF0120039
:10679000DECF7BF0DDCF7CF01200705142EC2BF0AD
:1067A000030EDF6E7051D96EDA6ADECF71F0DDCF85
:1067B00072F071C0D9FF72C0DAFF1B0EDF6E69D8AC
:1067C000510EDF6E705142EC2BF0DF2A62D8DF6A87
:1067D000705142EC2BF0DF2A5CD8DF68705142EC3C
:1067E0002BF071D870C06BF08FEC2BF0686B87ECDE
:1067F0002BF003E008D001D006D0682B050E6865A9
:10680000F6D701D0F4D76F6B5FEC2BF06F2B050E32
:106810006F65FAD701D0F8D76B5142EC2BF047ECFB
:106820002BF042EC2BF04BEC2BF05BEC2BF042EC22
:106830002BF0DF2A6B5142EC2BF04BEC2BF083EC6E
:106840002BF042EC2BF0DF2A24D8010EDF6E7051C2
:1068500042EC2BF0DF2A1DD8FFC1DFFF705142EC64
:106860002BF0DF2A70512AD868EC42F0E76A7051A9
:106870007EEC2BF068EC42F0705142EC2BF0DF50D4
:10688000FD0FE76E705142EC2BF0640EDF60010CDF
:10689000000C7051D96EDA6A020ED926DF50716F82
:1068A0007051D96EDA6ADECF72F0DDCF73F07151BC
:1068B0007225D96E000E7321DA6E1200D96EDA6A73
:1068C00010EE01F01200DF2AB6C169F0B7C16AF01C
:1068D0001200C2EC77F0B0C0D8F1B1C0D9F184D8C1
:1068E000780ED926020EDA22DECFF6F0DDCFF7F0F1
:1068F0000001F051F6250101DA6F0001F151F72195
:106900000101DB6F780E000167D882C175F083C189
:1069100076F0DAC177F0DBC178F0D8C179F0D9C16F
:106920007AF06ED820EC44F00101DC6FDC510DE10F
:1069300048D88235D96E83352ED8A0EC3DF054D896
:10694000700E33D8000143D81AD0DD6BDE6B0DD04A
:1069500038D851D820D8A0EC3DF0D8904CD8DA6E79
:10696000700E23D834D8DD4BDE2B4050DD5DDE5178
:10697000800A0001F66F4150800AF659E9E3A0EC65
:1069800089F0F2C0EAF0F3C0EBF0F4C0ECF0F5C02F
:10699000EDF0CBEF78F0DA6E780ED926020EDA221F
:1069A000DECFA9F0DDCFAAF01200D926020EDA223E
:1069B000DECFF6F0DDCFF7F0F6C0D9FFF7C0DAFF93
:1069C000120042C0A7F043C0A8F0D8901200A7C0A0
:1069D000DEFFA8C0DDFF1200716F020E726F40C0B3
:1069E00073F041C074F01200D89001018235D96E65
:1069F0008335DA6E12000101DD35D96EDE35120005
:106A000084C17BF085C17CF01200256A266A276A62
:106A100025C002F026C003F0000E2724D96EDA6AE2
:106A2000010EDA22DF50046EBAEC7BF002C025F0D2
:106A300003C026F0272A0D0E2764EAD7255026101A
:106A40007AE101C128F004C101F128C004F102C1BA
:106A500028F003C102F128C003F101C102F002C114
:106A600003F003C104F004C105F015EC7AF002C094
:106A700001F103C002F104C003F105C004F1066A8C
:106A8000076AC80E086E420E096E01C102F002C10B
:106A900003F003C104F004C105F092EC1AF002C047
:106AA0001BF003C01CF004C01DF005C01EF017EC65
:106AB00057F01BC06CF11CC06DF106C128F009C174
:106AC00006F128C009F107C128F008C107F128C064
:106AD00008F106C102F007C103F008C104F009C1C2
:106AE00005F015EC7AF002C006F103C007F104C00E
:106AF00008F105C009F1066A076AC80E086E420E61
:106B0000096E06C102F007C103F008C104F009C113
:106B100005F092EC1AF002C01BF003C01CF004C098
:106B20001DF005C01EF017EC57F01BC06AF11CC029
:106B30006BF1966B04D0010E0101966F000000000E
:106B4000120068C065F069C066F0B4EC8CF06E6F3E
:106B5000736B0101B3A50BD0000120EE3BF068512F
:106B6000D9266951DA22DFA602D0010E736F000127
:106B70007351010ED8B4000E6F6F68C065F069C024
:106B800066F054EC8DF0706F6FD8DFA0000E716F5F
:106B90006BD8DFA2000E726F746B756B44D0D89007
:106BA0007435D96E75359DEC5BF0DECF76F0DDCFB8
:106BB00077F076C065F077C066F054EC8AF0000993
:106BC00030E06F5112E03BD8DFA80FD06A51741942
:106BD0000BE16B51751908E120EE3CF07651D92696
:106BE0007751DA22DF8001D037D868C065F069C0FC
:106BF00066F054EC8AF0000914E06E5103E01FD8EF
:106C0000DFB02AD8705103E01AD8DFB225D871510D
:106C100003E015D8DFB420D8725103E010D8DFB6F6
:106C20001BD8744B752B0101AE510001745D755179
:106C3000800A6C6FE6EC75F06C59B1E312006A5192
:106C400076256C6F6B5177216D6F500E6C25D96E68
:106C5000000E6D21DA6E120020EE3CF07651D9263E
:106C60007751DA22DF82120020EE38F06851D926FF
:106C70006951DA22010CE50E0001736F010E746F89
:106C8000A1EC6FF073C0E6F174C0E7F1010177D8B1
:106C9000DFA00AD0DAC165F0DBC166F0DCC167F0C5
:106CA000DDC168F08FEC90F00101DF51E01108E0E8
:106CB000DFC1D9FFE0C1DAFFE6C1DEFFE7C1DDFFDA
:106CC000E151E21106E0E1C1D9FFE2C1DAFFE5C11D
:106CD000DFFF5CD8DE5015E1DE0413E1E55111E081
:106CE0004ED8DFB40ED04BD8DFB60BD0DAC1F0F0FF
:106CF000DBC1F1F0DCC1F2F0DDC1F3F089EC85F02D
:106D0000010C44D8DE04DE1005E040D8020EDE1887
:106D1000DE101CE1E55103E132D8DFA4010C2FD8CD
:106D2000DFB2010C33D8DE04DE1005E134D8FF0EEB
:106D3000E2EC7FF0010C2AD8020EDE18DE10D8A497
:106D4000010C29D8010EE2EC7FF0010C1FD8800E57
:106D5000DE18DE1013E1DE5111E0E551D8B4010C6C
:106D60000ED8DFB2010CDAC1F0F0DBC1F1F0DCC10A
:106D7000F2F0DDC1F3F06FEC87F0010C000C20EEB7
:106D800002F0E651D926E751DA221200E6C1D9FF16
:106D9000E7C1DAFF1200DAC1F5F0DBC1F6F0DCC1C1
:106DA000F7F0DDC1F8F01200270E7DD8B2C0D9FF90
:106DB000B3C0DAFF7ED8250EB025B66F6ED864D882
:106DC000BD6B030EBC6F20EE22F07ED8DF5015E0C5
:106DD000BD6B040EBC6F20EE3AF076D8020EDE18C2
:106DE00002E1230E06D0230EB025B66F56D84CD83C
:106DF000250E59D820EE04F047D8290E54D8BCC02F
:106E0000B8F0BDC0B9F0D890B837B937B851B2258D
:106E1000BA6FB951B321BB6FFE0EBA25D96EFF0E02
:106E2000BB21DA6E46D8BE6BBF6B20D0B0C0A5F0D8
:106E3000B1C0A6F043D8B251D926B351DA22DECF81
:106E4000B6F0DDCFB7F0B6C0D9FFB7C0DAFFA6EC19
:106E50003CF0BFEC40F032D8B451D926B551DA221B
:106E6000A5C0DEFFA6C0DDFFBE4BBF2BBC51BE5D83
:106E7000BF51800AB66FBD51800AB659D7E3BCC076
:106E8000B0F0BDC0B1F01200B251D926B351DA2230
:106E9000B6C0DEFFB7C0DDFF1200000EB121B76F34
:106EA00020EE02F01200B025B66F000EB121B76FD0
:106EB0001200B6C0DEFFB7C0DDFF1200D890BE35AD
:106EC000D96EBF35DA6E1200B051D926B151DA222F
:106ED0001200726B706B7FD8D96E6A516821DA6EBE
:106EE00072516525E16E000E6621E26EE7506B6F10
:106EF000D8906B37D8906B37D8906B35DF6E6BD8E6
:106F00006B6F6A5168216C6F6B2959D86D6F050ED4
:106F10006E6FD8906D336E2FFCD76D51DF6E722B74
:106F2000702B030E7065D7D76F6B5ED86F513BD84F
:106F3000100E6B25E16E000E6C21E26EDFCFE7FFD5
:106F4000722B6F2B030E6F65F0D7716B71512BD8BD
:106F5000080E6B2534D80F0BDF6E46D8DF50696FF3
:106F6000693B0F0E691769A10AD071511CD8080E30
:106F70006B25D96E000E6C21DA6E000EDB8E71511E
:106F800012D8090E6B251BD86D6F050E6E6FD89049
:106F90006D336E2FFCD76D51DF6E722B712B030E8C
:106FA0007165D4D7030C696F6A6BD89069376A37FB
:106FB000695167256B6F6A5168216C6F1200D96E39
:106FC000000E6C21DA6E72516525E16E000E6621AD
:106FD000E26EE75012007051020DF3CF69F0F4CF6A
:106FE0006AF069516725120072516525D96E000E4D
:106FF0006621DA6E1200E15115E1040EE05D12E245
:10700000D00E00019C6F210E9D6F440E9E6F230ECB
:107010009F6FA16B2E0EA06F560EA26F230EA36F53
:107020008DEC84F0DAC1B3F0DBC1B4F0DCC1B5F0B3
:10703000DDC1B6F074EC5CF0000901E01200010162
:10704000E86BE96BDAC1ADF0DBC1AEF0E80E000130
:10705000AF6F010EB06F7DEC83F0ADC0E2F1AEC05A
:10706000E3F1E8C165F0E9C166F06529656F000EDE
:107070006621666F65C0E4F166C0E5F1950E656F47
:10708000030E666F0101E451DA250001676F01010B
:10709000E551DB210001686FE2C169F0E3C16AF0EC
:1070A000F1EC79F034D80101DE250001676F000EA4
:1070B0000101DF210001686FFB0E0101E0250001E5
:1070C000696FFF0E0101E12100016A6FA2EC72F00D
:1070D00006D0E6C1D8F1E7C1D9F142EC28F0C20EE2
:1070E0000001796F1C0E7A6F010E7B6F43EC8FF0FD
:1070F00065C07CF066C07DF0E4EC42F079C0E6F15A
:107100007AC0E7F10101E651E711E3E112008D0ECB
:10711000656F030E666F040C0101BBA11200000134
:107120006E6B010E35EC91F06E6B020E35EC91F04A
:10713000000E6E6B35EC91F0170E7A6F240E94EC06
:107140004CF0F1EC8EF0890E656FB9C168F0BAC1F0
:1071500069F06CD867C066F0676B663B0F0E661708
:10716000661753D8D96EDA6A0800F5CFDFFF695188
:107170000F0BC30FF66E200ED8B0010FF76EF86A32
:10718000000EF8226551D96EDA6AD92A0800F5CFC7
:10719000DFFF4CD8040ED89067336633E82EFBD758
:1071A0000F0E661732D842EC2BF00800F5CFDFFF48
:1071B0000F0E6815666F29D834D80800F5CFDFFFA9
:1071C0000101BBB106D0EF0E00018D6F230E8E6F53
:1071D00004D0890E00018D6F8E6B8DC07AF08EC049
:1071E0007BF0BCEC2DF0F1EC8EF08DEC68F0020140
:1071F000AC6BAD6B030E0001656F65C0ABF20101B6
:10720000BB97BB85100E00EF92F0676BC30E66252F
:10721000F66E200E6721F76EF86A000EF8226551AF
:107220001200D96EDA6A030ED926030C68C066F024
:1072300069C067F01200CFEC91F065C0C5F066C080
:10724000C6F021EC8FF065C0C8F066C0C9F015EC3F
:107250008FF065C0CAF066C0CBF00001C36B0101BE
:10726000A25108E0C8C065F0C9C066F0F0EC8CF02F
:10727000000903E0010E0001C36FC46B0101A151BD
:1072800008E0CAC065F0CBC066F0F0EC8CF00009F5
:1072900003E0010E0001C46F010E0101A26FA16F96
:1072A000C8C065F0C9C066F0CAEC86F0CAC065F017
:1072B000CBC066F0CAEC86F0C5C065F0C6C066F00B
:1072C000F0EC8CF00009010ED8A4000EC26FC8C00B
:1072D000B6F0C9C0B7F0BEC0B8F0BFC0B9F0C2C008
:1072E000BAF020EE19F0C551D926C651DA22DECF08
:1072F000BBF0DDCFBCF0C3C0BDF05AEC78F0CAC023
:10730000B6F0CBC0B7F0C0C0B8F0C1C0B9F0010E44
:10731000BA6FC0C0BBF0C1C0BCF0C4C0BDF05AEC75
:1073200078F011D8C76FC8C069F0C9C06AF0C7C08B
:107330006BF0A6EC4FF0CAC069F0CBC06AF0C7C0D2
:107340006BF0A6EF4FF00101010EB3A1000E00019A
:107350001200E4C1D9FFE5C1DAFFDECFF7F0DDCFDF
:10736000F8F00001666B100E76D86551671906E1DA
:107370006651681901E002D0010E01D0000E00092B
:107380000CE022EEC7F00500FA6EDE50FD6EDE5016
:10739000FE6EDE50FF6EFA501200666B200E5BD858
:1073A0006551671906E16651681901E002D0010EC6
:1073B00001D0000E00090CE022EED0F00500FA6EBC
:1073C000DE50FD6EDE50FE6EDE50FF6EFA50120093
:1073D000666B400E40D86551671906E16651681921
:1073E00001E002D0010E01D0000E00090CE022EEF7
:1073F000D9F00500FA6EDE50FD6EDE50FE6EDE50F6
:10740000FF6EFA501200010E666F656BF7C067F0F1
:10741000F8C068F06551671906E16651681901E026
:1074200002D0010E01D0000E0009D8B41200E0C154
:10743000DCF1E1C1DDF1E2C1DEF1E3C1DFF122EE19
:10744000C1F00500FA6EDE50FD6EDE50FE6EDE50BD
:10745000FF6EFA501200656FF7C067F0F8C068F071
:1074600012006D6F00016D511CE068AF1AD065C04D
:1074700069F066C06AF067C06BF068C06CF0691FA5
:107480006A1F6B1F6C1F692B000E6A236B236C2312
:1074900069C06FF06AC070F06BC071F06CC072F0C0
:1074A00008D065C06FF066C070F067C071F068C04A
:1074B00072F0655166116711681105E1656B666BC5
:1074C000676B686B1200960E6E6F02D06E2B4AD8F7
:1074D000696B6A6B6B6BFE0E72153ED808E0F6D7CF
:1074E0006E2B6F2B000E7023712372233BD8696BB8
:1074F0006A6B6B6B725130D807E0F2D76E07D89089
:107500006F3770377137723771BF03D0020E6E61FB
:10751000F5D76EA1719FD8906E336EC069F06A6B1B
:107520006B6B6C6B69C06CF06B6B6A6B696B6951F0
:107530006F136A5170136B5171136C5172136D514B
:1075400002E068BF728F6FC065F070C066F071C0F6
:1075500067F072C068F012006C6F69516A116B11AC
:107560006C111200D8907233713370336F33120084
:10757000C9C074F0CAC075F0CBC076F0CCC077F04B
:107580003AEC81F0CBC065F0CCC066F02FEC2FF068
:10759000000EF86E01D80DD00500FA6E0900F55006
:1075A000FD6E0900F550FE6E0900F550FF6EFA50B1
:1075B000120065C0D9FF66C0DAFFDECFD3F0DDCFA1
:1075C000D4F0D351D41111E143D8F5500900F5108E
:1075D0000CE03ED8F5CF7AF00A00F5CF7BF084ECD2
:1075E00068F044D82FD8F1EF8EF0D3C065F0D4C046
:1075F00066F0686B3C0E676F5FEC79F06551D16F98
:10760000D3C065F0D4C066F0686B3C0E676FF1ECD8
:107610007EF06551D26FD151640DF3CFCDF0F4CF30
:10762000CEF0D251CD25CF6F000ECE21D06FCFC07E
:10763000C4F0D0C0C5F072EC74F018D868EC74F0E7
:1076400091EF8EF0DA22DF507D6F010E7E6F010C1C
:107650000B0E3E24CD6F000E3F20CE6FCDC0F6FF47
:10766000CEC0F7FF000EF86E09001200CB51D926EC
:10767000CC511200000E01018A6F0D0E8B6F20EEAF
:10768000CAF065D8D70EDE6E010EDD6E20EECFF0AB
:107690005ED8A80EDE6EFB0EDE6E000EDE6E20EEF5
:1076A00064F055D8DF6A20EED2F051D8DF6A20EEC0
:1076B000CCF04DD8DE6ADD6A20EECEF048D8DF6A25
:1076C00020EED3F044D8B00EDE6E120EDE6E010E48
:1076D000DE6E8AC165F08BC166F00001676B3CD835
:1076E000672B630E6765FBD701D0F9D73DD8650ED0
:1076F00001018A250001656FBFEC14F0666F00017F
:10770000676B2AD8672B630E6765FBD701D0F9D763
:107710002BD88AC1A7F28BC1A8F2650E01018A2578
:107720000201A96F000E01018B210201AA6FA70EB1
:107730000001A46F020EA56F9AEC14F008D8DECFFA
:10774000A6F0DECFA7F0DDCFA8F03FEF65F08A51BD
:10775000D9268B51DA22120067516525D96E000EA9
:107760006621DA6EDF6A120020EE64F06551D926D8
:107770006651DA22DF6A12006FD8DFA01FD0BFC0C7
:10778000A0F0C0C0A1F0C1C0A2F0C2C0A3F0C3C0AD
:10779000A4F0C4C0A5F047EC75F0000938E0BFC004
:1077A00065F0C0C066F0C1C067F0C2C068F0C3C079
:1077B00069F0C4C06AF0F7EC85F029D0BFC0A0F032
:1077C000C0C0A1F0C1C0A2F0C2C0A3F0C3C0A4F069
:1077D000C4C0A5F00EEC78F0000919E0BFC0B9F004
:1077E000C0C0BAF0A5EC63F0000903E00101B3B535
:1077F0000ED0BFC065F0C0C066F0C1C067F0C2C0A7
:1078000068F0C3C069F0C4C06AF0CBEC85F024D83E
:10781000DFA011D0BFC06BF0C0C06CF020EE46F00E
:1078200023D80500FA6EDE50FD6EDE50FE6EDE508F
:10783000FF6EFA501200BFC06BF0C0C06CF020EEBB
:1078400049F012D80500FA6EDE50FD6EDE50FE6E75
:10785000DE50FF6EFA501200000120EE3BF0BF51E7
:10786000D926C051DA221200BF51D926C051DA22DE
:107870001200C0C0B0F0C1C0B1F0C60EB26FB36BA1
:10788000CE0EB46FB56BD4EC36F0B0C0D6F0B1C04C
:10789000D7F0C0C0A5F0C1C0A6F020EE15F0C051D1
:1078A000D926C151DA2252D8BFEC40F0A5C0C4F0AD
:1078B000A6C0C5F0D86BD96B1BD0CE0E716F726BA2
:1078C000D6C073F0D7C074F0D8C075F0D9C076F0C8
:1078D00042D8DECF77F0DDCF78F07A6B000E796F8B
:1078E000C4C07BF0C5C07CF020EC44F0D84BD92B51
:1078F00024D8E3E3D86BD96B1DD0C0C0A7F0C1C0BA
:10790000A8F029D8DECFA9F0DDCFAAF0A0EC3DF099
:10791000D851020DF350C60FD96EDA6ADECFC2F02D
:10792000DDCFC3F0C2C0D9FFC3C0DAFFE7EC34F04B
:10793000D84BD92B02D8E1E31200D651D85DD951EA
:10794000800AC26FD751800AC2591200DECFA7F059
:10795000DDCFA8F01200D851020DF350CE0FD96E32
:10796000DA6A1200B0C1D1F0B1C1D2F020EE33F02A
:1079700061D8DECFCFF0DDCFD0F0D1C06EF0D2C075
:107980006FF045EC84F0D1C06FF0D2C070F020EE03
:107990003AF050D8DF500001716FFFEC7FF0CFC09C
:1079A000D9FFD0C0DAFFDF50FDEC6FF0C00E000150
:1079B0007A6F230E94EC4CF0F1EC8EF020EE29F06F
:1079C00039D843D8CB6B010ECC6F7FEC7AF020EE28
:1079D00022F030D8DF500AE020EE23F02BD835D843
:1079E000010ECB6FCC6B7FEC7AF008D0990E7A6FDA
:1079F000240E7B6FBCEC2DF0F1EC8EF020EE25F028
:107A000019D823D8010ECB6FCC6F7FEC7AF0C60E5D
:107A10007A6F230E7B6F13D8F1EC8EF020EE27F0F7
:107A200009D813D8020ECB6F010ECC6F7FEC7AF021
:107A300099EF6DF04250D9264350DA221200010E20
:107A40007C6F020E7D6F7E6B020CDECFC9F0DDCF46
:107A5000CAF012000101B3A913D020EE2AF06BD8AE
:107A6000D8EC6BF0DE50E61801E102D0010E01D037
:107A7000000E000905E1C5EC64F05DD8DF9012004E
:107A80000001656B0101B3AB0CD001D00AD020EE30
:107A900032F051D8DFB005D001D003D0010E000183
:107AA000656F0001655100092BE03CC070F03DC0DE
:107AB00071F03EEC90F0B3A91FD020EE2AF03BD835
:107AC000DF5007E04AEC68F0DF9C030E48EC92F0D0
:107AD0000CD04AEC68F0DF8C4AEC68F0DF984AEC96
:107AE00068F0DF86040E48EC92F020EE2AF023D8EE
:107AF000D8EC6BF0DFCFE7FF20EE32F01CD8DF8050
:107B00000101FE5106E001D004D0FE6B9E6B010E18
:107B10000CD09E2B9E050001656FA60E656504D0F6
:107B200001D002D00101F2D7000E0009D8B4120032
:107B3000010E48EF92F03C50D9263D50DA22120057
:107B4000000120EE1FF06DD8DECFAFF0DDCFB0F03A
:107B500020EE36F0A751D926A8519CEC33F068EC02
:107B600042F0E750B16FB26B53D868EC42F0E65088
:107B7000E610E61027E0A9C09BF0AAC09CF020EE1A
:107B800013F04FD8DECF9DF0DDCF9EF0AFC09FF059
:107B9000B0C0A0F0B1C0A1F0B2C0A2F039D868EC7A
:107BA00042F001D80AD00500FA6EE650FD6EE650AC
:107BB000FE6EE650FF6EFA5012009BC0A7F09CC00C
:107BC000A8F0120020EE13F02CD8DECFABF0DDCF02
:107BD000ACF06C6B010E6B6FB151AF5D6D6FB2515C
:107BE000B0596E6F74EC7EF0A9516B03F3CFADF01A
:107BF000F4CFAEF06C03F350AE27AA516B03F350F1
:107C0000AE27AB51AD25A76FAC51AE21A86F1200C6
:107C100020EE33F0A751D926A851DA2210EE0FF04A
:107C20001200A751D926A851DA2212007AC0D9FF32
:107C30007BC0DAFF01011451DE180EE0010E0001D5
:107C4000766F100E776F7AC0D9FF7BC0DAFFDF50F6
:107C5000786F360EEDEC8BF0000120EE01F07A51DA
:107C6000D9267B51DA22DE500101151910E0010EF0
:107C70000001766F120E776F20EE01F07A51D9264F
:107C80007B51DA22DF50786F360EEDEC8BF000017D
:107C900020EE02F07A51D9267B51DA22DE50010122
:107CA000161910E0010E0001766F140E776F20EEAA
:107CB00002F07A51D9267B51DA22DF50786F360EE6
:107CC000EDEC8BF0000120EE03F07A51D9267B51C8
:107CD000DA22DE500101171910E0010E0001766F63
:107CE000160E776F20EE03F07A51D9267B51DA22F7
:107CF000DF50786F360EEDEC8BF07AC0D9FF7BC089
:107D0000DAFFDECF14F1DECF15F1DECF16F1DECFD4
:107D100017F1120000016A6F3CD0666B050E656FAB
:107D2000050C666B010E656F010C666B020E656FCC
:107D3000020C666B040E656F040C666B070E656FB4
:107D4000070C666B030E656F030C685103E1040EAC
:107D5000675DE3E320EE03F06551D9266651DA2230
:107D6000DF50696F050E6925656F666B000E66232F
:107D7000000C666B060E656F060C67C080F168C06C
:107D800081F167C065F068C066F01200656B666BD4
:107D9000120000016A51010AC0E0020AC2E0070AAB
:107DA000C0E0340AEAE0710ABCE0030ABAE0010A62
:107DB000B8E0070ABAE0010AB8E0030ABAE0010A2B
:107DC000BCE00E0ABEE0030ABCE0010AB6E01A0AF3
:107DD000BCE0310AAAE0010AA8E0100AA6E0F10A14
:107DE000A0E0030AA2E0070AA0E0140A9EE0010A4C
:107DF0009CE0030ABEE0CAD78BC099F08CC09AF011
:107E000067D899C071F09AC072F09BC073F09CC0A3
:107E100074F08FC075F090C076F0776B786B80EC63
:107E200078F071C099F072C09AF073C09BF074C082
:107E30009CF08F51916F9051926F936B946B915115
:107E40000008956F000E9255966F010E9355976F2F
:107E5000000E9455986F95C071F096C072F097C05F
:107E600073F098C074F08DC075F08EC076F0D5ECCC
:107E70003FF080EC78F071C095F072C096F073C05E
:107E800097F074C098F09551992796519A2397517D
:107E90009B2398519C23000E99257D6F800E9A217B
:107EA0007E6F000E9B217F6F000E9C21806F816B87
:107EB000826B010E836F846BBDEC48F07DC099F03E
:107EC0007EC09AF005D899C08BF09AC08CF0120051
:107ED000000E9ABFFF0E9B6F9C6F12005A508B5D75
:107EE0008F6F5B508C59906F5C508D59916F5D50C6
:107EF0008E59926F48D80A0EBAEC40F0BDEC48F0AB
:107F00004BD88FC071F090C072F091C073F092C0E6
:107F100074F0FCC175F0FDC176F047D880EC78F0C4
:107F200071C08FF072C090F073C091F074C092F085
:107F300092BF0CD028D830C181F031C182F032C15B
:107F400083F033C184F0BDEC48F00BD01CD82CC1B9
:107F500081F02DC182F02EC183F02FC184F0BDECE1
:107F600048F01AD810D8E80E816F030E24D8BDEC63
:107F700048F012D88F51BC088B6F9051D8A0E82AD6
:107F800002088C6F12008FC07DF090C07EF091C00F
:107F90007FF092C080F012007DC08FF07EC090F024
:107FA0007FC091F080C092F01200000E76BFFF0EED
:107FB000776F786F1200826F836B846B1200EAC157
:107FC000DAF1EBC1DBF1ECC1DCF1EDC1DDF1DE6B2F
:107FD000EF0EDF6F010EE06FEE0EE16F010EE26F4C
:107FE0003BEC36F0000901E0120001014CD8DFB291
:107FF0001200EE5111E0EFC1F0F0F0C1F1F0EAC172
:10800000F2F0EBC1F3F0ECC1F4F0EDC1F5F0CFEC20
:1080100073F0000901E012000101EE5111E0EFC11F
:10802000F0F0F0C1F1F0EAC1F2F0EBC1F3F0ECC115
:10803000F4F0EDC1F5F0E4EC31F0000901E01200DC
:108040000101EE5103E11FD8DFA4120023D8DFB4F1
:1080500003D020D8DFA612001DD8DFB403D0EC690E
:10806000ED6903D0ED6B010EEC6FECC1F0F0EDC1EA
:10807000F1F0EAC1F2F0EBC1F3F0ECC1F4F0EDC1C4
:10808000F5F069EF34F020EE02F0EF51D926F0510F
:10809000DA221200EFC1D9FFF0C1DAFF12008D29F8
:1080A0006D6F000E8E216E6F6C6B200E6B6F74EC1B
:1080B0007EF06BC08FF06CC090F0000E90BFFF0E92
:1080C000916F926F8BC071F08CC072F044D80A0E21
:1080D00093EC20F080EC78F08F51715D976F9051A8
:1080E0007259986F91517359996F925174599A6F4F
:1080F00097C071F098C072F099C073F09AC074F094
:10810000050E93EC20F080EC78F02BD8090E32D8D5
:10811000BDEC48F07DC093F07EC094F07FC095F038
:1081200080C096F0050E93257D6F000E94217E6F22
:10813000000E95217F6F000E9621806F0A0E1AD8CF
:10814000BDEC48F07DC08BF07EC08CF07FC08DF020
:1081500080C08EF01200000E72BFFF0E736F746F3E
:10816000120071C07DF072C07EF073C07FF074C0E9
:1081700080F01200816F826B836B846B12000001B0
:1081800020EE1FF066D8DECFACF0DDCFADF020EEF4
:1081900036F0A551D926A6519CEC33F068EC42F09C
:1081A000E750AE6FAF6B4CD868EC42F0E650E6108B
:1081B000E61027E0A7C097F0A8C098F020EE13F0D3
:1081C00048D8DECF99F0DDCF9AF0ACC09BF0ADC0BF
:1081D0009CF0AEC09DF0AFC09EF032D868EC42F08B
:1081E00001D80AD00500FA6EE650FD6EE650FE6E2C
:1081F000E650FF6EFA50120097C0A5F098C0A6F0A6
:10820000120020EE13F025D8DECFA9F0DDCFAAF0C2
:10821000A951A75D716FAA51A859726FAE51AC5D9B
:108220006D6FAF51AD59E0EC51F074EC7EF0DBECCA
:1082300051F0F3EC62F071C0A5F072C0A6F012002C
:1082400020EE33F0A551D926A651DA2210EE0CF01B
:108250001200A551D926A651DA221200030E000100
:108260009D6F0101BBB305D0A7C199F000019A6BC6
:1082700004D000019A6B010E996F995130EC8AF08D
:108280009E6F9D0E51D89DEC55F0040E9D6FF6EC3F
:1082900057F06CC09EF06DC09FF09D0E45D89DECD0
:1082A00055F0050E9D6F40EC58F06CC09EF06DC00F
:1082B0009FF09D0E39D89DEC55F09B6B9B5159EC6E
:1082C00070F09B2B020E9B65F9D7070E9D6F32EC69
:1082D00069F06CC09EF06DC09FF09D0E25D89DEC9E
:1082E00055F09C6B9C5198EC71F09C2B020E9C6598
:1082F000F9D70A0E9D6F1BEC64F000019E6F9D0E76
:1083000013D89DEC55F00B0E9D6FB4C1D9FFB5C1CC
:10831000DAFFDF509E6F9D0E07D89DEC55F0886BFD
:10832000896B020E67EF82F07E6F37C07FF038C036
:1083300080F039C081F012000001C66FC0C065F046
:10834000C1C066F0C2C067F0C3C068F08FEC90F0A7
:10835000C6C0A7F1A8C1C7F0A9C1C8F00001C751A4
:10836000C8111BE03CD84FD818E0C0C077F0C1C09E
:1083700078F0C2C079F0C3C07AF031D801D80DD0FE
:108380000500FA6E0900F550FD6E0900F550FE6E0D
:108390000900F550FF6EFA5012000001C65193EC2F
:1083A0005FF065C0C9F066C0CAF0C9C0A8F1CAC014
:1083B000A9F1C9C0AAF1CAC0ABF11ED824D8D8B45B
:1083C00012001AD80500FA6E0900F550FD6E09007A
:1083D000F550FE6E0900F550FF6EFA501200030EC4
:1083E000C725C46F000EC821C56FC4C0F6FFC5C045
:1083F000F7FF000EF86E1200C9C0F6FFCAC0F7FF03
:10840000000EF86E12000900F5500900F510090081
:10841000F510120066517DEC52F05AD8E750676FA4
:1084200067056D6F070E6D6501D0010C6D51050D6F
:10843000F3CF67F0F4CF68F0665178EC52F0DECFFE
:1084400069F0DDCF6AF0675169256B6F68516A2169
:108450006C6F020E6B256E6F000E6C216F6F6EC01D
:10846000D9FF6FC0DAFF6DC0DFFF665182EC52F0BA
:108470002FD820EE01F031D810EE07F029D820EEE9
:1084800002F02BD810EE08F023D820EE03F025D808
:1084900010EE09F01DD820EE04F01FD8040ED926E6
:1084A00010EE2AF015D8E72A20EE02F06E51D926F8
:1084B0006F51DA22DFA0000C665178EC52F010EE1A
:1084C0002BF006D8010EE76E020E48EC92F0000C7D
:1084D000DE50E126DD50E22212006E51D9266F51A6
:1084E000DA22E7CFDFFF6651D96EDA6A120014ECA8
:1084F0008EF00001796FB5EC92F000017A6F82EC9A
:1085000092F000017B6F7C6B0101B3A306D0E8EC15
:1085100077F0000902E0010E7C6F00EC77F09EEC32
:1085200069F07D6B7E6B44D0D8907D35D96E7E35F9
:108530009DEC5BF0DECF7FF0DDCF80F07FC065F09B
:1085400080C066F054EC7EF07FC065F080C066F0BD
:108550007AC067F079C068F06AEC63F07B5106E09E
:108560007FC068F080C069F05DEC84F07C5106E06B
:108570007FC068F080C069F075EC84F07FC068F05F
:1085800080C069F07DC06AF07EC06BF0A1EC35F070
:108590007FC068F080C069F0470E7D25D96E020E5D
:1085A0007E21DA6EDF506A6FA9EC7CF07D4B7E2B6A
:1085B0000101AE5100017D5D7E51800A786FE6ECCD
:1085C00075F07859B1E31200716B010E706F830E74
:1085D000726F01D80AD00500FA6E7951FD6E7A519A
:1085E000FE6E7B51FF6EFA501200000903E0796BBA
:1085F0007A6B120083C0D9FF84C0DAFFDF50030119
:10860000826F82513EEC31F065C080F066C081F02F
:1086100067C082F0805181118211E9E083C065F06A
:1086200084C066F0FF0E7C25676FFF0E7D21686FAA
:10863000030182518AEC3EF065C07EF066C07FF097
:108640007EC070F07FC071F0830E726F01D80AD0C7
:108650000500FA6E7951FD6E7A51FE6E7B51FF6E08
:10866000FA5012000009C3E183C070F084C071F0B9
:10867000830E726F030E736F01D80AD00500FA6E75
:108680008051FD6E8151FE6E8251FF6EFA501200D4
:10869000820E0001796F030E7A6F120063D85AECD4
:1086A00088F0DE1001E1010C5DD8DA22DECF90F017
:1086B000DECF91F0DECF92F0DECF93F024C194F0C4
:1086C00025C195F026C196F027C197F0D890973331
:1086D0009633953394339051945D986F9151955999
:1086E000996F925196599A6F935197599B6F8C51EC
:1086F00098257D6F8D5199217E6F8E519A217F6FC4
:108700008F519B2125D8B7EC62F07DC09CF07EC0D4
:108710009DF07FC09EF080C09FF020EE2DF08A512A
:10872000D9268B51DA22DECF90F0DDCF91F0905137
:10873000926F9151936F946B956B92519C5D935195
:108740009D5994519E5995519F59D8B0010C000CD8
:10875000806F24C181F025C182F026C183F027C13A
:1087600084F0120020EE41F08A51D9268B5112007C
:10877000FACF29F0FBCF2AF0D9CF2BF0DACF2CF0AB
:10878000F3CF2DF0F4CF2EF0F6CF2FF0F7CF30F05F
:10879000F8CF31F0F5CF32F0A0B6A1A60DD001D8B8
:1087A0000BD00500FA6E01016151FD6E6251FE6E43
:1087B0006351FF6EFA5012009DB69EA60DD001D8EF
:1087C0000BD00500FA6E01015E51FD6E5F51FE6E29
:1087D0006051FF6EFA501200F2BAF2A402D08CEC93
:1087E0008BF0A0B2A1A202D030EC85F0B9B4BAA44B
:1087F00002D07BEC8BF0B9B8BAA802D06AEC8BF04F
:108800009DBA9EAA02D041EC5AF0A3BAA4AA02D003
:10881000D4EC58F032C0F5FF31C0F8FF30C0F7FF9C
:108820002FC0F6FF2EC0F4FF2DC0F3FF2CC0DAFFDF
:108830002BC0D9FF2AC0FBFF29C0FAFF019211000B
:1088400079C084F07AC085F085BF04D0855106E1F7
:10885000840504E275C084F076C085F07351755DBF
:108860007D6F745176597E6F7B517D277C517E23BD
:108870007D29826F000E7E21836F8451775D785150
:10888000800A7D6F8551800A7D5904E284C077F0AB
:1088900085C078F07751825D8351800A7D6F785171
:1088A000800A7D5904E282C077F083C078F0D890C6
:1088B0007535D96E7635DA6E7151D9267251DA2254
:1088C00077C0DEFF78C0DDFF71C065F072C066F072
:1088D00073C067F074C068F075C069F076C06AF064
:1088E000B0EC67F07F6F71C065F072C066F075C064
:1088F00067F076C068F0A9EC6AF0806F010E816FB6
:108900007F5103E1805101E1816B81511200CFEC75
:1089100091F065C0DBF066C0DCF0DBC0D9FFDCC0E5
:10892000DAFF97EC4BF045EC84F0DBC065F0DCC07F
:1089300066F078EC8AF0000906E0DBC0D2F0DCC01B
:10894000D3F0A5EC8CF0706B40D8D0EC90F0DBEC61
:1089500092F00001DA6FDA51C46FC56BC4BFC5076E
:10896000C66B33D8C76F010EC86F91EC8EF0010E45
:10897000706F2BD8C8EC90F028D86D6F010E6E6F19
:10898000070E59EC90F0DBC065F0DCC066F0C5EC7A
:108990007AF065C0D8F066C0D9F0D8C07AF0D9C0F6
:1089A0007BF031EC52F0F1EC8EF0F9EC76F0020E47
:1089B00033EC5DF0F1EC8EF0010E706FD0EC90F0C6
:1089C000010E706F020ED0EF90F020EE21F0DB511F
:1089D000D926DC51DA22DF5012006A6F00016C6B7D
:1089E00001D06C2B51D86C5158D8DF5003E0030EE6
:1089F0006C65F7D76C51D8B41200040E6C1901E104
:108A00001200010E6B6F22D03FD86C516527000E0B
:108A100066236B51655DD96E6651D8A06605DA6E26
:108A2000280E676F030E686F040E6727000E682319
:108A30006A516727000E68236B51675DE16E6851CC
:108A4000D8A06805E26EDFCFE7FF6B2B6B516C5D42
:108A5000DBE26B6B05D018D86B511FD8DF6A6B2B2C
:108A6000040E656F666B6C51655F000E665B6B5143
:108A7000676F686B6551675D6851800A696F665101
:108A8000800A6959E8E31200280E656F030E666FCD
:108A90006A516527000E6623000C6525D96E000E0D
:108AA0006621DA6E1200EAC1DAF1EBC1DBF1ECC14A
:108AB000DCF1EDC1DDF1010EDE6FF10EDF6F010EB5
:108AC000E06FF00EE16F010EE26F3BEC36F0000953
:108AD00001E0120001013FD8DFB21200F05111E0B5
:108AE000F1C1F0F0F2C1F1F0EAC1F2F0EBC1F3F044
:108AF000ECC1F4F0EDC1F5F08BEC76F0000901E08B
:108B0000120030D8DFB403D02DD8DFA61200010147
:108B1000F05103E120D8DFA412001DD8010EDFA61A
:108B2000000EED6F1FD8DFB403D0EE69EF6903D0FC
:108B3000EF6B010EEE6FEEC1F0F0EFC1F1F0EDC1A1
:108B4000F2F0EAC1F3F0EBC1F4F0ECC1F5F0EDC1E5
:108B5000F6F088EF2EF020EE02F0F151D926F25116
:108B6000DA221200F1C1D9FFF2C1DAFF12000001CE
:108B7000A56B21EC8FF065C0A6F066C0A7F041D0D0
:108B8000A6C095F0A7C096F09FC097F0A0C098F03F
:108B9000A1C099F0A2C09AF0F5EC4BF00ED0A6C09F
:108BA00095F0A7C096F09FC097F0A0C098F0A1C024
:108BB00099F0A2C09AF0D5EC49F00001A56F2FD032
:108BC000A6C097F0A7C098F09FC099F0A0C09AF0F7
:108BD000A1C09BF0A2C09CF012EC6BF00001A56F4D
:108BE000A55105E00101CF6B010ECE6F01D01FD85A
:108BF000000120EE38F0A651D926A751DA22DF9CD9
:108C00000ED0BF510001A36FA46BA45108E1A35182
:108C100006E0010AD5E0030AB3E0010AC0E0A6C0FD
:108C200097F0A7C098F0A5C099F037EF8BF001013D
:108C3000CE6BCF6B120020EE3AF056D8DE0416E170
:108C400020EE25F051D810EE0DF04AD843D851D877
:108C500001E31BD020EE22F047D8DF5001E1010CE8
:108C600020EE0DF041D810EE23F01FD020EE3AF0A8
:108C70003BD8020EDE1827E120EE0DF035D810EEBD
:108C800025F02ED827D835D805E320EE3BF02CD898
:108C9000DF9419D020EE22F027D8DF5001E1010C3B
:108CA00020EE23F021D810EE0DF01AD813D821D8D9
:108CB00005E220EE3BF018D8DFA405D020EE3BF013
:108CC00013D8DF84010C67C065F068C066F02CEC37
:108CD00084F0000CE222DE50E65CE650800A1200CE
:108CE0006751E126685112006751D9266851DA228E
:108CF00012006D6FDE50800A6D591200000E34ECC8
:108D00007EF085EC8EF0000902E08DEF68F082ECD9
:108D100092F0000904E0FCEC5CF08DEF68F00001DB
:108D2000E66BE76B40D0D890E635D96EE7359DEC21
:108D30005BF0DECFE8F0DDCFE9F0000120EE33F0AC
:108D4000E851D926E951DA22DECFE4F0DDCFE5F0B3
:108D5000E4C0D9FFE5C0DAFFDF50FDEC6FF0E8C0FA
:108D600065F0E9C066F078EC8AF0000916E0E8C02A
:108D700067F0E9C068F05AEC8CF0000907E0E8C041
:108D80007FF0E9C080F089EC5AF00AD0E8C0D2F058
:108D9000E9C0D3F0A5EC8CF003D00101BD51EFE1A7
:108DA0000001E64BE72B0101AE510001E65DE75102
:108DB000800AE46FE6EC75F0E459B5E38DEF68F0F6
:108DC000DBC6E1F1DCC6E2F1010120EE11F053D87F
:108DD000DECFD8F1DDCFD9F1030ED803F3CFDAF12E
:108DE000F4CFDBF1D903F350DB2720EE0FF043D8AB
:108DF000DECFDCF1DDCFDDF1DA51DC25D96EDB51E0
:108E0000DD21DA6EDECFDEF1DECFDFF1DDCFE0F1A6
:108E1000DDC6F5F0DEC6F6F0DFC6F7F0E0C6F8F026
:108E200001D80AD00500FA6EDE51FD6EDF51FE6EEC
:108E3000E051FF6EFA50120000091CE0010120EE23
:108E40000DF019D810EE11F0E151E126E251E222C5
:108E5000E62A000EE522DE50E65CE650800ADC6F72
:108E6000DE50800ADC5906E320EE11F004D8DE6AF9
:108E7000DD6A010C000CE151D926E251DA22120020
:108E800058D8DE50DE1001E1000C20EE3DF08A5192
:108E9000D9268B51DA22DECF90F0DECF91F0DECFF3
:108EA00092F0DECF93F024C194F025C195F026C155
:108EB00096F027C197F0D890973396339533943333
:108EC0009051945D986F91519559996F925196591F
:108ED0009A6F935197599B6F8C5198257D6F8D5147
:108EE00099217E6F8E519A217F6F8F519B21A8EC23
:108EF00043F0B7EC62F07DC09CF07EC09DF07FC077
:108F00009EF080C09FF015D8DECF90F0DDCF91F0BD
:108F10009051926F9151936F946B956B92519C5DB0
:108F200093519D5994519E5995519F59D8B0010C18
:108F3000000C20EE2BF08A51D9268B51DA22120038
:108F400050D815EC79F068C09CF069C09DF0000124
:108F50009C519D1104E145D8886F020E30D09829AC
:108F60007F6F000E9921806F20EE1FF09C51D92653
:108F70009D51DA22DECF81F0DDCF82F0FEEC4EF0A3
:108F80007FC09AF080C09BF09AC065F09BC066F0ED
:108F90009CC067F09DC068F06C6B89EC2AF009E317
:108FA00001D007D098EC2AF004E301D002D0010EE2
:108FB0006C6F6C51000905E114D8886F030E896F3E
:108FC0000DD020EE25F09C5112D820EE23F09C51BC
:108FD0000ED8ADEC8BF005D8C1EC2AF0460E67EF49
:108FE00082F098C0D9FF99C0DAFFDF501200D9266D
:108FF0009D51DA229AC0DEFF9BC0DDFF1200B9C08E
:1090000065F0B8517AEC8FF0C06FBD6BB6AF06D08B
:10901000010EBD6FB56DB61FD8B0B62BB5C0ABF0A5
:10902000B6C0ACF0A30EAD6F020EAE6F2FEC63F0C6
:109030000001B7510308BF6FC36BBF51C35D010E81
:10904000D8A0000EBC6FBCC065F0A30EC325D96EBE
:10905000DA6A020EDA22DF501EEC59F0BE6FB75109
:1090600004E0BF51C31901E1BE8FC051C3251DD813
:10907000BEC0DFFFC32B030EC365DFD7BD51D8B41D
:109080001200C26B030EC16FC051C1250ED8DF5054
:1090900006E1C051C12509D8400EDF6E400CC10762
:1090A000D8A0C207C2BF1200EFD7BA6FBB6B280EA1
:1090B000BA25D96E030EBB21DA6E12000001686F6B
:1090C0009C0E0901816F240E826F68C0A1F9FD0E0C
:1090D000AF6F020EB06FB26B010EB16FB56B720E57
:1090E000B36F040EB46F720EB66F040EB76FA06B41
:1090F000020E9F6F330E926F916F120E9C6FC30E14
:109100009D6F000E9E6F936B946B050E966F780E9D
:10911000956F976B986BA26B020EA66F440EA56FAE
:10912000020EAA6F8A0EA96F020EA86F300EA76FEB
:10913000AC6B010EAB6F020EAE6F580EAD6F3A0EF8
:10914000C66F1D0EC76F010EC86F140EC96F150EC6
:10915000CA6F010ECB6F580ECC6F250ECD6F010E6E
:10916000CE6F0101886B896B020E0901D96F800EE9
:109170000001656F090E666F1200866B84AF0AD01E
:10918000841F831F821F816D000E8223832384230B
:10919000010E866F80AF0AD0801F7F1F7E1F7D6DFE
:1091A000000E7E237F238023010E861B876B886B36
:1091B000896B8A6B815182118311841129E0010E20
:1091C000856F06D0D8908137823783378437852BD7
:1091D00084AFF8D7D8908737883789378A37815155
:1091E0007D5D82517E5983517F598451805909E3B5
:1091F00081517D5F82517E5B83517F5B8451805BB7
:109200008781D8908433833382338133852FE2D7AB
:10921000865108E08A1F891F881F876D000E8823EA
:1092200089238A2387C07DF088C07EF089C07FF0C3
:109230008AC080F0120052D8DECFE6F1DDCFE7F130
:109240004DD8010EDFA6000E0001F76F47D8010EC2
:10925000DFA4000EF71B1CE00201AC6BAD6B3ED827
:10926000DFB605D00101E96B010EE86F03D0010103
:10927000E869E969E8C1F0F0E9C1F1F0E0C1F2F0B4
:10928000E1C1F3F0E2C1F4F0E3C1F5F069EC6DF097
:109290002AD8E6C167F0E7C168F06551671906E1B1
:1092A0006651681901E002D0010E01D0000E0009DC
:1092B000D8B41200E0C1DCF1E1C1DDF1E2C1DEF1C0
:1092C000E3C1DFF122EEDCF00500FA6EDE50FD6E48
:1092D000DE50FE6EDE50FF6EFA501200E4C1D9FF80
:1092E000E5C1DAFF1200010E0001666F656B010C2B
:1092F000000120EE38F055D8DA22DFA211D084C068
:1093000065F085C066F054EC8AF0000909E16E6BE7
:1093100040D835EC91F0010E6E6F3BD835EF91F0EF
:1093200014EC8EF000018A6F8A5108E084C07FF04F
:1093300085C080F08AC081F089EF6EF084C065F04E
:1093400085C066F0C5EC7AF065C086F066C087F02F
:1093500084C065F085C066F01EEC72F065C088F0D0
:1093600066C089F086C07AF087C07BF0010E7C6F02
:1093700010D87D6F7E6BF1EC8EF088C07AF089C0DA
:109380007BF07C6B20EE21F00CD822EC3BF0F1EF6F
:109390008EF020EE21F08451D9268551DA22DF505B
:1093A00012008451D9268551120000014FD8DF9256
:1093B000080E0101C66F640EC76FFD0EC86FC96944
:1093C00095C065F096C066F0C3EC8CF0000901E131
:1093D000000C5A500001975D9B6F5B5098599C6F31
:1093E0005C5099599D6F5D509A599E6F9EAF000CCD
:1093F000310E9B5D040E9C59FE0E9D59FF0E9E5929
:10940000D8B0000C9EAF0AD0E00E9B5DC30E9C59F5
:10941000FC0E9D59FF0E9E5901E2000C17D8DF8209
:1094200097C0C6F198C0C7F199C0C8F19AC0C9F1F8
:1094300095C079F096C07AF075EC77F00ED895C0AB
:109440008BF096C08CF039EC2FF0010C20EE39F047
:109450009551D9269651DA22120079C0D4F17AC0FA
:10946000D5F1120021EC8FF065C0A9F066C0AAF01A
:10947000A9C093F0AAC094F0BFEC87F093C0ABF002
:1094800094C0ACF095C0ADF096C0AEF0ABC065F046
:10949000ACC066F0ADC067F0AEC068F00EEC7DF019
:1094A000ABC06DF0ACC06EF0ADC06FF0AEC070F090
:1094B000000E1CEC29F00001A86F0101744B752B04
:1094C0002D0E745D010E755909E3A9C097F0AAC06D
:1094D00098F0000E0001996F37EF8BF074C165F0C2
:1094E00075C166F00001686B060E676FF1EC7EF0E7
:1094F00065516611D8A41200A8510101C05D01E2B6
:10950000C02B030EC065030CABC09FF0ACC0A0F035
:10951000ADC0A1F0AEC0A2F0B7EF45F0990E0101C9
:10952000AC6F020EAD6FAF6B030EAE6F000E17EC9B
:109530005BF04AD865C0DEFF66C0DDFF45D83BD88A
:10954000DF6A010EFBEC4CF01DEC8FF02FD865C0EC
:10955000DEFF66C0DDFF20EE02F028D82CD834EC08
:1095600086F05EEC48F029EC8FF020D865C0DEFF75
:1095700066C0DDFF20EE04F019D81DD8020EDF6EA4
:1095800000016B6B6C6B3D0E6B25D96E010E6C216F
:10959000DA6EDF6A6B4B6C2B6CBFF5D76C5105E153
:1095A000030E6B5DD8B01200EED71200AC51D92675
:1095B000AD51DA221200DECF69F0DDCF6AF069C06A
:1095C000D9FF6AC0DAFF1200ACC1D9FFADC1DAFF22
:1095D000120052D0070E926F916B186B196B1A6BB9
:1095E0001B6B8C9E8C9C8C980101902B120092C15D
:1095F00002F01C0E9125D96EDA6A010EDA22DF50D4
:10960000036E022A02D0D8900332022EFCD703A0A8
:1096100002D08C8801D08C98000000008C8CE4D79C
:109620008C9C0000000083AA13D092C102F0010EAE
:10963000036E022A02D0D8900336022EFCD7180EF1
:1096400001019125D96EDA6A010EDA220350DF1288
:109650008C9C010E0101906F92510CE1070E926FEC
:10966000912B030E9165030C8C8E8C9C8C98B99871
:10967000906B1200920712009051ACE0010AB7E023
:10968000030ACEE0120021EC8FF065C0DEF066C068
:10969000DFF0DEC0D9FFDFC0DAFF49D845EC84F047
:1096A0000CEC92F065C0DCF066C0DDF03AD82BE03F
:1096B000D6C065F0D7C066F0D8C067F0D9C068F0F2
:1096C0008FEC90F020D0DEC0D4F0DFC0D5F076EF84
:1096D00086F0DEC08BF0DFC08CF0DCC08DF0DDC02A
:1096E0008EF072EF81F0DEC08BF0DFC08CF0DCC05A
:1096F0008DF0DDC08EF00FEF61F0DEC0D4F0DFC082
:10970000D5F087EF8CF00DD80001DA6FDB6BDB5101
:10971000F4E1DA51010AD7E0030ADBE0010AE3E0F1
:10972000ECD7DCC0D9FFDDC0DAFFDF501200DF501C
:1097300000016E6F6F6B1200866B876B886B896B95
:109740008A6B13D0010E866F260E896F240E0BD004
:10975000010E876F210E896F240E05D0010E886FD0
:109760001C0E896F240E8A6F13D020EE01F08151F8
:10977000D9268251DA22DF50846F856B855108E14A
:10978000845106E0010ADEE0030AE2E0010AE6E0B5
:1097900089518A11D8B4120089C07AF08AC07BF04E
:1097A0007C6B1DD817D8F1EC8EF0010E706F17D8B6
:1097B000DA22DF50D0EC90F0835104E00101BD517A
:1097C000D8A4120087C06EF088C06FF000018651E7
:1097D000B5EF85F0DA22DF507D6F7E6B120020EE50
:1097E00021F07F51D9268051120000014FD8DF9E11
:1097F000F80E010100EC7BF0020ECC6FCD6B95C032
:1098000065F096C066F0C3EC8CF0000901E1000C35
:109810005A500001975D9B6F5B5098599C6F5C504C
:1098200099599D6F5D509A599E6F9EBF000C9E5135
:1098300008E1D00E9B5DFB0E9C59010E9D59D8A0EE
:10984000000C9EBF0AD09E51E2E1210E9B5D3C0EB2
:109850009C59030E9D5901E3000C18D8DF8E97C068
:10986000CAF198C0CBF199C0CCF19AC0CDF195C0A6
:1098700079F096C07AF075EC77F02DEC4AF095C04F
:109880008BF096C08CF039EC2FF0010C20EE38F004
:109890009551D9269651DA2212000000E8EC89F0A1
:1098A0002FEC7DF0F28EF28C63EC76F0D3EC87F047
:1098B000D0B60ED03FD838D8F1EC8EF05F0E7A6F6C
:1098C000240E7B6F3CD8F1EC8EF08DEC68F0FFD766
:1098D000D0BA0ED02FD828D8F1EC8EF0DE0E7A6FE9
:1098E000230E7B6F2CD8F1EC8EF08DEC68F0FFD757
:1098F000EBEC92F0E5EC51F03EEC19F00101B251C5
:1099000066EC92F0070EB0EC90F006EC93F0090EC6
:10991000E26F3D0EE36FE46BE56B79EC1FF0D180F5
:1099200020EC91F02DEF10F07B6F010E7C6F7D6BC2
:109930007E6B010CCC0E00017A6F230E1200010E1B
:109940007C6F7D6B7E6F010C020E45180DE1EAC144
:10995000F0F0EBC1F1F0ECC1F2F0EDC1F3F0A7ECE7
:109960006CF0000901E01200EAC1DAF1EBC1DBF1B1
:10997000ECC1DCF1EDC1DDF1010E0101DE6FED0E98
:10998000DF6F010EE06FEC0EE16F010EE26F3BEC5A
:1099900036F0000901E012000101EC5119E020EE5F
:1099A00002F0ED51D926EE51DA22DFB211D0EDC12D
:1099B000F0F0EEC1F1F0EAC1F2F0EBC1F3F0ECC16E
:1099C000F4F0EDC1F5F04DEC82F0000901E0120079
:1099D0004504D8A41200EDC1D8F1EEC1D9F1ECC113
:1099E000DAF1EAC1DBF1EBC1DCF1ECC1DDF1EDC193
:1099F000DEF124EF66F0686F68C021F4F90E04010F
:109A00002F6F020E306F326B020E316F356B840E8A
:109A1000336F040E346F840E366F040E376F206B75
:109A2000010E1F6F330E126F116FA80E1C6FC00E48
:109A30001D6F000E1E6F136B146B010E166FF40E6C
:109A4000156F176B186B010E226F246B960E236F28
:109A5000266BFA0E256F010E2A6F2C0E296F286BCC
:109A6000640E276F2B6B2C6B020E2E6F580E2D6F12
:109A7000520E466F1D0E476F010E486F380E496F2C
:109A8000150E4A6F010E4B6F640E4C6F250E4D6F15
:109A9000010E4E6F010E596F000E0001656F040E2E
:109AA000666F1200EAC1DAF1EBC1DBF1ECC1DCF167
:109AB000EDC1DDF1010EDE6FF00EDF6F010EE06F24
:109AC000EF0EE16F010EE26F3BEC36F0000901E0B2
:109AD00012000101EF51D8B4120020EE02F0F05153
:109AE000D926F151DA22DFB21200F0C1F0F0F1C153
:109AF000F1F0EAC1F2F0EBC1F3F0ECC1F4F0EDC12A
:109B0000F5F094EC7EF0000901E012001CD8040E80
:109B1000DE18DE1004E10001F169F0690AD013D803
:109B2000080EDE18DE10D8A412000001F16B010E41
:109B3000F06FEAC1F2F0EBC1F3F0ECC1F4F0EDC16B
:109B4000F5F07BEF62F0F0C1D9FFF1C1DAFF12004E
:109B5000686F010E0001696F020100B34CD068C04C
:109B600001F20091008300970E0E096F010E086F3D
:109B7000F40E076F00851C0E0B6F250E0C6F010E87
:109B80000D6F1D6B1C0E0E6F250E0F6F010E106FEB
:109B90001E6B1C0E116F250E126F010E136F1F6BC3
:109BA0001C0E146F250E156F010E166F206B140E10
:109BB000176F250E186F010E196F216B62EC90F074
:109BC0009E96EA0E0001656F250E666F010E676FA7
:109BD00065C061F166C062F167C063F17C0E656FBC
:109BE000E20E666F000E676F65C05EF166C05FF1E2
:109BF00067C060F1696B0001695112000001736B6D
:109C0000746B41D0D8907335D96E74359DEC5BF090
:109C1000DECF75F0DDCF76F0000120EE3BF040D8CE
:109C2000DA22DFA00ED075C065F076C066F06EC097
:109C300067F06FC068F070C069F071C06AF0F7EC4F
:109C400085F075C06BF076C06CF020EE49F028D836
:109C5000DA2201D80AD00500FA6EDE50FD6EDE5021
:109C6000FE6EDE50FF6EFA501200000120EE41F051
:109C700017D8DDEC70F075C065F076C066F02CEC9E
:109C800084F0734B742B0101AE510001735D74516C
:109C9000800A726FE6EC75F07259B4E3C4EF7FF09E
:109CA0007551D92676511200706F0101BD5104E142
:109CB0000001705101E112000001746B756B35D029
:109CC000D8907435D96E75359DEC5BF0DECF71F0B0
:109CD000DDCF72F0000120EE4CF036D801D80AD06A
:109CE0000500FA6EDE50FD6EDE50FE6EDE50FF6E39
:109CF000FA501200736F735103E00101BD5105E189
:109D00000001735110E170510EE074C065F075C030
:109D100066F0000120EE3AF017D8DF50676F73C08D
:109D200068F052EC5FF0744B752B0101AE510001ED
:109D3000745D7551800A6F6FE6EC75F06F59C0E382
:109D400011EC80F096EF8CF07151D9267251DA2225
:109D5000120002013B513F250001D06F02013C512E
:109D600040210001D16F02013D5141210001D26F1C
:109D700002013E5142210001D36FD051CC5DD1513F
:109D8000CD59D251CE59D351CF5901E212002ED81C
:109D900001D80AD00500FA6EDE50FD6EDE50FE6E70
:109DA000DE50FF6EFA5012000DD801D824D0050005
:109DB000FA6EDE50FD6EDE50FE6EDE50FF6EFA5023
:109DC000120019D067C07AF168C07BF17AC1BEF089
:109DD0007BC1BFF078C1C0F079C1C1F0020120EEB3
:109DE00006F04C51D9264D51DA2212004CC2D9FF4F
:109DF0004DC2DAFF120001019B6B120040D84DD812
:109E0000831909E18251841906E142D8DECF7FF03F
:109E1000DDCF80F0120033D8800E83BF7F0E846FB9
:109E20008151835D8251800A845916E231D8DECF98
:109E30006BF0DDCF6CF023D8846B83BF8407835134
:109E4000815D6D6F845182596E6F74EC7EF06BC0D2
:109E50007FF06CC080F012001BD8DECF79F0DDCF30
:109E60007AF00DD81AD8835D7B6F825184597C6F4C
:109E7000F4EC7DF079C07FF07AC080F0120020EE23
:109E800002F07F51D9268051DA22DF50836F120011
:109E90007FC0D9FF80C0DAFF1200846B83BF8407C4
:109EA00081511200685105E16751D96EDA6ADF808D
:109EB0001200680505E16751D96EDA6ADF82120087
:109EC000020E681905E16751D96EDA6ADF84120063
:109ED000030E681905E16751D96EDA6ADF86120050
:109EE000040E681905E16751D96EDA6ADF8812003D
:109EF000050E681905E16751D96EDA6ADF8A12002A
:109F0000060E681905E16751D96EDA6ADF8C120016
:109F1000070E681905E16751D96EDA6ADF8E120003
:109F2000080E681909E16751D96EDA6ADF6867516E
:109F3000D96EDA6ADF9E1200090E6819D8A41200E1
:109F4000675100D0D96EDA6ADF6A120000016B51E6
:109F500008E069C065F06AC066F078EC8AF0000934
:109F600005E132D8DF9830D8DF9A120020EE29F0D0
:109F700036D810EE0DF02FD86AEC46F035D803E352
:109F8000716B712B02D00001716B1ED8713BDF50D9
:109F90007119EF0B7119DF6E20EE0DF020D810EE65
:109FA00027F019D86AEC46F01FD803E3716B712BC8
:109FB00002D00001716B08D8713B7147DF507119F5
:109FC000DF0B7119DF6E120020EE38F06951D926CF
:109FD0006A51DA2212006951E1266A511200695170
:109FE000D9266A51DA221200706FDE50800A705949
:109FF000120072C06BF073C06CF06D6B70C0D9FF53
:10A0000071C0DAFF6BC0E1FF6CC0E2FF2ED810EE2A
:10A0100001F06B5134D829D810EE02F06B512FD8D3
:10A02000DFCFE7FF6D2B6D517025696F000E712139
:10A030006A6F20EE03F02AD869C0DEFF6AC0DDFF38
:10A0400020EE02F023D8DF506D276D517025D96EB8
:10A05000000E7121DA6E10EE05F06B5110D805D8A4
:10A0600010EE06F06B510BD80ED0DFCFE7FF6D2B53
:10A070006D517025D96E000E7121DA6E1200E12645
:10A080006C51E2221200DFCFE7FF12006B51D9269C
:10A090006C51DA2212000201AB510001F86F0AD0B4
:10A0A000040EF76FB00E02D0F76B960EF66F13D05A
:10A0B000000011D0F851F46FF56BF5510CE1F4513B
:10A0C000F7E0010AF1E0030AEFE0010AE9E0070A1C
:10A0D000EBE0010AE9E00201AC510001F46F02017A
:10A0E000AD510001F56F0201AC4BAD2B0001F651F3
:10A0F000F45DF751F559D8A01200E0C1DCF1E1C1DF
:10A10000DDF1E2C1DEF1E3C1DFF1F851090DB80E76
:10A11000F324D96E020EF420DA6E01D80AD00500BD
:10A12000FA6EDE50FD6EDE50FE6EDE50FF6EFA50AF
:10A1300012000201AC6BAD6B120084C065F085C0EB
:10A1400066F0C5EC7AF065C086F066C087F014EC66
:10A150008EF00001886F885108E084C07FF085C0D0
:10A1600080F088C081F089EF6EF020EE3BF033D8AC
:10A17000DA22DFAE0DD084C0D9FF85C0DAFFDF5010
:10A1800007E119D8F1EC8EF0BA0E7A6F230E0CD0DD
:10A1900020EE3CF020D8DA22DFA012000CD8F1EC3F
:10A1A0008EF0960E7A6F240E7DEC5DF014D822ECC2
:10A1B0003BF0F1EF8EF086C07AF087C07BF0010EA5
:10A1C0007C6F20EE21F08451D9268551DA22DF50B0
:10A1D0007D6F7E6B12008451D926855112009151FA
:10A1E0008F5D976F92519059986F98BF41D0985159
:10A1F00002E197053DE341D897256D6FFF0E982149
:10A200006E6F74EC7EF06BC099F06CC09AF0746B5A
:10A21000020E736F99C071F09AC072F0F3EC62F0A5
:10A2200071C093F072C094F0000E94BFFF0E956F52
:10A23000966F8B5193257D6F8C5194217E6F8D513C
:10A2400095217F6F8E519621806F99C081F09AC0C1
:10A2500082F0000E82BFFF0E836F846FBDEC48F06A
:10A260007DC08BF07EC08CF07FC08DF080C08EF002
:10A270008BC08BF08CC08CF012006C6B0A0E6B6F75
:10A28000FF0C000120EE1CF0AE51D926AF515AEC64
:10A2900088F013E0AEC0A6F0AFC0A7F020EE1CF02F
:10A2A0003DD801D82FD00500FA6EDE50FD6EDE508D
:10A2B000FE6EDE50FF6EFA50120020EE05F02ED832
:10A2C000DECFB0F0DDCFB1F0B0C0B2F0B1C0B3F0CE
:10A2D000000EB3BFFF0EB46FB56F20EE07F01ED8AF
:10A2E000B2C0DEFFB3C0DEFFB4C0DEFFB5C0DEFF2C
:10A2F00020EE05F013D810EE0BF0AE51E126AF5171
:10A3000043EC1FF0AEC065F0AFC066F068EC69F0DA
:10A31000AEC0A3F0AFC0A4F02BEF33F0AE51D926FE
:10A32000AF51DA22120097C08BF098C08CF03ED863
:10A3300036EC56F08BC09FF08CC0A0F08DC0A1F021
:10A340008EC0A2F099C08BF09AC08CF02FD836EC5A
:10A3500056F08B519F5DA36F8C51A059A46F9D51F6
:10A360009B5D9F6F9E519C59A06FFF0E9F256D6F47
:10A37000FF0EA0216E6F6C6B050E6B6F74EC7EF0A0
:10A38000A3516B25716FA4516C21726F9D519B5D20
:10A390006D6F9E519C5914D874EC7EF00CD8F3EC80
:10A3A00062F071C097F072C098F012009BC08DF0FF
:10A3B0009CC08EF012006BC073F06CC074F0120081
:10A3C0006E6F6C6B010E6B6F010CB2EC89F03ED8B6
:10A3D000DFA01200E3EC92F0610E00017A6F240E10
:10A3E0007B6F9FEC4CF0F1EC8EF0650E7A6F240ED3
:10A3F0007B6F37D8F1EC8EF08DEC68F067EC27F0CE
:10A40000B2EC89F023D8DFB0FBD7050E0001936FC3
:10A410000F0E926FF10EE82EFED7922FFCD7932FDE
:10A42000FAD7E3EC92F08DEC68F00B0E0001936F1D
:10A43000260E926F5D0EE82EFED7922FFCD7932F3B
:10A44000FAD700D0C7EC8FF0D6EF23F070C094F0AD
:10A4500071C095F020EE01F09451D9269551DA2281
:10A460001200010E7C6F7D6F7E6F010C665145D826
:10A4700068EC42F0E750676F67056F6F070E6F6516
:10A4800001D0010C6F51050DF3CF67F0F4CF68F0E8
:10A4900066512ED8DECF69F0DDCF6AF067516925AD
:10A4A0006B6F68516A216C6F020E6B256D6F000E29
:10A4B0006C216E6F20EE02F06D51D9266E51DA22BA
:10A4C000DFA0000C66511ED868EC42F0E7500FE0A8
:10A4D00066510ED810EE32F068EC42F0E7A004D0DE
:10A4E000050E48EC92F0000C000E48EC92F0000CC7
:10A4F000D96EDA6A040ED926040CD96EDA6A10EE27
:10A5000005F01200D96EDA6A10EE06F01200DE0EC7
:10A510000001736F010E746FA1EC6FF073C0DFF177
:10A5200074C0E0F1010120EE01F03DD8DFB00AD0A7
:10A53000EAC1F0F0EBC1F1F0ECC1F2F0EDC1F3F0E3
:10A540009FEF85F02BD8010EDFA6000E0001F76FFC
:10A5500025D8010EDFA4000EF71BD8B412000101AC
:10A56000DE5105E120EE02F01ED8DFA4120016D85D
:10A57000DFB604D0DD6B010EDC6F02D0DC69DD6973
:10A58000DCC1F0F0DDC1F1F0EAC1F2F0EBC1F3F0B3
:10A59000ECC1F4F0EDC1F5F011EF71F0DFC1D9FFBE
:10A5A000E0C1DAFF1200DF51D926E051DA221200B1
:10A5B000000120EE0CF048D8DF5008E073C065F0D1
:10A5C00074C066F0D4EC5FF0000936E073C0D9FFC8
:10A5D00074C0DAFFDECF75F0DECF76F0DECF77F035
:10A5E000DECF78F00101285100017525796F010156
:10A5F0002951000176217A6F01012A51000177214A
:10A600007B6F01012B51000178217C6F20EE07F058
:10A610001BD879C0DEFF7AC0DEFF7BC0DEFF7CC0C6
:10A62000DEFF20EE0BF010D8010EDF6E20EE0CF0F6
:10A630000BD8010EDF6E010C000120EE0BF004D8E8
:10A64000DF5001E0010C000C7351D9267451DA225D
:10A650001200886F0001885115EC79F068C089F00C
:10A6600069C08AF0000189518A11D8B412008E0E97
:10A670008B6F8C6B110E8D6F8BC0D9FF8CC0DAFF86
:10A6800088C0DFFF030E881920EE07F0D8A420EE63
:10A690000FF026D810EE01F028D843EC1FF020EE82
:10A6A0001FF01ED810EE03F020D8E222DFCFE7FF24
:10A6B00020EE04F08B51D9268C51DA2210EE38F0BE
:10A6C0008951E1268A51E222E6CF65F0E5CF66F0B6
:10A6D00074EC90F0DF6E8D0E94EC41F09DEF55F030
:10A6E0008951D9268A51DA2212008B51E1268C51E8
:10A6F0001200E0EC90F0000901E0000C8AC092F03A
:10A700008BC093F08CC094F08DC095F00001D89070
:10A710009533943393339233020143510001925D98
:10A72000966F0201445100019359976F0201455100
:10A7300000019459986F0201465100019559996F93
:10A740008E5196257D6F8F5197217E6F9051982164
:10A750007F6F91519921806F8AC081F08BC082F008
:10A760008CC083F08DC084F0B7EC62F07DC09AF0AD
:10A770007EC09BF07FC09CF080C09DF09D519C11DD
:10A7800006E1840E9A5D030E9B59D8A0000C010CC3
:10A7900044D820EE57F036D845D8B8EC5CF0A6C0C7
:10A7A000B5F0A7C0B6F039D820EE0DF02BD83AD8C6
:10A7B000B8EC5CF0A6C0B7F0A7C0B8F020EE3AF055
:10A7C00021D8DE040CE1020EB525B26F000EB621D1
:10A7D000B36FB251B75DB8511AD801E3010C20EE46
:10A7E0003AF010D8020EDE180CE1020EB725B26F57
:10A7F000000EB821B36FB251B55DB65108D801E370
:10A80000010C000CB051D926B151DA221200800A95
:10A81000B46FB351800AB4591200B0C0A6F0B1C0F1
:10A82000A7F01200DECFA8F0DDCFA9F0120071C0B2
:10A8300065F070517AEC8FF0786F756B766B796B91
:10A8400075516D25726F76516E21736F72C0F6FF70
:10A8500073C0F7FF000EF86E0F0EF76403D0080008
:10A86000F55001D02DD80001776F2E0E771907E132
:10A87000795105E0790719D8000EDB8E08D0656B99
:10A8800077511EEC59F0746F10D874C0DFFF775108
:10A8900002E0754B762B792B030E7965D1D76F05C6
:10A8A000D8A412007851EDEF44F078517925726FF9
:10A8B000736B280E7225D96E030E7321DA6E1200A7
:10A8C000F6CFE9FFF7CFEAFFEF50120020EE1BF0C2
:10A8D00047D8DF503FE020EE19F042D8DECF7BF0C2
:10A8E000DDCF7CF0320E7B25716F000E7C2197EC62
:10A8F00077F0F3EC62F071C083F072C084F0DF0E89
:10A900007B6F7C697B518303F3CF7DF0F4CF7EF0C6
:10A910008403F3507E277C518303F3507E27210E5E
:10A920000101D403F3CF7FF0F4CF80F0D503F350CF
:10A93000000180277D517F25816F7E518021826FAC
:10A94000100E81250101FC6F270E000182210101FB
:10A95000FD6F1200270E0101FD6F100EFC6F100C31
:10A960007951D9267A51DA221200800E935D01E3E3
:10A970001200960E9F6F91C0A0F0935103E1020E5A
:10A98000925D09E3FF0E9225A96FFF0E9321AA6F36
:10A99000A26BA36B06D0AA6B010EA96FA36B010E6D
:10A9A000A26FA00E8B6F94C08CF095C08DF09F0E9F
:10A9B0008E6F34EC78F08BC09DF08CC09EF000015F
:10A9C00092519311D8A49EBF1200FF0E9225986F4A
:10A9D000FF0E9321996F98519D5D9E51800A9A6F49
:10A9E0009951800A9A5907E3FF0E92259B6FFF0E3B
:10A9F00093219C6F04D09DC09BF09EC09CF0915110
:10AA00009B25A2EF4FF0EAC1DAF1EBC1DBF1ECC11B
:10AA1000DCF1EDC1DDF1010EDE6FED0EDF6F010E39
:10AA2000E06FEC0EE16F010EE26F3BEC36F00009D7
:10AA300001E012000101EC51D8B4120020EE02F046
:10AA4000ED51D926EE51DA22DFB21200EDC1F0F05D
:10AA5000EEC1F1F0EAC1F2F0EBC1F3F0ECC1F4F0B9
:10AA6000EDC1F5F0A6EC78F0000901E0120013D872
:10AA7000DFB403D010D8DFA61200EAC1F0F0EBC1BA
:10AA8000F1F0ECC1F2F0EDC1F3F005D8010EDFA456
:10AA9000000E93EF60F0EDC1D9FFEEC1DAFF1200B6
:10AAA00001A202D02FEF5CF0C5BC01D004D00001A0
:10AAB000656B652B02D00001656B653101E227D023
:10AAC00020C26EF022EE14F001D80AD00500FA6E12
:10AAD000DE50FD6EDE50FE6EDE50FF6EFA5012004C
:10AAE00000016F6F706B705102E0ACEF91F06F512D
:10AAF000010A02E1ACEF91F0030A02E1C1EF91F02B
:10AB0000010A02E1BAEF91F0070AACEF91F00201FD
:10AB1000009722EE02F0DF50DF2AD96EDA6ADF50AA
:10AB20000001656F65C0C9FF02010307D8A00407D3
:10AB30000351041101E1060C030C866B876B45D8A9
:10AB40000701806F0001864B872B3FD8A6EC25F0CC
:10AB500065C083F066C084F067C085F083518411BE
:10AB6000851101E112007E29706F800E8625716FBC
:10AB7000070E8721726F01D80AD00500FA6E835143
:10AB8000FD6E8451FE6E8551FF6EFA501200000179
:10AB90007051862771518723800E7A6F070E7B6F65
:10ABA00086C07CF087C07DF001D80AD00500FA6E1F
:10ABB0007F51FD6E8051FE6E8151FF6EFA50120082
:10ABC0000001826F82513BEF8EF07E51D96EDA6ABE
:10ABD000DF501200020E15EC79F068C088F069C0F1
:10ABE00089F0000188518911D8B41200190E8D6FB7
:10ABF0008E0E8B6F8C6B8A6B8BC0D9FF8CC0DAFF8B
:10AC00008AC0DFFF20EE01F02CD8DE6ADD6A20EE7C
:10AC100003F027D8DF6A20EE04F023D8DE6ADD6A6D
:10AC200020EE06F01ED8DF6A20EE07F01AD8DE6AA2
:10AC3000DD6A20EE1FF08851D9268951DA2210EE04
:10AC400009F08B51E1268C51E222DFCFE7FF8D0E18
:10AC500094EC41F09DEC55F08A2B020E8A65CCD71E
:10AC6000020C8B51D9268C51DA2212006C6B200E0B
:10AC70006B6F8D296D6F000E8E216E6F74EC7EF000
:10AC80006BC08FF06CC090F0000E90BFFF0E916F04
:10AC9000926F8BC071F08CC072F0ABEC40F05A0E2A
:10ACA00093EC20F080EC78F0B1EC40F0050EBAECBB
:10ACB00040F0BDEC48F08F517D25936F90517E217F
:10ACC000946F91517F21956F92518021966F050E5F
:10ACD00093257D6F000E94217E6F000E95217F6F6E
:10ACE000000E9621806F0A0EBAEC40F0BDEC48F0E1
:10ACF0007DC08BF07EC08CF07FC08DF080C08EF068
:10AD00001200673568356E6F6E5105E1656B666BD5
:10AD1000676B686B120065C069F066C06AF067C057
:10AD20006BF068C06CF0696B6C3769376C6B6B6B80
:10AD30006A6B69516D6F678F686B960E6E5F6EAF51
:10AD40000CD06E51800A970FE1E3D89068336733D7
:10AD5000663365336E3FF9D70CD01F0E6E6507D092
:10AD6000D5D7D89065376637673768376E076E5125
:10AD7000F8E16D5108E0681F671F661F656D000EE2
:10AD800066236723682365C065F066C066F067C008
:10AD900067F068C068F01200CFEC91F065C070F009
:10ADA00066C071F021EC8FF065C072F066C073F080
:10ADB00070C06BF071C06CF000016E6B020E6D6FB5
:10ADC00059EC8BF072C06BF073C06CF06E6B6D6BF6
:10ADD00059EC8BF0766B776B1ED0D8907635D96EA8
:10ADE00077359DEC5BF0DECF74F0DDCF75F00001C0
:10ADF00020EE51F07451D9267551DA22DF6A74C001
:10AE000065F075C066F076C067F077C068F09BECBF
:10AE100082F0764B772B0101AE510001765D7751C0
:10AE2000800A6F6FE6EC75F06F59D7E312001D349E
:10AE30001E34246E245005E11B6A1C6A1D6A1E6ABA
:10AE400012001BC01FF01CC020F01DC021F01EC04E
:10AE500022F01F6A22361F36226A216A206A1F509A
:10AE6000236E1D8E1E6A960E245E24AE0CD02450D6
:10AE7000800A970FE1E3D8901E321D321C321B323C
:10AE8000243EF9D70CD01F0E246407D0D5D7D89014
:10AE90001B361C361D361E3624062450F8E123507E
:10AEA00008E01E1E1D1E1C1E1B6C000E1C221D22F7
:10AEB0001E221BC01BF01CC01CF01DC01DF01EC0BC
:10AEC0001EF01200AB6BAC6B42D8FB0EDF600FD0F4
:10AED0003ED8DF50A96FAA6BA851D96EDA6AA9C013
:10AEE000DEFFAAC0DDFFAC6B010EAB6F2BD02FD8FD
:10AEF000FB0EDE1827E1AC6B030EAB6FA75114E11C
:10AF0000030EA65D11E2ED0E9C6F220E9D6F310EB9
:10AF10009E6F230E9F6FA16B310EA06FA40EA26FC8
:10AF2000230EA36F8DEC84F0010E0001A425D96ED1
:10AF3000000EA521DA6EA851E16EE26ADECFE6FFCF
:10AF4000DDCFE5FFABC0A4F0ACC0A5F01200A4C0FB
:10AF5000D9FFA5C0DAFF1200B30E676F010E686F4C
:10AF60003B0E65256B6F000E66216C6F696B6A6B1B
:10AF700031D8DFA002D0698102D00001699131D8B7
:10AF8000DFAE02D0698302D0000169932AD8DFAA1C
:10AF900002D0698502D00001699523D8DFAC02D0C8
:10AFA000698702D00001699767C0D9FF68C0DAFFDE
:10AFB000DFA802D0698902D0000169990BD8DFA20D
:10AFC00002D0698B02D00001699B69C065F06AC03C
:10AFD00066F0120020EE01F06B51D9266C51DA2296
:10AFE00012006BC0D9FF6CC0DAFF1200000E15EC26
:10AFF00079F068C070F069C071F0010E15EC79F05D
:10B0000068C072F069C073F0020E15EC79F068C088
:10B0100074F069C075F000016E6B6F6B7051711147
:10B020000CE020EE38F07051D9267151DA22DFAAF7
:10B0300002D06E8102D000016E91725173110CE04A
:10B0400020EE38F07251D9267351DA22DFAA02D0ED
:10B050006E8302D000016E93745175110CE020EEE6
:10B0600038F07451D9267551DA22DFAA02D06E85E4
:10B0700002D000016E956EC06CF06FC06DF01200D2
:10B08000000E15EC79F068C070F069C071F0010E27
:10B0900015EC79F068C072F069C073F0020E15EC1F
:10B0A00079F068C074F069C075F000016E6B6F6B69
:10B0B000705171110CE020EE38F07051D9267151A9
:10B0C000DA22DFA802D06E8102D000016E917251A7
:10B0D00073110CE020EE38F07251D9267351DA2248
:10B0E000DFA802D06E8302D000016E9374517511F7
:10B0F0000CE020EE38F07451D9267551DA22DFA821
:10B1000002D06E8502D000016E956EC06CF06FC0EB
:10B110006DF01200CFEC91F065C0C4F066C0C5F0D0
:10B120000001C36B0101A35108E0C4C065F0C5C0B4
:10B1300066F0F0EC8CF0000903E0010E0001C36F33
:10B14000010E0101A36F000128D8DE6ADD6AC25139
:10B1500009E023D8DF80BF699C0EBE6FC169C06F54
:10B160001CD8DF82C4C0B6F0C5C0B7F0BEC0B8F00E
:10B17000BFC0B9F0010EBA6FC0C0BBF0C1C0BCF017
:10B18000C3C0BDF05AEC78F0C4C069F0C5C06AF025
:10B19000A3EC39F06B6FA6EF4FF020EE38F0C451FE
:10B1A000D926C551DA221200000E4F24D96EDA6A70
:10B1B000050EDA22DF6A0F0122A514D0000E4F24FB
:10B1C000D96EDA6A050EDA22DF8201D80BD00500CB
:10B1D000FA6E01015B51FD6E5C51FE6E5D51FF6EBA
:10B1E000FA5012000F0122A314D0000E4F24D96E82
:10B1F000DA6A050EDA22DF8401D80BD00500FA6E78
:10B2000001015851FD6E5951FE6E5A51FF6EFA50B0
:10B210001200000E4F24D96EDA6A050EDA22DF50D2
:10B2200002E11DEF8CF00500FA6E01015551FD6E33
:10B230005651FE6E5751FF6EFA5012006A6F2F0E74
:10B2400000016A650AD03A0E6A6107D0D00E39D87B
:10B25000D40E6625F66E200E2CD0600E6A650AD0DC
:10B260007B0E6A6107D09F0E2CD88F0E6625F66E76
:10B27000200E1FD0400E6A650AD05B0E6A6107D0AF
:10B28000BF0E1FD8A90E6625F66E200E12D02D0E09
:10B290006A1901E1400C2A0E6A1901E1630C65513B
:10B2A00004E0696B3F0E686F02D0686B696B685190
:10B2B00012006721F76EF86A000EF8220800F550B8
:10B2C00012006A25666F676BFF0E6723FF0C37D885
:10B2D00042D8745176277551772320EE04F036D882
:10B2E0007651DE5C7751DE5801E2010C70C0D9FF67
:10B2F00071C0DAFF30D876C0D9FF77C0DAFFDF2A15
:10B300001ED829D820EE02F021D8DECF78F0DDCF8C
:10B3100079F076517825656F77517921666F72C023
:10B3200067F073C068F074C069F075C06AF050ECE3
:10B330007DF005D87451DE267551DD22000C20EE1B
:10B3400006F07051D9267151DA2212007051D926B7
:10B350007151DA221200DECF76F0DDCF77F01200E5
:10B360007D517B5D816F7E517C59826F82BF3CD065
:10B37000825102E1810538E33DEC51F081256D6F8A
:10B38000FF0E82216E6F74EC7EF06BC083F06CC098
:10B3900084F0746B020E736F83C071F084C072F01E
:10B3A000F3EC62F0795171257F6F7A517221806FD1
:10B3B0007FC071F080C072F083C073F084C074F0FD
:10B3C000F3EC62F071C079F072C07AF079C065F088
:10B3D0007AC066F083C067F084C068F020EC89F022
:10B3E00065C079F066C07AF079C079F07AC07AF0F9
:10B3F00012003AD815EC79F068C09EF069C09FF051
:10B4000000019E519F1104E12FD8886F020E1AD0BF
:10B410009D6B30D8010EDB5003E10A0EDE5C08E3C1
:10B4200029D8070EDE5C0E0EDE5802E2010E9D6F7B
:10B430009D51010ED8B4000E9C6F9C5105E114D8AB
:10B44000886F030E896F0DD015D810EE2DF09E5128
:10B45000E1269F5143EC1FF0ADEC8BF005D8C1EC19
:10B460002AF04A0E67EF82F098C0D9FF99C0DAFF40
:10B47000DF50120020EE01F09851D9269951DA22BE
:10B480001200000E4A24D96EDA6A080EDA22DF6A48
:10B49000ABA414D0000E4A24D96EDA6A080EDA2260
:10B4A000DF8201D80BD00500FA6E01015251FD6E0A
:10B4B0005351FE6E5451FF6EFA501200ABA214D0DD
:10B4C000000E4A24D96EDA6A080EDA22DF8401D827
:10B4D0000BD00500FA6E01014F51FD6E5051FE6E0A
:10B4E0005151FF6EFA501200000E4A24D96EDA6AEA
:10B4F000080EDA22DF5002E1FFEF8CF00500FA6E51
:10B5000001014C51FD6E4D51FE6E4E51FF6EFA50D1
:10B510001200000120EE38F03FD8DA22DFA209D075
:10B520006E6B32D835EC91F0010E6E6F2DD835EF81
:10B5300091F07FC065F080C066F0C5EC7AF065C020
:10B5400081F066C082F07FC065F080C066F01EECBE
:10B5500072F065C083F066C084F081C07AF082C06A
:10B560007BF0010E7C6F10D87D6F7E6BF1EC8EF05E
:10B5700083C07AF084C07BF07C6B20EE21F00CD885
:10B5800022EC3BF0F1EF8EF020EE21F07F51D92636
:10B590008051DA22DF5012007F51D92680511200EB
:10B5A000746B756B70C073F07351D96EDA6A71C0C9
:10B5B000E1FF72C0E2FF30D8C3EC74F07451712522
:10B5C000676F75517221686FFAEC83F065517427CB
:10B5D00066517523735111EC39F074517125E16E88
:10B5E00075517221E26E18D8040F0ED83AEC79F03A
:10B5F00019D87351070F08D83AEC79F013D874C0F2
:10B6000070F075C071F012006B6F745171256C6F22
:10B61000755172216D6F1200DFCFE7FF744B752BF0
:10B62000735112006B5174276C5175231200000185
:10B63000686FA50E0A01016F240E026F68C021FA1F
:10B64000C40E2F6F030E306F326B040E316F356BEB
:10B65000960E336F040E346F960E366F040E376FEE
:10B66000206B020E1F6F330E126F116FBA0E1C6F1C
:10B67000CC0E1D6F000E1E6F136B146B010E166F38
:10B68000F40E156F176B186B226B420E466F1C0E73
:10B69000476F010E486F1A0E496F120E4A6F010E66
:10B6A0004B6F5E0E4C6F250E4D6F010E4E6F596B3A
:10B6B000000E0001656F0A0E666F1200D8EC90F064
:10B6C0000001DA6FD96BDB6BDC6B25D0D890DB35F2
:10B6D000D96EDC3532D8DECFDDF0DDCFDEF0DDC077
:10B6E00069F0DEC06AF0DAC06BF0A6EC4FF0DDC0A6
:10B6F00065F0DEC066F0B4EC8CF0000908E1DDC056
:10B7000065F0DEC066F0B3EC7DF0000902E0010EEA
:10B71000D96FDB4BDC2B0101AE510001DB5DDC514D
:10B72000800AD86FE6EC75F0D859D0E3DA5101E120
:10B73000D96BD9510DEC90F0010CDA6E0101AC51CE
:10B74000D926AD51DA2212006D6B6E6B800E671533
:10B750006F6F7F0E681538D804E1656B666B676B99
:10B76000686B6D6B6E6B800E6B156F6F7F0E6C155B
:10B770002BD804E1696B6A6B6B6B6C6B68AF09D09B
:10B78000656D661FD8B0662B671FD8B0672B800E1B
:10B7900068576CAF09D0696D6A1FD8B06A2B6B1FF0
:10B7A000D8B06B2B800E6C57800E681B6C1B6951D8
:10B7B000655D6A5166596B5167596C51685902E26F
:10B7C000D8901200D8801200706F6D516E116F11F9
:10B7D000701112003DD810EE33F09B51E1269C51C0
:10B7E000E22200EE03F0E650E926E550EA22EF50AF
:10B7F000A36FA46BDE50A35DA451800AA56FDE5039
:10B80000800AA55905E39DC09BF09EC09CF01200E4
:10B810009DC08BF09EC08CF09FC08DF0A0C08EF0BC
:10B8200017D8DECF8FF0DDCF90F020EE33F09B51B4
:10B83000D9269C519CEC33F068EC42F0E750916FB4
:10B84000926BEFEC50F08BC09BF08CC09CF0120020
:10B8500020EE1FF09B51D9269C51DA221200C5BC64
:10B8600001D003D0026A022A01D0026A023001E24A
:10B8700026D020C20BF022EE14F001D80AD0050029
:10B88000FA6EDE50FD6EDE50FE6EDE50FF6EFA5038
:10B8900012000C6E0D6A0D5002E0EDEF92F00C50AC
:10B8A000010A02E1EDEF92F0030A02E1F3EF92F0F8
:10B8B000010A02E1F1EF92F0070AEDEF92F00201C6
:10B8C000009722EE02F0DF50DF2AD96EDA6ADF50ED
:10B8D000026E02C0C9FF02010307D8A0040703518A
:10B8E000041101E1060C030C0001B65104E1030E42
:10B8F000B55D01E2020CB3C0D9FFB4C0DAFFAA0EF5
:10B90000DE1801E0010CBC6BBD6BB3C0ADF0B4C080
:10B91000AEF0BC0EAF6FB06B7DEC83F0ADC0B8F095
:10B92000AEC0B9F0BCC065F0BDC066F0B8C067F08D
:10B93000B9C068F027EC31F065C0BAF066C0BBF062
:10B94000BA51B55DBB51B65901E2020CB3C06CF0FF
:10B95000B4C06DF0BAC06EF0BBC06FF02AEC8DF0D1
:10B96000000901E1030CB851B91101E1040C000C0C
:10B9700020EE33F03CD8DECFAEF0DDCFAFF0A8C084
:10B980008BF0A9C08CF020EE1FF031D8DECF8DF007
:10B99000DDCF8EF020EE06F0AE51D926AF51DA227F
:10B9A00001D80AD00500FA6EDE50FD6EDE50FE6E44
:10B9B000DE50FF6EFA5012008BC0AAF08CC0ABF0C4
:10B9C0008DC0ACF08EC0ADF0A6C09BF0A7C09CF0BF
:10B9D000AAC09DF0ABC09EF0ACC09FF0ADC0A0F07F
:10B9E000EAEC5BF09BC0A6F09CC0A7F01200A65149
:10B9F000D926A751DA221200750E00017A6F240EA3
:10BA000094EC4CF0F1EC8EF00101B3BB24D0710E3C
:10BA100000017A6F240E7B6FBCEC2DF0F1EC8EF000
:10BA20003F0E7A6F240E26D87E6FF1EC8EF0010166
:10BA3000BD51D8A41200440E00017A6F240E7B6F12
:10BA40001FEC3DF0F1EC8EF03A0E7A6F240E0FD819
:10BA50000AD8F1EF8EF0490E00017A6F240E0AD851
:10BA60007E6BF1EF8EF07D6F010E7E6F010C7B6FB0
:10BA70007C6B020C7B6F7C6B010E7D6F010C0001F7
:10BA800020EE02F08151D9268251DA22DF50856FF3
:10BA90000101BD5102E10001852B300E0001656FEF
:10BAA000240E666F8BEC86F065C083F066C084F070
:10BAB0008551835D866F8451D8A08405876F87AFD9
:10BAC00002D0866B876B300E86257A6F240E872115
:10BAD00014D80FD822EC3BF0F1EC8EF005D809D841
:10BAE000DA22DF50C8EF90F0010E706F20EE21F0E7
:10BAF000010C7F51D926805112007B6F7C6B20EEA8
:10BB000021F01200210E0001AD6F0101BBB305D081
:10BB1000A7C1A9F00001AA6B04D00001AA6B010E15
:10BB2000A96FA95130EC8AF0AE6FAD0E94EC41F0E4
:10BB30009DEC55F0220EAD6FB2C1AEF0AD0E94EC9F
:10BB400041F09DEC55F0230EAD6F0101010EB3A144
:10BB5000000E0001AE6FAD0E94EC41F09DEC55F07F
:10BB6000AB6BAB5199EC75F0AB2B050EAB65F9D710
:10BB7000AC6BAC5154EC1EF0AC2B020EAC65F9D79B
:10BB8000886B896B200E67EF82F0D20E0001656F23
:10BB9000010E666FD00E676F010E686FD60E696F6B
:10BBA000010E6A6F020120EE03F02AD801D80AD0F4
:10BBB0000500FA6EDE50FD6EDE50FE6EDE50FF6E4A
:10BBC000FA50120000091BE0D2C1BEF0D3C1BFF091
:10BBD000D0C1C0F0D1C1C1F0D6C1C2F020EE06F094
:10BBE0000FD801D80AD00500FA6EDE50FD6EDE5087
:10BBF000FE6EDE50FF6EFA501200020E06D0000CF0
:10BC00004E51D9264F51DA22120001019B6F010CCF
:10BC1000E4C1D9FFE5C1DAFFDECFE6F1DDCFE7F120
:10BC20000101BBA70BD0BB97E0C1F4F0E1C1F5F077
:10BC3000E2C1F6F0E3C1F7F079EF8EF073EC49F072
:10BC4000E6C167F0E7C168F06551671906E1665122
:10BC5000681901E002D0010E01D0000E0009D8B42D
:10BC600012000101BB95040E00EC92F0E0C1DCF182
:10BC7000E1C1DDF1E2C1DEF1E3C1DFF122EED3F09B
:10BC80000500FA6EDE50FD6EDE50FE6EDE50FF6E79
:10BC9000FA501200A39AA80E0001656FB10E666FEC
:10BCA000000E676F03EC93F0A398120E656F0E0EF3
:10BCB000666F010E676F02EC93F0480E0F01206F64
:10BCC000900E226F260E216F400E1E6F030E1F6F07
:10BCD000200E0001656F260E666F010E676F51EC36
:10BCE00091F0440E656F250E666F010E676F4AEC8A
:10BCF00091F0FA0E656F250E666F010E676F58ECB6
:10BD000091F00101A66B526A516A320E506E4F6A71
:10BD10004E6AD76BA38A1200000168AF0BD020EEE9
:10BD200031F065512ED8FF0E6925676FFF0E6A212D
:10BD3000686F0ED020EE31F02CD8DE50675D685170
:10BD4000800A6B6FDE50800A6B5902E3676B686B89
:10BD500020EE35F01ED867C0DFFF20EE2FF06551D2
:10BD600010D8D8906735D96E6835DA6E6951D92602
:10BD70006A51DA2210EE33F06551E126665143EF45
:10BD80001FF0D9266651DA22DECF69F0DDCF6AF0E6
:10BD900012006551D9266651DA221200696B6A6B6E
:10BDA00070C068F06851D96EDA6A71C0E1FF72C084
:10BDB000E2FFDFCFE7FF30D8D96EDA6AD92A6951BE
:10BDC00023D82AD842EC2BF011D8030ED9260ED84E
:10BDD000040ED9260BD8050ED926695115D8694B02
:10BDE0006A2B69C070F06AC071F012006951712548
:10BDF000E16E6A517221E26EDFCFE7FF694B6A2B79
:10BE00006851D96EDA6A12007125E16E6A517221A9
:10BE1000E26EDFCFE7FF1200694B6A2B6851120018
:10BE2000E7EC88F0C5EC5DF00009FCE041EC77F050
:10BE300001D80AD00500FA6EDE50FD6EDE50FE6EAF
:10BE4000DE50FF6EFA50120049EC77F0090E000147
:10BE5000CD6F1E0ECC6FE40EE82EFED7CC2FFCD794
:10BE6000CD2FFAD70000F6EC4EF001D80AD005002D
:10BE7000FA6EDE50FD6EDE50FE6EDE50FF6EFA5042
:10BE80001200E2EC4EF002D8FBEF4EF00500FA6E25
:10BE9000DE50FD6EDE50FE6EDE50FF6EFA50120078
:10BEA000FBEF4EF0010E6B6F670505E0685102E095
:10BEB000675101E06B6B6B51010ED8B4000E6D6FD2
:10BEC000010E6C6F020E671905E0685102E06751C0
:10BED00001E06C6B6C51010ED8B4000E6E6F15D082
:10BEE0006D5101E035806E51D8A4348C12006D5133
:10BEF00001E035866E51D8A4358412006D5101E001
:10BF000036886E51D8A43682120065C069F066C0CA
:10BF10006AF06A51D8A412006951E2E0010AE7E030
:10BF2000030AECE012006A6F28D05D0E656F210EE7
:10BF3000666F1200510E656F210E666F1200450E7E
:10BF4000656F210E666F1200390E656F210E666FE8
:10BF500012002D0E656F210E666F1200210E656FA7
:10BF6000210E666F1200150E656F210E666F1200AE
:10BF7000090E656F210E666F120000016A51686F2D
:10BF8000696B6951F5E16851F3E0010ACEE0030AFB
:10BF9000D1E0010AD4E0070AD7E0010ADAE0030A97
:10BFA000DDE0010AE0E0E4D738D8DE500101285D89
:10BFB000DE502959DE502A59DE502B5901E3010C7D
:10BFC00000012BD8DECF67F0DECF68F0DECF69F05E
:10BFD000DECF6AF0010128510001675D6B6F01013E
:10BFE0002951000168596C6F01012A5100016959FA
:10BFF0006D6F01012B5100016A596E6F65C0D9FF49
:10C0000066C0DAFF6B51DE5C6C51DE586D51DE5854
:10C010006E51DE5801E2010C000C20EE07F0655174
:10C02000D9266651DA22120007C00AF008C00BF0C8
:10C03000FA510A1803E1FB510B1813E0FA510712E9
:10C04000FB5108120AC0FAF10BC0FBF1072804E10A
:10C05000082802E118EF91F0566A576A55945596F0
:10C060005598071C536E081C546E072809E10828D0
:10C0700007E155AA02D0559A0000584A592A1200E1
:10C08000558053C002F054C003F0AEEC8AF0096E44
:10C09000010E09641EEF87F0558255BA1EEF87F036
:10C0A000558A00001EEF87F020EE05F037D8010E0C
:10C0B000DBAE09D0500EDE5CC90EDE5804E220EE85
:10C0C00038F02CD8DF8220EE05F028D8DECF9CF0A7
:10C0D000DDCF9DF0BFEC24F09CC0ACF09DC0ADF076
:10C0E000ACC0A8F0ADC0A9F0000EA9BFFF0EAA6FAA
:10C0F000AB6F20EE07F012D8A8C0DEFFA9C0DEFFAC
:10C10000AAC0DEFFABC0DEFF20EE07F007D810EEBE
:10C110000BF0A651E126A75143EF1FF0A651D926F7
:10C12000A751DA2212000001F46F2DD8D6EC4AF0A4
:10C13000DECFF7F0DDCFF8F000012CD8DF50F66F3E
:10C14000F45105E027D8F6057AEC7AF00AD0020E11
:10C15000F61902E1F56B02D0020EF56F1BD8F5C09F
:10C16000DFFFF7C065F0F8C066F0F6C067F073EC6B
:10C170006FF0F0C0EAF0F1C0EBF0F2C0ECF0F3C009
:10C18000EDF0CBEF78F0D8900101B035D96EB13534
:10C19000DA6E120020EE3AF0F751D926F851DA2281
:10C1A00012009D9A820E656FB40E666F000E676F67
:10C1B00005EC93F09D980E0E656F110E666F010EE3
:10C1C000676F04EC93F0480E656E900EAB6E240E14
:10C1D000AC6E440EAF6ED46A220E656F260E666F8B
:10C1E000010E676F66EC91F0940E656F250E666F19
:10C1F000010E676F5FEC91F0FE0E656F250E666FA6
:10C20000010E676F6DEC91F00101A56B4D6A4C6AF0
:10C21000FA0E4B6E4A6A496A486A9D8A12008BC0C0
:10C220007FF08CC080F0D9EC76F08BC07FF08CC0B2
:10C2300080F08DC081F08EC082F0836B9CEC4BF05F
:10C24000000120EE03F08D51D9268E51DA22DF5005
:10C2500004E12B0E916F240E03D0350E916F240E46
:10C26000926F91C08FF092C090F08FC07AF090C022
:10C270007BF07C6B20EE21F00BD822EC3BF0F1EC54
:10C280008EF074EC5DF004D8DA22DF50C8EF90F045
:10C290008B51D9268C5112008AC037F28BC038F2EC
:10C2A0008CC039F28DC03AF28AC071F08BC072F046
:10C2B0008CC073F08DC074F0F40EEFEC74F080EC71
:10C2C00078F074EC20F0B7EC62F07DC033F27EC001
:10C2D00034F27FC035F280C036F202012F6B306B32
:10C2E000316B326B8EC063F28FC064F290C065F226
:10C2F00091C066F2F20E676FCA0E686F000E696F2A
:10C30000010E0101BD6F630E00018A6F020E8B6F7B
:10C310001200A6C08BF0A7C08CF039EC2FF020EEF5
:10C3200005F02AD82ED829EC6EF020EE07F024D89C
:10C330008BC0DEFF8CC0DEFF8DC0DEFF8EC0DEFF57
:10C34000A6C079F0A7C07AF066EC54F0000120EEA8
:10C3500007F012D8DECF8BF0DECF8CF0DECF8DF081
:10C36000DECF8EF06EEC3FF020EE0BF005D88BC0E8
:10C37000DEFF8CC0DDFF1200A651D926A751DA22BC
:10C380001200DECF8BF0DDCF8CF0120035D0946B35
:10C39000446A8A929392948A932B12008A82FCD7E1
:10C3A0008A92000E4424D96EDA6A010EDA22D890FD
:10C3B000DF3682BA09D0000E4424D96EDA6A010E43
:10C3C000DA22FE0EDF1608D0000E4424D96EDA6A97
:10C3D000010EDA22000EDB80010E936F942B070E04
:10C3E0009465070C946B442A0D0E44640D0C8A92DC
:10C3F000B994936B05EF35F09351C9E0010ACEE093
:10C40000030ACEE012002ED815EC79F068C09DF03A
:10C4100069C09EF000019D519E1104E123D8886FF0
:10C42000020E0ED025D8590EDE5C020EDE58010E2B
:10C43000D8B0000E9C6F9C5105E114D8886F030E94
:10C44000896F0DD015D810EE2BF09D51E1269E512D
:10C4500043EC1FF0ADEC8BF005D8C1EC2AF0490E8F
:10C4600067EF82F098C0D9FF99C0DAFFDF50120061
:10C4700020EE01F09851D9269951DA2212002AD8DB
:10C4800035D867516A2768516B2320EE04F029D80C
:10C490006A51DE5C6B51DE5801E2010C1BD826D8D4
:10C4A00020EE02F01ED8DECF6CF0DDCF6DF06A51C9
:10C4B0006C256E6F6B516D216F6F6951D96EDA6AA1
:10C4C0006EC0DEFF6FC0DDFF05D86751DE26685104
:10C4D000DD22000C20EE06F06551D9266651DA22E5
:10C4E00012006551D9266651DA221200DECF6AF0B9
:10C4F000DDCF6BF01200C3EC60F0D6EC4AF0DECF7B
:10C50000DAF1DDCFDBF1DAC165F0DBC166F004EC16
:10C510008BF0000901E11200010120EE35F0DA5143
:10C52000D926DB51DA22DF500001F0250101D86F56
:10C53000000E0001F1210101D96FDAC165F0DBC104
:10C5400066F0D8C167F0D9C168F08CEC5EF0DAC152
:10C55000C0F0DBC1C1F039EC3CF0F2C0EAF0F3C04E
:10C56000EBF0F4C0ECF0F5C0EDF0CBEF78F00001AB
:10C57000866B876B886B896B815182118311841163
:10C5800029E0010E856F06D0D89081378237833736
:10C590008437852B84AFF8D7D8908637873788378C
:10C5A000893781517D5D82517E5983517F598451F4
:10C5B000805909E381517D5F82517E5B83517F5BAE
:10C5C0008451805B8681D890843383338233813376
:10C5D000852FE2D786C07DF087C07EF088C07FF0CF
:10C5E00089C080F01200766B74AF06D0736D741F33
:10C5F000D8B0742B010E766F72AF06D0716D721FBA
:10C60000D8B0722B010E761B776B786B7351741157
:10C610001BE0010E756F04D0D89073377437752BFB
:10C6200074AFFAD7D890773778377351715D7451FA
:10C63000725905E37351715F7451725B7781D890C1
:10C6400074337333752FEED7765104E0776D781F0E
:10C65000D8B0782B77C071F078C072F01200100E4D
:10C66000AB5D270EAC59D8B01200AF6BB06BB16B9D
:10C67000B26BB36BAF0E916F936B050E926F810E21
:10C68000946F240E956FABC096F0ACC097F0B5ECEC
:10C6900054F0000009D0B2C0B3F0B1C0B2F0B0C0E5
:10C6A000B1F0AFC0B0F0AF6B0001B351F4E0B46BC8
:10C6B000B451B00FD96EDA6AB451AD25E16E000EF7
:10C6C000AE21E26EDFCFE7FFB42B030EB465F0D7E7
:10C6D0000000030C675103E0696B692B02D0000175
:10C6E000696B2CD8693BDF506919EF0B6919DF6E54
:10C6F00020EE4FF06551D9266651DA22DFA0686B33
:10C7000010D01CD8DF8A120019D8DF8C120016D87E
:10C71000DF8A14D8DF8C120011D8DF9A0FD8DF9C83
:10C7200012006851696F6A6B6A51F6E16951010A3A
:10C73000E8E0030AE9E0010AEAE0EED720EE3BF088
:10C740006551D9266651DA22120000012DD8DFB6D4
:10C75000010CB9C0B0F0BAC0B1F0C8EC53F0000998
:10C7600007E0B9C065F0BAC066F02CEC84F018D0D0
:10C7700020EE53F020D8030EDB5009E1020EDB500F
:10C7800006E1010EDB5003E10F0EDE5C03E30CD883
:10C79000DF8606D020EE53F00ED8E2EC17F0DE2252
:10C7A00003D8DFB6010C000C20EE3BF0B951D926BE
:10C7B000BA51DA221200B951D926BA51DA2212003E
:10C7C00001A202D0FBEF68F00251D96EDA6AC950BB
:10C7D000DF6E022B0307D8A004070351041103E006
:10C7E000C59AC588050C00851DC26EF022EE0BF0BF
:10C7F00001D80AD00500FA6EDE50FD6EDE50FE6EE6
:10C80000DE50FF6EFA50120000016F6F706B7051B6
:10C8100002E097EF91F06F51010A02E197EF91F07A
:10C82000030A02E190EF91F0010A02E190EF91F02A
:10C83000070A97EF91F00101B3B9010C00016B6B8E
:10C8400022D06B51050DF3CF65F0F4CF66F0655142
:10C850003C24676F66513D20686F020E6725696F43
:10C86000000E68216A6F20EE02F06951D9266A51E4
:10C87000DA22DF50656F7E0E651704E001D002D02A
:10C88000010E0BD06B2B20EE2AF09BEC3DF0DE501E
:10C890006B5DD7E301D0D5D7000E000901E0030C92
:10C8A00051EC68F0DF5001E0020C000C675102E02F
:10C8B000675102E1655112006751D96EDA6A090EBB
:10C8C000D926DE50DE1014E06751D96EDA6A090EFF
:10C8D000D9266751E16EE26A020EE126DE50E65C7F
:10C8E000E650800A6C6FDE50800A6C59D8B0120096
:10C8F0006751D96EDA6A020ED926DF50686F675128
:10C90000D96EDA6ADF506825D96EDA6A65C0DFFF52
:10C910006751D96EDA6A020ED926DE2A000EDD22B0
:10C92000000C4AEC68F0DFA814D04AEC68F0DF9005
:10C930004AEC68F0DF84010120EE33F0B451D926CF
:10C94000B551DA22DF824AEC68F0DF8C4AEC68F0FD
:10C95000DF9801019D2B9D050001786F130E78650E
:10C96000130C20EE2AF09BEC3DF0D1EC6BF00DD8CF
:10C970009BEC3DF0DF9086EC92F0E5EC1BF0000EB6
:10C9800048EC92F001019D6B12000101B399B39B39
:10C9900020EE32F01200070EA71902E09A6B010C8C
:10C9A000F5C077F0F6C078F0F7C079F0F8C07AF00B
:10C9B000C8EC83F0000901E0010C77EC42F0D96B80
:10C9C000DA6B17D0D890D935D96EDA359DEC5BF09B
:10C9D000DECFBFF0DDCFC0F0F5C0C1F0F6C0C2F0D1
:10C9E000F7C0C3F0F8C0C4F0BCEC3BF00001D94B79
:10C9F000DA2B0101AE510001D95DDA51800AD86FFE
:10CA0000E6EC75F0D859DEE3010C716F010E000100
:10CA1000726F020100B130D000810001726B715160
:10CA2000010ED8B4020E0201096FC5809DB601D077
:10CA300004D00001656B652B02D00001656B653188
:10CA400016E31AD014D0000E0001656B666B9EB61B
:10CA50000CD001D00AD09EA603D007D001D005D0BB
:10CA6000850EE82EFED70000F6D73EEC71F00201ED
:10CA700000B1E9D701D0E7D7000172511200A4C07C
:10CA8000D9FFA5C0DAFFDE50DE1009E1860E0001F5
:10CA90009C6F210E21D85B0E26D88DEC84F000010E
:10CAA00020EE02F0A451D926A551DA22DE50DE1084
:10CAB00008E1AB0E9C6F210E0FD85C0E14D88DECE4
:10CAC00084F0A4C03AF0A5C03BF0A6C03AF1A7C0DC
:10CAD0003BF1A8C03CF112009D6FA10E9E6F220E8B
:10CAE0009F6FA16B1200A06F040EA26F230EA36FA5
:10CAF000120002012F510601DD5D0301CC6F02011E
:10CB000030510601DE590301CD6F0201315106019A
:10CB1000DF590301CE6F020132510601E0590301D2
:10CB2000CF6F020133510301CC5D02013451030187
:10CB3000CD59020135510301CE590201365103018D
:10CB4000CF5901E2010CA9EC92F0000901E1010CBE
:10CB5000DDC6F5F0DEC6F6F0DFC6F7F0E0C6F8F0A9
:10CB6000DEEF6AF0020EE16F28D8DF500AE11BD831
:10CB7000E04728D8FB0B2BD8ADEC8BF00001E16B24
:10CB80000AD01BD8DE0407E10ED81CD8FD0B1FD835
:10CB9000D4EC69F0F1D711D8DF50886FE1C089F08B
:10CBA000440E67EF82F020EE01F0DE51D926DF510E
:10CBB000DA22DF50E06FE0471200DEC0D9FFDFC0AD
:10CBC000DAFF12000101B3510001E0191200E0196F
:10CBD0000101B36F1200F00E0001736F010E746F4C
:10CBE000A1EC6FF073C0EEF174C0EFF1050E02011D
:10CBF000AB6120D0EAC1E0F1EBC1E1F1ECC1E2F1BF
:10CC0000EDC1E3F1EEC1E4F1EFC1E5F1AB51090D86
:10CC1000BB0EF324D96E020EF420DA6E01D80AD0CE
:10CC20000500FA6EDE50FD6EDE50FE6EDE50FF6EC9
:10CC3000FA501200EAC1E0F1EBC1E1F1ECC1E2F11E
:10CC4000EDC1E3F14BEF50F00101DA51D8B412001D
:10CC500026D805E0D8C1D9FF2AD8D8A4120020EEE2
:10CC600002F0D851D926D951DA22DFBA120017D8EA
:10CC700004E10CD8010E83EF87F0D8C1D9FF17D893
:10CC8000D8A4120003D8FF0E83EF87F0DBC1F0F0C9
:10CC9000DCC1F1F0DDC1F2F0DEC1F3F01200D8C169
:10CCA000D9FFD9C1DAFF040EDE18DE101200D9C197
:10CCB000DAFF080EDE18DE10120020EE05F031D883
:10CCC000DECF97F0DDCF98F097C099F098C09AF03A
:10CCD000000E9ABFFF0E9B6F9C6F20EE07F021D8CD
:10CCE00099C0DEFF9AC0DEFF9BC0DEFF9CC0DEFF66
:10CCF000A6C08BF0A7C08CF020EE07F012D8DECFD4
:10CD00008DF0DECF8EF0DECF8FF0DECF90F096ECA0
:10CD100066F020EE0BF005D88BC0DEFF8CC0DDFF87
:10CD20001200A651D926A751DA2212005F506B6F6C
:10CD30006C6B6BBF6C0720EE1FF08B51D9268C51AA
:10CD4000DA22DECF6DF0DDCF6EF074EC7EF06BC0DA
:10CD500093F06CC094F0D20E9325916F0A0E94213B
:10CD6000926F91C071F092C072F0ABEC40F08DC048
:10CD700075F08EC076F08FC077F090C078F080ECC0
:10CD800078F0B1EC40F0D20E816F0A0EDBEC3FF090
:10CD9000BDEC48F07DC08BF07EC08CF012009DC0D1
:10CDA0008BF09EC08CF09FC08DF0A0C08EF036EC52
:10CDB00056F08BC0A5F08CC0A6F06C6B010E6B6FAB
:10CDC000A1519F5D6D6FA251A0596E6F74EC7EF002
:10CDD0009B516B03F3CFA3F0F4CFA4F06C03F3509B
:10CDE000A4279C516B03F350A427A351A527A4515A
:10CDF000A623A5C08BF0A6C08CF09FC08DF0A0C06C
:10CE00008EF04FEC40F08BC09BF08CC09CF0120079
:10CE100000016F6B6B6B6E6B1BD06E51050DF3CF0A
:10CE200067F0F4CF68F067516525696F6851662136
:10CE30006A6F020E69256C6F000E6A216D6F19D83A
:10CE4000DE506F5D03E215D8DF506F6F6B2B6E2BDA
:10CE500020EE2AF06551D9266651DA22DE506E5D49
:10CE6000DCE36B51D8B4640C6F5101E1640C6F5179
:10CE7000120020EE04F06C51D9266D51DA22120016
:10CE80000001716F26EC70F010D0338225D033840E
:10CE900023D0338621D033881FD0338A1DD0338CE2
:10CEA0001BD0338E19D0338017D0000171516F6FB2
:10CEB000706B7051F8E16F51F6E0010AE6E0030A89
:10CEC000E6E0010AE6E0070AE6E0010AE6E0030A16
:10CED000E6E0010AE6E0E7D733C069F034C06AF063
:10CEE00035C06BF036C06CF06EC06DF096EF8CF014
:10CEF0009F5127E19DC065F09EC066F0F0EC8CF07C
:10CF000000091FE120EE03F026D8DECF8BF0DDCF45
:10CF10008CF020EE05F01FD8DECF8DF0DDCF8EF047
:10CF200020EE11F018D8DECF8FF0DDCF90F0FCECC2
:10CF30003EF020EE05F00FD88BC0DEFF8CC0DDFF89
:10CF4000120020EE03F007D810EE05F09D51E12607
:10CF50009E5143EF1FF09D51D9269E51DA221200B7
:10CF60006E6B2CD8DECF6BF0DDCF6CF06B296F6F62
:10CF7000000E6C21706F694B6A2B15D01FD86F5152
:10CF8000DE5CDE50800A6D6F7051800A6D5907E2D9
:10CF900015D86FC0DEFF70C0DDFF010E6E6F694BEC
:10CFA0006A2B6F4B702B6751695D6A51800A6B6FFA
:10CFB0006851800A6B59E2E36E511200D8906935CE
:10CFC000D96E6A35DA6E6551D9266651DA221200B9
:10CFD0000CD098C066F00AEF42F098C066F036EFC9
:10CFE00052F098C096F00DEF86F0985111EC39F0A0
:10CFF000DF50996F9A6B9A51D8A4020C9951320A5A
:10D00000F0E0010AEEE0070AECE0010AEAE0030AB8
:10D01000E8E0010AE6E00F0AE4E0040AE2E0010ABF
:10D02000E0E0030ADEE0010ADCE06F0AD2E0010A78
:10D03000D4E0330AD6E0010AD8A4020CD2D72AD809
:10D04000DFA812002ED810EE2CF03C50E1263D5007
:10D05000E222DE50E65C14E3000E48EC92F01AD8AF
:10D06000DF8020EE2CF09BEC3DF0DF6A13D8DF94DC
:10D0700020EE33F09BEC3DF0DF900CD8DF9607D02C
:10D0800020EE33F09BEC3DF0DF8204D8DF8602D83F
:10D09000DF98120020EE2DF03C50D9263D50DA22C8
:10D0A00012003CC0D9FF3DC0DAFF12007FC074F00F
:10D0B00080C075F081C076F082C077F03AEC81F0E4
:10D0C00014D07FC06FF080C070F020EE3AF021D80D
:10D0D000DA22DF50716FFFEF7FF0D0EC76F014D8DA
:10D0E00018D822EC3BF0F1EF8EF020EE3AF011D898
:10D0F000DA22DF50836F846B8451EFE18351010AA0
:10D10000E0E0030ADEE0E9D7010E7C6F20EE21F0BB
:10D11000010C8151D926825112002BEC70F00000D5
:10D12000280E0001656F030E29D869EC37F01FD86F
:10D130009E0E7D6F050E7E6F300E74EC6AF0340E1D
:10D140000001656F030E1AD869EC37F010D8860E0F
:10D150007D6F050E7E6F370E74EC6AF09F0E000136
:10D160007A6F020E7B6F16EC3EF000001200010E8B
:10D170007A6F5A0E7B6F040E7C6F1200666F5A0E28
:10D18000676F040E686F1200D6C0CEF0D7C0CFF024
:10D19000D8C0D0F0D9C0D1F0DEC0D2F0DFC0D3F01B
:10D1A000E0C0D4F0E1C0D5F0CBEC74F0D6C06FF0A5
:10D1B000D7C070F0D8C071F0D9C072F08CEC8DF08F
:10D1C000B60E0001656F050E666FA90E676F030E40
:10D1D000686F6A6B050E696FCBEC7CF0DAC0B6F550
:10D1E000DBC0B7F5DCC0B8F5DDC0B9F5B60ED66F5B
:10D1F000050ED76F120002010251D96EDA6AC950CA
:10D20000DF6E022B0307D8A004070351041103E0CB
:10D21000C59AC588050C00851DC20BF022EE0BF0E7
:10D2200001D80AD00500FA6EDE50FD6EDE50FE6EAB
:10D23000DE50FF6EFA5012000C6E0D6A0D5002E0C7
:10D24000C4EF92F00C50010A02E1C4EF92F0030A1D
:10D2500002E1C1EF92F0010A02E1C1EF92F0070A88
:10D26000C4EF92F0000E15EC79F068C06EF069C062
:10D270006FF0020E15EC79F068C070F069C071F0C3
:10D280000001726B736B705171110EE072917295A7
:10D2900020EE38F07051D9267151DA22DFAC02D07D
:10D2A000728302D0000172936E516F110CE020EE78
:10D2B00038F06E51D9266F51DA22DFAC02D0728776
:10D2C00002D00001729772C06CF073C06DF0120052
:10D2D00020D8DFB212001DD8DFB0120020EE13F00C
:10D2E00023D810EE0BF01CD86AEC46F022D803E2EB
:10D2F00010D8DF84120020EE0BF016D810EE15F0D7
:10D300000FD86AEC46F015D8D8B0120002D8DF86E4
:10D31000120020EE38F06551D9266651DA2212004B
:10D320006551E126665112006551D9266651DA220F
:10D3300012006B6FDE50800A6B591200666B676BD0
:10D340001BD0D8906635D96E67359DEC5BF0DECF8B
:10D3500068F0DDCF69F000011BD8DF9C19D8DF9A97
:10D3600020EE3CF01CD8DF9013D8DF9E20EE3CF07E
:10D3700016D8DF92664B672B0101AE510001665D46
:10D380006751800A656FE6EC75F06559DAE31200C3
:10D3900020EE3BF06851D9266951DA22120068511B
:10D3A000D9266951DA221200CFEC91F065C0DCF089
:10D3B00066C0DDF00101B3A31CD01FD8140EDE6ED1
:10D3C000DD6A20EE25F021D8010EDBBE06D0DB5051
:10D3D00013E1140EDE5CD8B0120020EE25F015D853
:10D3E000140EDE6EDD6ADCC0C0F0DDC0C1F039EFC6
:10D3F0003CF003D8DE6ADD6A1200000120EE17F06F
:10D40000DC51D926DD51DA221200DC51D926DD515A
:10D41000DA221200736F0001735103E0726B722BFA
:10D4200002D00001726B0101B35100017219FE0BB1
:10D4300072190101B36F0001746B756B10D0D89035
:10D440007435D96E75359DEC5BF0DECF69F0DDCFBC
:10D450006AF073C06BF0A6EC4FF0744B752B0101B2
:10D46000AE510001745D7551800A726FE6EC75F083
:10D470007259E5E386EC92F0040E00EF92F0BB8364
:10D48000040E00EC92F0000E34EC7EF00D0E000164
:10D490007A6F240E24D8F1EC8EF00101BBA109D0E3
:10D4A000170E00017A6F240E3AEC5DF07E6BF1EC02
:10D4B0008EF0870E00017A6F240E7B6F1FEC3DF01B
:10D4C000F1EC8EF0000E0001656F65C0ABF2020159
:10D4D000AC6BAD6B070EB0EC90F08DEF68F07B6F2E
:10D4E0007C6B7D6B7E6B1200816F0001846B7BC057
:10D4F00085F07CC086F07DC082F07EC083F01DD0B8
:10D5000085C0D9FF1FD8DE50E61812E07AC076F049
:10D5100084C077F085C0D9FF86C0DAFFDF50786F0E
:10D520008151EDEC8BF085C0D9FF0CD8DFCFE7FF40
:10D53000842B824B832B854B862B170E8465E0D77B
:10D540000000170C86C0DAFF82C0E1FF83C0E2FF53
:10D5500012006C6B29D8DECF69F0DDCF6AF0FF0EC8
:10D5600069256D6FFF0E6A216E6F6707D8A0680787
:10D5700068BF18D019D8DE506D5D6E51800A6B6F90
:10D58000DE50800A6B5907E20FD86DC0DEFF6EC017
:10D59000DDFF010E6C6F6707D8A068076D07D8A084
:10D5A0006E07E6D76C511200D8906735D96E683592
:10D5B000DA6E6551D9266651DA22120027EC91F015
:10D5C00037C28AF038C28BF039C28CF03AC28DF083
:10D5D000F5C08EF0F6C08FF0F7C090F0F8C091F073
:10D5E00079EC53F000090BE0F5C0F0F0F6C0F1F073
:10D5F000F7C0F2F0F8C0F3F0000E1EEC75F0F5C0C5
:10D60000EAF0F6C0EBF0F7C0ECF0F8C0EDF0CBECD0
:10D6100078F0F5C02FF2F6C030F2F7C031F2F8C062
:10D6200032F2010C97C095F098C096F0E8EC7AF0D1
:10D630009CAF09D0B00E995D3C0E9A59FF0E9B59D4
:10D64000FF0E9C5922E39CBF08D09C519B111DE109
:10D65000510E995DC30E9A5918E220EE39F0975198
:10D66000D9269851DA22DF8099C05AF09AC05BF02F
:10D670009BC05CF09CC05DF097C08BF098C08CF0B4
:10D6800039EC2FF018EC92F0010C000C6A6B66AFCD
:10D6900006D0656D661FD8B0662B010E6A6F68AF45
:10D6A00004D0676D681FD8B0682B6751681117E008
:10D6B000010E696F04D0D89067376837692B68AF5F
:10D6C000FAD76751655D6851665904E36751655F34
:10D6D0006851665BD89068336733692FF2D76A5117
:10D6E00004E0656D661FD8B0662B65C065F066C046
:10D6F00066F01200696F000165516611671117E04D
:10D700006951030D0B0EF324D96E020EF420DA6E6C
:10D7100065C0DEFF66C0DEFF67C0DEFF1D0E692547
:10D72000D96EDA6A020EDA2268C0DFFF1200695190
:10D73000030D0B0EF324D96E020EF420DA6E1C0ECC
:10D74000DE6E250EDE6E010EDE6E1D0E6925D96EB3
:10D75000DA6A020EDA22DF6A1200000E48EC92F05A
:10D7600020EE2AF09BEC3DF023D8DE50E61801E1D4
:10D7700002D0010E01D0000E000903E00101B389BF
:10D78000120020EE2AF09BEC3DF00BD83CC070F06C
:10D790003DC071F09DEC8BF00009D8A42DEC8CF00D
:10D7A00012003CC0E1FF3DC0E2FFDFCFE7FF120007
:10D7B00010EE01F03C50E1263D50E2221200000143
:10D7C00069516A116B116C1123E0010E6D6F06D067
:10D7D000D89069376A376B376C376D2B6CAFF8D7D9
:10D7E0006951655D6A5166596B5167596C51685949
:10D7F00008E36951655F6A51665B6B51675B6C5109
:10D80000685BD8906C336B336A3369336D2FE8D71C
:10D8100065C065F066C066F067C067F068C068F014
:10D8200012001CD0E7EC88F027D0C5EC5DF024D0C6
:10D83000F5C069F0F6C06AF0F7C06BF0F8C06CF0A4
:10D8400027EC77F019D0F5C0CCF0F6C0CDF0F7C0DA
:10D85000CEF0F8C0CFF0A9EC4EF00ED09B510001F5
:10D86000D86FD96BD95108E1D851DCE0010ADDE06D
:10D87000030ADEE0010AE7E001019B5101E0000C30
:10D88000E5EC1BF0010C000E34EC7EF00001E76BC0
:10D89000E86B1ED0D890E735D96EE8359DEC5BF08B
:10D8A000DECFE5F0DDCFE6F0E5C065F0E6C066F07E
:10D8B00004EC8BF000090AE0E7C0D4F0E8C0D5F032
:10D8C000E5C0D6F0E6C0D7F023EC74F0E74BE82BC8
:10D8D0000101AE510001E75DE851800AE46FE6EC1A
:10D8E00075F0E459D7E38DEF68F0066E025003102F
:10D8F000041017E00650030D0B0EF324D96E020E30
:10D90000F420DA6E02C0DEFF03C0DEFF04C0DEFFDB
:10D910001D0E0624D96EDA6A020EDA2205C0DFFF78
:10D9200012000650030D0B0EF324D96E020EF420E4
:10D93000DA6E140EDE6E260EDE6E010EDE6E1D0E2B
:10D940000624D96EDA6A020EDA22DF6A12000CECC3
:10D9500092F065C0D9FF66C0DAFFDF50F46FF45172
:10D9600001E0010CB2EC89F070C0F5F071C0F6F086
:10D97000F5C0D9FFF6C0DAFFDFAC000C12D8DFB279
:10D98000000C0FD8DFA4000C50EC90F0F0C0EAF0CF
:10D99000F1C0EBF0F2C0ECF0F3C0EDF0CBEC78F0BE
:10D9A000010C20EE02F0F551D926F651DA221200D0
:10D9B0000501526B540E0001686F050E25D8280E24
:10D9C0006C6FF4EC86F07C0E686F050E1DD8020EAD
:10D9D0006C6FF4EC86F07E0E686F050E15D8060E9F
:10D9E0006C6FF4EC86F0840E686F050E0DD8010E96
:10D9F0006C6FF4EC86F0050185918593520E000161
:10DA0000706F050E716F1200696F6B6B6A6B6D6BD7
:10DA1000120072C074F073C075F070C0D9FF71C08D
:10DA2000DAFF74C0E1FF75C0E2FFDFCFE7FF7029C6
:10DA30001BD864EC83F020EE01F012D809D8040E54
:10DA4000702512D864EC83F020EE04F009D800D0E1
:10DA5000DA226AC0DEFF6BC0DEFF6CC0DEFF1200A0
:10DA60007451D926755112006A6F000E71216B6FC7
:10DA7000120072C069F073C06AF070C0D9FF71C043
:10DA8000DAFF69C0E1FF6AC0E2FF75EC7AF01CD8EA
:10DA900010EE01F012D820EE02F016D810EE02F0CF
:10DAA0000CD820EE03F010D810EE03F006D820EECC
:10DAB00004F00AD810EE04F000D06951E1266A5152
:10DAC000E222DFCFE7FF12007051D9267151DA222E
:10DAD0001200B2510001F025F66FF65102E1010E7D
:10DAE00003D0080EF66501D0F66FF6C0B2F1F6511C
:10DAF00066EC92F0070EB0EC90F001010CD8F1EC5E
:10DB00008EF0F2C0EAF0F3C0EBF0F4C0ECF0F5C038
:10DB1000EDF0CBEF78F0B251300F0201B36FB00EE1
:10DB200000017A6F020E7B6F7C6B020E7D6F7E6B45
:10DB3000020C46EC8DF0706F716B705171190AE137
:10DB4000030E461807E171C06DF06E6B070E59ECBD
:10DB500090F006D071C06DF06E6B020E59EC90F033
:10DB60007051711908E1030E461805E00DD8070E33
:10DB700059EC90F004D008D8020E59EC90F0712BBB
:10DB8000020E7165DAD7020C71C06DF0010E6E6F76
:10DB9000010C7CC180F07DC181F0D89001017C3501
:10DBA000D96E7D35DA6E02015051D9265151DA22F3
:10DBB000DECF82F0DDCF83F082C073F083C074F0DB
:10DBC000D8EC52F0000905E082C07DF083C07EF001
:10DBD0001200B5EC8EF00001805101017C19DDE1ED
:10DBE0000001815101017D19D8E100017D6B7E6B3F
:10DBF000120001A202D0CEEF72F0008502D09E8604
:10DC0000030C1DC26EF022EE0BF001D80AD0050005
:10DC1000FA6EDE50FD6EDE50FE6EDE50FF6EFA5084
:10DC2000120000016F6F706B705102E0ACEF91F069
:10DC30006F51010A02E1ACEF91F0030A02E1B3EF88
:10DC400091F0010A02E1B3EF91F0070AD8E0ACEFDE
:10DC500091F08BC071F08CC072F0ABEC40F08CECAA
:10DC600020F080EC78F071C08FF072C090F073C03B
:10DC700091F074C092F08FC07DF090C07EF091C0A2
:10DC80007FF092C080F0200EBAEC40F0BDEC48F07E
:10DC90007DC08FF07EC090F07FC091F080C092F088
:10DCA0008FC08BF090C08CF091C08DF092C08EF040
:10DCB0001200696F1AD0656B666B1200FF0E23D0DD
:10DCC00020EE3AF01AEC3DF0020EDE1802E1FE0EF4
:10DCD0001AD0666B010E656F010C20EE3AF01AEC5B
:10DCE0003DF0020EDE18F5E0F2D700016951676FD2
:10DCF000686B6851F2E16751010AE0E0030ADBE07A
:10DD0000010ADEE0EAD74024656FFF0E4120666F0E
:10DD10001200020E811904E1930E826F240E0CD0C2
:10DD2000810504E1500E826F240E06D0030E811986
:10DD300004E14E0E826F240E836F8A0E7A6F240EDA
:10DD40007B6F84EC68F010D8EAEC4BF0F1EC8EF0CD
:10DD500082C07AF083C07BF07C6B20EE21F004D887
:10DD600022EC3BF0F1EF8EF07F51D926805112006A
:10DD700020EE33F027D8DECFCEF0DDCFCFF0C9C014
:10DD8000A6F0CAC0A7F0CBC0A8F0CCC0A9F0B8ECF0
:10DD90005CF0A6C0D0F0A7C0D1F0D0C0C4F0D1C014
:10DDA000C5F020EE03F0CE51D926CF51DA22DF5054
:10DDB000C66F20EE21F006D8DF50C76FCDC0C8F087
:10DDC00091EF8EF0C951D926CA51DA221200746B34
:10DDD000756B70C073F07351D96EDA6A71C0E1FF70
:10DDE00072C0E2FFDFCFE7FF744B752B73296B6FB7
:10DDF000745171256C6F755172216D6F3AEC79F029
:10DE00006B5174276C517523735178EC52F0745137
:10DE10007125E16E75517221E26EDFCFE7FF744B21
:10DE2000752B74C070F075C071F012009BC08BF040
:10DE30009CC08CF09DC08DF09EC08EF036EC56F0EC
:10DE40008BC0A1F08CC0A2F0A1C079F0A2C07AF082
:10DE50009DC07BF09EC07CF09FC07DF0A0C07EF096
:10DE6000B0EC59F079C0A1F07AC0A2F0A1C08BF05B
:10DE7000A2C08CF09DC08DF09EC08EF04FEC40F0A3
:10DE80008BC09BF08CC09CF012004DEC92F065C0F2
:10DE90006CF066C06DF069516C5D6A516D5905E3B7
:10DEA00069C06EF06AC06FF004D06CC06EF06DC0D7
:10DEB0006FF0706B716B0DD010EC7FF06B6F705169
:10DEC0006725D96E71516821DA6E6BC0DFFF704B28
:10DED000712B6E51705D6F517159EEE36EC067F03A
:10DEE0006FC068F0120020EE22F026D8DF50D8B4C0
:10DEF0001200020E671907E020EE3AF01DD8020E5C
:10DF0000DE18D8A4120020EE25F016D8DECF69F076
:10DF1000DDCF6AF020EE23F00FD810EE25F065512A
:10DF2000E126665143EC1FF020EE23F005D869C0CE
:10DF3000DEFF6AC0DDFF12006551D9266651DA2284
:10DF40001200B2EC89F070C077F071C078F077C041
:10DF5000D9FF78C0DAFFDECF79F0DDCF7AF00101AA
:10DF600086510001791905E10101875100017A19F3
:10DF700002E0010E01D0000E766F79C086F17AC002
:10DF800087F17351741106E073C0D9FF74C0DAFFD2
:10DF900076C0DFFF77C073F078C074F01200000E17
:10DFA00034EC7EF0A2EC7AF01CD0E0C0D4F0E1C0FA
:10DFB000D5F0E2C0D6F0E3C0D7F087EC44F08DEFA7
:10DFC00068F0E0C0D6F0E1C0D7F0E2C0D8F0E3C01E
:10DFD000D9F043EC4BF08DEF68F0BDEC8BF08DEF9A
:10DFE00068F045500001E46FE56BE551F6E1E4515E
:10DFF000010ADBE0030AE5E0F0D70001706F26D8E4
:10E000000CD034821FD034841DD034861BD0348889
:10E0100019D0348A17D0348015D0000170516E6F3A
:10E020006F6B6F51F8E16E51F6E0010AF4E0030AFC
:10E03000E8E0010AE8E0070AE8E0010AE8E0030A8C
:10E04000E8E0E9D711EC80F096EF8CF0336A346A9F
:10E05000356A366A12005EAE05D002018D5156EC6B
:10E0600080F025D05E5023E05EA003D0000E2EECA1
:10E070008EF05EA203D0010E2EEC8EF05EA403D0D3
:10E08000020E2EEC8EF05EA603D0030E2EEC8EF068
:10E090005EA803D0040E2EEC8EF05EAA03D0050E0F
:10E0A0002EEC8EF05EAC03D0060E2EEC8EF05E6A87
:10E0B0001200886F0001885115EC79F068C089F072
:10E0C00069C08AF0000189518A11D8B41200060E85
:10E0D0008D6F8E0E8B6F8C6B8BC0D9FF8CC0DAFF6F
:10E0E00088C0DFFF89C065F08AC066F0ACEC57F0ED
:10E0F00020EE01F08B51D9268C51DA2265C0DEFF6B
:10E1000066C0DDFF8D0E94EC41F09DEF55F0756B10
:10E11000766B15D07051D96EDA6ADECF73F0DDCF31
:10E1200074F075517325D96E76517421DA6E75517C
:10E130007125E16E7651722114D8754B762B705192
:10E1400042EC2BF0DF50736F746B7351755D74513B
:10E150007659E0E3705142EC2BF0DF50706F716B39
:10E160001200E26EDFCFE7FF12006A6B6B6B19D013
:10E17000D8906A35D96E6B359DEC5BF0DECF68F0D8
:10E18000DDCF69F0000120EE41F06851D9266951D8
:10E1900014D868C065F069C066F02CEC84F06A4B56
:10E1A0006B2B0101AE5100016A5D6B51800A676FF4
:10E1B000E6EC75F06759DCE31200DA22DE6ADE6A0B
:10E1C000DE6ADD6A12009E96020100A70CD0C5BC73
:10E1D00001D003D0026A022A01D0026A023003E3AE
:10E1E0000F0E0201096F02010951030D5F0EF324A6
:10E1F000F66E200EF420F76EF86A000EF82201D8B1
:10E200000DD00500FA6E0900F550FD6E0900F550BD
:10E21000FE6E0900F550FF6EFA5012000201096F00
:10E220001200B2510001F025F66FF65102E1010E25
:10E2300003D0080EF66501D0F66FF6C0B2F1F651C4
:10E2400066EC92F0070EB0EC90F00101B251300F85
:10E250000201F76FF40E00017A6F020E37EC5DF0E9
:10E260007D6F7E6BF1EC8EF0F2C0EAF0F3C0EBF064
:10E27000F4C0ECF0F5C0EDF0CBEF78F001A202D0E5
:10E28000E3EF70F0E1EC92F0020100A706D017EC8A
:10E2900090F003E30F0E0201096F02010951030D13
:10E2A0005F0EF324F66E200EF420F76EF86A000E6F
:10E2B000F82201D80DD00500FA6E0900F550FD6E68
:10E2C0000900F550FE6E0900F550FF6EFA5012007D
:10E2D0000201096F120000018A6B8B0E886F896B37
:10E2E00088C0D9FF89C0DAFF010EDF6E20EE01F091
:10E2F0001AD8020EDF6E20EE02F015D8DF6A20EE8B
:10E3000003F011D8070EDF6E20EE04F00CD8010EDA
:10E31000DF6E20EE05F007D8070EDF6E8A0E94EC54
:10E3200041F09DEF55F08851D9268951DA2212002B
:10E33000896F0001895115EC79F068C08AF069C0D5
:10E340008BF000018A518B11D8B41200080E8E6F29
:10E350008F0E8C6F8D6B8CC0D9FF8DC0DAFF89C09A
:10E36000DFFF8AC066F08BC067F06BEC90F0886FBF
:10E3700020EE01F08C51D9268D51DA2288C0DFFFC2
:10E380008E0E94EC41F09DEF55F0D8EC6CF070C01F
:10E39000B4F171C0B5F1930E0101B66F020EB76F03
:10E3A0000001656B65510101B625D96E000EB721DC
:10E3B000DA6EDF680001652B050E6565F3D701D0C5
:10E3C000F1D7C06BC16BC26BC36B0101A7519CEC51
:10E3D00041F00101B399B39BD4EC69F00101BC6B2E
:10E3E000C2EF75F06A6B6B6B665106E1FB0E655D03
:10E3F00003E2696B010E09D06751D96EDA6AFB0E30
:10E40000DF6E6A4B6B2B696B020E686F0BD0675126
:10E410006A25D96EDA6A65C0DFFF6A4B6B2B66C06E
:10E4200065F0666B6807D8A069076829F0E169297B
:10E43000EEE16AC065F06BC066F0120024D8DFA47C
:10E4400005D0900E656F240E666F12001CD8DFA6F3
:10E4500005D08D0E656F240E666F120014D8DFA8EC
:10E4600005D0C30E656F230E666F12000CD8DFAAAD
:10E4700005D0C90E656F230E666F1200790E656FA9
:10E48000240E666F120020EE38F06551D9266651D1
:10E49000DA22120021EC8FF065C071F066C072F0D4
:10E4A00021D87151D9267251DA22DFAC04D0010192
:10E4B000BD5101E0120016D810D8DFAE000E6E6F0D
:10E4C00020EE39F00AD8DFA2000E6F6F20EE39F08F
:10E4D00004D8DFA0000EB5EF85F07151D926725136
:10E4E000DA22010C000120EE38F01200746B756B1B
:10E4F00070C073F07351D96EDA6A71C0E1FF72C0F7
:10E50000E2FFDFCFE7FF744B752B73290ED83AEC8F
:10E5100079F013D87351040F08D83AEC79F00DD87C
:10E5200074C070F075C071F012006B6F745171257A
:10E530006C6F755172216D6F12006B5174276C51A5
:10E540007523120026D820D824D8DECF6BF0DDCF7B
:10E550006CF06BC0D9FF6CC0DAFFDF6A20EE02F00E
:10E560000FD8DA2211D820EE04F00AD8DA2269C0D6
:10E57000DEFF6AC0DDFF20EE06F002D807EF7AF07A
:10E580006551D9266651120067C0DEFF68C0DDFF05
:10E59000120065C0D9FF66C0DAFF120002010085D3
:10E5A00002D09E86030C1DC20BF022EE0BF001D8A8
:10E5B0000AD00500FA6EDE50FD6EDE50FE6EDE50B3
:10E5C000FF6EFA5012000C6E0D6A0D5002E0EDEF76
:10E5D00092F00C50010A02E1EDEF92F0030A02E121
:10E5E000EFEF92F0010A02E1EFEF92F0070AD9E0B3
:10E5F000EDEF92F0D4C3DBF6D5C3DCF628C1DDF62F
:10E6000029C1DEF62AC1DFF62BC1E0F620EE04F0C8
:10E6100018D8DA2201D80AD00500FA6EDE50FD6E55
:10E62000DE50FE6EDE50FF6EFA5012000101F96FEF
:10E63000F951D8B41200030120EE0BF002D852EFCA
:10E640008BF0D451D926D55112000001F56F030E7D
:10E65000F66FF5516AEC89F065C0F7F066C0F8F026
:10E66000F8BF18D0F8BF05D0F85114E1080EF75DD7
:10E6700011E247EC90F065C0F0F066C0F1F067C0C1
:10E68000F2F068C0F3F0F7511EEC75F0ADEC8BF0D2
:10E690000001F66B886BF6C089F0410E67EF82F0DF
:10E6A000000E34EC7EF00001E76BE86B17D0D890D9
:10E6B000E735D96EE8359DEC5BF0DECFE5F0DDCFD8
:10E6C000E6F0E7C07FF0E8C080F0E5C081F0E6C08A
:10E6D00082F056EC68F00001E74BE82B0101AE51E7
:10E6E0000001E75DE851800AE46FE6EC75F0E4595B
:10E6F000DEE38DEF68F00000000000627220200071
:10E7000000000000000028FC00000000A8090152E1
:10E71000730026EC00A80901365A00187100701A1F
:10E720000110BC00980C01A80901369200FA1701EB
:10E73000CC1401367200E0240126080114B10062F5
:10E74000722020008404C906720402D00000120066
:10E750009F5100017D6F7E6B7E51F8E17D5102E19A
:10E760002AEF3DF0010A02E1C0EF8AF0030A02E15C
:10E77000ADEF6BF0010A02E12DEF8CF0070A02E128
:10E7800091EF64F0010A02E146EF89F0030A02E129
:10E79000BDEF84F00E0A02E11FEF68F0D7D724D84E
:10E7A000DFA803D061EC92F00BD01ED8DFAA03D013
:10E7B000E8EC91F005D018D8DFAC000CEEEC91F04D
:10E7C0000001F66FF65103E018EC82F002D073EC12
:10E7D00085F0F2C0EAF0F3C0EBF0F4C0ECF0F5C065
:10E7E000EDF0CBEC78F0010CF0C0D9FFF1C0DAFF0E
:10E7F0001200000E34EC7EF00001E76BE86B16D0DF
:10E80000D890E735D96EE8359DEC5BF0DECFE5F0CA
:10E81000DDCFE6F0E7C0C9F0E8C0CAF0E5C0CBF054
:10E82000E6C0CCF0B8EC3AF0E74BE82B0101AE5172
:10E830000001E75DE851800AE46FE6EC75F0E45909
:10E84000DFE38DEF68F0D4C074F0D5C075F0D6C0AA
:10E8500076F0D7C077F03AEC81F020EE33F0D65165
:10E86000D926D751DA22DECFD8F0DDCFD9F0D8C003
:10E87000D9FFD9C0DAFFDF50FDEC6FF0D6C065F0EC
:10E88000D7C066F078EC8AF00009D8B41200D6C080
:10E89000D2F0D7C0D3F0A5EF8CF00101BD5106E155
:10E8A000D4C0D2F0D5C0D3F0A5EC8CF0000120EE9E
:10E8B00045F014D8DA22DF50D66FFF0ED625C46F8C
:10E8C000C56BFF0EC5230ED809D802D891EF8EF084
:10E8D000DA22DF50C76F010EC86F010CD451D92660
:10E8E000D5511200020EC66F20EE21F0020C756F9A
:10E8F00000017551A8EC4DF00009FAE0460E6A6F70
:10E90000100E6B6F010E6C6F740E6D6F64EC8FF0F8
:10E91000730E656F676B010E666F6FEC8FF0240EE0
:10E9200000016A6F250E6B6F010E6C6F6D6B6E6B65
:10E9300059EC8FF0B8EC92F0D2EC8CF0E806FCE0E9
:10E940001200746B756B70C073F07351D96EDA6A14
:10E9500071C0E1FF72C0E2FFDFCFE7FF744B752BA0
:10E96000735111D874517125676F75517221686F99
:10E97000FAEC83F0655174276651752374C070F00A
:10E9800075C071F01200D96EDA6AD92ADECF65F04F
:10E99000DDCF66F01200CEC071F0CFC072F0D0C0F3
:10E9A00073F0D1C074F0900E1AD880EC78F074EC4B
:10E9B00020F0B7EC62F07DC03BF27EC03CF27FC03D
:10E9C0003DF280C03EF201019B6BD2C04EF2D3C03B
:10E9D0004FF2D4C04CF2D5C04DF210EF5FF0756F1E
:10E9E000010E766F776B786B010C8951D96EDA6AFC
:10E9F000DECF69F0DECF6AF0DECF6BF0DECF6CF0F9
:10EA0000010E6D6F96EC8CF08DEC68F00001895171
:10EA1000D96EDA6A0ED8060E00018B6F130E8A6F5C
:10EA2000AD0EE82EFED78A2FFCD78B2FFAD700D059
:10EA30001200DE6ADE6ADE6ADD6A12000001F46F2F
:10EA4000070EF46501D0F46FF4510101A71901E13B
:10EA50001200F0C0C0F0F1C0C1F0F2C0C2F0F3C0CB
:10EA6000C3F00001F4519CEC41F0080EB0EC90F0C2
:10EA7000F0C0EAF0F1C0EBF0F2C0ECF0F3C0EDF062
:10EA8000CBEC78F086EC92F0040E00EF92F012ECF2
:10EA900092F00009D8B4010CA0C067F0A1C068F0E2
:10EAA00026EC8BF00009D8B4010CA0C08AF0A1C0FC
:10EAB0008BF0A2C08CF0A3C08DF0A4C08EF0A5C0D6
:10EAC0008FF040EC47F00009D8A4010CA0C067F01B
:10EAD000A1C068F01BEC46F0000901E1010C000C3C
:10EAE00001A202D084EF79F00097020E0A6F1FC2D4
:10EAF0006EF022EE11F001D80AD00500FA6EDE5059
:10EB0000FD6EDE50FE6EDE50FF6EFA501200000108
:10EB10006F6F706B705102E0ACEF91F06F51020AB1
:10EB200002E1B3EF91F0010A02E1B3EF91F0ACEF33
:10EB300091F08B6F00018B5185EC8FF00009D8B4F8
:10EB40001200240E8C6F8D0E896F8A6B89C0D9FFDD
:10EB50008AC0DAFF8BC0DFFFB30E656F010E666FF0
:10EB60008BC067F05FEC88F0886F20EE01F0895170
:10EB7000D9268A51DA2288C0DFFF8C0E94EC41F04E
:10EB80009DEF55F0CCEC56F07B6B7C6B14D0D8909D
:10EB90007B35D96E7C359DEC5BF0DECF79F0DDCF37
:10EBA0007AF0000120EE4FF07951D9267A51DA221D
:10EBB000DF807B4B7C2B0101AE5100017B5D7C51E2
:10EBC000800A786F03D87859E2E312000101AF514F
:10EBD000800A0001120001D80BD00500FA6E010175
:10EBE0003451FD6E3551FE6E3651FF6EFA501200F3
:10EBF00065C028F166C029F167C02AF168C02BF111
:10EC0000C9EC6DF07DC0D6F37EC0D7F30301D651B9
:10EC1000D71101E11200D6C3D4F3D7C3D5F3FAEC70
:10EC200072F0B5EF8EF06E6B010E35EC91F06E6BFD
:10EC3000020E35EC91F05BEC87F065C07AF066C0AF
:10EC40007BF0BCEC2DF0F1EC8EF00101BBA108D003
:10EC50004CEC7FF0C1EC2DF01FEC3DF0F1EC8EF0B0
:10EC60008DEC68F0020E0001656F65C0ABF2020129
:10EC7000AC6BAD6B120069C070F06AC071F01AD055
:10EC80001DD86BC065F06CC066F0CDEC8EF0000155
:10EC90006F6FDE506F1909E06BC065F06CC066F0F5
:10ECA0000DD8DF50676F39EC80F000016B4B6C2B97
:10ECB000704B712B6D076D29E3E1120070C0D9FF15
:10ECC00071C0DAFF120094EC2BF000017F6B8D0E07
:10ECD0007F256DEC81F0DF68870E7F25D96EDA6ABB
:10ECE000020EDA22DF6A7F2B050E7F65F0D79E0EBB
:10ECF000686F050E08D8F4EC86F0860E686F050E76
:10ED000002D8F4EF86F0696F6B6B800E6A6F6D6BE3
:10ED1000180E6C6F180C21D8DFA803D061EC92F0AC
:10ED20000BD01BD8DFAA03D0E8EC91F005D015D8A2
:10ED3000DFAC000CEEEC91F00001F66FF6510CE048
:10ED400086EC90F0F2C0EAF0F3C0EBF0F4C0ECF027
:10ED5000F5C0EDF0CBEC78F0010CF0C0D9FFF1C0BC
:10ED6000DAFF12000ED0D4C0D2F0D5C0D3F097EFA6
:10ED700087F016D884EC68F018D822EC3BF0F1EF5D
:10ED80008EF020EE3AF011D8DA22DF50D66FD76B32
:10ED9000D751EFE1D651010AE6E0030AE4E0E9D7F2
:10EDA0007D0E7A6F240E7B6F1200D451D926D55177
:10EDB00012007FC065F080C066F0C5EC7AF065C0D7
:10EDC00081F066C082F081C07AF082C07BF09FEC57
:10EDD0004CF0F1EC8EF00DD87D6F7E6FF1EC8EF083
:10EDE000010E706F000ED0EC90F0010E706FD0EF3E
:10EDF00090F06D0E7A6F240E7B6F010E7C6F010C0C
:10EE00000001686B696B17D0D8906835D96E693589
:10EE10009DEC5BF0DECF65F0DDCF66F0B3EC7DF00E
:10EE2000676F470E6825D96E020E6921DA6E67C0DA
:10EE3000DFFF684B692B0101AE510001685D69512C
:10EE4000800A676FE6EC75F06759DEE3120069C06F
:10EE50003FF26AC040F26BC041F26CC042F211D87E
:10EE600001D80AD00500FA6EDE50FD6EDE50FE6E4F
:10EE7000DE50FF6EFA5012000CD8030E01019B6F9A
:10EE8000030C020120EE03F04C51D9264D51DA2239
:10EE9000120067C078F168C079F11200D8EC8BF0ED
:10EEA00004E1030E745DD8A01200746B756BC06B27
:10EEB000020EBE6F21EC8FF065C093F066C094F037
:10EEC000BFEC87F093C097F094C098F095C099F08C
:10EED00096C09AF097C06DF098C06EF099C06FF030
:10EEE0009AC070F0010E1CEF29F020EE1BF01AD82A
:10EEF000DF5014E020EE19F015D8DECF7BF0DDCF27
:10EF00007CF0320E7B25716F000E7C2110D8F3EC63
:10EF100062F071C079F072C07AF012007A6B140E50
:10EF2000796F140C7951D9267A51DA221200726F56
:10EF3000746B640E736F640C00016D6B6E6B1CD090
:10EF40006D5166256A6F6E5167216B6F6AC0F6FF5F
:10EF50006BC0F7FF000EF86E0F0EF76403D00800C9
:10EF6000F55002D060EC54F000016C6F6C5119EC5C
:10EF700083F000016D4B6E2B68516D5D69516E59C8
:10EF8000DFE312007AEC32F020EE17F01AEC3DF0DD
:10EF9000A6EC3CF0BFEC40F0A5C0B2F0A6C0B3F0C8
:10EFA000B251B31103E1B06BB16B1200465003E0F4
:10EFB000030E461805E1B2C0B0F0B3C0B1F01200C4
:10EFC0004604F1E1B229B06F000EB321B16F120017
:10EFD000CFEC91F065C06BF066C06CF06BC065F073
:10EFE0006CC066F054EC8AF0000917E06BC065F065
:10EFF0006CC066F078EC8AF000090FE020EE0DF0AE
:10F000006B51D9266C51DA22010EDBBE010CDB50AC
:10F0100004E1140EDE5C01E2010C000C12EC92F033
:10F02000000921E0A0C067F0A1C068F026EC8BF0D9
:10F03000000919E0A0C067F0A1C068F01BEC46F021
:10F04000000911E0A0C08AF0A1C08BF0A2C08CF032
:10F05000A3C08DF0A4C08EF0A5C08FF04EEC43F09D
:10F06000000901E0010C000C8CC08FF08DC090F005
:10F070000101646B656B12D08BC079F08F0E0001BB
:10F080007A6F8EC07BF07C6BC9EC14F00001795173
:10F090000101642700017A51010165238FC0F6FF49
:10F0A00090C0F7FF34EC80F0E7E164C18BF065C1FC
:10F0B0008CF0120020EE03F01ED8B8C0DEFFB9C0FD
:10F0C000DDFF20EE1BF017D8BAC0DFFF20EE19F0ED
:10F0D00012D8BBC0DEFFBCC0DDFFB6C09DF0B7C01C
:10F0E0009EF0BDC09FF078EC67F0B6C0AEF0B7C040
:10F0F000AFF041EF51F0B651D926B751DA221200E4
:10F10000796B7A6B7B6B7C6B71A108D07551792719
:10F1100076517A2377517B2378517C23D8907537A9
:10F12000763777377837D8907433733372337133D7
:10F130007151721173117411E7E179C071F07AC0E5
:10F1400072F07BC073F07CC074F012001FD8DFA88F
:10F1500003D061EC92F00BD019D8DFAA03D0E8EC11
:10F1600091F005D013D8DFAC000CEEEC91F000016B
:10F17000F66FF6510AE0F2C0EAF0F3C0EBF0F4C02B
:10F18000ECF0F5C0EDF0CBEC78F0010CF0C0D9FF5D
:10F19000F1C0DAFF1200EAC0E0F0EBC0E1F0ECC031
:10F1A000E2F0EDC0E3F0060E0101AA250001EE6FCA
:10F1B000000E0101AB210001EF6FEEC0F6FFEFC0C2
:10F1C000F7FF000EF86E0500FA6E0900F550FD6EAF
:10F1D0000900F550FE6E0900F550FF6EFA5012005E
:10F1E00068BF09D065C065F066C066F067C067F0AB
:10F1F00068C068F0120065C069F066C06AF067C058
:10F200006BF068C06CF0691F6A1F6B1F6C1F692B65
:10F21000000E6A236B236C2369C065F06AC066F038
:10F220006BC067F06CC068F0000C00016B6F18D009
:10F23000CFEC91F065C068F066C069F0120015EC83
:10F240008FF065C068F066C069F0120021EC8FF0A5
:10F2500065C068F066C069F01200686B696B1200E7
:10F2600000016B51E5E0010AEAE0030AEFE0010A60
:10F27000EDE0F3D76E6B6F6B6B51D96EDA6A82EC8F
:10F2800088F06E516C25676F6F516D21686FFAECD5
:10F2900083F065516E2766516F236B5142EC2BF062
:10F2A0006E516C25E16E6F516D21E26EDFCFE7FF8D
:10F2B0006E4B6F2B6EC06BF06FC06CF012006A6B00
:10F2C0006B6B675168111BE0010E696F04D0D89019
:10F2D00067376837692B68AFFAD7D8906A376B37CA
:10F2E0006751655D6851665905E36751655F68510F
:10F2F000665B6A81D89068336733692FEED76AC03E
:10F3000065F06BC066F0120002010097020E0A6FF2
:10F310001FC20BF022EE11F001D80AD00500FA6EE0
:10F32000DE50FD6EDE50FE6EDE50FF6EFA501200B3
:10F330000C6E0D6A0D5002E0EDEF92F00C50020AD7
:10F3400002E1EFEF92F0010A02E1EFEF92F0EDEF50
:10F3500092F0DDC6EAF1DEC6EBF1DFC6ECF1E0C605
:10F36000EDF1090E0101AA25F76F000EAB21F86F30
:10F37000F7C1F6FFF8C1F7FF000EF86E01D8010CD7
:10F380000500FA6E0900F550FD6E0900F550FE6E9D
:10F390000900F550FF6EFA5012003CC09FF03DC0CE
:10F3A000A0F01AD810EE03F068EC42F0E7509E6F20
:10F3B00013D8DECF9BF0DDCF9CF00ED810EE64F0BA
:10F3C00068EC42F0E7509D6F9B0E986FE8EC67F099
:10F3D0000009D8B4000012003AC0D9FF3BC0DAFFE0
:10F3E000120065C0D9FF66C0DAFF1AD820EE02F01D
:10F3F00013D8DA2215D820EE04F00ED8DA2269C02C
:10F40000DEFF6AC0DDFF20EE06F006D800D0DA226B
:10F41000010EDE6EDD6A000C6551D92666511200C0
:10F4200067C0DEFF68C0DDFF120002C006F003C047
:10F4300007F004C008F005C009F006C00AF007C0D4
:10F440000BF008C00CF0010E09A0000E0101956F31
:10F45000955102E00C8E01D00C9E083409300D6EDF
:10F460000AC002F00BC003F00CC004F00DC005F0A0
:10F4700012000101A45101E01200640E0001676551
:10F4800001D0676F686B0FD068516525D96E000E8B
:10F490006621DA6E000E6825E16EE26A060EE2224F
:10F4A000DFCFE7FF682B6751685DEEE367C047F089
:10F4B000010E0101A46F010C72C074F073C075F0ED
:10F4C00070C0D9FF71C0DAFF74C0E1FF75C0E2FF00
:10F4D0000CD87451D9267551DA2210EE01F0705112
:10F4E000E1267151E222E75005D0DFCFE7FF20EEA1
:10F4F00001F01200010ED8B4000EDF6E120042C0FF
:10F50000A6F043C0A7F0C9C0A8F0CAC0A9F0B8ECE3
:10F510005CF0A6C0CDF0A7C0CEF0CDC0C4F0CEC088
:10F52000C5F020EE33F04250D92643509CEC33F026
:10F5300068EC42F0E750C66FCBC0C7F0CCC0C8F053
:10F5400091EF8EF0CFEC91F0330E00016525D96E6E
:10F55000000E662109D8FDEC6FF021EC8FF0330E20
:10F560000ED802D8FDEF6FF0DA6EDECF71F0DDCF8E
:10F5700072F071C0D9FF72C0DAFFDF5012000001D3
:10F580006525D96E000E66211200000118D868ECBE
:10F5900042F0E650E61008E012D868EC42F0E6CF00
:10F5A00065F0E5CF66F0120020EE01F06551D92636
:10F5B0006651DA22DECF65F0DDCF66F0120020EE74
:10F5C00033F06551D9266651DA2210EE01F01200AF
:10F5D00038EC28F0010114D80DEC28F0000114D803
:10F5E000DF9020EE38F09551D9269651DA22DF9E31
:10F5F0000BD8DF9295C08BF096C08CF039EF2FF0CE
:10F60000CA6F9B0ECB6F9B0C20EE39F09551D9261B
:10F610009651DA221200E00E0001656F1A0E666F35
:10F62000010E676FBFC068F0C0C069F0C1C06AF06A
:10F6300048EC8EF087EC38F0BB25676F000EBC21DC
:10F64000686FFB0EBD25696FFF0EBE216A6FA2ECCD
:10F6500072F00000000E90EC80F01200000E15EC2D
:10F6600079F068C088F069C089F00001885189117B
:10F67000D8B412001A0E8C6F8D0E8A6F8B6B8AC0F5
:10F68000D9FF8BC0DAFF030EDF6E20EE01F08A5146
:10F69000D9268B51DA22DF6A8C0E94EC41F09DEF73
:10F6A00055F0746B756B70C073F07351D96EDA6A74
:10F6B00071C0E1FF72C0E2FFDFCFE7FF744B752B33
:10F6C0007351C3EC74F074517125676F75517221D9
:10F6D000686FFAEC83F0655174276651752374C026
:10F6E00070F075C071F01200746B756B70C073F0C0
:10F6F0007351D96EDA6A71C0E1FF72C0E2FFDFCFE9
:10F70000E7FF744B752B74517125D96E75517221B9
:10F71000DA6E7351E16EE26AE12AE7507AEC7AF030
:10F72000744B752B74C070F075C071F012002AEC28
:10F7300092F065C0AFF066C0B0F03AEC3BF0AFC0FD
:10F74000A4F0B0C0A5F071EC7DF0ABC04EF3ACC03E
:10F750004FF3ADC050F3AEC051F39A0E0301526F98
:10F76000250E536F010E546F4E0E0001AB6F030E4A
:10F77000AC6F12000450021A076A086A02A00CD08B
:10F78000D8900330066E0230056E010E0518026E29
:10F79000A00E0618036E03D0D89003320232074A37
:10F7A000082A08BEEBD7085003E1080E075CE6E321
:10F7B00002C002F003C003F01200B06A9E0EB36EE6
:10F7C000580EB26EB250B3CF68F00001696B68C0DA
:10F7D00069F0686B681101018C6F000169510101CA
:10F7E0008D6FA192A0821C0E0001656F260E666FC0
:10F7F000010E676F82EC91F0210EB16E210C696BE6
:10F800006A6B70C068F06851D96EDA6A71C0E1FF46
:10F8100072C0E2FFDFCFE7FF694B6A2B6851D96EF8
:10F82000DA6AD92A69517125E16E6A517221E26E54
:10F83000DFCFE7FF694B6A2B69C070F06AC071F0D7
:10F840001200746B756B70C073F07351D96EDA6A05
:10F8500071C0E1FF72C0E2FFDFCFE7FF744B752B91
:10F860007351D96EDA6AD92A74517125E16E7551D6
:10F870007221E26EDFCFE7FF744B752B74C070F01E
:10F8800075C071F01200746B756B70C073F07351BA
:10F89000D96EDA6A71C0E1FF72C0E2FFDFCFE7FF25
:10F8A000744B752B73296B6F745171256C6F755187
:10F8B00072216D6F3AEC79F06B5174276C5175239E
:10F8C00074C070F075C071F01200746B756B70C00D
:10F8D00073F07351D96EDA6A71C0E1FF72C0E2FF52
:10F8E000DFCFE7FF744B752B7351D96EDA6AD92AD3
:10F8F00074517125E16E75517221E26EDFCFE7FF21
:10F90000744B752B74C070F075C071F01200696B88
:10F910006A6B70C068F06851D96EDA6A71C0E1FF35
:10F9200072C0E2FFDFCFE7FF694B6A2B6851D96EE7
:10F93000DA6AD92A69517125E16E6A517221E26E43
:10F94000DFCFE7FF694B6A2B69C070F06AC071F0C6
:10F95000120068C065F069C066F0B3EC7DF06B6FB3
:10F960006A5110E06B510EE168C065F069C066F045
:10F9700054EC8AF0000906E068C065F069C066F0E2
:10F98000E1EF8CF06B51D8B4120068C065F069C02B
:10F9900066F048EF8BF020EE04F01AD8C00EDE6E51
:10F9A0008D0EDE6E000EDE6E20EE0DF011D869C0F9
:10F9B000DEFF6AC0DDFF20EE0FF00AD867C0DEFF71
:10F9C00068C0DDFF20EE11F003D8DE6ADD6A1200A8
:10F9D0006551D9266651DA22120072C074F073C0E4
:10F9E00075F070C0D9FF71C0DAFF74C0E1FF75C057
:10F9F000E2FFDFCFE7FF7029656F000E7121666FB0
:10FA00009BEC88F020EE01F07451D9267551DA2272
:10FA100000D065C0DEFF66C0DDFF120068AF0DD00C
:10FA2000B00E655D3C0E6659FF0E6759FF0E6859B2
:10FA300004E2030E0101BF6F030C68BF0CD06851D4
:10FA4000671105E1510E655DC30E665904E3020EB0
:10FA50000101BF6F020C010E0101BF6F010C840E8A
:10FA60000001656F240E666F010E676F89EC91F0DF
:10FA7000F60E656F250E666F010E676F82EC91F0D2
:10FA8000F20E656F250E666F010E676F7BEC91F0CD
:10FA9000EE0E656F250E666F010E676F74EF91F0C5
:10FAA00067C06EF068C06FF065C06CF066C06DF046
:10FAB00010D06EC0D9FF6FC0DAFFDF506B6F6E4B96
:10FAC0006F2B6CC0D9FF6DC0DAFF6BC0DFFF6C4BD2
:10FAD0006D2B6907D8A06A076929EBE16A29E9E17A
:10FAE00012000001A451A5110DE1880E9C6F230E98
:10FAF0006CEC65F0530EA06F960EA26F230EA36FF1
:10FB00008DEC84F0A4C03CF0A5C03DF02C0E3C244C
:10FB10000001686F000E3D2004EC6DF0060E6C6F66
:10FB2000F4EF86F000016D6B6E6B11D0D8906D35DF
:10FB3000D96E6E359DEC5BF0DECF68F0DDCF69F0FD
:10FB4000010E00016A6FA9EC7CF06D4B6E2B010178
:10FB5000AE5100016D5D6E51800A6C6FE6EC75F080
:10FB60006C59E4E31200000113D8DFBC010C10D87B
:10FB7000DFBA010C20EE3CF012D8DFB0010C08D83F
:10FB8000DFBE010C20EE3CF00AD8DFB2010C000C05
:10FB900020EE3BF06551D9266651DA2212006551FC
:10FBA000D9266651DA2212000101D751FDE0000E7C
:10FBB0004E24D96EDA6A050EDA22DF50A66F650E82
:10FBC0004E24D96EDA6A060EDA22DF500001656F24
:10FBD0004E2A310E4E6401D04E6AA39A0101D70716
:10FBE000A38A0001655112000DD079C071F07AC06E
:10FBF00072F0746B0A0E736FF3EC62F071C079F0FF
:10FC000072C07AF07B517D6F7C517E6F7B07000E56
:10FC10007C5B7EBF04D07E51E8E17D05E6E279C0E1
:10FC200079F07AC07AF01200E4C1D9FFE5C1DAFFB9
:10FC3000DECFE6F1DDCFE7F10001666B656BE6C173
:10FC400067F0E7C168F06551671906E16651681908
:10FC500001E002D0010E01D0000E0009D8B412005C
:10FC6000010E0201AB6F010C0001766FE3EC92F024
:10FC70000101B25166EC92F0010E6E6F0101A751C5
:10FC800040EC67F078EC8CF0EFEC8FF07EEC92F0CB
:10FC9000F9EC8FF006EC92F0E5EC8FF04AEC72F0A4
:10FCA0000001765154EF4EF0000120EE3BF017D8E2
:10FCB000DFA212000DD8DF5002E00AD8DF0608D814
:10FCC000DF50D8A4120020EE3BF009D8DF921200DA
:10FCD00020EE45F06551D9266651DA2212006551B1
:10FCE000D9266651DA2212000DD06BC065F06CC0C7
:10FCF00066F0686B0A0E676F20EC89F065C06BF0E8
:10FD000066C06CF06D516F6F6E51706F6D07000EB5
:10FD10006E5B70BF04D07051E8E16F05E6E26BC026
:10FD20006BF06CC06CF0120019D8DFA803D061EC46
:10FD300092F005D013D8DFAA000CE8EC91F0000196
:10FD4000F66FF6510AE0F2C0EAF0F3C0EBF0F4C04F
:10FD5000ECF0F5C0EDF0CBEC78F0010CF0C0D9FF81
:10FD6000F1C0DAFF1200D59CD76AD66AD650D7CF39
:10FD700068F0696B68C069F0686B68110201546FC4
:10FD8000000169510201556FF294F28A1E0E0001C2
:10FD9000656F260E666F010E676F89EC91F0970E06
:10FDA000D56E970C8D6A8C6A896A8E6A8A6A020E91
:10FDB0008F6E400E8B6E9668FE0E976E0F0E926ED3
:10FDC000140E986EDD0E936E9F0E946E2F0E956E30
:10FDD0000F0125690F0E246F010E236F538F538D72
:10FDE000010C6751681117E0010E696F04D0D890BB
:10FDF00067376837692B68AFFAD76751655D685117
:10FE0000665904E36751655F6851665BD890683353
:10FE10006733692FF2D765C065F066C066F01200DF
:10FE20004850FEE0000E4924D96EDA6A080EDA2244
:10FE3000DF500101A56F000E4924D96EDA6A0C0E5D
:10FE4000DA22DF500001656F492AF90E496401D0BA
:10FE5000496A9D9A48069D8A65511200696B65C082
:10FE6000D9FF66C0DAFFDECF67F0DDCF68F06951F9
:10FE70006725D96E000E6821DA6E69510101B62539
:10FE8000E16E000EB721E26EDFCFE7FF0001692BC4
:10FE9000050E6965E4D7050C070E0101B86105D0B0
:10FEA000B8C168F00001696B04D00001696B050EF0
:10FEB000686F68C06AF06AC0AEF26A51020D9D0EAA
:10FEC000F324D96E030EF420DA6EDECF65F0DDCFB9
:10FED00066F01200C22B000EC323C423C523CE51EB
:10FEE000CF1102E186EF92F0CE4BCF2BD10ECE5D3B
:10FEF000020ECF5902E286EF92F021EC8FF0380E1D
:10FF0000BFEC7AF0DA6EDF8C17EC46F086EF92F0F9
:10FF10000001D96BDA6B0ED0D890D935D96EDA35AD
:10FF20009DEC5BF0DECFAEF0DDCFAFF041EC51F0F9
:10FF3000D94BDA2B0101AE510001D95DDA51800AAB
:10FF4000D86FE6EC75F0D859E7E3010C6B6F68C029
:10FF500065F000016B517AEC8FF06C6F6D6B09D816
:10FF6000DF5002E006D8DF6A6D2B030E6D65F7D710
:10FF7000030C6C516D25696F6A6B280E6925D96E6B
:10FF8000030E6A21DA6E12006B6B6C6B0ED0D89088
:10FF90006B35D96E6C359DEC5BF0DECF65F0DDCF57
:10FFA00066F048EC8BF06B4B6C2B0101AE510001FD
:10FFB0006B5D6C51800A6A6FE6EC75F06A59E7E395
:10FFC0009EEF69F0D96F0101D9AF03D0A751D8B422
:10FFD0001200D951800A7F0F04E3070EA71901E12F
:10FFE0001200A751D925D86FF5C0F0F0F6C0F1F096
:10FFF000F7C0F2F0F8C0F3F0D8511EEF75F07105BC
:020000040001F9
:1000000004E0020E711901E012006FC065F070C0CB
:1000100066F071C067F0686B52EC5FF002D896EF43
:100020008CF033C069F034C06AF035C06BF036C074
:100030006CF0000E6D6F000C656F090E00016561BC
:1000400009D0DE0E6525F66EF76A200EF72207D876
:10005000F5501200E60EF66E200EF76E05D0F86A27
:10006000000EF82208001200000EF86E0800F5508D
:100070001200000EF2BE010E686F6651030B636E34
:1000800065C062FF67C061FF7F9E7F9C7F84F29E98
:10009000550E7E6EAA0E7E6E7F827FB2FED77F9453
:1000A00068B102D0F29E01D0F28E120000017F6F83
:1000B00017D80AD8E7EC87F00FD806D8E7EC87F016
:1000C00007D802D8E7EF87F07B6F7FC07CF0180C71
:1000D0009B0E00017A6F360C9B0E00017A6F370C75
:1000E0009B0E7A6F300C01A202D019EF85F000014F
:1000F0006E51D96EDA6A020ED926DF50656F6E51E5
:10010000D96EDA6ADECF66F0DDCF67F06FEC8FF084
:1001100000016A6B6B6B6C6B6D6B64EC8FF0020CA7
:100120000001BA6FBA51B86FB96BB951D8A41200B7
:10013000B85102E16BEF71F0020A02E12EEF41F0DB
:10014000120A02E162EF8DF0080A02E17DEF90F001
:10015000380A02E182EF5DF01200800E7C1B75C050
:1001600065F076C066F077C067F078C068F079C057
:1001700069F07AC06AF07BC06BF07CC06CF027EC51
:100180001DF065C075F066C076F067C077F068C096
:1001900078F0120072C069F073C06AF070C0D9FFC5
:1001A00071C0DAFF69C0E1FF6AC0E2FF75EC7AF066
:1001B0007051D9267151DA2210EE01F06951E12611
:1001C0006A5100D0E222DFCFE7FF120072C074F064
:1001D00073C075F070C0D9FF71C0DAFF74C0E1FF61
:1001E00075C0E2FFDFCFE7FF70296A6F000E712153
:1001F0006B6F64EC83F020EE01F07451D9267551D9
:1002000028EF6DF0666F3D0E0001662512D865B1CE
:1002100002D0DF9001D0DF800001655105E03D0E86
:10022000662507D8DF9412003D0E662502D8DF84CC
:100230001200D96EDA6A010EDA221200B3A9000C9C
:10024000B2EC89F070C079F071C07AF00ED8DE504F
:100250000BE1DE04D8A4010C08D8DFB0010C05D8EE
:10026000DFB2010C0101B38B010C79C0D9FF7AC058
:10027000DAFF1200000174510101B01911E100010F
:1002800075510101B1190CE174C06EF075C06FF0C9
:1002900045EC84F076C072F077C073F0C4EF89F05B
:1002A00076C072F077C073F0D6EF89F0676F000107
:1002B00067511CEC80F0676F686B8D0E68250DD858
:1002C0006751DE1805E08D0E682507D867C0DFFF8F
:1002D000682B050E6865F1D7050CD96EDA6A020E37
:1002E000DA2212008BC07FF08CC080F0D9EC76F05F
:1002F0008BC07FF08CC080F08DC081F08EC082F00A
:10030000010E836F9CEC4BF08BC07FF08CC080F0B3
:100310008DC081F08EC082F03FEF5DF06C6F6AC0DF
:1003200065F00001695143EC91F06B6F6C511CEC6E
:1003300080F06C6F8D0E6B256DEC81F06CC0DFFF73
:100340005E0E676F6AC065F06951AAEC81F0686F54
:1003500052EF4FF0666F0001665106E1655101E111
:10036000000C650512E1030C660506E1655101E12B
:10037000010C65050AE1040C020E661906E16551DF
:1003800001E1020C650501E1050C090C686F12D84A
:1003900065B102D0DF9001D0DF800CD866B102D009
:1003A000DF9201D0DF8206D867B102D0DF9401D09E
:1003B000DF8412003D0E00016825D96EDA6A010E55
:1003C000DA221200060000013200062001000000BF
:1003D000000000000000049F24001E000620010011
:1003E00000000000000000000000000114000620D2
:1003F00001000000000000000000030000001400E5
:10040000D60901000000000000000000020000000A
:100410001400560F01000000000000000000010061
:100420000000140082110100000000000000000024
:10043000466AC3EC60F0D6EC4AF0DECF42F0DDCF86
:1004400043F07AEC32F020EE15F01AEC3DF0A6EC19
:100450003CF0BFEC40F0A5C084F1A6C085F1FAECF9
:1004600088F000EF91F0666F040E0001656513D00F
:10047000E70E01019725F66EF76A200EF7222FECA2
:1004800080F0F5CF67F0972B070E97179851000172
:10049000671B6751661B6651120014D8DFA802D093
:1004A000010E04D00FD8DFAC000C020E456EF2C076
:1004B000EAF0F3C0EBF0F4C0ECF0F5C0EDF0CBECFB
:1004C00078F0010CF0C0D9FFF1C0DAFF12008A6F9A
:1004D0008AC08DF08E0E00018B6F8C6B8BC0D9FFA4
:1004E0008CC0DAFF88C0DFFF20EE01F08B51D926E7
:1004F0008C51DA2289C0DFFF8D0E94EC41F09DEF24
:1005000055F08AC075F38BC076F38CC077F38DC03D
:1005100078F3660E0301796F0E0E7A6F010E7B6F12
:100520000E0E0101776F100E766F750E00018A6F47
:10053000030E8B6F12000CD8DF6A0AD8DF8208D84E
:10054000DF8406D8DF8004D8DF8602D8DF88120077
:1005500067516525696F685166216A6F500E69257C
:10056000D96E000E6A21DA6E120009D04EEC77F0D7
:10057000010C32EC4AF0010CCDEC8BF0010C0101C6
:10058000BE510001AF6FB06BB05107E1AF51010A2E
:10059000EDE0030AEEE0010AEFE0010C656F505058
:1005A000FEE0A3B803D065C01CFF0FD0A398970E40
:1005B0005224D96EDA6A060EDA2265C0DFFF522AAB
:1005C000310E526401D0526A5006A388120008D03E
:1005D00074C070F0C5EF2AF074C070F0CDEF33F046
:1005E000745111EC39F0DF50756F766B7651D8A4E9
:1005F000020C7551500AECE0010AD8A4020CECD7A9
:100600006B6B13D06B516825D96E000E6921DA6EC1
:100610006BC065F06B516825E16E000E6921E26EDA
:10062000E75033EC82F0DF6E6B2B6A516B5DEAE3CF
:100630001200656F4B50FEE09DB803D065C0ADFF62
:100640000FD09D98000E4D24D96EDA6A0B0EDA2277
:1006500065C0DFFF4D2AF90E4D6401D04D6A4B068F
:100660009D881200796F640E0001796501D0796F61
:100670007951080DF3CF71F0F4CF72F0746B640E02
:10068000736FF3EC62F071517A6F7A5102E1010EEF
:100690007A6F7A51120072C069F073C06AF070C04C
:1006A000D9FF71C0DAFF69C0E1FF6AC0E2FF75ECF3
:1006B0007AF07051D9267151DA2210EE01F06951A9
:1006C000E1266A51E2EF80F06AC065F06BC066F027
:1006D0009BEC88F065C06DF066C06EF020EE02F015
:1006E0006A51D9266B51DA22DF506F6F6DC06AF004
:1006F0006EC06BF06FC06CF01200AD29A46F000EDD
:10070000AE21A56FA76B030EA66FB10EA86F62ECAA
:1007100057F0AFC0D9FFB0C0DAFFA4C0DEFFA5C05C
:10072000DDFFB1C0ADF0B2C0AEF012000001886FC5
:10073000710E8B6F8C0E896F8A6B89C0D9FF8AC04E
:10074000DAFFDF6A20EE01F08951D9268A51DA22D8
:1007500088C0DFFF8B0E94EC41F09DEF55F0EAC1AD
:1007600073F0EBC174F0ECC175F0EDC176F01EECE6
:1007700081F0000901E01200EAC1DAF1EBC1DBF11E
:10078000ECC1DCF1EDC1DDF124EC19F03BEF36F00A
:10079000B3B704D082EC92F000090DE0010E9A6F1D
:1007A00077C06EF078C06FF079C070F07AC071F0E9
:1007B000FEEC4DF0010C9A5103E09A6B92EC7DF047
:1007C000000C67C06CF068C06DF010D069C065F0B7
:1007D0006AC066F0CDEC8EF06CC0D9FF6DC0DAFF58
:1007E000DF6E0001694B6A2B6C4B6D2B6B076B291D
:1007F000EDE11200696B6A6B67C0D9FF68C0DAFF70
:1008000065C0DFFF694B6A2B69516725D96E6A5154
:100810006821DA6E66C0DFFF694B6A2B69C065F03C
:100820006AC066F01200B9B4000C65C0D9FF66C09A
:10083000DAFF6CC1DEFF6DC1DDFF67C0D9FF68C0A4
:10084000DAFF6AC1DEFF6BC1DDFF69C0D9FF6AC094
:10085000DAFF96C1DFFF010C20EE3BF012D8DA225E
:10086000DF9620EE53F00DD8DDEC70F020EE0DF0A9
:1008700008D8DA2210EE57F06551E126665143EFB1
:100880001FF06551D9266651120006D0348E11D062
:1008900035820FD035880DD06EC070F06FC071F00A
:1008A0000001715106E17051F1E0010AF1E0030A23
:1008B000F1E011EC80F096EF8CF068C065F069C053
:1008C00066F054EC8AF00009D8B4120020EE4FF024
:1008D00007D8DFA4120020EE3CF002D8DF8212001D
:1008E0006851D9266951DA22120068C065F069C0E2
:1008F00066F054EC8AF00009D8B4120020EE4FF0F4
:1009000007D8DFA2120020EE3BF002D8DF8E1200E3
:100910006851D9266951DA221200F40E916F210E26
:10092000926F9CC093F09DC094F09EC095F09FC0C4
:1009300096F0A2C097F0A3C098F0A0C099F0A1C013
:100940009AF090EC8FF06BEF92F01224F423F923DD
:10095000FE2303240824BCD50022D80010FF00BCCD
:10096000B60096C9009A24018ADE0038EF000C25F3
:10097000019604ED05DB05C905FF20EE32F09BEC86
:100980003DF0DF900101B39BB3994AEC68F0DF9032
:100990004AEC68F0DF844AEC68F0DF864AEC68F0E5
:1009A000DF98080E48EF92F0010E0001656F65C0F8
:1009B000ABF2DCC1F0F0DDC1F1F0DEC1F2F0DFC17D
:1009C000F3F08EEC89F00201AC6BAD6B0101BB93CF
:1009D000040E00EF92F08BC071F08CC072F0ABECA3
:1009E00040F0BC0E756F020E766F776B786B80EC03
:1009F00078F071C08BF072C08CF073C08DF074C051
:100A00008EF012008AC068F38BC069F38CC06AF361
:100A10008DC06BF36A0E03016C6F050E6D6F010ED6
:100A20006E6F0101BE6B680E00018A6F030E8B6F43
:100A300012000B50D96EDA6A020ED926DF50026E10
:100A40000B50D96EDA6ADECF03F0DDCF04F0BCECD8
:100A50008FF0076A086A096A0A6AB1EC8FF0020C23
:100A6000A1928CC102F08DC103F0D2EC8DF0010196
:100A7000405141114211D8B412000500FA6E4051A4
:100A8000FD6E4151FE6E4251FF6EFA50120001019F
:100A900020EED2F0A7EC3BF0DF8220EED2F0A7EC04
:100AA0003BF0DF8020EECEF0A7EC3BF0DF6A20EEDB
:100AB000C9F0A7EC3BF0DF6A12000001986F985173
:100AC00032EC83F0996F99C0B2F1ADEC8BF000017C
:100AD000886B896B420E67EC82F0995166EC92F05C
:100AE000070EB0EF90F0020E466403D0466A00EFA6
:100AF00091F0020E46180AE120EE22F01AEC3DF0C9
:100B0000DF50F4E0030E466E00EF91F0462A00EF4E
:100B100091F082EC92F00009D8A412003FEC6AF048
:100B2000690E0101AA6F210EAB6FF0C0EAF0F1C0AF
:100B3000EBF0F2C0ECF0F3C0EDF0CBEF78F086EC28
:100B400092F00ED8B0EC90F02BEC70F0F0C0EAF020
:100B5000F1C0EBF0F2C0ECF0F3C0EDF0CBEF78F0C9
:100B6000A8C1AAF1A9C1ABF1080C706F00017051C6
:100B700001E0358E6E5101E0358C6F5101E0358A10
:100B8000705105E16E5103E16F51D8B4120011ECC0
:100B900080F096EF8CF0000120EE3BF00DD8DF8066
:100BA00020EE3DF009D867C0DEFF68C0DEFF69C0F7
:100BB000DEFF6AC0DEFF12006551D9266651DA22D7
:100BC000120065C050F266C051F267C07EF168C085
:100BD0007FF16DC034F16EC035F16FC036F10101A7
:100BE0007C6B7D6B286B296B2A6B2B6B12000001D1
:100BF00020EE3BF00DD8DF9020EE41F009D867C021
:100C0000DEFF68C0DEFF69C0DEFF6AC0DEFF1200E3
:100C10006551D9266651DA22120096517EEC2BF0EE
:100C200068EC42F0E750976F050E97279651D96E02
:100C3000DA6ADECF88F0DDCF89F097C08AF0E0EC89
:100C40008DF0000C01019F51D8A4120020EE2BF072
:100C50009BEC3DF0DF50D8A4120020EE2BF09BEC73
:100C60003DF002D848EF92F0010EDF6E020C696B86
:100C70006A6B6B6B0AD06A516525D96E6B51662120
:100C8000DA6EDF50691B6A4B6B2B67516A5D6851E6
:100C90006B59F1E369511200D3EC92F001018BEC36
:100CA0006DF0F1EC8EF0070EB0EC90F08DEC68F08A
:100CB0000201AC6BAD6B040E0001656F65C0ABF259
:100CC00012000101BD5111E006EC92F0000901E0B3
:100CD000010C0101B3A1000C67C065F068C066F0AB
:100CE000B4EC8CF0000901E0010C000CD4C07FF0E2
:100CF000D5C080F0D9EC76F0D4C065F0D5C066F0F0
:100D000078EC8AF00009D8B41200D4C0D2F0D5C073
:100D1000D3F0A5EF8CF065C067F066C068F002D034
:100D2000654B662B65C0F6FF66C0F7FF34EC80F0BC
:100D3000F7E16751655D656F68516659666F12002E
:100D4000F28A0000F29AD6CF0EF1D7CF0FF121EE42
:100D500010F020C1DEFF21C1DEFF22C1DEFF23C172
:100D6000DEFFF2B4EDD7F28A1200686B696B705146
:100D7000D96EDA6ADF50010ED8B4000E71C0D9FF07
:100D800072C0DAFFDF6E684B692B68C070F069C013
:100D900071F0120000010CD8DF900AD8DF9208D859
:100DA000DF9406D8DF9604D8DF9802D8DF9A1200C5
:100DB00020EE38F06551D9266651DA2212008AC039
:100DC00056F28BC057F28CC058F28DC059F2520EB9
:100DD00002015A6FF30E5B6F000E5C6F560E00013E
:100DE0008A6F020E8B6F120068C06EF069C06FF0E0
:100DF00008D06EC0D9FF6FC0DAFF6AC0DFFF6E4B4C
:100E00006F2B6C07D8A06D076C29F3E16D29F1E118
:100E10001200320E506010D0970E5124D96EDA6A4B
:100E2000060EDA22DF500F011C6F512A310E516479
:100E300001D0516A502A1200A3981200564A572A2C
:100E4000575003E1280E565C01E35584575003E1E7
:100E5000780E565C01E35586900E565C010E57588D
:100E6000D8B055881200040001017607D8A0770792
:100E7000762908E1772906E10E0E776F100E766F5E
:100E80006AEC7FF0A8EC90F04BEC8CF0010C0001C8
:100E900020EE01F00BD8DECF69F0DDCF6AF020EE56
:100EA00003F004D8DF506B6F98EF90F06C51D926A7
:100EB0006D51DA221200CBEC2DF0AF6FAF5105E18E
:100EC000690E0001686F240E04D0840E0001686F63
:100ED000240E696F68C065F069C066F012007EEC90
:100EE00092F00001F46FF451010ED8A4000E0AEC48
:100EF0006AF0F0C0EAF0F1C0EBF0F2C0ECF0F3C041
:100F0000EDF0CBEF78F00001F46FDBEC92F0000134
:100F1000F425F56FF551AEEC88F0F0C0EAF0F1C0C1
:100F2000EBF0F2C0ECF0F3C0EDF0CBEF78F0D2C014
:100F3000C9F0D3C0CAF020EE25F0D251D926D35142
:100F400004D8010ECD6FB8EF6EF0DA22DECFCBF011
:100F5000DDCFCCF012008BC071F08CC072F0ABEC26
:100F600040F0F40EEFEC74F080EC78F071C08BF090
:100F700072C08CF073C08DF074C08EF0120000014E
:100F800020EE03F09351D9269451DA22C1EC61F09E
:100F900029EC6EF08BC093F08CC094F08DC095F06E
:100FA0008EC096F01200E3EC92F05D0E00017A6FB5
:100FB000240E94EC4CF0F1EC8EF0290E7A6F240E96
:100FC0007B6F9FEC4CF0F1EC8EF08DEF68F07D6F55
:100FD0007DC07EF00AD0400E766F7EC077F07CC078
:100FE00078F07B51EDEC8BF07E2B00017E517A5D29
:100FF000F2E20000120001A202D09AEF8DF06EC062
:1010000065F00001676B020E666F6FEC8FF00001F8
:101010006A6B6B6B6C6B6D6B64EC8FF0020C01A2F6
:1010200002D0A8EF8DF06EC065F00001676B010E75
:10103000666F6FEC8FF000016A6B6B6B6C6B6D6BA6
:1010400064EC8FF0020C01A202D0B6EF8DF06EC0FE
:1010500065F00001676B010E666F6FEC8FF00001A9
:101060006A6B6B6B6C6B6D6B64EC8FF0040C01A2A4
:1010700002D0C4EF8DF06EC065F00001676B020E08
:10108000666F6FEC8FF000016A6B6B6B6C6B6D6B56
:1010900064EC8FF0040C6A6B6551661109E020EE78
:1010A00046F06551D926665105D802E0010E6A6FF7
:1010B0006A511200DA22DE50DE10DE10120008D073
:1010C0000DD8DFB4010C000C09D8DFB2010C000C04
:1010D0006751F6E0010AD8A4000CF6D765C0D9FF25
:1010E00066C0DAFF12007051D96EDA6A0BD871C08F
:1010F00067F072C068F0FAEC83F065C070F066C00B
:1011000071F01200DECF65F0DDCF66F01200FA0E4E
:101110004B600FD0000E4C24D96EDA6A0B0EDA2227
:10112000DF50AD6E4C2AF90E4C6401D04C6A4B2A4C
:1011300012009D98120065C0D9FF66C0DAFFDF502B
:10114000676F20EE01F06551D9266651DA22DF5033
:10115000686F6751656F68C066F01200656F0001C7
:101160006551800A850F03E2FB0E5F6EFB0C655133
:10117000800A7A0F03E3050E5F6E050C65C05FF011
:1011800012000A0E8B03F3CF8FF0F4CF90F08C0394
:10119000F35090278FC08BF090C08CF0000E8CBF66
:1011A000FF0E8D6F8E6F1200A0EC86F00EC169F0FD
:1011B0000FC16AF010C16BF011C16CF069C065F02D
:1011C0006AC066F06BC067F06CC068F012004EC277
:1011D000D9FF4FC2DAFF01D80AD00500FA6EDE50FF
:1011E000FD6EDE50FE6EDE50FF6EFA501200010EF4
:1011F00005EF5EF042C0B0F043C0B1F0700EB26FC8
:10120000020EB36F780EB46F020EB56FD4EC36F0E9
:10121000B0C040F0B1C041F01200899E899C00012D
:1012200020EE3AF06B51D9266C5103D8000EA6EF90
:101230008FF0DA22DE04010ED8A4000E696F1200CE
:1012400065516703F3CF69F0F4CF6AF06551680325
:10125000F3506A2766516703F3506A2769C065F047
:101260006AC066F01200845083CF0CF00D6A0CC087
:101270000DF00C6A0C100E6E0D500F6EFE0E0F125C
:101280000EC007F00FC008F014EF60F086EC92F08B
:10129000E5EC1BF020EE2AF09BEC3DF0D1EC6BF07E
:1012A000C5EC64F09BEC3DF0DF90000E48EF92F04F
:1012B0000001696B0BD069516625D96E000E67215C
:1012C000DA6EDF50CEEC82F00001692B6851695D67
:1012D000F2E31200676F0AD0656B666B1200666BF3
:1012E000070E656F070C656966691200000167519A
:1012F000F3E0010AF4E0F7D793C36CF094C36DF008
:1013000082C06EF083C06FF084C070F085C071F051
:1013100086C072F087C073F093EF30F086EC92F0E5
:10132000B0EC85F0B0EC90F02BEC70F0F0C0EAF08F
:10133000F1C0EBF0F2C0ECF0F3C0EDF0CBEF78F0E1
:1013400020EE22F01AEC3DF0DF50D8A4120020EE7F
:1013500025F01AEC3DF010EE23F04250E126435008
:1013600043EF1FF0800E0001656F020E666F530E93
:10137000676F686B6A6B070E696F50EC7DF0800ECB
:10138000706F020E716F12000001706B20EE21F081
:1013900007D8C8EC90F074EC5DF002D8C8EF90F07C
:1013A0007251D9267351DA22DF5012000001706B9E
:1013B00007D8D0EC90F0010E706F02D8D0EF90F00B
:1013C00020EE21F07251D9267351DA22DF5012003B
:1013D000C1EC8EF0D2EC7EF01EEC92F00CEC8AF0B8
:1013E000FAEC89F0DDEC7BF0B3EC7EF0D1EC60F050
:1013F0004AEF5EF0F90E376F386BBA98B988180E5D
:101400000001656F260E666F010E676F74EC91F038
:101410007C0E0F01366F7C0CF90E3A6F3B6BBA9461
:10142000B9841A0E0001656F260E666F010E676F94
:101430007BEC91F07C0E0F01396F7C0C676F000123
:101440006751656F666B6651D8A4000C6551D8B4BE
:10145000000C010AD8B4010C030AD8B4020C000C29
:10146000676F00016751656F666B6651D8A4020C07
:101470006551D8B4000C060AD8B4030C010AD8B4DC
:10148000010C020C736B746B7051D96EDA6A71C007
:10149000E1FF72C0E2FFDFCFE7FF734B742B73C035
:1014A00070F074C071F01200000109D8DE04D8B4E5
:1014B000010C05D8020EDE1801E1010C000C20EE33
:1014C0003AF06551D9266651DA221200010118510D
:1014D000676F666B19516613060E07D809EC8FF01B
:1014E00066C167F067C168F012000001656F0A0C01
:1014F000000120EE38F06551D9266651DA22DECFA0
:1015000067F0DDCF68F067A167B3000C67A767B528
:10151000000C010C8F90000120EE3AF06B51D9269F
:101520006C5103D8000E9BEF8FF0DA22DE04010E1F
:10153000D8A4000E696F12008F96000120EE3AF0D9
:101540006B51D9266C5103D8000E2BEF90F0DA22A4
:10155000DE04010ED8A4000E696F1200066A0BD0DB
:10156000FF0E0224046EFF0E0320056E04500216C7
:1015700005500316062A02500310F2E1065012002D
:1015800047EC85F04FEC27F09CEC33F068EC42F030
:10159000500EE76E87EC26F0000E48EC92F02DEF2F
:1015A0008FF020EE01F06551D9266651DA22DF5026
:1015B000676F0101BB5100016719FE0B671901013B
:1015C000BB6F120072C0D9FF73C0DAFF70C0DEFFBC
:1015D00071C0DDFF20EE02F07251D9267351DA227C
:1015E00080C1DFFF1200280E686F030E696F6B6BFE
:1015F0006A696D6B180E6C6FF4EC86F002019F69DE
:10160000A069A169A2691200000120EE31F06551C4
:10161000D9266651DA22010EDBBE000CDB5003E155
:10162000020EDE5CD8B0010C000C00016551020115
:101630009F13000166510201A013000167510201CE
:10164000A113000168510201A213120067C065F0E6
:1016500068C066F0B3EC7DF0000908E120EE3BF0D5
:101660006751D9266851DA22DFA2010C000C99518A
:1016700006E197C095F098C096F0E8EC7AF0030E7A
:101680000101BE6F99C0C1F1746B756B86EF92F06A
:10169000000120EE3BF009D8DA22DF9220EE45F07F
:1016A00004D800D0DA22DF6A12006551D9266651CB
:1016B000120020EE4FF06B51D9266C51DA22DF82F6
:1016C0006BC065F06CC066F06DC067F06EC068F00E
:1016D0009BEF82F0BA980101435144114511D8B4EF
:1016E00012000500FA6E4351FD6E4451FE6E4551E5
:1016F000FF6EFA501200BA94010146514711481189
:10170000D8B412000500FA6E4651FD6E4751FE6EC8
:101710004851FF6EFA501200F294010149514A11EA
:101720004B11D8B412000500FA6E4951FD6E4A51B2
:10173000FE6E4B51FF6EFA50120070C065F071C022
:1017400066F008EC67F0726F0101FF510001721939
:1017500003E072C0FFF1010C000C01013751381198
:101760003911D8B412000500FA6E3751FD6E3851A8
:10177000FE6E3951FF6EFA501200CFEC91F065C049
:10178000D4F066C0D5F069EC8CF021EC8FF065C028
:10179000D4F066C0D5F069EF8CF00AD804E1050EEC
:1017A000745DD8A01200746B756BC06BBE6B1200B9
:1017B0000101744B752B755112007B6F00017C6B1E
:1017C0007AC076F07CC077F0786B7B51EDEC8BF0D3
:1017D0007C2B170E7C65F4D7170C796FFD0E00017A
:1017E000736F76C074F0795177EC74F077C073F052
:1017F00078C074F0795177EF74F001011851696F76
:10180000686B19516813360E75EC8AF009EC8FF08D
:1018100068C167F069C168F012006551661167110F
:10182000681102E0800E681B65C065F066C066F056
:1018300067C067F068C068F01200650E4F24D96E6B
:10184000DA6A060EDA221DCFDFFF4F2A310E4F640F
:1018500001D04F6A0101D72B120047EC85F04FEC05
:1018600027F09CEC33F068EC42F0510EE76E87EC09
:1018700026F0000E48EF92F065510101B01906E123
:10188000000166510101B11901E1000C65C0B0F120
:1018900066C0B1F1010CBC5102E0020EBC27030E80
:1018A000BC1902E1F4EF91F0040EBC19D8B4FAECC3
:1018B00091F012000101BD510BE0B3A1000C67C013
:1018C00065F068C066F0B4EC8CF0000901E0010C32
:1018D000000CD4C065F0D5C066F078EC8AF0000941
:1018E000D8B41200D4C0D2F0D5C0D3F0A5EF8CF09C
:1018F00021EC8FF065C068F066C069F0000120EE51
:101900001BF06851D9266951DA22DF501200D4C089
:1019100065F0D5C066F078EC8AF00009D8B4120002
:10192000D4C0D2F0D5C0D3F0A5EF8CF000016D513A
:1019300002E0D9EC92F069C065F06AC066F06BC055
:1019400067F06CC068F015EF8BF0D2C0C9F0D3C05F
:10195000CAF0000120EE0DF0D251D926D351A5ECEA
:1019600087F0CD6BB8EF6EF0000106D8DFB8010C40
:1019700003D8DFBA010C000C20EE38F06551D926EF
:101980006651DA221200000120EE39F06551D926A5
:101990006651DA22DFA0000C01018851891101E0B3
:1019A000010C000C010E0001656F020100B106D0B0
:1019B000009301699E969D960AC265F000016551EB
:1019C000120020EE3BF007D8DF8220EE45F003D86E
:1019D0003C0EDF6E3C0C6551D9266651DA221200AE
:1019E000000120EE38F06551D9266651DA22DECFAB
:1019F00067F0DDCF68F067A167B3010C000C000E43
:101A00004A24D96EDA6A0C0EDA22AECFDFFF4A2AF8
:101A1000F90E4A6401D04A6A482A12000001656F33
:101A200001019C0506E1020E0001651902E10101B8
:101A3000BB8765C09CF1120070C0D9FF71C0DAFF8E
:101A4000DF50010ED8B4000E72C0D9FF73C0DAFFA8
:101A5000DF6E12006CC065F06DC066F06EC067F09E
:101A60006FC068F037EC86F00009D8B4010C000CA8
:101A7000DCC1DCF1DDC1DDF1DEC1DEF1DFC1DFF1B2
:101A8000D4EC84F0BB95140E00EF92F04650656FD5
:101A9000666B6651D8A4010C6551010AD8B4000CDC
:101AA000030AD8B4020C010C06D8DFB6010C03D827
:101AB000DFB4010C000C20EE38F06551D9266651D8
:101AC000DA2212000001986B985129EC53F0982B00
:101AD000020E9865F9D7886B896B100E67EF82F05C
:101AE0008D0E706F030E716F7AC072F07BC073F051
:101AF0007CC074F07DC075F067EF59F06CBF05D005
:101B00006BC06BF06CC06CF012006B1D6B6F6C1DCA
:101B10006C6F6B4B6C2B12006FC024F170C025F101
:101B200071C026F172C027F1070EA719D8B492EC44
:101B30007DF012000BC002F0046A020E036EBCECD2
:101B40008FF0076A086A096A0A6AB1EC8FF0020C22
:101B50000BC002F0046A010E036EBCEC8FF0076A42
:101B6000086A096A0A6AB1EC8FF0020C0BC002F035
:101B7000046A010E036EBCEC8FF0076A086A096AFA
:101B80000A6AB1EC8FF0040C0BC002F0046A020E7A
:101B9000036EBCEC8FF0076A086A096A0A6AB1EC46
:101BA0008FF0040CB1A407D0B19003C0B3FF02C002
:101BB000B2FFB180120003C0B3FF02C0B2FF120037
:101BC000300E8B6F88C08CF089C08DF08AC08EF08B
:101BD0008B0E94EC41F09DEF55F00001986F9851F9
:101BE0000AEC6AF0ADEC8BF00001886B896B430E58
:101BF00067EF82F072C069F073C06AF069C0D9FF04
:101C00006AC0DAFF70C0DEFF71C0DDFF12000101A3
:101C1000BD5109E067C065F068C066F0B3EC7DF0C7
:101C2000000901E0010C000CB5EC92F0000908E09D
:101C300083B483B201D0030C83B4020C83A2010CE1
:101C4000000C898E898C000120EE3AF06B51D92668
:101C50006C5119EC89F0010EA6EF8FF00001886F2E
:101C60008D0E7F6F020E806F870E816F020E826F66
:101C7000885198EF20F0676F00016751656F666BC0
:101C80006651D8A4000C6551010AD8B4010C000CAF
:101C900065C037F066C038F067C039F068C037F10A
:101CA00069C038F16AC039F112000001986F98C01C
:101CB00088F0896B800E67EC82F098290101BC6F77
:101CC0001200950E656F030E666F70C067F071C0ED
:101CD00068F072C069F03FEF62F070C065F071C0EB
:101CE00066F09BEC88F072C0D9FF73C0DAFF09EF91
:101CF0007DF0F4C0DCF1F5C0DDF1F6C0DEF1F7C037
:101D0000DFF1D4EC84F0BB9512000101B3A7000C05
:101D1000530E00017A6F240E6FEC6AF0F1EC8EF036
:101D2000010CC4C0B5F0C5C0B6F0C6C0B7F0C7C09E
:101D3000B8F0C8C0B9F0FFEF47F08F80000120EE87
:101D40003AF06B51D9266C5195EC8AF0010E9BEF5D
:101D50008FF08F86000120EE3AF06B51D9266C513E
:101D6000A7EC8AF0010E2BEF90F001017C4B7D2B4C
:101D70007E517C5D7F517D59D8A012007C6B7D6BBC
:101D80001200D08EA2869F86F184A282D284D2884D
:101D90009F8AA58A9F98A59812006651030B636ECF
:101DA00065C062FF7F9C7F9E7F80000000006150C5
:101DB000120001A202D008EF91F000870151012525
:101DC0000001656F65C0C9FF030C01A202D010EFCE
:101DD00091F00087D88001350001656F65C0C9FFAB
:101DE000050C7AC06DF07BC06EF07CC06FF07DC0DA
:101DF00070F07EC071F017EF54F0280E0001686F8C
:101E0000030E04EC6DF0180E6C6FF4EC86F03DEFF1
:101E100091F0666F65C01CF166C01DF165C01EF1D2
:101E200066C01FF1B9880000120007D8D6EC4AF04E
:101E3000DECF65F0DDCF66F01200010120EE02F08A
:101E4000120007D8D6EC4AF0DECF65F0DDCF66F0A1
:101E50001200010120EE04F0120020EE2AF09BECAB
:101E60003DF0DF6A20EE2BF09BEC3DF0DF6A1200C4
:101E700098C0D9FF99C0DAFFDF50886F020E896FD2
:101E8000450E67EF82F003019B51995D0001656F7C
:101E900003019C519A590001666F12000001886F7E
:101EA000900E896F88C08AF0890E94EC41F09DEF06
:101EB00055F06AC065F06BC066F06CC067F06DC02D
:101EC00068F0020E7AEF6BF06AC065F06BC066F0E6
:101ED0006CC067F06DC068F0000E7AEF6BF0020125
:101EE00000A5120065C002F266C003F267C004F2EA
:101EF00000951200676F00016751040DF3CF66F083
:101F000065510C0DF35066251200666F010E00013D
:101F1000656F665103E0660501E0656B655112006F
:101F2000930E9B6F8B6B91C08CF092C08DF09B0ECB
:101F30008E6F34EF78F06A6F6AC065F069C066F042
:101F4000010E0001676F020EC6EF81F06A6F6AC072
:101F500065F069C066F0010E0001676F000EC6EF04
:101F600081F007C002F008C003F009C004F00AC005
:101F700005F0000E75EF6CF0020100A5120002C022
:101F800002F203C003F204C004F200951200810EB5
:101F90000001666F210E676F696B050E686F9CEF1D
:101FA00077F098C0B9F199C0BAF10001886B896BDC
:101FB000830E67EF82F070C0D9FF71C0DAFF72C084
:101FC000E1FF73C0E2FF43EF50F000016E6F6E510E
:101FD000D8B41200368411EC80F096EF8CF06E6F5E
:101FE00000016E51D8B41200368011EC80F096EFEB
:101FF0008CF000016E6F6E51D8B41200368A11EC6D
:1020000080F096EF8CF08BC08BF08CC08CF0000EC3
:102010008CBFFF0E8D6F8E6F1200656F00016551D2
:1020200003E0898A89881200899A89981200C5ACD0
:1020300004D00001656B652B02D00001656B653132
:10204000120077C06EF078C06FF079C070F07AC07F
:1020500071F0FEEF4DF06A6F6AC065F069C066F01E
:10206000010E0001676FC6EF81F005A224001C007D
:102070006CAC002CDE0026A3009ECD0070C065F085
:1020800071C066F008EC67F00101FF6F120028C113
:1020900065F029C166F02AC167F02BC168F0120013
:1020A000010E0101BE6FC06BBF6BC16B746B756BB2
:1020B000120000016F6F6DC069F06EC06AF06F5161
:1020C0008EEF81F0C6BA1200C76A280EC66EC56AC6
:1020D000090EC86E090C20EE59F06651D9266751D9
:1020E000DA22DF50E8EF90F065B5010C65B7020C1D
:1020F00065B3030C65B1040C000CEAEC55F02EEC52
:102100007BF0886B896B180E67EF82F0C3EC60F090
:10211000D6EC4AF0DECF52F2DDCF53F2120065C0AA
:1021200043F266C044F267C045F268C046F212004E
:1021300069C065F06AC066F06BC067F039EF7AF08D
:10214000600E0001886F880E94EC41F09DEF55F011
:1021500088518911D8B412008807D8A089071200C5
:102160000001696F5E0E676F69C068F052EF4FF053
:102170002D0E00016525656F000E6621666F120049
:102180002B0E00016525656F000E6621666F12003B
:10219000716F71C06DF070C06EF0070E59EF90F066
:1021A000716F71C06DF070C06EF0020E59EF90F05B
:1021B000B3A1000CE0EC90F0000901E0010C000C70
:1021C000A751D8B4010C070EA71901E1010C000CAE
:1021D000656F3D0E0001652519EC81F0DF5012009E
:1021E000F8EC90F067C065F068C066F008EF93F017
:1021F00001D08E0701018E51800A7F0FFAE2120092
:10220000465059EC6EF065C082F166C083F1120051
:102210000201008701510125026E02C0C9FF030CB3
:1022200002010087D8800135026E02C0C9FF050C8B
:10223000556A586A596A566A576A536A546A12004C
:102240007E517F1101E11200EBEC75F0FDD7010129
:10225000BD51010ED8A4000EBD6F1200000E34EC6B
:102260007EF0B2EC3CF08DEF68F06F6F6EC068F0FE
:1022700000016F51A6EF7FF000D002019F6BA06BB1
:10228000A16BA26B1200666F00016551030DF35044
:102290006625120065C058F166C059F167C05AF151
:1022A000120065C05BF166C05CF167C05DF11200B1
:1022B00065C055F166C056F167C057F1120065C0A0
:1022C0004FF166C050F167C051F1120065C052F184
:1022D00066C053F167C054F1120065C04CF166C08E
:1022E0004DF167C04EF1120065C043F166C044F184
:1022F00067C045F1120065C046F166C047F167C08E
:1023000048F1120065C040F166C041F167C042F17A
:10231000120065C049F166C04AF167C04BF1120076
:1023200001A202D0C1EF92F0BBEC92F0090C01A225
:1023300002D0C4EF92F0BBEC92F00A0C01A202D0E2
:10234000C7EF92F0C59AC588050C01A202D096EF9E
:1023500092F00097C586040C01A202D0EDEF92F036
:10236000DDEC92F0000C01A202D0EFEF92F0DFEC76
:1023700092F0010C01A202D0F1EF92F0DFEC92F0AA
:10238000020C01A202D0F3EF92F0DFEC92F0010C0C
:1023900001A202D09AEF92F000910A6B0E0CE4ECCD
:1023A0004AF0DECF65F0DDCF66F01200656F010107
:1023B000976B65C098F112000001886B896B840EE1
:1023C00067EF82F0000E0001656F0A0E666F120063
:1023D0000001666B010E656F3CEF8CF00001666BCF
:1023E000020E656F3CEF8CF0F29EF29CD088D0928A
:1023F000FF001200F29EF29CD088D082FF001200F3
:102400000001656F655101017013120014EC8EF02C
:10241000000901E0010C000CBE0E0001656F010E09
:10242000666F1200070E0101A719D8B4010C000C49
:102430000E0E0101896F100E886F100C700ED36E96
:10244000646A9B6A2A6B120001B29EEF92F00091BF
:102450000A6B0E0C520E0001656F050E666F1200BE
:10246000EF0E656F200E666F3CEF92F0FC0E656F0D
:10247000200E666F3CEF92F065C03EF066C03FF004
:1024800086EF90F0202B000E212322232323000C23
:102490000001656F65C09FF1120048C065F0000142
:1024A000666B12000001656F65C0B8F11200000E86
:1024B000656F040E666F1200800E656F090E666F01
:1024C00012000001666B656B3CEF8CF00001696FD8
:1024D000695156EF81F0000168696769F0EF90F08B
:1024E000000E75EC92F0B98412000001656F65C0B2
:1024F0003BFF1200D1EC92F0A0EF90F00101B3B1DC
:10250000010C000C0101B3B9010C000C010E01011A
:102510008F6F010C01A2050C050C050C01A2010C2A
:10252000010C010C01A2030C030C030C0201009727
:10253000C586040C020100910A6B0E0C0201009189
:102540000A6B0E0C0F01229922891200FFFF10273F
:102550000164B9A4010C000C86B0010C000C80BE13
:10256000010C000C86B6010C000C83A6010C000CBB
:10257000000E05EF65F0C58AC5881200706B716B9F
:102580001200C58AC588090CC58AC5880A0CC59A77
:10259000C588050CAB98AB88120055EF12F082EF9E
:1025A0005DF06BEF71F0F3EF8AF08DEF68F08DEF77
:1025B00068F03CEF91F05F501200C5841200C582B4
:1025C00012009E961200FDEF8EF0456A1200B5EFE4
:1025D00070F018EF82F08EEF4AF0C584000CC582CF
:1025E000010CC582020CC582010CA1961200E9EF14
:1025F0004AF0C6EF61F033EF89F01DEF8CF0FFEF8A
:102600008CF01200120012001200120012001200D0
:10261000FFD7050C010C030C12001200120012006F
:1026200012001200FFFFFFFFFFFFFFFFFFFFFFFF92
:10263000FFFFFFFFFFFFFFFFFFFFFFFFFFFFFFFFAA
:10264000FFFFFFFFFFFFFFFFFFFFFFFFFFFFFFFF9A
:10265000FFFFFFFFFFFFFFFFFFFFFFFFFFFFFFFF8A
:10266000FFFFFFFFFFFFFFFFFFFFFFFFFFFFFFFF7A
:10267000FFFFFFFFFFFFFFFFFFFFFFFFFFFFFFFF6A
:10268000FFFFFFFFFFFFFFFFFFFFFFFFFFFFFFFF5A
:10269000FFFFFFFFFFFFFFFFFFFFFFFFFFFFFFFF4A
:1026A000FFFFFFFFFFFFFFFFFFFFFFFFFFFFFFFF3A
:1026B000FFFFFFFFFFFFFFFFFFFFFFFFFFFFFFFF2A
:1026C000FFFFFFFFFFFFFFFFFFFFFFFFFFFFFFFF1A
:1026D000FFFFFFFFFFFFFFFFFFFFFFFFFFFFFFFF0A
:1026E000FFFFFFFFFFFFFFFFFFFFFFFFFFFFFFFFFA
:1026F000FFFFFFFFFFFFFFFFFFFFFFFFFFFFFFFFEA
:10270000FFFFFFFFFFFFFFFFFFFFFFFFFFFFFFFFD9
:10271000FFFFFFFFFFFFFFFFFFFFFFFFFFFFFFFFC9
:10272000FFFFFFFFFFFFFFFFFFFFFFFFFFFFFFFFB9
:10273000FFFFFFFFFFFFFFFFFFFFFFFFFFFFFFFFA9
:10274000FFFFFFFFFFFFFFFFFFFFFFFFFFFFFFFF99
:10275000FFFFFFFFFFFFFFFFFFFFFFFFFFFFFFFF89
:10276000FFFFFFFFFFFFFFFFFFFFFFFFFFFFFFFF79
:10277000FFFFFFFFFFFFFFFFFFFFFFFFFFFFFFFF69
:10278000FFFFFFFFFFFFFFFFFFFFFFFFFFFFFFFF59
:10279000FFFFFFFFFFFFFFFFFFFFFFFFFFFFFFFF49
:1027A000FFFFFFFFFFFFFFFFFFFFFFFFFFFFFFFF39
:1027B000FFFFFFFFFFFFFFFFFFFFFFFFFFFFFFFF29
:1027C000FFFFFFFFFFFFFFFFFFFFFFFFFFFFFFFF19
:1027D000FFFFFFFFFFFFFFFFFFFFFFFFFFFFFFFF09
:1027E000FFFFFFFFFFFFFFFFFFFFFFFFFFFFFFFFF9
:1027F000FFFFFFFFFFFFFFFFFFFFFFFFFFFFFFFFE9
:10280000FFFFFFFFFFFFFFFFFFFFFFFFFFFFFFFFD8
:10281000FFFFFFFFFFFFFFFFFFFFFFFFFFFFFFFFC8
:10282000FFFFFFFFFFFFFFFFFFFFFFFFFFFFFFFFB8
:10283000FFFFFFFFFFFFFFFFFFFFFFFFFFFFFFFFA8
:10284000FFFFFFFFFFFFFFFFFFFFFFFFFFFFFFFF98
:10285000FFFFFFFFFFFFFFFFFFFFFFFFFFFFFFFF88
:10286000FFFFFFFFFFFFFFFFFFFFFFFFFFFFFFFF78
:10287000FFFFFFFFFFFFFFFFFFFFFFFFFFFFFFFF68
:10288000FFFFFFFFFFFFFFFFFFFFFFFFFFFFFFFF58
:10289000FFFFFFFFFFFFFFFFFFFFFFFFFFFFFFFF48
:1028A000FFFFFFFFFFFFFFFFFFFFFFFFFFFFFFFF38
:1028B000FFFFFFFFFFFFFFFFFFFFFFFFFFFFFFFF28
:1028C000FFFFFFFFFFFFFFFFFFFFFFFFFFFFFFFF18
:1028D000FFFFFFFFFFFFFFFFFFFFFFFFFFFFFFFF08
:1028E000FFFFFFFFFFFFFFFFFFFFFFFFFFFFFFFFF8
:1028F000FFFFFFFFFFFFFFFFFFFFFFFFFFFFFFFFE8
:10290000FFFFFFFFFFFFFFFFFFFFFFFFFFFFFFFFD7
:10291000FFFFFFFFFFFFFFFFFFFFFFFFFFFFFFFFC7
:10292000FFFFFFFFFFFFFFFFFFFFFFFFFFFFFFFFB7
:10293000FFFFFFFFFFFFFFFFFFFFFFFFFFFFFFFFA7
:10294000FFFFFFFFFFFFFFFFFFFFFFFFFFFFFFFF97
:10295000FFFFFFFFFFFFFFFFFFFFFFFFFFFFFFFF87
:10296000FFFFFFFFFFFFFFFFFFFFFFFFFFFFFFFF77
:10297000FFFFFFFFFFFFFFFFFFFFFFFFFFFFFFFF67
:10298000FFFFFFFFFFFFFFFFFFFFFFFFFFFFFFFF57
:10299000FFFFFFFFFFFFFFFFFFFFFFFFFFFFFFFF47
:1029A000FFFFFFFFFFFFFFFFFFFFFFFFFFFFFFFF37
:1029B000FFFFFFFFFFFFFFFFFFFFFFFFFFFFFFFF27
:1029C000FFFFFFFFFFFFFFFFFFFFFFFFFFFFFFFF17
:1029D000FFFFFFFFFFFFFFFFFFFFFFFFFFFFFFFF07
:1029E000FFFFFFFFFFFFFFFFFFFFFFFFFFFFFFFFF7
:1029F000FFFFFFFFFFFFFFFFFFFFFFFFFFFFFFFFE7
:102A0000FFFFFFFFFFFFFFFFFFFFFFFFFFFFFFFFD6
:102A1000FFFFFFFFFFFFFFFFFFFFFFFFFFFFFFFFC6
:102A2000FFFFFFFFFFFFFFFFFFFFFFFFFFFFFFFFB6
:102A3000FFFFFFFFFFFFFFFFFFFFFFFFFFFFFFFFA6
:102A4000FFFFFFFFFFFFFFFFFFFFFFFFFFFFFFFF96
:102A5000FFFFFFFFFFFFFFFFFFFFFFFFFFFFFFFF86
:102A6000FFFFFFFFFFFFFFFFFFFFFFFFFFFFFFFF76
:102A7000FFFFFFFFFFFFFFFFFFFFFFFFFFFFFFFF66
:102A8000FFFFFFFFFFFFFFFFFFFFFFFFFFFFFFFF56
:102A9000FFFFFFFFFFFFFFFFFFFFFFFFFFFFFFFF46
:102AA000FFFFFFFFFFFFFFFFFFFFFFFFFFFFFFFF36
:102AB000FFFFFFFFFFFFFFFFFFFFFFFFFFFFFFFF26
:102AC000FFFFFFFFFFFFFFFFFFFFFFFFFFFFFFFF16
:102AD000FFFFFFFFFFFFFFFFFFFFFFFFFFFFFFFF06
:102AE000FFFFFFFFFFFFFFFFFFFFFFFFFFFFFFFFF6
:102AF000FFFFFFFFFFFFFFFFFFFFFFFFFFFFFFFFE6
:102B0000FFFFFFFFFFFFFFFFFFFFFFFFFFFFFFFFD5
:102B1000FFFFFFFFFFFFFFFFFFFFFFFFFFFFFFFFC5
:102B2000FFFFFFFFFFFFFFFFFFFFFFFFFFFFFFFFB5
:102B3000FFFFFFFFFFFFFFFFFFFFFFFFFFFFFFFFA5
:102B4000FFFFFFFFFFFFFFFFFFFFFFFFFFFFFFFF95
:102B5000FFFFFFFFFFFFFFFFFFFFFFFFFFFFFFFF85
:102B6000FFFFFFFFFFFFFFFFFFFFFFFFFFFFFFFF75
:102B7000FFFFFFFFFFFFFFFFFFFFFFFFFFFFFFFF65
:102B8000FFFFFFFFFFFFFFFFFFFFFFFFFFFFFFFF55
:102B9000FFFFFFFFFFFFFFFFFFFFFFFFFFFFFFFF45
:102BA000FFFFFFFFFFFFFFFFFFFFFFFFFFFFFFFF35
:102BB000FFFFFFFFFFFFFFFFFFFFFFFFFFFFFFFF25
:102BC000FFFFFFFFFFFFFFFFFFFFFFFFFFFFFFFF15
:102BD000FFFFFFFFFFFFFFFFFFFFFFFFFFFFFFFF05
:102BE000FFFFFFFFFFFFFFFFFFFFFFFFFFFFFFFFF5
:102BF000FFFFFFFFFFFFFFFFFFFFFFFFFFFFFFFFE5
:102C0000FFFFFFFFFFFFFFFFFFFFFFFFFFFFFFFFD4
:102C1000FFFFFFFFFFFFFFFFFFFFFFFFFFFFFFFFC4
:102C2000FFFFFFFFFFFFFFFFFFFFFFFFFFFFFFFFB4
:102C3000FFFFFFFFFFFFFFFFFFFFFFFFFFFFFFFFA4
:102C4000FFFFFFFFFFFFFFFFFFFFFFFFFFFFFFFF94
:102C5000FFFFFFFFFFFFFFFFFFFFFFFFFFFFFFFF84
:102C6000FFFFFFFFFFFFFFFFFFFFFFFFFFFFFFFF74
:102C7000FFFFFFFFFFFFFFFFFFFFFFFFFFFFFFFF64
:102C8000FFFFFFFFFFFFFFFFFFFFFFFFFFFFFFFF54
:102C9000FFFFFFFFFFFFFFFFFFFFFFFFFFFFFFFF44
:102CA000FFFFFFFFFFFFFFFFFFFFFFFFFFFFFFFF34
:102CB000FFFFFFFFFFFFFFFFFFFFFFFFFFFFFFFF24
:102CC000FFFFFFFFFFFFFFFFFFFFFFFFFFFFFFFF14
:102CD000FFFFFFFFFFFFFFFFFFFFFFFFFFFFFFFF04
:102CE000FFFFFFFFFFFFFFFFFFFFFFFFFFFFFFFFF4
:102CF000FFFFFFFFFFFFFFFFFFFFFFFFFFFFFFFFE4
:102D0000FFFFFFFFFFFFFFFFFFFFFFFFFFFFFFFFD3
:102D1000FFFFFFFFFFFFFFFFFFFFFFFFFFFFFFFFC3
:102D2000FFFFFFFFFFFFFFFFFFFFFFFFFFFFFFFFB3
:102D3000FFFFFFFFFFFFFFFFFFFFFFFFFFFFFFFFA3
:102D4000FFFFFFFFFFFFFFFFFFFFFFFFFFFFFFFF93
:102D5000FFFFFFFFFFFFFFFFFFFFFFFFFFFFFFFF83
:102D6000FFFFFFFFFFFFFFFFFFFFFFFFFFFFFFFF73
:102D7000FFFFFFFFFFFFFFFFFFFFFFFFFFFFFFFF63
:102D8000FFFFFFFFFFFFFFFFFFFFFFFFFFFFFFFF53
:102D9000FFFFFFFFFFFFFFFFFFFFFFFFFFFFFFFF43
:102DA000FFFFFFFFFFFFFFFFFFFFFFFFFFFFFFFF33
:102DB000FFFFFFFFFFFFFFFFFFFFFFFFFFFFFFFF23
:102DC000FFFFFFFFFFFFFFFFFFFFFFFFFFFFFFFF13
:102DD000FFFFFFFFFFFFFFFFFFFFFFFFFFFFFFFF03
:102DE000FFFFFFFFFFFFFFFFFFFFFFFFFFFFFFFFF3
:102DF000FFFFFFFFFFFFFFFFFFFFFFFFFFFFFFFFE3
:102E0000FFFFFFFFFFFFFFFFFFFFFFFFFFFFFFFFD2
:102E1000FFFFFFFFFFFFFFFFFFFFFFFFFFFFFFFFC2
:102E2000FFFFFFFFFFFFFFFFFFFFFFFFFFFFFFFFB2
:102E3000FFFFFFFFFFFFFFFFFFFFFFFFFFFFFFFFA2
:102E4000FFFFFFFFFFFFFFFFFFFFFFFFFFFFFFFF92
:102E5000FFFFFFFFFFFFFFFFFFFFFFFFFFFFFFFF82
:102E6000FFFFFFFFFFFFFFFFFFFFFFFFFFFFFFFF72
:102E7000FFFFFFFFFFFFFFFFFFFFFFFFFFFFFFFF62
:102E8000FFFFFFFFFFFFFFFFFFFFFFFFFFFFFFFF52
:102E9000FFFFFFFFFFFFFFFFFFFFFFFFFFFFFFFF42
:102EA000FFFFFFFFFFFFFFFFFFFFFFFFFFFFFFFF32
:102EB000FFFFFFFFFFFFFFFFFFFFFFFFFFFFFFFF22
:102EC000FFFFFFFFFFFFFFFFFFFFFFFFFFFFFFFF12
:102ED000FFFFFFFFFFFFFFFFFFFFFFFFFFFFFFFF02
:102EE000FFFFFFFFFFFFFFFFFFFFFFFFFFFFFFFFF2
:102EF000FFFFFFFFFFFFFFFFFFFFFFFFFFFFFFFFE2
:102F0000FFFFFFFFFFFFFFFFFFFFFFFFFFFFFFFFD1
:102F1000FFFFFFFFFFFFFFFFFFFFFFFFFFFFFFFFC1
:102F2000FFFFFFFFFFFFFFFFFFFFFFFFFFFFFFFFB1
:102F3000FFFFFFFFFFFFFFFFFFFFFFFFFFFFFFFFA1
:102F4000FFFFFFFFFFFFFFFFFFFFFFFFFFFFFFFF91
:102F5000FFFFFFFFFFFFFFFFFFFFFFFFFFFFFFFF81
:102F6000FFFFFFFFFFFFFFFFFFFFFFFFFFFFFFFF71
:102F7000FFFFFFFFFFFFFFFFFFFFFFFFFFFFFFFF61
:102F8000FFFFFFFFFFFFFFFFFFFFFFFFFFFFFFFF51
:102F9000FFFFFFFFFFFFFFFFFFFFFFFFFFFFFFFF41
:102FA000FFFFFFFFFFFFFFFFFFFFFFFFFFFFFFFF31
:102FB000FFFFFFFFFFFFFFFFFFFFFFFFFFFFFFFF21
:102FC000FFFFFFFFFFFFFFFFFFFFFFFFFFFFFFFF11
:102FD000FFFFFFFFFFFFFFFFFFFFFFFFFFFFFFFF01
:102FE000FFFFFFFFFFFFFFFFFFFFFFFFFFFFFFFFF1
:102FF000FFFFFFFFFFFFFFFFFFFFFFFFFFFFFFFFE1
:10300000FFFFFFFFFFFFFFFFFFFFFFFFFFFFFFFFD0
:10301000FFFFFFFFFFFFFFFFFFFFFFFFFFFFFFFFC0
:10302000FFFFFFFFFFFFFFFFFFFFFFFFFFFFFFFFB0
:10303000FFFFFFFFFFFFFFFFFFFFFFFFFFFFFFFFA0
:10304000FFFFFFFFFFFFFFFFFFFFFFFFFFFFFFFF90
:10305000FFFFFFFFFFFFFFFFFFFFFFFFFFFFFFFF80
:10306000FFFFFFFFFFFFFFFFFFFFFFFFFFFFFFFF70
:10307000FFFFFFFFFFFFFFFFFFFFFFFFFFFFFFFF60
:10308000FFFFFFFFFFFFFFFFFFFFFFFFFFFFFFFF50
:10309000FFFFFFFFFFFFFFFFFFFFFFFFFFFFFFFF40
:1030A000FFFFFFFFFFFFFFFFFFFFFFFFFFFFFFFF30
:1030B000FFFFFFFFFFFFFFFFFFFFFFFFFFFFFFFF20
:1030C000FFFFFFFFFFFFFFFFFFFFFFFFFFFFFFFF10
:1030D000FFFFFFFFFFFFFFFFFFFFFFFFFFFFFFFF00
:1030E000FFFFFFFFFFFFFFFFFFFFFFFFFFFFFFFFF0
:1030F000FFFFFFFFFFFFFFFFFFFFFFFFFFFFFFFFE0
:10310000FFFFFFFFFFFFFFFFFFFFFFFFFFFFFFFFCF
:10311000FFFFFFFFFFFFFFFFFFFFFFFFFFFFFFFFBF
:10312000FFFFFFFFFFFFFFFFFFFFFFFFFFFFFFFFAF
:10313000FFFFFFFFFFFFFFFFFFFFFFFFFFFFFFFF9F
:10314000FFFFFFFFFFFFFFFFFFFFFFFFFFFFFFFF8F
:10315000FFFFFFFFFFFFFFFFFFFFFFFFFFFFFFFF7F
:10316000FFFFFFFFFFFFFFFFFFFFFFFFFFFFFFFF6F
:10317000FFFFFFFFFFFFFFFFFFFFFFFFFFFFFFFF5F
:10318000FFFFFFFFFFFFFFFFFFFFFFFFFFFFFFFF4F
:10319000FFFFFFFFFFFFFFFFFFFFFFFFFFFFFFFF3F
:1031A000FFFFFFFFFFFFFFFFFFFFFFFFFFFFFFFF2F
:1031B000FFFFFFFFFFFFFFFFFFFFFFFFFFFFFFFF1F
:1031C000FFFFFFFFFFFFFFFFFFFFFFFFFFFFFFFF0F
:1031D000FFFFFFFFFFFFFFFFFFFFFFFFFFFFFFFFFF
:1031E000FFFFFFFFFFFFFFFFFFFFFFFFFFFFFFFFEF
:1031F000FFFFFFFFFFFFFFFFFFFFFFFFFFFFFFFFDF
:10320000FFFFFFFFFFFFFFFFFFFFFFFFFFFFFFFFCE
:10321000FFFFFFFFFFFFFFFFFFFFFFFFFFFFFFFFBE
:10322000FFFFFFFFFFFFFFFFFFFFFFFFFFFFFFFFAE
:10323000FFFFFFFFFFFFFFFFFFFFFFFFFFFFFFFF9E
:10324000FFFFFFFFFFFFFFFFFFFFFFFFFFFFFFFF8E
:10325000FFFFFFFFFFFFFFFFFFFFFFFFFFFFFFFF7E
:10326000FFFFFFFFFFFFFFFFFFFFFFFFFFFFFFFF6E
:10327000FFFFFFFFFFFFFFFFFFFFFFFFFFFFFFFF5E
:10328000FFFFFFFFFFFFFFFFFFFFFFFFFFFFFFFF4E
:10329000FFFFFFFFFFFFFFFFFFFFFFFFFFFFFFFF3E
:1032A000FFFFFFFFFFFFFFFFFFFFFFFFFFFFFFFF2E
:1032B000FFFFFFFFFFFFFFFFFFFFFFFFFFFFFFFF1E
:1032C000FFFFFFFFFFFFFFFFFFFFFFFFFFFFFFFF0E
:1032D000FFFFFFFFFFFFFFFFFFFFFFFFFFFFFFFFFE
:1032E000FFFFFFFFFFFFFFFFFFFFFFFFFFFFFFFFEE
:1032F000FFFFFFFFFFFFFFFFFFFFFFFFFFFFFFFFDE
:10330000FFFFFFFFFFFFFFFFFFFFFFFFFFFFFFFFCD
:10331000FFFFFFFFFFFFFFFFFFFFFFFFFFFFFFFFBD
:10332000FFFFFFFFFFFFFFFFFFFFFFFFFFFFFFFFAD
:10333000FFFFFFFFFFFFFFFFFFFFFFFFFFFFFFFF9D
:10334000FFFFFFFFFFFFFFFFFFFFFFFFFFFFFFFF8D
:10335000FFFFFFFFFFFFFFFFFFFFFFFFFFFFFFFF7D
:10336000FFFFFFFFFFFFFFFFFFFFFFFFFFFFFFFF6D
:10337000FFFFFFFFFFFFFFFFFFFFFFFFFFFFFFFF5D
:10338000FFFFFFFFFFFFFFFFFFFFFFFFFFFFFFFF4D
:10339000FFFFFFFFFFFFFFFFFFFFFFFFFFFFFFFF3D
:1033A000FFFFFFFFFFFFFFFFFFFFFFFFFFFFFFFF2D
:1033B000FFFFFFFFFFFFFFFFFFFFFFFFFFFFFFFF1D
:1033C000FFFFFFFFFFFFFFFFFFFFFFFFFFFFFFFF0D
:1033D000FFFFFFFFFFFFFFFFFFFFFFFFFFFFFFFFFD
:1033E000FFFFFFFFFFFFFFFFFFFFFFFFFFFFFFFFED
:1033F000FFFFFFFFFFFFFFFFFFFFFFFFFFFFFFFFDD
:10340000FFFFFFFFFFFFFFFFFFFFFFFFFFFFFFFFCC
:10341000FFFFFFFFFFFFFFFFFFFFFFFFFFFFFFFFBC
:10342000FFFFFFFFFFFFFFFFFFFFFFFFFFFFFFFFAC
:10343000FFFFFFFFFFFFFFFFFFFFFFFFFFFFFFFF9C
:10344000FFFFFFFFFFFFFFFFFFFFFFFFFFFFFFFF8C
:10345000FFFFFFFFFFFFFFFFFFFFFFFFFFFFFFFF7C
:10346000FFFFFFFFFFFFFFFFFFFFFFFFFFFFFFFF6C
:10347000FFFFFFFFFFFFFFFFFFFFFFFFFFFFFFFF5C
:10348000FFFFFFFFFFFFFFFFFFFFFFFFFFFFFFFF4C
:10349000FFFFFFFFFFFFFFFFFFFFFFFFFFFFFFFF3C
:1034A000FFFFFFFFFFFFFFFFFFFFFFFFFFFFFFFF2C
:1034B000FFFFFFFFFFFFFFFFFFFFFFFFFFFFFFFF1C
:1034C000FFFFFFFFFFFFFFFFFFFFFFFFFFFFFFFF0C
:1034D000FFFFFFFFFFFFFFFFFFFFFFFFFFFFFFFFFC
:1034E000FFFFFFFFFFFFFFFFFFFFFFFFFFFFFFFFEC
:1034F000FFFFFFFFFFFFFFFFFFFFFFFFFFFFFFFFDC
:10350000FFFFFFFFFFFFFFFFFFFFFFFFFFFFFFFFCB
:10351000FFFFFFFFFFFFFFFFFFFFFFFFFFFFFFFFBB
:10352000FFFFFFFFFFFFFFFFFFFFFFFFFFFFFFFFAB
:10353000FFFFFFFFFFFFFFFFFFFFFFFFFFFFFFFF9B
:10354000FFFFFFFFFFFFFFFFFFFFFFFFFFFFFFFF8B
:10355000FFFFFFFFFFFFFFFFFFFFFFFFFFFFFFFF7B
:10356000FFFFFFFFFFFFFFFFFFFFFFFFFFFFFFFF6B
:10357000FFFFFFFFFFFFFFFFFFFFFFFFFFFFFFFF5B
:10358000FFFFFFFFFFFFFFFFFFFFFFFFFFFFFFFF4B
:10359000FFFFFFFFFFFFFFFFFFFFFFFFFFFFFFFF3B
:1035A000FFFFFFFFFFFFFFFFFFFFFFFFFFFFFFFF2B
:1035B000FFFFFFFFFFFFFFFFFFFFFFFFFFFFFFFF1B
:1035C000FFFFFFFFFFFFFFFFFFFFFFFFFFFFFFFF0B
:1035D000FFFFFFFFFFFFFFFFFFFFFFFFFFFFFFFFFB
:1035E000FFFFFFFFFFFFFFFFFFFFFFFFFFFFFFFFEB
:1035F000FFFFFFFFFFFFFFFFFFFFFFFFFFFFFFFFDB
:10360000FFFFFFFFFFFFFFFFFFFFFFFFFFFFFFFFCA
:10361000FFFFFFFFFFFFFFFFFFFFFFFFFFFFFFFFBA
:10362000FFFFFFFFFFFFFFFFFFFFFFFFFFFFFFFFAA
:10363000FFFFFFFFFFFFFFFFFFFFFFFFFFFFFFFF9A
:10364000FFFFFFFFFFFFFFFFFFFFFFFFFFFFFFFF8A
:10365000FFFFFFFFFFFFFFFFFFFFFFFFFFFFFFFF7A
:10366000FFFFFFFFFFFFFFFFFFFFFFFFFFFFFFFF6A
:10367000FFFFFFFFFFFFFFFFFFFFFFFFFFFFFFFF5A
:10368000FFFFFFFFFFFFFFFFFFFFFFFFFFFFFFFF4A
:10369000FFFFFFFFFFFFFFFFFFFFFFFFFFFFFFFF3A
:1036A000FFFFFFFFFFFFFFFFFFFFFFFFFFFFFFFF2A
:1036B000FFFFFFFFFFFFFFFFFFFFFFFFFFFFFFFF1A
:1036C000FFFFFFFFFFFFFFFFFFFFFFFFFFFFFFFF0A
:1036D000FFFFFFFFFFFFFFFFFFFFFFFFFFFFFFFFFA
:1036E000FFFFFFFFFFFFFFFFFFFFFFFFFFFFFFFFEA
:1036F000FFFFFFFFFFFFFFFFFFFFFFFFFFFFFFFFDA
:10370000FFFFFFFFFFFFFFFFFFFFFFFFFFFFFFFFC9
:10371000FFFFFFFFFFFFFFFFFFFFFFFFFFFFFFFFB9
:10372000FFFFFFFFFFFFFFFFFFFFFFFFFFFFFFFFA9
:10373000FFFFFFFFFFFFFFFFFFFFFFFFFFFFFFFF99
:10374000FFFFFFFFFFFFFFFFFFFFFFFFFFFFFFFF89
:10375000FFFFFFFFFFFFFFFFFFFFFFFFFFFFFFFF79
:10376000FFFFFFFFFFFFFFFFFFFFFFFFFFFFFFFF69
:10377000FFFFFFFFFFFFFFFFFFFFFFFFFFFFFFFF59
:10378000FFFFFFFFFFFFFFFFFFFFFFFFFFFFFFFF49
:10379000FFFFFFFFFFFFFFFFFFFFFFFFFFFFFFFF39
:1037A000FFFFFFFFFFFFFFFFFFFFFFFFFFFFFFFF29
:1037B000FFFFFFFFFFFFFFFFFFFFFFFFFFFFFFFF19
:1037C000FFFFFFFFFFFFFFFFFFFFFFFFFFFFFFFF09
:1037D000FFFFFFFFFFFFFFFFFFFFFFFFFFFFFFFFF9
:1037E000FFFFFFFFFFFFFFFFFFFFFFFFFFFFFFFFE9
:1037F000FFFFFFFFFFFFFFFFFFFFFFFFFFFFFFFFD9
:10380000FFFFFFFFFFFFFFFFFFFFFFFFFFFFFFFFC8
:10381000FFFFFFFFFFFFFFFFFFFFFFFFFFFFFFFFB8
:10382000FFFFFFFFFFFFFFFFFFFFFFFFFFFFFFFFA8
:10383000FFFFFFFFFFFFFFFFFFFFFFFFFFFFFFFF98
:10384000FFFFFFFFFFFFFFFFFFFFFFFFFFFFFFFF88
:10385000FFFFFFFFFFFFFFFFFFFFFFFFFFFFFFFF78
:10386000FFFFFFFFFFFFFFFFFFFFFFFFFFFFFFFF68
:10387000FFFFFFFFFFFFFFFFFFFFFFFFFFFFFFFF58
:10388000FFFFFFFFFFFFFFFFFFFFFFFFFFFFFFFF48
:10389000FFFFFFFFFFFFFFFFFFFFFFFFFFFFFFFF38
:1038A000FFFFFFFFFFFFFFFFFFFFFFFFFFFFFFFF28
:1038B000FFFFFFFFFFFFFFFFFFFFFFFFFFFFFFFF18
:1038C000FFFFFFFFFFFFFFFFFFFFFFFFFFFFFFFF08
:1038D000FFFFFFFFFFFFFFFFFFFFFFFFFFFFFFFFF8
:1038E000FFFFFFFFFFFFFFFFFFFFFFFFFFFFFFFFE8
:1038F000FFFFFFFFFFFFFFFFFFFFFFFFFFFFFFFFD8
:10390000FFFFFFFFFFFFFFFFFFFFFFFFFFFFFFFFC7
:10391000FFFFFFFFFFFFFFFFFFFFFFFFFFFFFFFFB7
:10392000FFFFFFFFFFFFFFFFFFFFFFFFFFFFFFFFA7
:10393000FFFFFFFFFFFFFFFFFFFFFFFFFFFFFFFF97
:10394000FFFFFFFFFFFFFFFFFFFFFFFFFFFFFFFF87
:10395000FFFFFFFFFFFFFFFFFFFFFFFFFFFFFFFF77
:10396000FFFFFFFFFFFFFFFFFFFFFFFFFFFFFFFF67
:10397000FFFFFFFFFFFFFFFFFFFFFFFFFFFFFFFF57
:10398000FFFFFFFFFFFFFFFFFFFFFFFFFFFFFFFF47
:10399000FFFFFFFFFFFFFFFFFFFFFFFFFFFFFFFF37
:1039A000FFFFFFFFFFFFFFFFFFFFFFFFFFFFFFFF27
:1039B000FFFFFFFFFFFFFFFFFFFFFFFFFFFFFFFF17
:1039C000FFFFFFFFFFFFFFFFFFFFFFFFFFFFFFFF07
:1039D000FFFFFFFFFFFFFFFFFFFFFFFFFFFFFFFFF7
:1039E000FFFFFFFFFFFFFFFFFFFFFFFFFFFFFFFFE7
:1039F000FFFFFFFFFFFFFFFFFFFFFFFFFFFFFFFFD7
:103A0000FFFFFFFFFFFFFFFFFFFFFFFFFFFFFFFFC6
:103A1000FFFFFFFFFFFFFFFFFFFFFFFFFFFFFFFFB6
:103A2000FFFFFFFFFFFFFFFFFFFFFFFFFFFFFFFFA6
:103A3000FFFFFFFFFFFFFFFFFFFFFFFFFFFFFFFF96
:103A4000FFFFFFFFFFFFFFFFFFFFFFFFFFFFFFFF86
:103A5000FFFFFFFFFFFFFFFFFFFFFFFFFFFFFFFF76
:103A6000FFFFFFFFFFFFFFFFFFFFFFFFFFFFFFFF66
:103A7000FFFFFFFFFFFFFFFFFFFFFFFFFFFFFFFF56
:103A8000FFFFFFFFFFFFFFFFFFFFFFFFFFFFFFFF46
:103A9000FFFFFFFFFFFFFFFFFFFFFFFFFFFFFFFF36
:103AA000FFFFFFFFFFFFFFFFFFFFFFFFFFFFFFFF26
:103AB000FFFFFFFFFFFFFFFFFFFFFFFFFFFFFFFF16
:103AC000FFFFFFFFFFFFFFFFFFFFFFFFFFFFFFFF06
:103AD000FFFFFFFFFFFFFFFFFFFFFFFFFFFFFFFFF6
:103AE000FFFFFFFFFFFFFFFFFFFFFFFFFFFFFFFFE6
:103AF000FFFFFFFFFFFFFFFFFFFFFFFFFFFFFFFFD6
:103B0000FFFFFFFFFFFFFFFFFFFFFFFFFFFFFFFFC5
:103B1000FFFFFFFFFFFFFFFFFFFFFFFFFFFFFFFFB5
:103B2000FFFFFFFFFFFFFFFFFFFFFFFFFFFFFFFFA5
:103B3000FFFFFFFFFFFFFFFFFFFFFFFFFFFFFFFF95
:103B4000FFFFFFFFFFFFFFFFFFFFFFFFFFFFFFFF85
:103B5000FFFFFFFFFFFFFFFFFFFFFFFFFFFFFFFF75
:103B6000FFFFFFFFFFFFFFFFFFFFFFFFFFFFFFFF65
:103B7000FFFFFFFFFFFFFFFFFFFFFFFFFFFFFFFF55
:103B8000FFFFFFFFFFFFFFFFFFFFFFFFFFFFFFFF45
:103B9000FFFFFFFFFFFFFFFFFFFFFFFFFFFFFFFF35
:103BA000FFFFFFFFFFFFFFFFFFFFFFFFFFFFFFFF25
:103BB000FFFFFFFFFFFFFFFFFFFFFFFFFFFFFFFF15
:103BC000FFFFFFFFFFFFFFFFFFFFFFFFFFFFFFFF05
:103BD000FFFFFFFFFFFFFFFFFFFFFFFFFFFFFFFFF5
:103BE000FFFFFFFFFFFFFFFFFFFFFFFFFFFFFFFFE5
:103BF000FFFFFFFFFFFFFFFFFFFFFFFFFFFFFFFFD5
:103C0000FFFFFFFFFFFFFFFFFFFFFFFFFFFFFFFFC4
:103C1000FFFFFFFFFFFFFFFFFFFFFFFFFFFFFFFFB4
:103C2000FFFFFFFFFFFFFFFFFFFFFFFFFFFFFFFFA4
:103C3000FFFFFFFFFFFFFFFFFFFFFFFFFFFFFFFF94
:103C4000FFFFFFFFFFFFFFFFFFFFFFFFFFFFFFFF84
:103C5000FFFFFFFFFFFFFFFFFFFFFFFFFFFFFFFF74
:103C6000FFFFFFFFFFFFFFFFFFFFFFFFFFFFFFFF64
:103C7000FFFFFFFFFFFFFFFFFFFFFFFFFFFFFFFF54
:103C8000FFFFFFFFFFFFFFFFFFFFFFFFFFFFFFFF44
:103C9000FFFFFFFFFFFFFFFFFFFFFFFFFFFFFFFF34
:103CA000FFFFFFFFFFFFFFFFFFFFFFFFFFFFFFFF24
:103CB000FFFFFFFFFFFFFFFFFFFFFFFFFFFFFFFF14
:103CC000FFFFFFFFFFFFFFFFFFFFFFFFFFFFFFFF04
:103CD000FFFFFFFFFFFFFFFFFFFFFFFFFFFFFFFFF4
:103CE000FFFFFFFFFFFFFFFFFFFFFFFFFFFFFFFFE4
:103CF000FFFFFFFFFFFFFFFFFFFFFFFFFFFFFFFFD4
:103D0000FFFFFFFFFFFFFFFFFFFFFFFFFFFFFFFFC3
:103D1000FFFFFFFFFFFFFFFFFFFFFFFFFFFFFFFFB3
:103D2000FFFFFFFFFFFFFFFFFFFFFFFFFFFFFFFFA3
:103D3000FFFFFFFFFFFFFFFFFFFFFFFFFFFFFFFF93
:103D4000FFFFFFFFFFFFFFFFFFFFFFFFFFFFFFFF83
:103D5000FFFFFFFFFFFFFFFFFFFFFFFFFFFFFFFF73
:103D6000FFFFFFFFFFFFFFFFFFFFFFFFFFFFFFFF63
:103D7000FFFFFFFFFFFFFFFFFFFFFFFFFFFFFFFF53
:103D8000FFFFFFFFFFFFFFFFFFFFFFFFFFFFFFFF43
:103D9000FFFFFFFFFFFFFFFFFFFFFFFFFFFFFFFF33
:103DA000FFFFFFFFFFFFFFFFFFFFFFFFFFFFFFFF23
:103DB000FFFFFFFFFFFFFFFFFFFFFFFFFFFFFFFF13
:103DC000FFFFFFFFFFFFFFFFFFFFFFFFFFFFFFFF03
:103DD000FFFFFFFFFFFFFFFFFFFFFFFFFFFFFFFFF3
:103DE000FFFFFFFFFFFFFFFFFFFFFFFFFFFFFFFFE3
:103DF000FFFFFFFFFFFFFFFFFFFFFFFFFFFFFFFFD3
:103E0000FFFFFFFFFFFFFFFFFFFFFFFFFFFFFFFFC2
:103E1000FFFFFFFFFFFFFFFFFFFFFFFFFFFFFFFFB2
:103E2000FFFFFFFFFFFFFFFFFFFFFFFFFFFFFFFFA2
:103E3000FFFFFFFFFFFFFFFFFFFFFFFFFFFFFFFF92
:103E4000FFFFFFFFFFFFFFFFFFFFFFFFFFFFFFFF82
:103E5000FFFFFFFFFFFFFFFFFFFFFFFFFFFFFFFF72
:103E6000FFFFFFFFFFFFFFFFFFFFFFFFFFFFFFFF62
:103E7000FFFFFFFFFFFFFFFFFFFFFFFFFFFFFFFF52
:103E8000FFFFFFFFFFFFFFFFFFFFFFFFFFFFFFFF42
:103E9000FFFFFFFFFFFFFFFFFFFFFFFFFFFFFFFF32
:103EA000FFFFFFFFFFFFFFFFFFFFFFFFFFFFFFFF22
:103EB000FFFFFFFFFFFFFFFFFFFFFFFFFFFFFFFF12
:103EC000FFFFFFFFFFFFFFFFFFFFFFFFFFFFFFFF02
:103ED000FFFFFFFFFFFFFFFFFFFFFFFFFFFFFFFFF2
:103EE000FFFFFFFFFFFFFFFFFFFFFFFFFFFFFFFFE2
:103EF000FFFFFFFFFFFFFFFFFFFFFFFFFFFFFFFFD2
:103F0000FFFFFFFFFFFFFFFFFFFFFFFFFFFFFFFFC1
:103F1000FFFFFFFFFFFFFFFFFFFFFFFFFFFFFFFFB1
:103F2000FFFFFFFFFFFFFFFFFFFFFFFFFFFFFFFFA1
:103F3000FFFFFFFFFFFFFFFFFFFFFFFFFFFFFFFF91
:103F4000FFFFFFFFFFFFFFFFFFFFFFFFFFFFFFFF81
:103F5000FFFFFFFFFFFFFFFFFFFFFFFFFFFFFFFF71
:103F6000FFFFFFFFFFFFFFFFFFFFFFFFFFFFFFFF61
:103F7000FFFFFFFFFFFFFFFFFFFFFFFFFFFFFFFF51
:103F8000FFFFFFFFFFFFFFFFFFFFFFFFFFFFFFFF41
:103F9000FFFFFFFFFFFFFFFFFFFFFFFFFFFFFFFF31
:103FA000FFFFFFFFFFFFFFFFFFFFFFFFFFFFFFFF21
:103FB000FFFFFFFFFFFFFFFFFFFFFFFFFFFFFFFF11
:103FC000FFFFFFFFFFFFFFFFFFFFFFFFFFFFFFFF01
:103FD000FFFFFFFFFFFFFFFFFFFFFFFFFFFFFFFFF1
:103FE000FFFFFFFFFFFFFFFFFFFFFFFFFFFFFFFFE1
:103FF000FFFFFFFFFFFFFFFFFFFFFFFFFFFFFFFFD1
:10400000FFFFFFFFFFFFFFFFFFFFFFFFFFFFFFFFC0
:10401000FFFFFFFFFFFFFFFFFFFFFFFFFFFFFFFFB0
:10402000FFFFFFFFFFFFFFFFFFFFFFFFFFFFFFFFA0
:10403000FFFFFFFFFFFFFFFFFFFFFFFFFFFFFFFF90
:10404000FFFFFFFFFFFFFFFFFFFFFFFFFFFFFFFF80
:10405000FFFFFFFFFFFFFFFFFFFFFFFFFFFFFFFF70
:10406000FFFFFFFFFFFFFFFFFFFFFFFFFFFFFFFF60
:10407000FFFFFFFFFFFFFFFFFFFFFFFFFFFFFFFF50
:10408000FFFFFFFFFFFFFFFFFFFFFFFFFFFFFFFF40
:10409000FFFFFFFFFFFFFFFFFFFFFFFFFFFFFFFF30
:1040A000FFFFFFFFFFFFFFFFFFFFFFFFFFFFFFFF20
:1040B000FFFFFFFFFFFFFFFFFFFFFFFFFFFFFFFF10
:1040C000FFFFFFFFFFFFFFFFFFFFFFFFFFFFFFFF00
:1040D000FFFFFFFFFFFFFFFFFFFFFFFFFFFFFFFFF0
:1040E000FFFFFFFFFFFFFFFFFFFFFFFFFFFFFFFFE0
:1040F000FFFFFFFFFFFFFFFFFFFFFFFFFFFFFFFFD0
:10410000FFFFFFFFFFFFFFFFFFFFFFFFFFFFFFFFBF
:10411000FFFFFFFFFFFFFFFFFFFFFFFFFFFFFFFFAF
:10412000FFFFFFFFFFFFFFFFFFFFFFFFFFFFFFFF9F
:10413000FFFFFFFFFFFFFFFFFFFFFFFFFFFFFFFF8F
:10414000FFFFFFFFFFFFFFFFFFFFFFFFFFFFFFFF7F
:10415000FFFFFFFFFFFFFFFFFFFFFFFFFFFFFFFF6F
:10416000FFFFFFFFFFFFFFFFFFFFFFFFFFFFFFFF5F
:10417000FFFFFFFFFFFFFFFFFFFFFFFFFFFFFFFF4F
:10418000FFFFFFFFFFFFFFFFFFFFFFFFFFFFFFFF3F
:10419000FFFFFFFFFFFFFFFFFFFFFFFFFFFFFFFF2F
:1041A000FFFFFFFFFFFFFFFFFFFFFFFFFFFFFFFF1F
:1041B000FFFFFFFFFFFFFFFFFFFFFFFFFFFFFFFF0F
:1041C000FFFFFFFFFFFFFFFFFFFFFFFFFFFFFFFFFF
:1041D000FFFFFFFFFFFFFFFFFFFFFFFFFFFFFFFFEF
:1041E000FFFFFFFFFFFFFFFFFFFFFFFFFFFFFFFFDF
:1041F000FFFFFFFFFFFFFFFFFFFFFFFFFFFFFFFFCF
:10420000FFFFFFFFFFFFFFFFFFFFFFFFFFFFFFFFBE
:10421000FFFFFFFFFFFFFFFFFFFFFFFFFFFFFFFFAE
:10422000FFFFFFFFFFFFFFFFFFFFFFFFFFFFFFFF9E
:10423000FFFFFFFFFFFFFFFFFFFFFFFFFFFFFFFF8E
:10424000FFFFFFFFFFFFFFFFFFFFFFFFFFFFFFFF7E
:10425000FFFFFFFFFFFFFFFFFFFFFFFFFFFFFFFF6E
:10426000FFFFFFFFFFFFFFFFFFFFFFFFFFFFFFFF5E
:10427000FFFFFFFFFFFFFFFFFFFFFFFFFFFFFFFF4E
:10428000FFFFFFFFFFFFFFFFFFFFFFFFFFFFFFFF3E
:10429000FFFFFFFFFFFFFFFFFFFFFFFFFFFFFFFF2E
:1042A000FFFFFFFFFFFFFFFFFFFFFFFFFFFFFFFF1E
:1042B000FFFFFFFFFFFFFFFFFFFFFFFFFFFFFFFF0E
:1042C000FFFFFFFFFFFFFFFFFFFFFFFFFFFFFFFFFE
:1042D000FFFFFFFFFFFFFFFFFFFFFFFFFFFFFFFFEE
:1042E000FFFFFFFFFFFFFFFFFFFFFFFFFFFFFFFFDE
:1042F000FFFFFFFFFFFFFFFFFFFFFFFFFFFFFFFFCE
:10430000FFFFFFFFFFFFFFFFFFFFFFFFFFFFFFFFBD
:10431000FFFFFFFFFFFFFFFFFFFFFFFFFFFFFFFFAD
:10432000FFFFFFFFFFFFFFFFFFFFFFFFFFFFFFFF9D
:10433000FFFFFFFFFFFFFFFFFFFFFFFFFFFFFFFF8D
:10434000FFFFFFFFFFFFFFFFFFFFFFFFFFFFFFFF7D
:10435000FFFFFFFFFFFFFFFFFFFFFFFFFFFFFFFF6D
:10436000FFFFFFFFFFFFFFFFFFFFFFFFFFFFFFFF5D
:10437000FFFFFFFFFFFFFFFFFFFFFFFFFFFFFFFF4D
:10438000FFFFFFFFFFFFFFFFFFFFFFFFFFFFFFFF3D
:10439000FFFFFFFFFFFFFFFFFFFFFFFFFFFFFFFF2D
:1043A000FFFFFFFFFFFFFFFFFFFFFFFFFFFFFFFF1D
:1043B000FFFFFFFFFFFFFFFFFFFFFFFFFFFFFFFF0D
:1043C000FFFFFFFFFFFFFFFFFFFFFFFFFFFFFFFFFD
:1043D000FFFFFFFFFFFFFFFFFFFFFFFFFFFFFFFFED
:1043E000FFFFFFFFFFFFFFFFFFFFFFFFFFFFFFFFDD
:1043F000FFFFFFFFFFFFFFFFFFFFFFFFFFFFFFFFCD
:10440000FFFFFFFFFFFFFFFFFFFFFFFFFFFFFFFFBC
:10441000FFFFFFFFFFFFFFFFFFFFFFFFFFFFFFFFAC
:10442000FFFFFFFFFFFFFFFFFFFFFFFFFFFFFFFF9C
:10443000FFFFFFFFFFFFFFFFFFFFFFFFFFFFFFFF8C
:10444000FFFFFFFFFFFFFFFFFFFFFFFFFFFFFFFF7C
:10445000FFFFFFFFFFFFFFFFFFFFFFFFFFFFFFFF6C
:10446000FFFFFFFFFFFFFFFFFFFFFFFFFFFFFFFF5C
:10447000FFFFFFFFFFFFFFFFFFFFFFFFFFFFFFFF4C
:10448000FFFFFFFFFFFFFFFFFFFFFFFFFFFFFFFF3C
:10449000FFFFFFFFFFFFFFFFFFFFFFFFFFFFFFFF2C
:1044A000FFFFFFFFFFFFFFFFFFFFFFFFFFFFFFFF1C
:1044B000FFFFFFFFFFFFFFFFFFFFFFFFFFFFFFFF0C
:1044C000FFFFFFFFFFFFFFFFFFFFFFFFFFFFFFFFFC
:1044D000FFFFFFFFFFFFFFFFFFFFFFFFFFFFFFFFEC
:1044E000FFFFFFFFFFFFFFFFFFFFFFFFFFFFFFFFDC
:1044F000FFFFFFFFFFFFFFFFFFFFFFFFFFFFFFFFCC
:10450000FFFFFFFFFFFFFFFFFFFFFFFFFFFFFFFFBB
:10451000FFFFFFFFFFFFFFFFFFFFFFFFFFFFFFFFAB
:10452000FFFFFFFFFFFFFFFFFFFFFFFFFFFFFFFF9B
:10453000FFFFFFFFFFFFFFFFFFFFFFFFFFFFFFFF8B
:10454000FFFFFFFFFFFFFFFFFFFFFFFFFFFFFFFF7B
:10455000FFFFFFFFFFFFFFFFFFFFFFFFFFFFFFFF6B
:10456000FFFFFFFFFFFFFFFFFFFFFFFFFFFFFFFF5B
:10457000FFFFFFFFFFFFFFFFFFFFFFFFFFFFFFFF4B
:10458000FFFFFFFFFFFFFFFFFFFFFFFFFFFFFFFF3B
:10459000FFFFFFFFFFFFFFFFFFFFFFFFFFFFFFFF2B
:1045A000FFFFFFFFFFFFFFFFFFFFFFFFFFFFFFFF1B
:1045B000FFFFFFFFFFFFFFFFFFFFFFFFFFFFFFFF0B
:1045C000FFFFFFFFFFFFFFFFFFFFFFFFFFFFFFFFFB
:1045D000FFFFFFFFFFFFFFFFFFFFFFFFFFFFFFFFEB
:1045E000FFFFFFFFFFFFFFFFFFFFFFFFFFFFFFFFDB
:1045F000FFFFFFFFFFFFFFFFFFFFFFFFFFFFFFFFCB
:10460000FFFFFFFFFFFFFFFFFFFFFFFFFFFFFFFFBA
:10461000FFFFFFFFFFFFFFFFFFFFFFFFFFFFFFFFAA
:10462000FFFFFFFFFFFFFFFFFFFFFFFFFFFFFFFF9A
:10463000FFFFFFFFFFFFFFFFFFFFFFFFFFFFFFFF8A
:10464000FFFFFFFFFFFFFFFFFFFFFFFFFFFFFFFF7A
:10465000FFFFFFFFFFFFFFFFFFFFFFFFFFFFFFFF6A
:10466000FFFFFFFFFFFFFFFFFFFFFFFFFFFFFFFF5A
:10467000FFFFFFFFFFFFFFFFFFFFFFFFFFFFFFFF4A
:10468000FFFFFFFFFFFFFFFFFFFFFFFFFFFFFFFF3A
:10469000FFFFFFFFFFFFFFFFFFFFFFFFFFFFFFFF2A
:1046A000FFFFFFFFFFFFFFFFFFFFFFFFFFFFFFFF1A
:1046B000FFFFFFFFFFFFFFFFFFFFFFFFFFFFFFFF0A
:1046C000FFFFFFFFFFFFFFFFFFFFFFFFFFFFFFFFFA
:1046D000FFFFFFFFFFFFFFFFFFFFFFFFFFFFFFFFEA
:1046E000FFFFFFFFFFFFFFFFFFFFFFFFFFFFFFFFDA
:1046F000FFFFFFFFFFFFFFFFFFFFFFFFFFFFFFFFCA
:10470000FFFFFFFFFFFFFFFFFFFFFFFFFFFFFFFFB9
:10471000FFFFFFFFFFFFFFFFFFFFFFFFFFFFFFFFA9
:10472000FFFFFFFFFFFFFFFFFFFFFFFFFFFFFFFF99
:10473000FFFFFFFFFFFFFFFFFFFFFFFFFFFFFFFF89
:10474000FFFFFFFFFFFFFFFFFFFFFFFFFFFFFFFF79
:10475000FFFFFFFFFFFFFFFFFFFFFFFFFFFFFFFF69
:10476000FFFFFFFFFFFFFFFFFFFFFFFFFFFFFFFF59
:10477000FFFFFFFFFFFFFFFFFFFFFFFFFFFFFFFF49
:10478000FFFFFFFFFFFFFFFFFFFFFFFFFFFFFFFF39
:10479000FFFFFFFFFFFFFFFFFFFFFFFFFFFFFFFF29
:1047A000FFFFFFFFFFFFFFFFFFFFFFFFFFFFFFFF19
:1047B000FFFFFFFFFFFFFFFFFFFFFFFFFFFFFFFF09
:1047C000FFFFFFFFFFFFFFFFFFFFFFFFFFFFFFFFF9
:1047D000FFFFFFFFFFFFFFFFFFFFFFFFFFFFFFFFE9
:1047E000FFFFFFFFFFFFFFFFFFFFFFFFFFFFFFFFD9
:1047F000FFFFFFFFFFFFFFFFFFFFFFFFFFFFFFFFC9
:10480000FFFFFFFFFFFFFFFFFFFFFFFFFFFFFFFFB8
:10481000FFFFFFFFFFFFFFFFFFFFFFFFFFFFFFFFA8
:10482000FFFFFFFFFFFFFFFFFFFFFFFFFFFFFFFF98
:10483000FFFFFFFFFFFFFFFFFFFFFFFFFFFFFFFF88
:10484000FFFFFFFFFFFFFFFFFFFFFFFFFFFFFFFF78
:10485000FFFFFFFFFFFFFFFFFFFFFFFFFFFFFFFF68
:10486000FFFFFFFFFFFFFFFFFFFFFFFFFFFFFFFF58
:10487000FFFFFFFFFFFFFFFFFFFFFFFFFFFFFFFF48
:10488000FFFFFFFFFFFFFFFFFFFFFFFFFFFFFFFF38
:10489000FFFFFFFFFFFFFFFFFFFFFFFFFFFFFFFF28
:1048A000FFFFFFFFFFFFFFFFFFFFFFFFFFFFFFFF18
:1048B000FFFFFFFFFFFFFFFFFFFFFFFFFFFFFFFF08
:1048C000FFFFFFFFFFFFFFFFFFFFFFFFFFFFFFFFF8
:1048D000FFFFFFFFFFFFFFFFFFFFFFFFFFFFFFFFE8
:1048E000FFFFFFFFFFFFFFFFFFFFFFFFFFFFFFFFD8
:1048F000FFFFFFFFFFFFFFFFFFFFFFFFFFFFFFFFC8
:10490000FFFFFFFFFFFFFFFFFFFFFFFFFFFFFFFFB7
:10491000FFFFFFFFFFFFFFFFFFFFFFFFFFFFFFFFA7
:10492000FFFFFFFFFFFFFFFFFFFFFFFFFFFFFFFF97
:10493000FFFFFFFFFFFFFFFFFFFFFFFFFFFFFFFF87
:10494000FFFFFFFFFFFFFFFFFFFFFFFFFFFFFFFF77
:10495000FFFFFFFFFFFFFFFFFFFFFFFFFFFFFFFF67
:10496000FFFFFFFFFFFFFFFFFFFFFFFFFFFFFFFF57
:10497000FFFFFFFFFFFFFFFFFFFFFFFFFFFFFFFF47
:10498000FFFFFFFFFFFFFFFFFFFFFFFFFFFFFFFF37
:10499000FFFFFFFFFFFFFFFFFFFFFFFFFFFFFFFF27
:1049A000FFFFFFFFFFFFFFFFFFFFFFFFFFFFFFFF17
:1049B000FFFFFFFFFFFFFFFFFFFFFFFFFFFFFFFF07
:1049C000FFFFFFFFFFFFFFFFFFFFFFFFFFFFFFFFF7
:1049D000FFFFFFFFFFFFFFFFFFFFFFFFFFFFFFFFE7
:1049E000FFFFFFFFFFFFFFFFFFFFFFFFFFFFFFFFD7
:1049F000FFFFFFFFFFFFFFFFFFFFFFFFFFFFFFFFC7
:104A0000FFFFFFFFFFFFFFFFFFFFFFFFFFFFFFFFB6
:104A1000FFFFFFFFFFFFFFFFFFFFFFFFFFFFFFFFA6
:104A2000FFFFFFFFFFFFFFFFFFFFFFFFFFFFFFFF96
:104A3000FFFFFFFFFFFFFFFFFFFFFFFFFFFFFFFF86
:104A4000FFFFFFFFFFFFFFFFFFFFFFFFFFFFFFFF76
:104A5000FFFFFFFFFFFFFFFFFFFFFFFFFFFFFFFF66
:104A6000FFFFFFFFFFFFFFFFFFFFFFFFFFFFFFFF56
:104A7000FFFFFFFFFFFFFFFFFFFFFFFFFFFFFFFF46
:104A8000FFFFFFFFFFFFFFFFFFFFFFFFFFFFFFFF36
:104A9000FFFFFFFFFFFFFFFFFFFFFFFFFFFFFFFF26
:104AA000FFFFFFFFFFFFFFFFFFFFFFFFFFFFFFFF16
:104AB000FFFFFFFFFFFFFFFFFFFFFFFFFFFFFFFF06
:104AC000FFFFFFFFFFFFFFFFFFFFFFFFFFFFFFFFF6
:104AD000FFFFFFFFFFFFFFFFFFFFFFFFFFFFFFFFE6
:104AE000FFFFFFFFFFFFFFFFFFFFFFFFFFFFFFFFD6
:104AF000FFFFFFFFFFFFFFFFFFFFFFFFFFFFFFFFC6
:104B0000FFFFFFFFFFFFFFFFFFFFFFFFFFFFFFFFB5
:104B1000FFFFFFFFFFFFFFFFFFFFFFFFFFFFFFFFA5
:104B2000FFFFFFFFFFFFFFFFFFFFFFFFFFFFFFFF95
:104B3000FFFFFFFFFFFFFFFFFFFFFFFFFFFFFFFF85
:104B4000FFFFFFFFFFFFFFFFFFFFFFFFFFFFFFFF75
:104B5000FFFFFFFFFFFFFFFFFFFFFFFFFFFFFFFF65
:104B6000FFFFFFFFFFFFFFFFFFFFFFFFFFFFFFFF55
:104B7000FFFFFFFFFFFFFFFFFFFFFFFFFFFFFFFF45
:104B8000FFFFFFFFFFFFFFFFFFFFFFFFFFFFFFFF35
:104B9000FFFFFFFFFFFFFFFFFFFFFFFFFFFFFFFF25
:104BA000FFFFFFFFFFFFFFFFFFFFFFFFFFFFFFFF15
:104BB000FFFFFFFFFFFFFFFFFFFFFFFFFFFFFFFF05
:104BC000FFFFFFFFFFFFFFFFFFFFFFFFFFFFFFFFF5
:104BD000FFFFFFFFFFFFFFFFFFFFFFFFFFFFFFFFE5
:104BE000FFFFFFFFFFFFFFFFFFFFFFFFFFFFFFFFD5
:104BF000FFFFFFFFFFFFFFFFFFFFFFFFFFFFFFFFC5
:104C0000FFFFFFFFFFFFFFFFFFFFFFFFFFFFFFFFB4
:104C1000FFFFFFFFFFFFFFFFFFFFFFFFFFFFFFFFA4
:104C2000FFFFFFFFFFFFFFFFFFFFFFFFFFFFFFFF94
:104C3000FFFFFFFFFFFFFFFFFFFFFFFFFFFFFFFF84
:104C4000FFFFFFFFFFFFFFFFFFFFFFFFFFFFFFFF74
:104C5000FFFFFFFFFFFFFFFFFFFFFFFFFFFFFFFF64
:104C6000FFFFFFFFFFFFFFFFFFFFFFFFFFFFFFFF54
:104C7000FFFFFFFFFFFFFFFFFFFFFFFFFFFFFFFF44
:104C8000FFFFFFFFFFFFFFFFFFFFFFFFFFFFFFFF34
:104C9000FFFFFFFFFFFFFFFFFFFFFFFFFFFFFFFF24
:104CA000FFFFFFFFFFFFFFFFFFFFFFFFFFFFFFFF14
:104CB000FFFFFFFFFFFFFFFFFFFFFFFFFFFFFFFF04
:104CC000FFFFFFFFFFFFFFFFFFFFFFFFFFFFFFFFF4
:104CD000FFFFFFFFFFFFFFFFFFFFFFFFFFFFFFFFE4
:104CE000FFFFFFFFFFFFFFFFFFFFFFFFFFFFFFFFD4
:104CF000FFFFFFFFFFFFFFFFFFFFFFFFFFFFFFFFC4
:104D0000FFFFFFFFFFFFFFFFFFFFFFFFFFFFFFFFB3
:104D1000FFFFFFFFFFFFFFFFFFFFFFFFFFFFFFFFA3
:104D2000FFFFFFFFFFFFFFFFFFFFFFFFFFFFFFFF93
:104D3000FFFFFFFFFFFFFFFFFFFFFFFFFFFFFFFF83
:104D4000FFFFFFFFFFFFFFFFFFFFFFFFFFFFFFFF73
:104D5000FFFFFFFFFFFFFFFFFFFFFFFFFFFFFFFF63
:104D6000FFFFFFFFFFFFFFFFFFFFFFFFFFFFFFFF53
:104D7000FFFFFFFFFFFFFFFFFFFFFFFFFFFFFFFF43
:104D8000FFFFFFFFFFFFFFFFFFFFFFFFFFFFFFFF33
:104D9000FFFFFFFFFFFFFFFFFFFFFFFFFFFFFFFF23
:104DA000FFFFFFFFFFFFFFFFFFFFFFFFFFFFFFFF13
:104DB000FFFFFFFFFFFFFFFFFFFFFFFFFFFFFFFF03
:104DC000FFFFFFFFFFFFFFFFFFFFFFFFFFFFFFFFF3
:104DD000FFFFFFFFFFFFFFFFFFFFFFFFFFFFFFFFE3
:104DE000FFFFFFFFFFFFFFFFFFFFFFFFFFFFFFFFD3
:104DF000FFFFFFFFFFFFFFFFFFFFFFFFFFFFFFFFC3
:104E0000FFFFFFFFFFFFFFFFFFFFFFFFFFFFFFFFB2
:104E1000FFFFFFFFFFFFFFFFFFFFFFFFFFFFFFFFA2
:104E2000FFFFFFFFFFFFFFFFFFFFFFFFFFFFFFFF92
:104E3000FFFFFFFFFFFFFFFFFFFFFFFFFFFFFFFF82
:104E4000FFFFFFFFFFFFFFFFFFFFFFFFFFFFFFFF72
:104E5000FFFFFFFFFFFFFFFFFFFFFFFFFFFFFFFF62
:104E6000FFFFFFFFFFFFFFFFFFFFFFFFFFFFFFFF52
:104E7000FFFFFFFFFFFFFFFFFFFFFFFFFFFFFFFF42
:104E8000FFFFFFFFFFFFFFFFFFFFFFFFFFFFFFFF32
:104E9000FFFFFFFFFFFFFFFFFFFFFFFFFFFFFFFF22
:104EA000FFFFFFFFFFFFFFFFFFFFFFFFFFFFFFFF12
:104EB000FFFFFFFFFFFFFFFFFFFFFFFFFFFFFFFF02
:104EC000FFFFFFFFFFFFFFFFFFFFFFFFFFFFFFFFF2
:104ED000FFFFFFFFFFFFFFFFFFFFFFFFFFFFFFFFE2
:104EE000FFFFFFFFFFFFFFFFFFFFFFFFFFFFFFFFD2
:104EF000FFFFFFFFFFFFFFFFFFFFFFFFFFFFFFFFC2
:104F0000FFFFFFFFFFFFFFFFFFFFFFFFFFFFFFFFB1
:104F1000FFFFFFFFFFFFFFFFFFFFFFFFFFFFFFFFA1
:104F2000FFFFFFFFFFFFFFFFFFFFFFFFFFFFFFFF91
:104F3000FFFFFFFFFFFFFFFFFFFFFFFFFFFFFFFF81
:104F4000FFFFFFFFFFFFFFFFFFFFFFFFFFFFFFFF71
:104F5000FFFFFFFFFFFFFFFFFFFFFFFFFFFFFFFF61
:104F6000FFFFFFFFFFFFFFFFFFFFFFFFFFFFFFFF51
:104F7000FFFFFFFFFFFFFFFFFFFFFFFFFFFFFFFF41
:104F8000FFFFFFFFFFFFFFFFFFFFFFFFFFFFFFFF31
:104F9000FFFFFFFFFFFFFFFFFFFFFFFFFFFFFFFF21
:104FA000FFFFFFFFFFFFFFFFFFFFFFFFFFFFFFFF11
:104FB000FFFFFFFFFFFFFFFFFFFFFFFFFFFFFFFF01
:104FC000FFFFFFFFFFFFFFFFFFFFFFFFFFFFFFFFF1
:104FD000FFFFFFFFFFFFFFFFFFFFFFFFFFFFFFFFE1
:104FE000FFFFFFFFFFFFFFFFFFFFFFFFFFFFFFFFD1
:104FF000FFFFFFFFFFFFFFFFFFFFFFFFFFFFFFFFC1
:10500000FFFFFFFFFFFFFFFFFFFFFFFFFFFFFFFFB0
:10501000FFFFFFFFFFFFFFFFFFFFFFFFFFFFFFFFA0
:10502000FFFFFFFFFFFFFFFFFFFFFFFFFFFFFFFF90
:10503000FFFFFFFFFFFFFFFFFFFFFFFFFFFFFFFF80
:10504000FFFFFFFFFFFFFFFFFFFFFFFFFFFFFFFF70
:10505000FFFFFFFFFFFFFFFFFFFFFFFFFFFFFFFF60
:10506000FFFFFFFFFFFFFFFFFFFFFFFFFFFFFFFF50
:10507000FFFFFFFFFFFFFFFFFFFFFFFFFFFFFFFF40
:10508000FFFFFFFFFFFFFFFFFFFFFFFFFFFFFFFF30
:10509000FFFFFFFFFFFFFFFFFFFFFFFFFFFFFFFF20
:1050A000FFFFFFFFFFFFFFFFFFFFFFFFFFFFFFFF10
:1050B000FFFFFFFFFFFFFFFFFFFFFFFFFFFFFFFF00
:1050C000FFFFFFFFFFFFFFFFFFFFFFFFFFFFFFFFF0
:1050D000FFFFFFFFFFFFFFFFFFFFFFFFFFFFFFFFE0
:1050E000FFFFFFFFFFFFFFFFFFFFFFFFFFFFFFFFD0
:1050F000FFFFFFFFFFFFFFFFFFFFFFFFFFFFFFFFC0
:10510000FFFFFFFFFFFFFFFFFFFFFFFFFFFFFFFFAF
:10511000FFFFFFFFFFFFFFFFFFFFFFFFFFFFFFFF9F
:10512000FFFFFFFFFFFFFFFFFFFFFFFFFFFFFFFF8F
:10513000FFFFFFFFFFFFFFFFFFFFFFFFFFFFFFFF7F
:10514000FFFFFFFFFFFFFFFFFFFFFFFFFFFFFFFF6F
:10515000FFFFFFFFFFFFFFFFFFFFFFFFFFFFFFFF5F
:10516000FFFFFFFFFFFFFFFFFFFFFFFFFFFFFFFF4F
:10517000FFFFFFFFFFFFFFFFFFFFFFFFFFFFFFFF3F
:10518000FFFFFFFFFFFFFFFFFFFFFFFFFFFFFFFF2F
:10519000FFFFFFFFFFFFFFFFFFFFFFFFFFFFFFFF1F
:1051A000FFFFFFFFFFFFFFFFFFFFFFFFFFFFFFFF0F
:1051B000FFFFFFFFFFFFFFFFFFFFFFFFFFFFFFFFFF
:1051C000FFFFFFFFFFFFFFFFFFFFFFFFFFFFFFFFEF
:1051D000FFFFFFFFFFFFFFFFFFFFFFFFFFFFFFFFDF
:1051E000FFFFFFFFFFFFFFFFFFFFFFFFFFFFFFFFCF
:1051F000FFFFFFFFFFFFFFFFFFFFFFFFFFFFFFFFBF
:10520000FFFFFFFFFFFFFFFFFFFFFFFFFFFFFFFFAE
:10521000FFFFFFFFFFFFFFFFFFFFFFFFFFFFFFFF9E
:10522000FFFFFFFFFFFFFFFFFFFFFFFFFFFFFFFF8E
:10523000FFFFFFFFFFFFFFFFFFFFFFFFFFFFFFFF7E
:10524000FFFFFFFFFFFFFFFFFFFFFFFFFFFFFFFF6E
:10525000FFFFFFFFFFFFFFFFFFFFFFFFFFFFFFFF5E
:10526000FFFFFFFFFFFFFFFFFFFFFFFFFFFFFFFF4E
:10527000FFFFFFFFFFFFFFFFFFFFFFFFFFFFFFFF3E
:10528000FFFFFFFFFFFFFFFFFFFFFFFFFFFFFFFF2E
:10529000FFFFFFFFFFFFFFFFFFFFFFFFFFFFFFFF1E
:1052A000FFFFFFFFFFFFFFFFFFFFFFFFFFFFFFFF0E
:1052B000FFFFFFFFFFFFFFFFFFFFFFFFFFFFFFFFFE
:1052C000FFFFFFFFFFFFFFFFFFFFFFFFFFFFFFFFEE
:1052D000FFFFFFFFFFFFFFFFFFFFFFFFFFFFFFFFDE
:1052E000FFFFFFFFFFFFFFFFFFFFFFFFFFFFFFFFCE
:1052F000FFFFFFFFFFFFFFFFFFFFFFFFFFFFFFFFBE
:10530000FFFFFFFFFFFFFFFFFFFFFFFFFFFFFFFFAD
:10531000FFFFFFFFFFFFFFFFFFFFFFFFFFFFFFFF9D
:10532000FFFFFFFFFFFFFFFFFFFFFFFFFFFFFFFF8D
:10533000FFFFFFFFFFFFFFFFFFFFFFFFFFFFFFFF7D
:10534000FFFFFFFFFFFFFFFFFFFFFFFFFFFFFFFF6D
:10535000FFFFFFFFFFFFFFFFFFFFFFFFFFFFFFFF5D
:10536000FFFFFFFFFFFFFFFFFFFFFFFFFFFFFFFF4D
:10537000FFFFFFFFFFFFFFFFFFFFFFFFFFFFFFFF3D
:10538000FFFFFFFFFFFFFFFFFFFFFFFFFFFFFFFF2D
:10539000FFFFFFFFFFFFFFFFFFFFFFFFFFFFFFFF1D
:1053A000FFFFFFFFFFFFFFFFFFFFFFFFFFFFFFFF0D
:1053B000FFFFFFFFFFFFFFFFFFFFFFFFFFFFFFFFFD
:1053C000FFFFFFFFFFFFFFFFFFFFFFFFFFFFFFFFED
:1053D000FFFFFFFFFFFFFFFFFFFFFFFFFFFFFFFFDD
:1053E000FFFFFFFFFFFFFFFFFFFFFFFFFFFFFFFFCD
:1053F000FFFFFFFFFFFFFFFFFFFFFFFFFFFFFFFFBD
:10540000FFFFFFFFFFFFFFFFFFFFFFFFFFFFFFFFAC
:10541000FFFFFFFFFFFFFFFFFFFFFFFFFFFFFFFF9C
:10542000FFFFFFFFFFFFFFFFFFFFFFFFFFFFFFFF8C
:10543000FFFFFFFFFFFFFFFFFFFFFFFFFFFFFFFF7C
:10544000FFFFFFFFFFFFFFFFFFFFFFFFFFFFFFFF6C
:10545000FFFFFFFFFFFFFFFFFFFFFFFFFFFFFFFF5C
:10546000FFFFFFFFFFFFFFFFFFFFFFFFFFFFFFFF4C
:10547000FFFFFFFFFFFFFFFFFFFFFFFFFFFFFFFF3C
:10548000FFFFFFFFFFFFFFFFFFFFFFFFFFFFFFFF2C
:10549000FFFFFFFFFFFFFFFFFFFFFFFFFFFFFFFF1C
:1054A000FFFFFFFFFFFFFFFFFFFFFFFFFFFFFFFF0C
:1054B000FFFFFFFFFFFFFFFFFFFFFFFFFFFFFFFFFC
:1054C000FFFFFFFFFFFFFFFFFFFFFFFFFFFFFFFFEC
:1054D000FFFFFFFFFFFFFFFFFFFFFFFFFFFFFFFFDC
:1054E000FFFFFFFFFFFFFFFFFFFFFFFFFFFFFFFFCC
:1054F000FFFFFFFFFFFFFFFFFFFFFFFFFFFFFFFFBC
:10550000FFFFFFFFFFFFFFFFFFFFFFFFFFFFFFFFAB
:10551000FFFFFFFFFFFFFFFFFFFFFFFFFFFFFFFF9B
:10552000FFFFFFFFFFFFFFFFFFFFFFFFFFFFFFFF8B
:10553000FFFFFFFFFFFFFFFFFFFFFFFFFFFFFFFF7B
:10554000FFFFFFFFFFFFFFFFFFFFFFFFFFFFFFFF6B
:10555000FFFFFFFFFFFFFFFFFFFFFFFFFFFFFFFF5B
:10556000FFFFFFFFFFFFFFFFFFFFFFFFFFFFFFFF4B
:10557000FFFFFFFFFFFFFFFFFFFFFFFFFFFFFFFF3B
:10558000FFFFFFFFFFFFFFFFFFFFFFFFFFFFFFFF2B
:10559000FFFFFFFFFFFFFFFFFFFFFFFFFFFFFFFF1B
:1055A000FFFFFFFFFFFFFFFFFFFFFFFFFFFFFFFF0B
:1055B000FFFFFFFFFFFFFFFFFFFFFFFFFFFFFFFFFB
:1055C000FFFFFFFFFFFFFFFFFFFFFFFFFFFFFFFFEB
:1055D000FFFFFFFFFFFFFFFFFFFFFFFFFFFFFFFFDB
:1055E000FFFFFFFFFFFFFFFFFFFFFFFFFFFFFFFFCB
:1055F000FFFFFFFFFFFFFFFFFFFFFFFFFFFFFFFFBB
:10560000FFFFFFFFFFFFFFFFFFFFFFFFFFFFFFFFAA
:10561000FFFFFFFFFFFFFFFFFFFFFFFFFFFFFFFF9A
:10562000FFFFFFFFFFFFFFFFFFFFFFFFFFFFFFFF8A
:10563000FFFFFFFFFFFFFFFFFFFFFFFFFFFFFFFF7A
:10564000FFFFFFFFFFFFFFFFFFFFFFFFFFFFFFFF6A
:10565000FFFFFFFFFFFFFFFFFFFFFFFFFFFFFFFF5A
:10566000FFFFFFFFFFFFFFFFFFFFFFFFFFFFFFFF4A
:10567000FFFFFFFFFFFFFFFFFFFFFFFFFFFFFFFF3A
:10568000FFFFFFFFFFFFFFFFFFFFFFFFFFFFFFFF2A
:10569000FFFFFFFFFFFFFFFFFFFFFFFFFFFFFFFF1A
:1056A000FFFFFFFFFFFFFFFFFFFFFFFFFFFFFFFF0A
:1056B000FFFFFFFFFFFFFFFFFFFFFFFFFFFFFFFFFA
:1056C000FFFFFFFFFFFFFFFFFFFFFFFFFFFFFFFFEA
:1056D000FFFFFFFFFFFFFFFFFFFFFFFFFFFFFFFFDA
:1056E000FFFFFFFFFFFFFFFFFFFFFFFFFFFFFFFFCA
:1056F000FFFFFFFFFFFFFFFFFFFFFFFFFFFFFFFFBA
:10570000FFFFFFFFFFFFFFFFFFFFFFFFFFFFFFFFA9
:10571000FFFFFFFFFFFFFFFFFFFFFFFFFFFFFFFF99
:10572000FFFFFFFFFFFFFFFFFFFFFFFFFFFFFFFF89
:10573000FFFFFFFFFFFFFFFFFFFFFFFFFFFFFFFF79
:10574000FFFFFFFFFFFFFFFFFFFFFFFFFFFFFFFF69
:10575000FFFFFFFFFFFFFFFFFFFFFFFFFFFFFFFF59
:10576000FFFFFFFFFFFFFFFFFFFFFFFFFFFFFFFF49
:10577000FFFFFFFFFFFFFFFFFFFFFFFFFFFFFFFF39
:10578000FFFFFFFFFFFFFFFFFFFFFFFFFFFFFFFF29
:10579000FFFFFFFFFFFFFFFFFFFFFFFFFFFFFFFF19
:1057A000FFFFFFFFFFFFFFFFFFFFFFFFFFFFFFFF09
:1057B000FFFFFFFFFFFFFFFFFFFFFFFFFFFFFFFFF9
:1057C000FFFFFFFFFFFFFFFFFFFFFFFFFFFFFFFFE9
:1057D000FFFFFFFFFFFFFFFFFFFFFFFFFFFFFFFFD9
:1057E000FFFFFFFFFFFFFFFFFFFFFFFFFFFFFFFFC9
:1057F000FFFFFFFFFFFFFFFFFFFFFFFFFFFFFFFFB9
:10580000FFFFFFFFFFFFFFFFFFFFFFFFFFFFFFFFA8
:10581000FFFFFFFFFFFFFFFFFFFFFFFFFFFFFFFF98
:10582000FFFFFFFFFFFFFFFFFFFFFFFFFFFFFFFF88
:10583000FFFFFFFFFFFFFFFFFFFFFFFFFFFFFFFF78
:10584000FFFFFFFFFFFFFFFFFFFFFFFFFFFFFFFF68
:10585000FFFFFFFFFFFFFFFFFFFFFFFFFFFFFFFF58
:10586000FFFFFFFFFFFFFFFFFFFFFFFFFFFFFFFF48
:10587000FFFFFFFFFFFFFFFFFFFFFFFFFFFFFFFF38
:10588000FFFFFFFFFFFFFFFFFFFFFFFFFFFFFFFF28
:10589000FFFFFFFFFFFFFFFFFFFFFFFFFFFFFFFF18
:1058A000FFFFFFFFFFFFFFFFFFFFFFFFFFFFFFFF08
:1058B000FFFFFFFFFFFFFFFFFFFFFFFFFFFFFFFFF8
:1058C000FFFFFFFFFFFFFFFFFFFFFFFFFFFFFFFFE8
:1058D000FFFFFFFFFFFFFFFFFFFFFFFFFFFFFFFFD8
:1058E000FFFFFFFFFFFFFFFFFFFFFFFFFFFFFFFFC8
:1058F000FFFFFFFFFFFFFFFFFFFFFFFFFFFFFFFFB8
:10590000FFFFFFFFFFFFFFFFFFFFFFFFFFFFFFFFA7
:10591000FFFFFFFFFFFFFFFFFFFFFFFFFFFFFFFF97
:10592000FFFFFFFFFFFFFFFFFFFFFFFFFFFFFFFF87
:10593000FFFFFFFFFFFFFFFFFFFFFFFFFFFFFFFF77
:10594000FFFFFFFFFFFFFFFFFFFFFFFFFFFFFFFF67
:10595000FFFFFFFFFFFFFFFFFFFFFFFFFFFFFFFF57
:10596000FFFFFFFFFFFFFFFFFFFFFFFFFFFFFFFF47
:10597000FFFFFFFFFFFFFFFFFFFFFFFFFFFFFFFF37
:10598000FFFFFFFFFFFFFFFFFFFFFFFFFFFFFFFF27
:10599000FFFFFFFFFFFFFFFFFFFFFFFFFFFFFFFF17
:1059A000FFFFFFFFFFFFFFFFFFFFFFFFFFFFFFFF07
:1059B000FFFFFFFFFFFFFFFFFFFFFFFFFFFFFFFFF7
:1059C000FFFFFFFFFFFFFFFFFFFFFFFFFFFFFFFFE7
:1059D000FFFFFFFFFFFFFFFFFFFFFFFFFFFFFFFFD7
:1059E000FFFFFFFFFFFFFFFFFFFFFFFFFFFFFFFFC7
:1059F000FFFFFFFFFFFFFFFFFFFFFFFFFFFFFFFFB7
:105A0000FFFFFFFFFFFFFFFFFFFFFFFFFFFFFFFFA6
:105A1000FFFFFFFFFFFFFFFFFFFFFFFFFFFFFFFF96
:105A2000FFFFFFFFFFFFFFFFFFFFFFFFFFFFFFFF86
:105A3000FFFFFFFFFFFFFFFFFFFFFFFFFFFFFFFF76
:105A4000FFFFFFFFFFFFFFFFFFFFFFFFFFFFFFFF66
:105A5000FFFFFFFFFFFFFFFFFFFFFFFFFFFFFFFF56
:105A6000FFFFFFFFFFFFFFFFFFFFFFFFFFFFFFFF46
:105A7000FFFFFFFFFFFFFFFFFFFFFFFFFFFFFFFF36
:105A8000FFFFFFFFFFFFFFFFFFFFFFFFFFFFFFFF26
:105A9000FFFFFFFFFFFFFFFFFFFFFFFFFFFFFFFF16
:105AA000FFFFFFFFFFFFFFFFFFFFFFFFFFFFFFFF06
:105AB000FFFFFFFFFFFFFFFFFFFFFFFFFFFFFFFFF6
:105AC000FFFFFFFFFFFFFFFFFFFFFFFFFFFFFFFFE6
:105AD000FFFFFFFFFFFFFFFFFFFFFFFFFFFFFFFFD6
:105AE000FFFFFFFFFFFFFFFFFFFFFFFFFFFFFFFFC6
:105AF000FFFFFFFFFFFFFFFFFFFFFFFFFFFFFFFFB6
:105B0000FFFFFFFFFFFFFFFFFFFFFFFFFFFFFFFFA5
:105B1000FFFFFFFFFFFFFFFFFFFFFFFFFFFFFFFF95
:105B2000FFFFFFFFFFFFFFFFFFFFFFFFFFFFFFFF85
:105B3000FFFFFFFFFFFFFFFFFFFFFFFFFFFFFFFF75
:105B4000FFFFFFFFFFFFFFFFFFFFFFFFFFFFFFFF65
:105B5000FFFFFFFFFFFFFFFFFFFFFFFFFFFFFFFF55
:105B6000FFFFFFFFFFFFFFFFFFFFFFFFFFFFFFFF45
:105B7000FFFFFFFFFFFFFFFFFFFFFFFFFFFFFFFF35
:105B8000FFFFFFFFFFFFFFFFFFFFFFFFFFFFFFFF25
:105B9000FFFFFFFFFFFFFFFFFFFFFFFFFFFFFFFF15
:105BA000FFFFFFFFFFFFFFFFFFFFFFFFFFFFFFFF05
:105BB000FFFFFFFFFFFFFFFFFFFFFFFFFFFFFFFFF5
:105BC000FFFFFFFFFFFFFFFFFFFFFFFFFFFFFFFFE5
:105BD000FFFFFFFFFFFFFFFFFFFFFFFFFFFFFFFFD5
:105BE000FFFFFFFFFFFFFFFFFFFFFFFFFFFFFFFFC5
:105BF000FFFFFFFFFFFFFFFFFFFFFFFFFFFFFFFFB5
:105C0000FFFFFFFFFFFFFFFFFFFFFFFFFFFFFFFFA4
:105C1000FFFFFFFFFFFFFFFFFFFFFFFFFFFFFFFF94
:105C2000FFFFFFFFFFFFFFFFFFFFFFFFFFFFFFFF84
:105C3000FFFFFFFFFFFFFFFFFFFFFFFFFFFFFFFF74
:105C4000FFFFFFFFFFFFFFFFFFFFFFFFFFFFFFFF64
:105C5000FFFFFFFFFFFFFFFFFFFFFFFFFFFFFFFF54
:105C6000FFFFFFFFFFFFFFFFFFFFFFFFFFFFFFFF44
:105C7000FFFFFFFFFFFFFFFFFFFFFFFFFFFFFFFF34
:105C8000FFFFFFFFFFFFFFFFFFFFFFFFFFFFFFFF24
:105C9000FFFFFFFFFFFFFFFFFFFFFFFFFFFFFFFF14
:105CA000FFFFFFFFFFFFFFFFFFFFFFFFFFFFFFFF04
:105CB000FFFFFFFFFFFFFFFFFFFFFFFFFFFFFFFFF4
:105CC000FFFFFFFFFFFFFFFFFFFFFFFFFFFFFFFFE4
:105CD000FFFFFFFFFFFFFFFFFFFFFFFFFFFFFFFFD4
:105CE000FFFFFFFFFFFFFFFFFFFFFFFFFFFFFFFFC4
:105CF000FFFFFFFFFFFFFFFFFFFFFFFFFFFFFFFFB4
:105D0000FFFFFFFFFFFFFFFFFFFFFFFFFFFFFFFFA3
:105D1000FFFFFFFFFFFFFFFFFFFFFFFFFFFFFFFF93
:105D2000FFFFFFFFFFFFFFFFFFFFFFFFFFFFFFFF83
:105D3000FFFFFFFFFFFFFFFFFFFFFFFFFFFFFFFF73
:105D4000FFFFFFFFFFFFFFFFFFFFFFFFFFFFFFFF63
:105D5000FFFFFFFFFFFFFFFFFFFFFFFFFFFFFFFF53
:105D6000FFFFFFFFFFFFFFFFFFFFFFFFFFFFFFFF43
:105D7000FFFFFFFFFFFFFFFFFFFFFFFFFFFFFFFF33
:105D8000FFFFFFFFFFFFFFFFFFFFFFFFFFFFFFFF23
:105D9000FFFFFFFFFFFFFFFFFFFFFFFFFFFFFFFF13
:105DA000FFFFFFFFFFFFFFFFFFFFFFFFFFFFFFFF03
:105DB000FFFFFFFFFFFFFFFFFFFFFFFFFFFFFFFFF3
:105DC000FFFFFFFFFFFFFFFFFFFFFFFFFFFFFFFFE3
:105DD000FFFFFFFFFFFFFFFFFFFFFFFFFFFFFFFFD3
:105DE000FFFFFFFFFFFFFFFFFFFFFFFFFFFFFFFFC3
:105DF000FFFFFFFFFFFFFFFFFFFFFFFFFFFFFFFFB3
:105E0000FFFFFFFFFFFFFFFFFFFFFFFFFFFFFFFFA2
:105E1000FFFFFFFFFFFFFFFFFFFFFFFFFFFFFFFF92
:105E2000FFFFFFFFFFFFFFFFFFFFFFFFFFFFFFFF82
:105E3000FFFFFFFFFFFFFFFFFFFFFFFFFFFFFFFF72
:105E4000FFFFFFFFFFFFFFFFFFFFFFFFFFFFFFFF62
:105E5000FFFFFFFFFFFFFFFFFFFFFFFFFFFFFFFF52
:105E6000FFFFFFFFFFFFFFFFFFFFFFFFFFFFFFFF42
:105E7000FFFFFFFFFFFFFFFFFFFFFFFFFFFFFFFF32
:105E8000FFFFFFFFFFFFFFFFFFFFFFFFFFFFFFFF22
:105E9000FFFFFFFFFFFFFFFFFFFFFFFFFFFFFFFF12
:105EA000FFFFFFFFFFFFFFFFFFFFFFFFFFFFFFFF02
:105EB000FFFFFFFFFFFFFFFFFFFFFFFFFFFFFFFFF2
:105EC000FFFFFFFFFFFFFFFFFFFFFFFFFFFFFFFFE2
:105ED000FFFFFFFFFFFFFFFFFFFFFFFFFFFFFFFFD2
:105EE000FFFFFFFFFFFFFFFFFFFFFFFFFFFFFFFFC2
:105EF000FFFFFFFFFFFFFFFFFFFFFFFFFFFFFFFFB2
:105F0000FFFFFFFFFFFFFFFFFFFFFFFFFFFFFFFFA1
:105F1000FFFFFFFFFFFFFFFFFFFFFFFFFFFFFFFF91
:105F2000FFFFFFFFFFFFFFFFFFFFFFFFFFFFFFFF81
:105F3000FFFFFFFFFFFFFFFFFFFFFFFFFFFFFFFF71
:105F4000FFFFFFFFFFFFFFFFFFFFFFFFFFFFFFFF61
:105F5000FFFFFFFFFFFFFFFFFFFFFFFFFFFFFFFF51
:105F6000FFFFFFFFFFFFFFFFFFFFFFFFFFFFFFFF41
:105F7000FFFFFFFFFFFFFFFFFFFFFFFFFFFFFFFF31
:105F8000FFFFFFFFFFFFFFFFFFFFFFFFFFFFFFFF21
:105F9000FFFFFFFFFFFFFFFFFFFFFFFFFFFFFFFF11
:105FA000FFFFFFFFFFFFFFFFFFFFFFFFFFFFFFFF01
:105FB000FFFFFFFFFFFFFFFFFFFFFFFFFFFFFFFFF1
:105FC000FFFFFFFFFFFFFFFFFFFFFFFFFFFFFFFFE1
:105FD000FFFFFFFFFFFFFFFFFFFFFFFFFFFFFFFFD1
:105FE000FFFFFFFFFFFFFFFFFFFFFFFFFFFFFFFFC1
:105FF000FFFFFFFFFFFFFFFFFFFFFFFFFFFFFFFFB1
:10600000FFFFFFFFFFFFFFFFFFFFFFFFFFFFFFFFA0
:10601000FFFFFFFFFFFFFFFFFFFFFFFFFFFFFFFF90
:10602000FFFFFFFFFFFFFFFFFFFFFFFFFFFFFFFF80
:10603000FFFFFFFFFFFFFFFFFFFFFFFFFFFFFFFF70
:10604000FFFFFFFFFFFFFFFFFFFFFFFFFFFFFFFF60
:10605000FFFFFFFFFFFFFFFFFFFFFFFFFFFFFFFF50
:10606000FFFFFFFFFFFFFFFFFFFFFFFFFFFFFFFF40
:10607000FFFFFFFFFFFFFFFFFFFFFFFFFFFFFFFF30
:10608000FFFFFFFFFFFFFFFFFFFFFFFFFFFFFFFF20
:10609000FFFFFFFFFFFFFFFFFFFFFFFFFFFFFFFF10
:1060A000FFFFFFFFFFFFFFFFFFFFFFFFFFFFFFFF00
:1060B000FFFFFFFFFFFFFFFFFFFFFFFFFFFFFFFFF0
:1060C000FFFFFFFFFFFFFFFFFFFFFFFFFFFFFFFFE0
:1060D000FFFFFFFFFFFFFFFFFFFFFFFFFFFFFFFFD0
:1060E000FFFFFFFFFFFFFFFFFFFFFFFFFFFFFFFFC0
:1060F000FFFFFFFFFFFFFFFFFFFFFFFFFFFFFFFFB0
:10610000FFFFFFFFFFFFFFFFFFFFFFFFFFFFFFFF9F
:10611000FFFFFFFFFFFFFFFFFFFFFFFFFFFFFFFF8F
:10612000FFFFFFFFFFFFFFFFFFFFFFFFFFFFFFFF7F
:10613000FFFFFFFFFFFFFFFFFFFFFFFFFFFFFFFF6F
:10614000FFFFFFFFFFFFFFFFFFFFFFFFFFFFFFFF5F
:10615000FFFFFFFFFFFFFFFFFFFFFFFFFFFFFFFF4F
:10616000FFFFFFFFFFFFFFFFFFFFFFFFFFFFFFFF3F
:10617000FFFFFFFFFFFFFFFFFFFFFFFFFFFFFFFF2F
:10618000FFFFFFFFFFFFFFFFFFFFFFFFFFFFFFFF1F
:10619000FFFFFFFFFFFFFFFFFFFFFFFFFFFFFFFF0F
:1061A000FFFFFFFFFFFFFFFFFFFFFFFFFFFFFFFFFF
:1061B000FFFFFFFFFFFFFFFFFFFFFFFFFFFFFFFFEF
:1061C000FFFFFFFFFFFFFFFFFFFFFFFFFFFFFFFFDF
:1061D000FFFFFFFFFFFFFFFFFFFFFFFFFFFFFFFFCF
:1061E000FFFFFFFFFFFFFFFFFFFFFFFFFFFFFFFFBF
:1061F000FFFFFFFFFFFFFFFFFFFFFFFFFFFFFFFFAF
:10620000FFFFFFFFFFFFFFFFFFFFFFFFFFFFFFFF9E
:10621000FFFFFFFFFFFFFFFFFFFFFFFFFFFFFFFF8E
:10622000FFFFFFFFFFFFFFFFFFFFFFFFFFFFFFFF7E
:10623000FFFFFFFFFFFFFFFFFFFFFFFFFFFFFFFF6E
:10624000FFFFFFFFFFFFFFFFFFFFFFFFFFFFFFFF5E
:10625000FFFFFFFFFFFFFFFFFFFFFFFFFFFFFFFF4E
:10626000FFFFFFFFFFFFFFFFFFFFFFFFFFFFFFFF3E
:10627000FFFFFFFFFFFFFFFFFFFFFFFFFFFFFFFF2E
:10628000FFFFFFFFFFFFFFFFFFFFFFFFFFFFFFFF1E
:10629000FFFFFFFFFFFFFFFFFFFFFFFFFFFFFFFF0E
:1062A000FFFFFFFFFFFFFFFFFFFFFFFFFFFFFFFFFE
:1062B000FFFFFFFFFFFFFFFFFFFFFFFFFFFFFFFFEE
:1062C000FFFFFFFFFFFFFFFFFFFFFFFFFFFFFFFFDE
:1062D000FFFFFFFFFFFFFFFFFFFFFFFFFFFFFFFFCE
:1062E000FFFFFFFFFFFFFFFFFFFFFFFFFFFFFFFFBE
:1062F000FFFFFFFFFFFFFFFFFFFFFFFFFFFFFFFFAE
:10630000FFFFFFFFFFFFFFFFFFFFFFFFFFFFFFFF9D
:10631000FFFFFFFFFFFFFFFFFFFFFFFFFFFFFFFF8D
:10632000FFFFFFFFFFFFFFFFFFFFFFFFFFFFFFFF7D
:10633000FFFFFFFFFFFFFFFFFFFFFFFFFFFFFFFF6D
:10634000FFFFFFFFFFFFFFFFFFFFFFFFFFFFFFFF5D
:10635000FFFFFFFFFFFFFFFFFFFFFFFFFFFFFFFF4D
:10636000FFFFFFFFFFFFFFFFFFFFFFFFFFFFFFFF3D
:10637000FFFFFFFFFFFFFFFFFFFFFFFFFFFFFFFF2D
:10638000FFFFFFFFFFFFFFFFFFFFFFFFFFFFFFFF1D
:10639000FFFFFFFFFFFFFFFFFFFFFFFFFFFFFFFF0D
:1063A000FFFFFFFFFFFFFFFFFFFFFFFFFFFFFFFFFD
:1063B000FFFFFFFFFFFFFFFFFFFFFFFFFFFFFFFFED
:1063C000FFFFFFFFFFFFFFFFFFFFFFFFFFFFFFFFDD
:1063D000FFFFFFFFFFFFFFFFFFFFFFFFFFFFFFFFCD
:1063E000FFFFFFFFFFFFFFFFFFFFFFFFFFFFFFFFBD
:1063F000FFFFFFFFFFFFFFFFFFFFFFFFFFFFFFFFAD
:10640000FFFFFFFFFFFFFFFFFFFFFFFFFFFFFFFF9C
:10641000FFFFFFFFFFFFFFFFFFFFFFFFFFFFFFFF8C
:10642000FFFFFFFFFFFFFFFFFFFFFFFFFFFFFFFF7C
:10643000FFFFFFFFFFFFFFFFFFFFFFFFFFFFFFFF6C
:10644000FFFFFFFFFFFFFFFFFFFFFFFFFFFFFFFF5C
:10645000FFFFFFFFFFFFFFFFFFFFFFFFFFFFFFFF4C
:10646000FFFFFFFFFFFFFFFFFFFFFFFFFFFFFFFF3C
:10647000FFFFFFFFFFFFFFFFFFFFFFFFFFFFFFFF2C
:10648000FFFFFFFFFFFFFFFFFFFFFFFFFFFFFFFF1C
:10649000FFFFFFFFFFFFFFFFFFFFFFFFFFFFFFFF0C
:1064A000FFFFFFFFFFFFFFFFFFFFFFFFFFFFFFFFFC
:1064B000FFFFFFFFFFFFFFFFFFFFFFFFFFFFFFFFEC
:1064C000FFFFFFFFFFFFFFFFFFFFFFFFFFFFFFFFDC
:1064D000FFFFFFFFFFFFFFFFFFFFFFFFFFFFFFFFCC
:1064E000FFFFFFFFFFFFFFFFFFFFFFFFFFFFFFFFBC
:1064F000FFFFFFFFFFFFFFFFFFFFFFFFFFFFFFFFAC
:10650000FFFFFFFFFFFFFFFFFFFFFFFFFFFFFFFF9B
:10651000FFFFFFFFFFFFFFFFFFFFFFFFFFFFFFFF8B
:10652000FFFFFFFFFFFFFFFFFFFFFFFFFFFFFFFF7B
:10653000FFFFFFFFFFFFFFFFFFFFFFFFFFFFFFFF6B
:10654000FFFFFFFFFFFFFFFFFFFFFFFFFFFFFFFF5B
:10655000FFFFFFFFFFFFFFFFFFFFFFFFFFFFFFFF4B
:10656000FFFFFFFFFFFFFFFFFFFFFFFFFFFFFFFF3B
:10657000FFFFFFFFFFFFFFFFFFFFFFFFFFFFFFFF2B
:10658000FFFFFFFFFFFFFFFFFFFFFFFFFFFFFFFF1B
:10659000FFFFFFFFFFFFFFFFFFFFFFFFFFFFFFFF0B
:1065A000FFFFFFFFFFFFFFFFFFFFFFFFFFFFFFFFFB
:1065B000FFFFFFFFFFFFFFFFFFFFFFFFFFFFFFFFEB
:1065C000FFFFFFFFFFFFFFFFFFFFFFFFFFFFFFFFDB
:1065D000FFFFFFFFFFFFFFFFFFFFFFFFFFFFFFFFCB
:1065E000FFFFFFFFFFFFFFFFFFFFFFFFFFFFFFFFBB
:1065F000FFFFFFFFFFFFFFFFFFFFFFFFFFFFFFFFAB
:10660000FFFFFFFFFFFFFFFFFFFFFFFFFFFFFFFF9A
:10661000FFFFFFFFFFFFFFFFFFFFFFFFFFFFFFFF8A
:10662000FFFFFFFFFFFFFFFFFFFFFFFFFFFFFFFF7A
:10663000FFFFFFFFFFFFFFFFFFFFFFFFFFFFFFFF6A
:10664000FFFFFFFFFFFFFFFFFFFFFFFFFFFFFFFF5A
:10665000FFFFFFFFFFFFFFFFFFFFFFFFFFFFFFFF4A
:10666000FFFFFFFFFFFFFFFFFFFFFFFFFFFFFFFF3A
:10667000FFFFFFFFFFFFFFFFFFFFFFFFFFFFFFFF2A
:10668000FFFFFFFFFFFFFFFFFFFFFFFFFFFFFFFF1A
:10669000FFFFFFFFFFFFFFFFFFFFFFFFFFFFFFFF0A
:1066A000FFFFFFFFFFFFFFFFFFFFFFFFFFFFFFFFFA
:1066B000FFFFFFFFFFFFFFFFFFFFFFFFFFFFFFFFEA
:1066C000FFFFFFFFFFFFFFFFFFFFFFFFFFFFFFFFDA
:1066D000FFFFFFFFFFFFFFFFFFFFFFFFFFFFFFFFCA
:1066E000FFFFFFFFFFFFFFFFFFFFFFFFFFFFFFFFBA
:1066F000FFFFFFFFFFFFFFFFFFFFFFFFFFFFFFFFAA
:10670000FFFFFFFFFFFFFFFFFFFFFFFFFFFFFFFF99
:10671000FFFFFFFFFFFFFFFFFFFFFFFFFFFFFFFF89
:10672000FFFFFFFFFFFFFFFFFFFFFFFFFFFFFFFF79
:10673000FFFFFFFFFFFFFFFFFFFFFFFFFFFFFFFF69
:10674000FFFFFFFFFFFFFFFFFFFFFFFFFFFFFFFF59
:10675000FFFFFFFFFFFFFFFFFFFFFFFFFFFFFFFF49
:10676000FFFFFFFFFFFFFFFFFFFFFFFFFFFFFFFF39
:10677000FFFFFFFFFFFFFFFFFFFFFFFFFFFFFFFF29
:10678000FFFFFFFFFFFFFFFFFFFFFFFFFFFFFFFF19
:10679000FFFFFFFFFFFFFFFFFFFFFFFFFFFFFFFF09
:1067A000FFFFFFFFFFFFFFFFFFFFFFFFFFFFFFFFF9
:1067B000FFFFFFFFFFFFFFFFFFFFFFFFFFFFFFFFE9
:1067C000FFFFFFFFFFFFFFFFFFFFFFFFFFFFFFFFD9
:1067D000FFFFFFFFFFFFFFFFFFFFFFFFFFFFFFFFC9
:1067E000FFFFFFFFFFFFFFFFFFFFFFFFFFFFFFFFB9
:1067F000FFFFFFFFFFFFFFFFFFFFFFFFFFFFFFFFA9
:10680000FFFFFFFFFFFFFFFFFFFFFFFFFFFFFFFF98
:10681000FFFFFFFFFFFFFFFFFFFFFFFFFFFFFFFF88
:10682000FFFFFFFFFFFFFFFFFFFFFFFFFFFFFFFF78
:10683000FFFFFFFFFFFFFFFFFFFFFFFFFFFFFFFF68
:10684000FFFFFFFFFFFFFFFFFFFFFFFFFFFFFFFF58
:10685000FFFFFFFFFFFFFFFFFFFFFFFFFFFFFFFF48
:10686000FFFFFFFFFFFFFFFFFFFFFFFFFFFFFFFF38
:10687000FFFFFFFFFFFFFFFFFFFFFFFFFFFFFFFF28
:10688000FFFFFFFFFFFFFFFFFFFFFFFFFFFFFFFF18
:10689000FFFFFFFFFFFFFFFFFFFFFFFFFFFFFFFF08
:1068A000FFFFFFFFFFFFFFFFFFFFFFFFFFFFFFFFF8
:1068B000FFFFFFFFFFFFFFFFFFFFFFFFFFFFFFFFE8
:1068C000FFFFFFFFFFFFFFFFFFFFFFFFFFFFFFFFD8
:1068D000FFFFFFFFFFFFFFFFFFFFFFFFFFFFFFFFC8
:1068E000FFFFFFFFFFFFFFFFFFFFFFFFFFFFFFFFB8
:1068F000FFFFFFFFFFFFFFFFFFFFFFFFFFFFFFFFA8
:10690000FFFFFFFFFFFFFFFFFFFFFFFFFFFFFFFF97
:10691000FFFFFFFFFFFFFFFFFFFFFFFFFFFFFFFF87
:10692000FFFFFFFFFFFFFFFFFFFFFFFFFFFFFFFF77
:10693000FFFFFFFFFFFFFFFFFFFFFFFFFFFFFFFF67
:10694000FFFFFFFFFFFFFFFFFFFFFFFFFFFFFFFF57
:10695000FFFFFFFFFFFFFFFFFFFFFFFFFFFFFFFF47
:10696000FFFFFFFFFFFFFFFFFFFFFFFFFFFFFFFF37
:10697000FFFFFFFFFFFFFFFFFFFFFFFFFFFFFFFF27
:10698000FFFFFFFFFFFFFFFFFFFFFFFFFFFFFFFF17
:10699000FFFFFFFFFFFFFFFFFFFFFFFFFFFFFFFF07
:1069A000FFFFFFFFFFFFFFFFFFFFFFFFFFFFFFFFF7
:1069B000FFFFFFFFFFFFFFFFFFFFFFFFFFFFFFFFE7
:1069C000FFFFFFFFFFFFFFFFFFFFFFFFFFFFFFFFD7
:1069D000FFFFFFFFFFFFFFFFFFFFFFFFFFFFFFFFC7
:1069E000FFFFFFFFFFFFFFFFFFFFFFFFFFFFFFFFB7
:1069F000FFFFFFFFFFFFFFFFFFFFFFFFFFFFFFFFA7
:106A0000FFFFFFFFFFFFFFFFFFFFFFFFFFFFFFFF96
:106A1000FFFFFFFFFFFFFFFFFFFFFFFFFFFFFFFF86
:106A2000FFFFFFFFFFFFFFFFFFFFFFFFFFFFFFFF76
:106A3000FFFFFFFFFFFFFFFFFFFFFFFFFFFFFFFF66
:106A4000FFFFFFFFFFFFFFFFFFFFFFFFFFFFFFFF56
:106A5000FFFFFFFFFFFFFFFFFFFFFFFFFFFFFFFF46
:106A6000FFFFFFFFFFFFFFFFFFFFFFFFFFFFFFFF36
:106A7000FFFFFFFFFFFFFFFFFFFFFFFFFFFFFFFF26
:106A8000FFFFFFFFFFFFFFFFFFFFFFFFFFFFFFFF16
:106A9000FFFFFFFFFFFFFFFFFFFFFFFFFFFFFFFF06
:106AA000FFFFFFFFFFFFFFFFFFFFFFFFFFFFFFFFF6
:106AB000FFFFFFFFFFFFFFFFFFFFFFFFFFFFFFFFE6
:106AC000FFFFFFFFFFFFFFFFFFFFFFFFFFFFFFFFD6
:106AD000FFFFFFFFFFFFFFFFFFFFFFFFFFFFFFFFC6
:106AE000FFFFFFFFFFFFFFFFFFFFFFFFFFFFFFFFB6
:106AF000FFFFFFFFFFFFFFFFFFFFFFFFFFFFFFFFA6
:106B0000FFFFFFFFFFFFFFFFFFFFFFFFFFFFFFFF95
:106B1000FFFFFFFFFFFFFFFFFFFFFFFFFFFFFFFF85
:106B2000FFFFFFFFFFFFFFFFFFFFFFFFFFFFFFFF75
:106B3000FFFFFFFFFFFFFFFFFFFFFFFFFFFFFFFF65
:106B4000FFFFFFFFFFFFFFFFFFFFFFFFFFFFFFFF55
:106B5000FFFFFFFFFFFFFFFFFFFFFFFFFFFFFFFF45
:106B6000FFFFFFFFFFFFFFFFFFFFFFFFFFFFFFFF35
:106B7000FFFFFFFFFFFFFFFFFFFFFFFFFFFFFFFF25
:106B8000FFFFFFFFFFFFFFFFFFFFFFFFFFFFFFFF15
:106B9000FFFFFFFFFFFFFFFFFFFFFFFFFFFFFFFF05
:106BA000FFFFFFFFFFFFFFFFFFFFFFFFFFFFFFFFF5
:106BB000FFFFFFFFFFFFFFFFFFFFFFFFFFFFFFFFE5
:106BC000FFFFFFFFFFFFFFFFFFFFFFFFFFFFFFFFD5
:106BD000FFFFFFFFFFFFFFFFFFFFFFFFFFFFFFFFC5
:106BE000FFFFFFFFFFFFFFFFFFFFFFFFFFFFFFFFB5
:106BF000FFFFFFFFFFFFFFFFFFFFFFFFFFFFFFFFA5
:106C0000FFFFFFFFFFFFFFFFFFFFFFFFFFFFFFFF94
:106C1000FFFFFFFFFFFFFFFFFFFFFFFFFFFFFFFF84
:106C2000FFFFFFFFFFFFFFFFFFFFFFFFFFFFFFFF74
:106C3000FFFFFFFFFFFFFFFFFFFFFFFFFFFFFFFF64
:106C4000FFFFFFFFFFFFFFFFFFFFFFFFFFFFFFFF54
:106C5000FFFFFFFFFFFFFFFFFFFFFFFFFFFFFFFF44
:106C6000FFFFFFFFFFFFFFFFFFFFFFFFFFFFFFFF34
:106C7000FFFFFFFFFFFFFFFFFFFFFFFFFFFFFFFF24
:106C8000FFFFFFFFFFFFFFFFFFFFFFFFFFFFFFFF14
:106C9000FFFFFFFFFFFFFFFFFFFFFFFFFFFFFFFF04
:106CA000FFFFFFFFFFFFFFFFFFFFFFFFFFFFFFFFF4
:106CB000FFFFFFFFFFFFFFFFFFFFFFFFFFFFFFFFE4
:106CC000FFFFFFFFFFFFFFFFFFFFFFFFFFFFFFFFD4
:106CD000FFFFFFFFFFFFFFFFFFFFFFFFFFFFFFFFC4
:106CE000FFFFFFFFFFFFFFFFFFFFFFFFFFFFFFFFB4
:106CF000FFFFFFFFFFFFFFFFFFFFFFFFFFFFFFFFA4
:106D0000FFFFFFFFFFFFFFFFFFFFFFFFFFFFFFFF93
:106D1000FFFFFFFFFFFFFFFFFFFFFFFFFFFFFFFF83
:106D2000FFFFFFFFFFFFFFFFFFFFFFFFFFFFFFFF73
:106D3000FFFFFFFFFFFFFFFFFFFFFFFFFFFFFFFF63
:106D4000FFFFFFFFFFFFFFFFFFFFFFFFFFFFFFFF53
:106D5000FFFFFFFFFFFFFFFFFFFFFFFFFFFFFFFF43
:106D6000FFFFFFFFFFFFFFFFFFFFFFFFFFFFFFFF33
:106D7000FFFFFFFFFFFFFFFFFFFFFFFFFFFFFFFF23
:106D8000FFFFFFFFFFFFFFFFFFFFFFFFFFFFFFFF13
:106D9000FFFFFFFFFFFFFFFFFFFFFFFFFFFFFFFF03
:106DA000FFFFFFFFFFFFFFFFFFFFFFFFFFFFFFFFF3
:106DB000FFFFFFFFFFFFFFFFFFFFFFFFFFFFFFFFE3
:106DC000FFFFFFFFFFFFFFFFFFFFFFFFFFFFFFFFD3
:106DD000FFFFFFFFFFFFFFFFFFFFFFFFFFFFFFFFC3
:106DE000FFFFFFFFFFFFFFFFFFFFFFFFFFFFFFFFB3
:106DF000FFFFFFFFFFFFFFFFFFFFFFFFFFFFFFFFA3
:106E0000FFFFFFFFFFFFFFFFFFFFFFFFFFFFFFFF92
:106E1000FFFFFFFFFFFFFFFFFFFFFFFFFFFFFFFF82
:106E2000FFFFFFFFFFFFFFFFFFFFFFFFFFFFFFFF72
:106E3000FFFFFFFFFFFFFFFFFFFFFFFFFFFFFFFF62
:106E4000FFFFFFFFFFFFFFFFFFFFFFFFFFFFFFFF52
:106E5000FFFFFFFFFFFFFFFFFFFFFFFFFFFFFFFF42
:106E6000FFFFFFFFFFFFFFFFFFFFFFFFFFFFFFFF32
:106E7000FFFFFFFFFFFFFFFFFFFFFFFFFFFFFFFF22
:106E8000FFFFFFFFFFFFFFFFFFFFFFFFFFFFFFFF12
:106E9000FFFFFFFFFFFFFFFFFFFFFFFFFFFFFFFF02
:106EA000FFFFFFFFFFFFFFFFFFFFFFFFFFFFFFFFF2
:106EB000FFFFFFFFFFFFFFFFFFFFFFFFFFFFFFFFE2
:106EC000FFFFFFFFFFFFFFFFFFFFFFFFFFFFFFFFD2
:106ED000FFFFFFFFFFFFFFFFFFFFFFFFFFFFFFFFC2
:106EE000FFFFFFFFFFFFFFFFFFFFFFFFFFFFFFFFB2
:106EF000FFFFFFFFFFFFFFFFFFFFFFFFFFFFFFFFA2
:106F0000FFFFFFFFFFFFFFFFFFFFFFFFFFFFFFFF91
:106F1000FFFFFFFFFFFFFFFFFFFFFFFFFFFFFFFF81
:106F2000FFFFFFFFFFFFFFFFFFFFFFFFFFFFFFFF71
:106F3000FFFFFFFFFFFFFFFFFFFFFFFFFFFFFFFF61
:106F4000FFFFFFFFFFFFFFFFFFFFFFFFFFFFFFFF51
:106F5000FFFFFFFFFFFFFFFFFFFFFFFFFFFFFFFF41
:106F6000FFFFFFFFFFFFFFFFFFFFFFFFFFFFFFFF31
:106F7000FFFFFFFFFFFFFFFFFFFFFFFFFFFFFFFF21
:106F8000FFFFFFFFFFFFFFFFFFFFFFFFFFFFFFFF11
:106F9000FFFFFFFFFFFFFFFFFFFFFFFFFFFFFFFF01
:106FA000FFFFFFFFFFFFFFFFFFFFFFFFFFFFFFFFF1
:106FB000FFFFFFFFFFFFFFFFFFFFFFFFFFFFFFFFE1
:106FC000FFFFFFFFFFFFFFFFFFFFFFFFFFFFFFFFD1
:106FD000FFFFFFFFFFFFFFFFFFFFFFFFFFFFFFFFC1
:106FE000FFFFFFFFFFFFFFFFFFFFFFFFFFFFFFFFB1
:106FF000FFFFFFFFFFFFFFFFFFFFFFFFFFFFFFFFA1
:10700000FFFFFFFFFFFFFFFFFFFFFFFFFFFFFFFF90
:10701000FFFFFFFFFFFFFFFFFFFFFFFFFFFFFFFF80
:10702000FFFFFFFFFFFFFFFFFFFFFFFFFFFFFFFF70
:10703000FFFFFFFFFFFFFFFFFFFFFFFFFFFFFFFF60
:10704000FFFFFFFFFFFFFFFFFFFFFFFFFFFFFFFF50
:10705000FFFFFFFFFFFFFFFFFFFFFFFFFFFFFFFF40
:10706000FFFFFFFFFFFFFFFFFFFFFFFFFFFFFFFF30
:10707000FFFFFFFFFFFFFFFFFFFFFFFFFFFFFFFF20
:10708000FFFFFFFFFFFFFFFFFFFFFFFFFFFFFFFF10
:10709000FFFFFFFFFFFFFFFFFFFFFFFFFFFFFFFF00
:1070A000FFFFFFFFFFFFFFFFFFFFFFFFFFFFFFFFF0
:1070B000FFFFFFFFFFFFFFFFFFFFFFFFFFFFFFFFE0
:1070C000FFFFFFFFFFFFFFFFFFFFFFFFFFFFFFFFD0
:1070D000FFFFFFFFFFFFFFFFFFFFFFFFFFFFFFFFC0
:1070E000FFFFFFFFFFFFFFFFFFFFFFFFFFFFFFFFB0
:1070F000FFFFFFFFFFFFFFFFFFFFFFFFFFFFFFFFA0
:10710000FFFFFFFFFFFFFFFFFFFFFFFFFFFFFFFF8F
:10711000FFFFFFFFFFFFFFFFFFFFFFFFFFFFFFFF7F
:10712000FFFFFFFFFFFFFFFFFFFFFFFFFFFFFFFF6F
:10713000FFFFFFFFFFFFFFFFFFFFFFFFFFFFFFFF5F
:10714000FFFFFFFFFFFFFFFFFFFFFFFFFFFFFFFF4F
:10715000FFFFFFFFFFFFFFFFFFFFFFFFFFFFFFFF3F
:10716000FFFFFFFFFFFFFFFFFFFFFFFFFFFFFFFF2F
:10717000FFFFFFFFFFFFFFFFFFFFFFFFFFFFFFFF1F
:10718000FFFFFFFFFFFFFFFFFFFFFFFFFFFFFFFF0F
:10719000FFFFFFFFFFFFFFFFFFFFFFFFFFFFFFFFFF
:1071A000FFFFFFFFFFFFFFFFFFFFFFFFFFFFFFFFEF
:1071B000FFFFFFFFFFFFFFFFFFFFFFFFFFFFFFFFDF
:1071C000FFFFFFFFFFFFFFFFFFFFFFFFFFFFFFFFCF
:1071D000FFFFFFFFFFFFFFFFFFFFFFFFFFFFFFFFBF
:1071E000FFFFFFFFFFFFFFFFFFFFFFFFFFFFFFFFAF
:1071F000FFFFFFFFFFFFFFFFFFFFFFFFFFFFFFFF9F
:10720000FFFFFFFFFFFFFFFFFFFFFFFFFFFFFFFF8E
:10721000FFFFFFFFFFFFFFFFFFFFFFFFFFFFFFFF7E
:10722000FFFFFFFFFFFFFFFFFFFFFFFFFFFFFFFF6E
:10723000FFFFFFFFFFFFFFFFFFFFFFFFFFFFFFFF5E
:10724000FFFFFFFFFFFFFFFFFFFFFFFFFFFFFFFF4E
:10725000FFFFFFFFFFFFFFFFFFFFFFFFFFFFFFFF3E
:10726000FFFFFFFFFFFFFFFFFFFFFFFFFFFFFFFF2E
:10727000FFFFFFFFFFFFFFFFFFFFFFFFFFFFFFFF1E
:10728000FFFFFFFFFFFFFFFFFFFFFFFFFFFFFFFF0E
:10729000FFFFFFFFFFFFFFFFFFFFFFFFFFFFFFFFFE
:1072A000FFFFFFFFFFFFFFFFFFFFFFFFFFFFFFFFEE
:1072B000FFFFFFFFFFFFFFFFFFFFFFFFFFFFFFFFDE
:1072C000FFFFFFFFFFFFFFFFFFFFFFFFFFFFFFFFCE
:1072D000FFFFFFFFFFFFFFFFFFFFFFFFFFFFFFFFBE
:1072E000FFFFFFFFFFFFFFFFFFFFFFFFFFFFFFFFAE
:1072F000FFFFFFFFFFFFFFFFFFFFFFFFFFFFFFFF9E
:10730000FFFFFFFFFFFFFFFFFFFFFFFFFFFFFFFF8D
:10731000FFFFFFFFFFFFFFFFFFFFFFFFFFFFFFFF7D
:10732000FFFFFFFFFFFFFFFFFFFFFFFFFFFFFFFF6D
:10733000FFFFFFFFFFFFFFFFFFFFFFFFFFFFFFFF5D
:10734000FFFFFFFFFFFFFFFFFFFFFFFFFFFFFFFF4D
:10735000FFFFFFFFFFFFFFFFFFFFFFFFFFFFFFFF3D
:10736000FFFFFFFFFFFFFFFFFFFFFFFFFFFFFFFF2D
:10737000FFFFFFFFFFFFFFFFFFFFFFFFFFFFFFFF1D
:10738000FFFFFFFFFFFFFFFFFFFFFFFFFFFFFFFF0D
:10739000FFFFFFFFFFFFFFFFFFFFFFFFFFFFFFFFFD
:1073A000FFFFFFFFFFFFFFFFFFFFFFFFFFFFFFFFED
:1073B000FFFFFFFFFFFFFFFFFFFFFFFFFFFFFFFFDD
:1073C000FFFFFFFFFFFFFFFFFFFFFFFFFFFFFFFFCD
:1073D000FFFFFFFFFFFFFFFFFFFFFFFFFFFFFFFFBD
:1073E000FFFFFFFFFFFFFFFFFFFFFFFFFFFFFFFFAD
:1073F000FFFFFFFFFFFFFFFFFFFFFFFFFFFFFFFF9D
:10740000FFFFFFFFFFFFFFFFFFFFFFFFFFFFFFFF8C
:10741000FFFFFFFFFFFFFFFFFFFFFFFFFFFFFFFF7C
:10742000FFFFFFFFFFFFFFFFFFFFFFFFFFFFFFFF6C
:10743000FFFFFFFFFFFFFFFFFFFFFFFFFFFFFFFF5C
:10744000FFFFFFFFFFFFFFFFFFFFFFFFFFFFFFFF4C
:10745000FFFFFFFFFFFFFFFFFFFFFFFFFFFFFFFF3C
:10746000FFFFFFFFFFFFFFFFFFFFFFFFFFFFFFFF2C
:10747000FFFFFFFFFFFFFFFFFFFFFFFFFFFFFFFF1C
:10748000FFFFFFFFFFFFFFFFFFFFFFFFFFFFFFFF0C
:10749000FFFFFFFFFFFFFFFFFFFFFFFFFFFFFFFFFC
:1074A000FFFFFFFFFFFFFFFFFFFFFFFFFFFFFFFFEC
:1074B000FFFFFFFFFFFFFFFFFFFFFFFFFFFFFFFFDC
:1074C000FFFFFFFFFFFFFFFFFFFFFFFFFFFFFFFFCC
:1074D000FFFFFFFFFFFFFFFFFFFFFFFFFFFFFFFFBC
:1074E000FFFFFFFFFFFFFFFFFFFFFFFFFFFFFFFFAC
:1074F000FFFFFFFFFFFFFFFFFFFFFFFFFFFFFFFF9C
:10750000FFFFFFFFFFFFFFFFFFFFFFFFFFFFFFFF8B
:10751000FFFFFFFFFFFFFFFFFFFFFFFFFFFFFFFF7B
:10752000FFFFFFFFFFFFFFFFFFFFFFFFFFFFFFFF6B
:10753000FFFFFFFFFFFFFFFFFFFFFFFFFFFFFFFF5B
:10754000FFFFFFFFFFFFFFFFFFFFFFFFFFFFFFFF4B
:10755000FFFFFFFFFFFFFFFFFFFFFFFFFFFFFFFF3B
:10756000FFFFFFFFFFFFFFFFFFFFFFFFFFFFFFFF2B
:10757000FFFFFFFFFFFFFFFFFFFFFFFFFFFFFFFF1B
:10758000FFFFFFFFFFFFFFFFFFFFFFFFFFFFFFFF0B
:10759000FFFFFFFFFFFFFFFFFFFFFFFFFFFFFFFFFB
:1075A000FFFFFFFFFFFFFFFFFFFFFFFFFFFFFFFFEB
:1075B000FFFFFFFFFFFFFFFFFFFFFFFFFFFFFFFFDB
:1075C000FFFFFFFFFFFFFFFFFFFFFFFFFFFFFFFFCB
:1075D000FFFFFFFFFFFFFFFFFFFFFFFFFFFFFFFFBB
:1075E000FFFFFFFFFFFFFFFFFFFFFFFFFFFFFFFFAB
:1075F000FFFFFFFFFFFFFFFFFFFFFFFFFFFFFFFF9B
:10760000FFFFFFFFFFFFFFFFFFFFFFFFFFFFFFFF8A
:10761000FFFFFFFFFFFFFFFFFFFFFFFFFFFFFFFF7A
:10762000FFFFFFFFFFFFFFFFFFFFFFFFFFFFFFFF6A
:10763000FFFFFFFFFFFFFFFFFFFFFFFFFFFFFFFF5A
:10764000FFFFFFFFFFFFFFFFFFFFFFFFFFFFFFFF4A
:10765000FFFFFFFFFFFFFFFFFFFFFFFFFFFFFFFF3A
:10766000FFFFFFFFFFFFFFFFFFFFFFFFFFFFFFFF2A
:10767000FFFFFFFFFFFFFFFFFFFFFFFFFFFFFFFF1A
:10768000FFFFFFFFFFFFFFFFFFFFFFFFFFFFFFFF0A
:10769000FFFFFFFFFFFFFFFFFFFFFFFFFFFFFFFFFA
:1076A000FFFFFFFFFFFFFFFFFFFFFFFFFFFFFFFFEA
:1076B000FFFFFFFFFFFFFFFFFFFFFFFFFFFFFFFFDA
:1076C000FFFFFFFFFFFFFFFFFFFFFFFFFFFFFFFFCA
:1076D000FFFFFFFFFFFFFFFFFFFFFFFFFFFFFFFFBA
:1076E000FFFFFFFFFFFFFFFFFFFFFFFFFFFFFFFFAA
:1076F000FFFFFFFFFFFFFFFFFFFFFFFFFFFFFFFF9A
:10770000FFFFFFFFFFFFFFFFFFFFFFFFFFFFFFFF89
:10771000FFFFFFFFFFFFFFFFFFFFFFFFFFFFFFFF79
:10772000FFFFFFFFFFFFFFFFFFFFFFFFFFFFFFFF69
:10773000FFFFFFFFFFFFFFFFFFFFFFFFFFFFFFFF59
:10774000FFFFFFFFFFFFFFFFFFFFFFFFFFFFFFFF49
:10775000FFFFFFFFFFFFFFFFFFFFFFFFFFFFFFFF39
:10776000FFFFFFFFFFFFFFFFFFFFFFFFFFFFFFFF29
:10777000FFFFFFFFFFFFFFFFFFFFFFFFFFFFFFFF19
:10778000FFFFFFFFFFFFFFFFFFFFFFFFFFFFFFFF09
:10779000FFFFFFFFFFFFFFFFFFFFFFFFFFFFFFFFF9
:1077A000FFFFFFFFFFFFFFFFFFFFFFFFFFFFFFFFE9
:1077B000FFFFFFFFFFFFFFFFFFFFFFFFFFFFFFFFD9
:1077C000FFFFFFFFFFFFFFFFFFFFFFFFFFFFFFFFC9
:1077D000FFFFFFFFFFFFFFFFFFFFFFFFFFFFFFFFB9
:1077E000FFFFFFFFFFFFFFFFFFFFFFFFFFFFFFFFA9
:1077F000FFFFFFFFFFFFFFFFFFFFFFFFFFFFFFFF99
:10780000FFFFFFFFFFFFFFFFFFFFFFFFFFFFFFFF88
:10781000FFFFFFFFFFFFFFFFFFFFFFFFFFFFFFFF78
:10782000FFFFFFFFFFFFFFFFFFFFFFFFFFFFFFFF68
:10783000FFFFFFFFFFFFFFFFFFFFFFFFFFFFFFFF58
:10784000FFFFFFFFFFFFFFFFFFFFFFFFFFFFFFFF48
:10785000FFFFFFFFFFFFFFFFFFFFFFFFFFFFFFFF38
:10786000FFFFFFFFFFFFFFFFFFFFFFFFFFFFFFFF28
:10787000FFFFFFFFFFFFFFFFFFFFFFFFFFFFFFFF18
:10788000FFFFFFFFFFFFFFFFFFFFFFFFFFFFFFFF08
:10789000FFFFFFFFFFFFFFFFFFFFFFFFFFFFFFFFF8
:1078A000FFFFFFFFFFFFFFFFFFFFFFFFFFFFFFFFE8
:1078B000FFFFFFFFFFFFFFFFFFFFFFFFFFFFFFFFD8
:1078C000FFFFFFFFFFFFFFFFFFFFFFFFFFFFFFFFC8
:1078D000FFFFFFFFFFFFFFFFFFFFFFFFFFFFFFFFB8
:1078E000FFFFFFFFFFFFFFFFFFFFFFFFFFFFFFFFA8
:1078F000FFFFFFFFFFFFFFFFFFFFFFFFFFFFFFFF98
:10790000FFFFFFFFFFFFFFFFFFFFFFFFFFFFFFFF87
:10791000FFFFFFFFFFFFFFFFFFFFFFFFFFFFFFFF77
:10792000FFFFFFFFFFFFFFFFFFFFFFFFFFFFFFFF67
:10793000FFFFFFFFFFFFFFFFFFFFFFFFFFFFFFFF57
:10794000FFFFFFFFFFFFFFFFFFFFFFFFFFFFFFFF47
:10795000FFFFFFFFFFFFFFFFFFFFFFFFFFFFFFFF37
:10796000FFFFFFFFFFFFFFFFFFFFFFFFFFFFFFFF27
:10797000FFFFFFFFFFFFFFFFFFFFFFFFFFFFFFFF17
:10798000FFFFFFFFFFFFFFFFFFFFFFFFFFFFFFFF07
:10799000FFFFFFFFFFFFFFFFFFFFFFFFFFFFFFFFF7
:1079A000FFFFFFFFFFFFFFFFFFFFFFFFFFFFFFFFE7
:1079B000FFFFFFFFFFFFFFFFFFFFFFFFFFFFFFFFD7
:1079C000FFFFFFFFFFFFFFFFFFFFFFFFFFFFFFFFC7
:1079D000FFFFFFFFFFFFFFFFFFFFFFFFFFFFFFFFB7
:1079E000FFFFFFFFFFFFFFFFFFFFFFFFFFFFFFFFA7
:1079F000FFFFFFFFFFFFFFFFFFFFFFFFFFFFFFFF97
:107A0000FFFFFFFFFFFFFFFFFFFFFFFFFFFFFFFF86
:107A1000FFFFFFFFFFFFFFFFFFFFFFFFFFFFFFFF76
:107A2000FFFFFFFFFFFFFFFFFFFFFFFFFFFFFFFF66
:107A3000FFFFFFFFFFFFFFFFFFFFFFFFFFFFFFFF56
:107A4000FFFFFFFFFFFFFFFFFFFFFFFFFFFFFFFF46
:107A5000FFFFFFFFFFFFFFFFFFFFFFFFFFFFFFFF36
:107A6000FFFFFFFFFFFFFFFFFFFFFFFFFFFFFFFF26
:107A7000FFFFFFFFFFFFFFFFFFFFFFFFFFFFFFFF16
:107A8000FFFFFFFFFFFFFFFFFFFFFFFFFFFFFFFF06
:107A9000FFFFFFFFFFFFFFFFFFFFFFFFFFFFFFFFF6
:107AA000FFFFFFFFFFFFFFFFFFFFFFFFFFFFFFFFE6
:107AB000FFFFFFFFFFFFFFFFFFFFFFFFFFFFFFFFD6
:107AC000FFFFFFFFFFFFFFFFFFFFFFFFFFFFFFFFC6
:107AD000FFFFFFFFFFFFFFFFFFFFFFFFFFFFFFFFB6
:107AE000FFFFFFFFFFFFFFFFFFFFFFFFFFFFFFFFA6
:107AF000FFFFFFFFFFFFFFFFFFFFFFFFFFFFFFFF96
:107B0000FFFFFFFFFFFFFFFFFFFFFFFFFFFFFFFF85
:107B1000FFFFFFFFFFFFFFFFFFFFFFFFFFFFFFFF75
:107B2000FFFFFFFFFFFFFFFFFFFFFFFFFFFFFFFF65
:107B3000FFFFFFFFFFFFFFFFFFFFFFFFFFFFFFFF55
:107B4000FFFFFFFFFFFFFFFFFFFFFFFFFFFFFFFF45
:107B5000FFFFFFFFFFFFFFFFFFFFFFFFFFFFFFFF35
:107B6000FFFFFFFFFFFFFFFFFFFFFFFFFFFFFFFF25
:107B7000FFFFFFFFFFFFFFFFFFFFFFFFFFFFFFFF15
:107B8000FFFFFFFFFFFFFFFFFFFFFFFFFFFFFFFF05
:107B9000FFFFFFFFFFFFFFFFFFFFFFFFFFFFFFFFF5
:107BA000FFFFFFFFFFFFFFFFFFFFFFFFFFFFFFFFE5
:107BB000FFFFFFFFFFFFFFFFFFFFFFFFFFFFFFFFD5
:107BC000FFFFFFFFFFFFFFFFFFFFFFFFFFFFFFFFC5
:107BD000FFFFFFFFFFFFFFFFFFFFFFFFFFFFFFFFB5
:107BE000FFFFFFFFFFFFFFFFFFFFFFFFFFFFFFFFA5
:107BF000FFFFFFFFFFFFFFFFFFFFFFFFFFFFFFFF95
:107C0000FFFFFFFFFFFFFFFFFFFFFFFFFFFFFFFF84
:107C1000FFFFFFFFFFFFFFFFFFFFFFFFFFFFFFFF74
:107C2000FFFFFFFFFFFFFFFFFFFFFFFFFFFFFFFF64
:107C3000FFFFFFFFFFFFFFFFFFFFFFFFFFFFFFFF54
:107C4000FFFFFFFFFFFFFFFFFFFFFFFFFFFFFFFF44
:107C5000FFFFFFFFFFFFFFFFFFFFFFFFFFFFFFFF34
:107C6000FFFFFFFFFFFFFFFFFFFFFFFFFFFFFFFF24
:107C7000FFFFFFFFFFFFFFFFFFFFFFFFFFFFFFFF14
:107C8000FFFFFFFFFFFFFFFFFFFFFFFFFFFFFFFF04
:107C9000FFFFFFFFFFFFFFFFFFFFFFFFFFFFFFFFF4
:107CA000FFFFFFFFFFFFFFFFFFFFFFFFFFFFFFFFE4
:107CB000FFFFFFFFFFFFFFFFFFFFFFFFFFFFFFFFD4
:107CC000FFFFFFFFFFFFFFFFFFFFFFFFFFFFFFFFC4
:107CD000FFFFFFFFFFFFFFFFFFFFFFFFFFFFFFFFB4
:107CE000FFFFFFFFFFFFFFFFFFFFFFFFFFFFFFFFA4
:107CF000FFFFFFFFFFFFFFFFFFFFFFFFFFFFFFFF94
:107D0000FFFFFFFFFFFFFFFFFFFFFFFFFFFFFFFF83
:107D1000FFFFFFFFFFFFFFFFFFFFFFFFFFFFFFFF73
:107D2000FFFFFFFFFFFFFFFFFFFFFFFFFFFFFFFF63
:107D3000FFFFFFFFFFFFFFFFFFFFFFFFFFFFFFFF53
:107D4000FFFFFFFFFFFFFFFFFFFFFFFFFFFFFFFF43
:107D5000FFFFFFFFFFFFFFFFFFFFFFFFFFFFFFFF33
:107D6000FFFFFFFFFFFFFFFFFFFFFFFFFFFFFFFF23
:107D7000FFFFFFFFFFFFFFFFFFFFFFFFFFFFFFFF13
:107D8000FFFFFFFFFFFFFFFFFFFFFFFFFFFFFFFF03
:107D9000FFFFFFFFFFFFFFFFFFFFFFFFFFFFFFFFF3
:107DA000FFFFFFFFFFFFFFFFFFFFFFFFFFFFFFFFE3
:107DB000FFFFFFFFFFFFFFFFFFFFFFFFFFFFFFFFD3
:107DC000FFFFFFFFFFFFFFFFFFFFFFFFFFFFFFFFC3
:107DD000FFFFFFFFFFFFFFFFFFFFFFFFFFFFFFFFB3
:107DE000FFFFFFFFFFFFFFFFFFFFFFFFFFFFFFFFA3
:107DF000FFFFFFFFFFFFFFFFFFFFFFFFFFFFFFFF93
:107E0000FFFFFFFFFFFFFFFFFFFFFFFFFFFFFFFF82
:107E1000FFFFFFFFFFFFFFFFFFFFFFFFFFFFFFFF72
:107E2000FFFFFFFFFFFFFFFFFFFFFFFFFFFFFFFF62
:107E3000FFFFFFFFFFFFFFFFFFFFFFFFFFFFFFFF52
:107E4000FFFFFFFFFFFFFFFFFFFFFFFFFFFFFFFF42
:107E5000FFFFFFFFFFFFFFFFFFFFFFFFFFFFFFFF32
:107E6000FFFFFFFFFFFFFFFFFFFFFFFFFFFFFFFF22
:107E7000FFFFFFFFFFFFFFFFFFFFFFFFFFFFFFFF12
:107E8000FFFFFFFFFFFFFFFFFFFFFFFFFFFFFFFF02
:107E9000FFFFFFFFFFFFFFFFFFFFFFFFFFFFFFFFF2
:107EA000FFFFFFFFFFFFFFFFFFFFFFFFFFFFFFFFE2
:107EB000FFFFFFFFFFFFFFFFFFFFFFFFFFFFFFFFD2
:107EC000FFFFFFFFFFFFFFFFFFFFFFFFFFFFFFFFC2
:107ED000FFFFFFFFFFFFFFFFFFFFFFFFFFFFFFFFB2
:107EE000FFFFFFFFFFFFFFFFFFFFFFFFFFFFFFFFA2
:107EF000FFFFFFFFFFFFFFFFFFFFFFFFFFFFFFFF92
:107F0000FFFFFFFFFFFFFFFFFFFFFFFFFFFFFFFF81
:107F1000FFFFFFFFFFFFFFFFFFFFFFFFFFFFFFFF71
:107F2000FFFFFFFFFFFFFFFFFFFFFFFFFFFFFFFF61
:107F3000FFFFFFFFFFFFFFFFFFFFFFFFFFFFFFFF51
:107F4000FFFFFFFFFFFFFFFFFFFFFFFFFFFFFFFF41
:107F5000FFFFFFFFFFFFFFFFFFFFFFFFFFFFFFFF31
:107F6000FFFFFFFFFFFFFFFFFFFFFFFFFFFFFFFF21
:107F7000FFFFFFFFFFFFFFFFFFFFFFFFFFFFFFFF11
:107F8000FFFFFFFFFFFFFFFFFFFFFFFFFFFFFFFF01
:107F9000FFFFFFFFFFFFFFFFFFFFFFFFFFFFFFFFF1
:107FA000FFFFFFFFFFFFFFFFFFFFFFFFFFFFFFFFE1
:107FB000FFFFFFFFFFFFFFFFFFFFFFFFFFFFFFFFD1
:107FC000FFFFFFFFFFFFFFFFFFFFFFFFFFFFFFFFC1
:107FD000FFFFFFFFFFFFFFFFFFFFFFFFFFFFFFFFB1
:107FE000FFFFFFFFFFFFFFFFFFFFFFFFFFFFFFFFA1
:107FF000FFFFFFFFFFFFFFFFFFFFFFFFFFFFFFFF91
:10800000FFFFFFFFFFFFFFFFFFFFFFFFFFFFFFFF80
:10801000FFFFFFFFFFFFFFFFFFFFFFFFFFFFFFFF70
:10802000FFFFFFFFFFFFFFFFFFFFFFFFFFFFFFFF60
:10803000FFFFFFFFFFFFFFFFFFFFFFFFFFFFFFFF50
:10804000FFFFFFFFFFFFFFFFFFFFFFFFFFFFFFFF40
:10805000FFFFFFFFFFFFFFFFFFFFFFFFFFFFFFFF30
:10806000FFFFFFFFFFFFFFFFFFFFFFFFFFFFFFFF20
:10807000FFFFFFFFFFFFFFFFFFFFFFFFFFFFFFFF10
:10808000FFFFFFFFFFFFFFFFFFFFFFFFFFFFFFFF00
:10809000FFFFFFFFFFFFFFFFFFFFFFFFFFFFFFFFF0
:1080A000FFFFFFFFFFFFFFFFFFFFFFFFFFFFFFFFE0
:1080B000FFFFFFFFFFFFFFFFFFFFFFFFFFFFFFFFD0
:1080C000FFFFFFFFFFFFFFFFFFFFFFFFFFFFFFFFC0
:1080D000FFFFFFFFFFFFFFFFFFFFFFFFFFFFFFFFB0
:1080E000FFFFFFFFFFFFFFFFFFFFFFFFFFFFFFFFA0
:1080F000FFFFFFFFFFFFFFFFFFFFFFFFFFFFFFFF90
:10810000FFFFFFFFFFFFFFFFFFFFFFFFFFFFFFFF7F
:10811000FFFFFFFFFFFFFFFFFFFFFFFFFFFFFFFF6F
:10812000FFFFFFFFFFFFFFFFFFFFFFFFFFFFFFFF5F
:10813000FFFFFFFFFFFFFFFFFFFFFFFFFFFFFFFF4F
:10814000FFFFFFFFFFFFFFFFFFFFFFFFFFFFFFFF3F
:10815000FFFFFFFFFFFFFFFFFFFFFFFFFFFFFFFF2F
:10816000FFFFFFFFFFFFFFFFFFFFFFFFFFFFFFFF1F
:10817000FFFFFFFFFFFFFFFFFFFFFFFFFFFFFFFF0F
:10818000FFFFFFFFFFFFFFFFFFFFFFFFFFFFFFFFFF
:10819000FFFFFFFFFFFFFFFFFFFFFFFFFFFFFFFFEF
:1081A000FFFFFFFFFFFFFFFFFFFFFFFFFFFFFFFFDF
:1081B000FFFFFFFFFFFFFFFFFFFFFFFFFFFFFFFFCF
:1081C000FFFFFFFFFFFFFFFFFFFFFFFFFFFFFFFFBF
:1081D000FFFFFFFFFFFFFFFFFFFFFFFFFFFFFFFFAF
:1081E000FFFFFFFFFFFFFFFFFFFFFFFFFFFFFFFF9F
:1081F000FFFFFFFFFFFFFFFFFFFFFFFFFFFFFFFF8F
:10820000FFFFFFFFFFFFFFFFFFFFFFFFFFFFFFFF7E
:10821000FFFFFFFFFFFFFFFFFFFFFFFFFFFFFFFF6E
:10822000FFFFFFFFFFFFFFFFFFFFFFFFFFFFFFFF5E
:10823000FFFFFFFFFFFFFFFFFFFFFFFFFFFFFFFF4E
:10824000FFFFFFFFFFFFFFFFFFFFFFFFFFFFFFFF3E
:10825000FFFFFFFFFFFFFFFFFFFFFFFFFFFFFFFF2E
:10826000FFFFFFFFFFFFFFFFFFFFFFFFFFFFFFFF1E
:10827000FFFFFFFFFFFFFFFFFFFFFFFFFFFFFFFF0E
:10828000FFFFFFFFFFFFFFFFFFFFFFFFFFFFFFFFFE
:10829000FFFFFFFFFFFFFFFFFFFFFFFFFFFFFFFFEE
:1082A000FFFFFFFFFFFFFFFFFFFFFFFFFFFFFFFFDE
:1082B000FFFFFFFFFFFFFFFFFFFFFFFFFFFFFFFFCE
:1082C000FFFFFFFFFFFFFFFFFFFFFFFFFFFFFFFFBE
:1082D000FFFFFFFFFFFFFFFFFFFFFFFFFFFFFFFFAE
:1082E000FFFFFFFFFFFFFFFFFFFFFFFFFFFFFFFF9E
:1082F000FFFFFFFFFFFFFFFFFFFFFFFFFFFFFFFF8E
:10830000FFFFFFFFFFFFFFFFFFFFFFFFFFFFFFFF7D
:10831000FFFFFFFFFFFFFFFFFFFFFFFFFFFFFFFF6D
:10832000FFFFFFFFFFFFFFFFFFFFFFFFFFFFFFFF5D
:10833000FFFFFFFFFFFFFFFFFFFFFFFFFFFFFFFF4D
:10834000FFFFFFFFFFFFFFFFFFFFFFFFFFFFFFFF3D
:10835000FFFFFFFFFFFFFFFFFFFFFFFFFFFFFFFF2D
:10836000FFFFFFFFFFFFFFFFFFFFFFFFFFFFFFFF1D
:10837000FFFFFFFFFFFFFFFFFFFFFFFFFFFFFFFF0D
:10838000FFFFFFFFFFFFFFFFFFFFFFFFFFFFFFFFFD
:10839000FFFFFFFFFFFFFFFFFFFFFFFFFFFFFFFFED
:1083A000FFFFFFFFFFFFFFFFFFFFFFFFFFFFFFFFDD
:1083B000FFFFFFFFFFFFFFFFFFFFFFFFFFFFFFFFCD
:1083C000FFFFFFFFFFFFFFFFFFFFFFFFFFFFFFFFBD
:1083D000FFFFFFFFFFFFFFFFFFFFFFFFFFFFFFFFAD
:1083E000FFFFFFFFFFFFFFFFFFFFFFFFFFFFFFFF9D
:1083F000FFFFFFFFFFFFFFFFFFFFFFFFFFFFFFFF8D
:10840000FFFFFFFFFFFFFFFFFFFFFFFFFFFFFFFF7C
:10841000FFFFFFFFFFFFFFFFFFFFFFFFFFFFFFFF6C
:10842000FFFFFFFFFFFFFFFFFFFFFFFFFFFFFFFF5C
:10843000FFFFFFFFFFFFFFFFFFFFFFFFFFFFFFFF4C
:10844000FFFFFFFFFFFFFFFFFFFFFFFFFFFFFFFF3C
:10845000FFFFFFFFFFFFFFFFFFFFFFFFFFFFFFFF2C
:10846000FFFFFFFFFFFFFFFFFFFFFFFFFFFFFFFF1C
:10847000FFFFFFFFFFFFFFFFFFFFFFFFFFFFFFFF0C
:10848000FFFFFFFFFFFFFFFFFFFFFFFFFFFFFFFFFC
:10849000FFFFFFFFFFFFFFFFFFFFFFFFFFFFFFFFEC
:1084A000FFFFFFFFFFFFFFFFFFFFFFFFFFFFFFFFDC
:1084B000FFFFFFFFFFFFFFFFFFFFFFFFFFFFFFFFCC
:1084C000FFFFFFFFFFFFFFFFFFFFFFFFFFFFFFFFBC
:1084D000FFFFFFFFFFFFFFFFFFFFFFFFFFFFFFFFAC
:1084E000FFFFFFFFFFFFFFFFFFFFFFFFFFFFFFFF9C
:1084F000FFFFFFFFFFFFFFFFFFFFFFFFFFFFFFFF8C
:10850000FFFFFFFFFFFFFFFFFFFFFFFFFFFFFFFF7B
:10851000FFFFFFFFFFFFFFFFFFFFFFFFFFFFFFFF6B
:10852000FFFFFFFFFFFFFFFFFFFFFFFFFFFFFFFF5B
:10853000FFFFFFFFFFFFFFFFFFFFFFFFFFFFFFFF4B
:10854000FFFFFFFFFFFFFFFFFFFFFFFFFFFFFFFF3B
:10855000FFFFFFFFFFFFFFFFFFFFFFFFFFFFFFFF2B
:10856000FFFFFFFFFFFFFFFFFFFFFFFFFFFFFFFF1B
:10857000FFFFFFFFFFFFFFFFFFFFFFFFFFFFFFFF0B
:10858000FFFFFFFFFFFFFFFFFFFFFFFFFFFFFFFFFB
:10859000FFFFFFFFFFFFFFFFFFFFFFFFFFFFFFFFEB
:1085A000FFFFFFFFFFFFFFFFFFFFFFFFFFFFFFFFDB
:1085B000FFFFFFFFFFFFFFFFFFFFFFFFFFFFFFFFCB
:1085C000FFFFFFFFFFFFFFFFFFFFFFFFFFFFFFFFBB
:1085D000FFFFFFFFFFFFFFFFFFFFFFFFFFFFFFFFAB
:1085E000FFFFFFFFFFFFFFFFFFFFFFFFFFFFFFFF9B
:1085F000FFFFFFFFFFFFFFFFFFFFFFFFFFFFFFFF8B
:10860000FFFFFFFFFFFFFFFFFFFFFFFFFFFFFFFF7A
:10861000FFFFFFFFFFFFFFFFFFFFFFFFFFFFFFFF6A
:10862000FFFFFFFFFFFFFFFFFFFFFFFFFFFFFFFF5A
:10863000FFFFFFFFFFFFFFFFFFFFFFFFFFFFFFFF4A
:10864000FFFFFFFFFFFFFFFFFFFFFFFFFFFFFFFF3A
:10865000FFFFFFFFFFFFFFFFFFFFFFFFFFFFFFFF2A
:10866000FFFFFFFFFFFFFFFFFFFFFFFFFFFFFFFF1A
:10867000FFFFFFFFFFFFFFFFFFFFFFFFFFFFFFFF0A
:10868000FFFFFFFFFFFFFFFFFFFFFFFFFFFFFFFFFA
:10869000FFFFFFFFFFFFFFFFFFFFFFFFFFFFFFFFEA
:1086A000FFFFFFFFFFFFFFFFFFFFFFFFFFFFFFFFDA
:1086B000FFFFFFFFFFFFFFFFFFFFFFFFFFFFFFFFCA
:1086C000FFFFFFFFFFFFFFFFFFFFFFFFFFFFFFFFBA
:1086D000FFFFFFFFFFFFFFFFFFFFFFFFFFFFFFFFAA
:1086E000FFFFFFFFFFFFFFFFFFFFFFFFFFFFFFFF9A
:1086F000FFFFFFFFFFFFFFFFFFFFFFFFFFFFFFFF8A
:10870000FFFFFFFFFFFFFFFFFFFFFFFFFFFFFFFF79
:10871000FFFFFFFFFFFFFFFFFFFFFFFFFFFFFFFF69
:10872000FFFFFFFFFFFFFFFFFFFFFFFFFFFFFFFF59
:10873000FFFFFFFFFFFFFFFFFFFFFFFFFFFFFFFF49
:10874000FFFFFFFFFFFFFFFFFFFFFFFFFFFFFFFF39
:10875000FFFFFFFFFFFFFFFFFFFFFFFFFFFFFFFF29
:10876000FFFFFFFFFFFFFFFFFFFFFFFFFFFFFFFF19
:10877000FFFFFFFFFFFFFFFFFFFFFFFFFFFFFFFF09
:10878000FFFFFFFFFFFFFFFFFFFFFFFFFFFFFFFFF9
:10879000FFFFFFFFFFFFFFFFFFFFFFFFFFFFFFFFE9
:1087A000FFFFFFFFFFFFFFFFFFFFFFFFFFFFFFFFD9
:1087B000FFFFFFFFFFFFFFFFFFFFFFFFFFFFFFFFC9
:1087C000FFFFFFFFFFFFFFFFFFFFFFFFFFFFFFFFB9
:1087D000FFFFFFFFFFFFFFFFFFFFFFFFFFFFFFFFA9
:1087E000FFFFFFFFFFFFFFFFFFFFFFFFFFFFFFFF99
:1087F000FFFFFFFFFFFFFFFFFFFFFFFFFFFFFFFF89
:10880000FFFFFFFFFFFFFFFFFFFFFFFFFFFFFFFF78
:10881000FFFFFFFFFFFFFFFFFFFFFFFFFFFFFFFF68
:10882000FFFFFFFFFFFFFFFFFFFFFFFFFFFFFFFF58
:10883000FFFFFFFFFFFFFFFFFFFFFFFFFFFFFFFF48
:10884000FFFFFFFFFFFFFFFFFFFFFFFFFFFFFFFF38
:10885000FFFFFFFFFFFFFFFFFFFFFFFFFFFFFFFF28
:10886000FFFFFFFFFFFFFFFFFFFFFFFFFFFFFFFF18
:10887000FFFFFFFFFFFFFFFFFFFFFFFFFFFFFFFF08
:10888000FFFFFFFFFFFFFFFFFFFFFFFFFFFFFFFFF8
:10889000FFFFFFFFFFFFFFFFFFFFFFFFFFFFFFFFE8
:1088A000FFFFFFFFFFFFFFFFFFFFFFFFFFFFFFFFD8
:1088B000FFFFFFFFFFFFFFFFFFFFFFFFFFFFFFFFC8
:1088C000FFFFFFFFFFFFFFFFFFFFFFFFFFFFFFFFB8
:1088D000FFFFFFFFFFFFFFFFFFFFFFFFFFFFFFFFA8
:1088E000FFFFFFFFFFFFFFFFFFFFFFFFFFFFFFFF98
:1088F000FFFFFFFFFFFFFFFFFFFFFFFFFFFFFFFF88
:10890000FFFFFFFFFFFFFFFFFFFFFFFFFFFFFFFF77
:10891000FFFFFFFFFFFFFFFFFFFFFFFFFFFFFFFF67
:10892000FFFFFFFFFFFFFFFFFFFFFFFFFFFFFFFF57
:10893000FFFFFFFFFFFFFFFFFFFFFFFFFFFFFFFF47
:10894000FFFFFFFFFFFFFFFFFFFFFFFFFFFFFFFF37
:10895000FFFFFFFFFFFFFFFFFFFFFFFFFFFFFFFF27
:10896000FFFFFFFFFFFFFFFFFFFFFFFFFFFFFFFF17
:10897000FFFFFFFFFFFFFFFFFFFFFFFFFFFFFFFF07
:10898000FFFFFFFFFFFFFFFFFFFFFFFFFFFFFFFFF7
:10899000FFFFFFFFFFFFFFFFFFFFFFFFFFFFFFFFE7
:1089A000FFFFFFFFFFFFFFFFFFFFFFFFFFFFFFFFD7
:1089B000FFFFFFFFFFFFFFFFFFFFFFFFFFFFFFFFC7
:1089C000FFFFFFFFFFFFFFFFFFFFFFFFFFFFFFFFB7
:1089D000FFFFFFFFFFFFFFFFFFFFFFFFFFFFFFFFA7
:1089E000FFFFFFFFFFFFFFFFFFFFFFFFFFFFFFFF97
:1089F000FFFFFFFFFFFFFFFFFFFFFFFFFFFFFFFF87
:108A0000FFFFFFFFFFFFFFFFFFFFFFFFFFFFFFFF76
:108A1000FFFFFFFFFFFFFFFFFFFFFFFFFFFFFFFF66
:108A2000FFFFFFFFFFFFFFFFFFFFFFFFFFFFFFFF56
:108A3000FFFFFFFFFFFFFFFFFFFFFFFFFFFFFFFF46
:108A4000FFFFFFFFFFFFFFFFFFFFFFFFFFFFFFFF36
:108A5000FFFFFFFFFFFFFFFFFFFFFFFFFFFFFFFF26
:108A6000FFFFFFFFFFFFFFFFFFFFFFFFFFFFFFFF16
:108A7000FFFFFFFFFFFFFFFFFFFFFFFFFFFFFFFF06
:108A8000FFFFFFFFFFFFFFFFFFFFFFFFFFFFFFFFF6
:108A9000FFFFFFFFFFFFFFFFFFFFFFFFFFFFFFFFE6
:108AA000FFFFFFFFFFFFFFFFFFFFFFFFFFFFFFFFD6
:108AB000FFFFFFFFFFFFFFFFFFFFFFFFFFFFFFFFC6
:108AC000FFFFFFFFFFFFFFFFFFFFFFFFFFFFFFFFB6
:108AD000FFFFFFFFFFFFFFFFFFFFFFFFFFFFFFFFA6
:108AE000FFFFFFFFFFFFFFFFFFFFFFFFFFFFFFFF96
:108AF000FFFFFFFFFFFFFFFFFFFFFFFFFFFFFFFF86
:108B0000FFFFFFFFFFFFFFFFFFFFFFFFFFFFFFFF75
:108B1000FFFFFFFFFFFFFFFFFFFFFFFFFFFFFFFF65
:108B2000FFFFFFFFFFFFFFFFFFFFFFFFFFFFFFFF55
:108B3000FFFFFFFFFFFFFFFFFFFFFFFFFFFFFFFF45
:108B4000FFFFFFFFFFFFFFFFFFFFFFFFFFFFFFFF35
:108B5000FFFFFFFFFFFFFFFFFFFFFFFFFFFFFFFF25
:108B6000FFFFFFFFFFFFFFFFFFFFFFFFFFFFFFFF15
:108B7000FFFFFFFFFFFFFFFFFFFFFFFFFFFFFFFF05
:108B8000FFFFFFFFFFFFFFFFFFFFFFFFFFFFFFFFF5
:108B9000FFFFFFFFFFFFFFFFFFFFFFFFFFFFFFFFE5
:108BA000FFFFFFFFFFFFFFFFFFFFFFFFFFFFFFFFD5
:108BB000FFFFFFFFFFFFFFFFFFFFFFFFFFFFFFFFC5
:108BC000FFFFFFFFFFFFFFFFFFFFFFFFFFFFFFFFB5
:108BD000FFFFFFFFFFFFFFFFFFFFFFFFFFFFFFFFA5
:108BE000FFFFFFFFFFFFFFFFFFFFFFFFFFFFFFFF95
:108BF000FFFFFFFFFFFFFFFFFFFFFFFFFFFFFFFF85
:108C0000FFFFFFFFFFFFFFFFFFFFFFFFFFFFFFFF74
:108C1000FFFFFFFFFFFFFFFFFFFFFFFFFFFFFFFF64
:108C2000FFFFFFFFFFFFFFFFFFFFFFFFFFFFFFFF54
:108C3000FFFFFFFFFFFFFFFFFFFFFFFFFFFFFFFF44
:108C4000FFFFFFFFFFFFFFFFFFFFFFFFFFFFFFFF34
:108C5000FFFFFFFFFFFFFFFFFFFFFFFFFFFFFFFF24
:108C6000FFFFFFFFFFFFFFFFFFFFFFFFFFFFFFFF14
:108C7000FFFFFFFFFFFFFFFFFFFFFFFFFFFFFFFF04
:108C8000FFFFFFFFFFFFFFFFFFFFFFFFFFFFFFFFF4
:108C9000FFFFFFFFFFFFFFFFFFFFFFFFFFFFFFFFE4
:108CA000FFFFFFFFFFFFFFFFFFFFFFFFFFFFFFFFD4
:108CB000FFFFFFFFFFFFFFFFFFFFFFFFFFFFFFFFC4
:108CC000FFFFFFFFFFFFFFFFFFFFFFFFFFFFFFFFB4
:108CD000FFFFFFFFFFFFFFFFFFFFFFFFFFFFFFFFA4
:108CE000FFFFFFFFFFFFFFFFFFFFFFFFFFFFFFFF94
:108CF000FFFFFFFFFFFFFFFFFFFFFFFFFFFFFFFF84
:108D0000FFFFFFFFFFFFFFFFFFFFFFFFFFFFFFFF73
:108D1000FFFFFFFFFFFFFFFFFFFFFFFFFFFFFFFF63
:108D2000FFFFFFFFFFFFFFFFFFFFFFFFFFFFFFFF53
:108D3000FFFFFFFFFFFFFFFFFFFFFFFFFFFFFFFF43
:108D4000FFFFFFFFFFFFFFFFFFFFFFFFFFFFFFFF33
:108D5000FFFFFFFFFFFFFFFFFFFFFFFFFFFFFFFF23
:108D6000FFFFFFFFFFFFFFFFFFFFFFFFFFFFFFFF13
:108D7000FFFFFFFFFFFFFFFFFFFFFFFFFFFFFFFF03
:108D8000FFFFFFFFFFFFFFFFFFFFFFFFFFFFFFFFF3
:108D9000FFFFFFFFFFFFFFFFFFFFFFFFFFFFFFFFE3
:108DA000FFFFFFFFFFFFFFFFFFFFFFFFFFFFFFFFD3
:108DB000FFFFFFFFFFFFFFFFFFFFFFFFFFFFFFFFC3
:108DC000FFFFFFFFFFFFFFFFFFFFFFFFFFFFFFFFB3
:108DD000FFFFFFFFFFFFFFFFFFFFFFFFFFFFFFFFA3
:108DE000FFFFFFFFFFFFFFFFFFFFFFFFFFFFFFFF93
:108DF000FFFFFFFFFFFFFFFFFFFFFFFFFFFFFFFF83
:108E0000FFFFFFFFFFFFFFFFFFFFFFFFFFFFFFFF72
:108E1000FFFFFFFFFFFFFFFFFFFFFFFFFFFFFFFF62
:108E2000FFFFFFFFFFFFFFFFFFFFFFFFFFFFFFFF52
:108E3000FFFFFFFFFFFFFFFFFFFFFFFFFFFFFFFF42
:108E4000FFFFFFFFFFFFFFFFFFFFFFFFFFFFFFFF32
:108E5000FFFFFFFFFFFFFFFFFFFFFFFFFFFFFFFF22
:108E6000FFFFFFFFFFFFFFFFFFFFFFFFFFFFFFFF12
:108E7000FFFFFFFFFFFFFFFFFFFFFFFFFFFFFFFF02
:108E8000FFFFFFFFFFFFFFFFFFFFFFFFFFFFFFFFF2
:108E9000FFFFFFFFFFFFFFFFFFFFFFFFFFFFFFFFE2
:108EA000FFFFFFFFFFFFFFFFFFFFFFFFFFFFFFFFD2
:108EB000FFFFFFFFFFFFFFFFFFFFFFFFFFFFFFFFC2
:108EC000FFFFFFFFFFFFFFFFFFFFFFFFFFFFFFFFB2
:108ED000FFFFFFFFFFFFFFFFFFFFFFFFFFFFFFFFA2
:108EE000FFFFFFFFFFFFFFFFFFFFFFFFFFFFFFFF92
:108EF000FFFFFFFFFFFFFFFFFFFFFFFFFFFFFFFF82
:108F0000FFFFFFFFFFFFFFFFFFFFFFFFFFFFFFFF71
:108F1000FFFFFFFFFFFFFFFFFFFFFFFFFFFFFFFF61
:108F2000FFFFFFFFFFFFFFFFFFFFFFFFFFFFFFFF51
:108F3000FFFFFFFFFFFFFFFFFFFFFFFFFFFFFFFF41
:108F4000FFFFFFFFFFFFFFFFFFFFFFFFFFFFFFFF31
:108F5000FFFFFFFFFFFFFFFFFFFFFFFFFFFFFFFF21
:108F6000FFFFFFFFFFFFFFFFFFFFFFFFFFFFFFFF11
:108F7000FFFFFFFFFFFFFFFFFFFFFFFFFFFFFFFF01
:108F8000FFFFFFFFFFFFFFFFFFFFFFFFFFFFFFFFF1
:108F9000FFFFFFFFFFFFFFFFFFFFFFFFFFFFFFFFE1
:108FA000FFFFFFFFFFFFFFFFFFFFFFFFFFFFFFFFD1
:108FB000FFFFFFFFFFFFFFFFFFFFFFFFFFFFFFFFC1
:108FC000FFFFFFFFFFFFFFFFFFFFFFFFFFFFFFFFB1
:108FD000FFFFFFFFFFFFFFFFFFFFFFFFFFFFFFFFA1
:108FE000FFFFFFFFFFFFFFFFFFFFFFFFFFFFFFFF91
:108FF000FFFFFFFFFFFFFFFFFFFFFFFFFFFFFFFF81
:10900000FFFFFFFFFFFFFFFFFFFFFFFFFFFFFFFF70
:10901000FFFFFFFFFFFFFFFFFFFFFFFFFFFFFFFF60
:10902000FFFFFFFFFFFFFFFFFFFFFFFFFFFFFFFF50
:10903000FFFFFFFFFFFFFFFFFFFFFFFFFFFFFFFF40
:10904000FFFFFFFFFFFFFFFFFFFFFFFFFFFFFFFF30
:10905000FFFFFFFFFFFFFFFFFFFFFFFFFFFFFFFF20
:10906000FFFFFFFFFFFFFFFFFFFFFFFFFFFFFFFF10
:10907000FFFFFFFFFFFFFFFFFFFFFFFFFFFFFFFF00
:10908000FFFFFFFFFFFFFFFFFFFFFFFFFFFFFFFFF0
:10909000FFFFFFFFFFFFFFFFFFFFFFFFFFFFFFFFE0
:1090A000FFFFFFFFFFFFFFFFFFFFFFFFFFFFFFFFD0
:1090B000FFFFFFFFFFFFFFFFFFFFFFFFFFFFFFFFC0
:1090C000FFFFFFFFFFFFFFFFFFFFFFFFFFFFFFFFB0
:1090D000FFFFFFFFFFFFFFFFFFFFFFFFFFFFFFFFA0
:1090E000FFFFFFFFFFFFFFFFFFFFFFFFFFFFFFFF90
:1090F000FFFFFFFFFFFFFFFFFFFFFFFFFFFFFFFF80
:10910000FFFFFFFFFFFFFFFFFFFFFFFFFFFFFFFF6F
:10911000FFFFFFFFFFFFFFFFFFFFFFFFFFFFFFFF5F
:10912000FFFFFFFFFFFFFFFFFFFFFFFFFFFFFFFF4F
:10913000FFFFFFFFFFFFFFFFFFFFFFFFFFFFFFFF3F
:10914000FFFFFFFFFFFFFFFFFFFFFFFFFFFFFFFF2F
:10915000FFFFFFFFFFFFFFFFFFFFFFFFFFFFFFFF1F
:10916000FFFFFFFFFFFFFFFFFFFFFFFFFFFFFFFF0F
:10917000FFFFFFFFFFFFFFFFFFFFFFFFFFFFFFFFFF
:10918000FFFFFFFFFFFFFFFFFFFFFFFFFFFFFFFFEF
:10919000FFFFFFFFFFFFFFFFFFFFFFFFFFFFFFFFDF
:1091A000FFFFFFFFFFFFFFFFFFFFFFFFFFFFFFFFCF
:1091B000FFFFFFFFFFFFFFFFFFFFFFFFFFFFFFFFBF
:1091C000FFFFFFFFFFFFFFFFFFFFFFFFFFFFFFFFAF
:1091D000FFFFFFFFFFFFFFFFFFFFFFFFFFFFFFFF9F
:1091E000FFFFFFFFFFFFFFFFFFFFFFFFFFFFFFFF8F
:1091F000FFFFFFFFFFFFFFFFFFFFFFFFFFFFFFFF7F
:10920000FFFFFFFFFFFFFFFFFFFFFFFFFFFFFFFF6E
:10921000FFFFFFFFFFFFFFFFFFFFFFFFFFFFFFFF5E
:10922000FFFFFFFFFFFFFFFFFFFFFFFFFFFFFFFF4E
:10923000FFFFFFFFFFFFFFFFFFFFFFFFFFFFFFFF3E
:10924000FFFFFFFFFFFFFFFFFFFFFFFFFFFFFFFF2E
:10925000FFFFFFFFFFFFFFFFFFFFFFFFFFFFFFFF1E
:10926000FFFFFFFFFFFFFFFFFFFFFFFFFFFFFFFF0E
:10927000FFFFFFFFFFFFFFFFFFFFFFFFFFFFFFFFFE
:10928000FFFFFFFFFFFFFFFFFFFFFFFFFFFFFFFFEE
:10929000FFFFFFFFFFFFFFFFFFFFFFFFFFFFFFFFDE
:1092A000FFFFFFFFFFFFFFFFFFFFFFFFFFFFFFFFCE
:1092B000FFFFFFFFFFFFFFFFFFFFFFFFFFFFFFFFBE
:1092C000FFFFFFFFFFFFFFFFFFFFFFFFFFFFFFFFAE
:1092D000FFFFFFFFFFFFFFFFFFFFFFFFFFFFFFFF9E
:1092E000FFFFFFFFFFFFFFFFFFFFFFFFFFFFFFFF8E
:1092F000FFFFFFFFFFFFFFFFFFFFFFFFFFFFFFFF7E
:10930000FFFFFFFFFFFFFFFFFFFFFFFFFFFFFFFF6D
:10931000FFFFFFFFFFFFFFFFFFFFFFFFFFFFFFFF5D
:10932000FFFFFFFFFFFFFFFFFFFFFFFFFFFFFFFF4D
:10933000FFFFFFFFFFFFFFFFFFFFFFFFFFFFFFFF3D
:10934000FFFFFFFFFFFFFFFFFFFFFFFFFFFFFFFF2D
:10935000FFFFFFFFFFFFFFFFFFFFFFFFFFFFFFFF1D
:10936000FFFFFFFFFFFFFFFFFFFFFFFFFFFFFFFF0D
:10937000FFFFFFFFFFFFFFFFFFFFFFFFFFFFFFFFFD
:10938000FFFFFFFFFFFFFFFFFFFFFFFFFFFFFFFFED
:10939000FFFFFFFFFFFFFFFFFFFFFFFFFFFFFFFFDD
:1093A000FFFFFFFFFFFFFFFFFFFFFFFFFFFFFFFFCD
:1093B000FFFFFFFFFFFFFFFFFFFFFFFFFFFFFFFFBD
:1093C000FFFFFFFFFFFFFFFFFFFFFFFFFFFFFFFFAD
:1093D000FFFFFFFFFFFFFFFFFFFFFFFFFFFFFFFF9D
:1093E000FFFFFFFFFFFFFFFFFFFFFFFFFFFFFFFF8D
:1093F000FFFFFFFFFFFFFFFFFFFFFFFFFFFFFFFF7D
:10940000FFFFFFFFFFFFFFFFFFFFFFFFFFFFFFFF6C
:10941000FFFFFFFFFFFFFFFFFFFFFFFFFFFFFFFF5C
:10942000FFFFFFFFFFFFFFFFFFFFFFFFFFFFFFFF4C
:10943000FFFFFFFFFFFFFFFFFFFFFFFFFFFFFFFF3C
:10944000FFFFFFFFFFFFFFFFFFFFFFFFFFFFFFFF2C
:10945000FFFFFFFFFFFFFFFFFFFFFFFFFFFFFFFF1C
:10946000FFFFFFFFFFFFFFFFFFFFFFFFFFFFFFFF0C
:10947000FFFFFFFFFFFFFFFFFFFFFFFFFFFFFFFFFC
:10948000FFFFFFFFFFFFFFFFFFFFFFFFFFFFFFFFEC
:10949000FFFFFFFFFFFFFFFFFFFFFFFFFFFFFFFFDC
:1094A000FFFFFFFFFFFFFFFFFFFFFFFFFFFFFFFFCC
:1094B000FFFFFFFFFFFFFFFFFFFFFFFFFFFFFFFFBC
:1094C000FFFFFFFFFFFFFFFFFFFFFFFFFFFFFFFFAC
:1094D000FFFFFFFFFFFFFFFFFFFFFFFFFFFFFFFF9C
:1094E000FFFFFFFFFFFFFFFFFFFFFFFFFFFFFFFF8C
:1094F000FFFFFFFFFFFFFFFFFFFFFFFFFFFFFFFF7C
:10950000FFFFFFFFFFFFFFFFFFFFFFFFFFFFFFFF6B
:10951000FFFFFFFFFFFFFFFFFFFFFFFFFFFFFFFF5B
:10952000FFFFFFFFFFFFFFFFFFFFFFFFFFFFFFFF4B
:10953000FFFFFFFFFFFFFFFFFFFFFFFFFFFFFFFF3B
:10954000FFFFFFFFFFFFFFFFFFFFFFFFFFFFFFFF2B
:10955000FFFFFFFFFFFFFFFFFFFFFFFFFFFFFFFF1B
:10956000FFFFFFFFFFFFFFFFFFFFFFFFFFFFFFFF0B
:10957000FFFFFFFFFFFFFFFFFFFFFFFFFFFFFFFFFB
:10958000FFFFFFFFFFFFFFFFFFFFFFFFFFFFFFFFEB
:10959000FFFFFFFFFFFFFFFFFFFFFFFFFFFFFFFFDB
:1095A000FFFFFFFFFFFFFFFFFFFFFFFFFFFFFFFFCB
:1095B000FFFFFFFFFFFFFFFFFFFFFFFFFFFFFFFFBB
:1095C000FFFFFFFFFFFFFFFFFFFFFFFFFFFFFFFFAB
:1095D000FFFFFFFFFFFFFFFFFFFFFFFFFFFFFFFF9B
:1095E000FFFFFFFFFFFFFFFFFFFFFFFFFFFFFFFF8B
:1095F000FFFFFFFFFFFFFFFFFFFFFFFFFFFFFFFF7B
:10960000FFFFFFFFFFFFFFFFFFFFFFFFFFFFFFFF6A
:10961000FFFFFFFFFFFFFFFFFFFFFFFFFFFFFFFF5A
:10962000FFFFFFFFFFFFFFFFFFFFFFFFFFFFFFFF4A
:10963000FFFFFFFFFFFFFFFFFFFFFFFFFFFFFFFF3A
:10964000FFFFFFFFFFFFFFFFFFFFFFFFFFFFFFFF2A
:10965000FFFFFFFFFFFFFFFFFFFFFFFFFFFFFFFF1A
:10966000FFFFFFFFFFFFFFFFFFFFFFFFFFFFFFFF0A
:10967000FFFFFFFFFFFFFFFFFFFFFFFFFFFFFFFFFA
:10968000FFFFFFFFFFFFFFFFFFFFFFFFFFFFFFFFEA
:10969000FFFFFFFFFFFFFFFFFFFFFFFFFFFFFFFFDA
:1096A000FFFFFFFFFFFFFFFFFFFFFFFFFFFFFFFFCA
:1096B000FFFFFFFFFFFFFFFFFFFFFFFFFFFFFFFFBA
:1096C000FFFFFFFFFFFFFFFFFFFFFFFFFFFFFFFFAA
:1096D000FFFFFFFFFFFFFFFFFFFFFFFFFFFFFFFF9A
:1096E000FFFFFFFFFFFFFFFFFFFFFFFFFFFFFFFF8A
:1096F000FFFFFFFFFFFFFFFFFFFFFFFFFFFFFFFF7A
:10970000FFFFFFFFFFFFFFFFFFFFFFFFFFFFFFFF69
:10971000FFFFFFFFFFFFFFFFFFFFFFFFFFFFFFFF59
:10972000FFFFFFFFFFFFFFFFFFFFFFFFFFFFFFFF49
:10973000FFFFFFFFFFFFFFFFFFFFFFFFFFFFFFFF39
:10974000FFFFFFFFFFFFFFFFFFFFFFFFFFFFFFFF29
:10975000FFFFFFFFFFFFFFFFFFFFFFFFFFFFFFFF19
:10976000FFFFFFFFFFFFFFFFFFFFFFFFFFFFFFFF09
:10977000FFFFFFFFFFFFFFFFFFFFFFFFFFFFFFFFF9
:10978000FFFFFFFFFFFFFFFFFFFFFFFFFFFFFFFFE9
:10979000FFFFFFFFFFFFFFFFFFFFFFFFFFFFFFFFD9
:1097A000FFFFFFFFFFFFFFFFFFFFFFFFFFFFFFFFC9
:1097B000FFFFFFFFFFFFFFFFFFFFFFFFFFFFFFFFB9
:1097C000FFFFFFFFFFFFFFFFFFFFFFFFFFFFFFFFA9
:1097D000FFFFFFFFFFFFFFFFFFFFFFFFFFFFFFFF99
:1097E000FFFFFFFFFFFFFFFFFFFFFFFFFFFFFFFF89
:1097F000FFFFFFFFFFFFFFFFFFFFFFFFFFFFFFFF79
:10980000FFFFFFFFFFFFFFFFFFFFFFFFFFFFFFFF68
:10981000FFFFFFFFFFFFFFFFFFFFFFFFFFFFFFFF58
:10982000FFFFFFFFFFFFFFFFFFFFFFFFFFFFFFFF48
:10983000FFFFFFFFFFFFFFFFFFFFFFFFFFFFFFFF38
:10984000FFFFFFFFFFFFFFFFFFFFFFFFFFFFFFFF28
:10985000FFFFFFFFFFFFFFFFFFFFFFFFFFFFFFFF18
:10986000FFFFFFFFFFFFFFFFFFFFFFFFFFFFFFFF08
:10987000FFFFFFFFFFFFFFFFFFFFFFFFFFFFFFFFF8
:10988000FFFFFFFFFFFFFFFFFFFFFFFFFFFFFFFFE8
:10989000FFFFFFFFFFFFFFFFFFFFFFFFFFFFFFFFD8
:1098A000FFFFFFFFFFFFFFFFFFFFFFFFFFFFFFFFC8
:1098B000FFFFFFFFFFFFFFFFFFFFFFFFFFFFFFFFB8
:1098C000FFFFFFFFFFFFFFFFFFFFFFFFFFFFFFFFA8
:1098D000FFFFFFFFFFFFFFFFFFFFFFFFFFFFFFFF98
:1098E000FFFFFFFFFFFFFFFFFFFFFFFFFFFFFFFF88
:1098F000FFFFFFFFFFFFFFFFFFFFFFFFFFFFFFFF78
:10990000FFFFFFFFFFFFFFFFFFFFFFFFFFFFFFFF67
:10991000FFFFFFFFFFFFFFFFFFFFFFFFFFFFFFFF57
:10992000FFFFFFFFFFFFFFFFFFFFFFFFFFFFFFFF47
:10993000FFFFFFFFFFFFFFFFFFFFFFFFFFFFFFFF37
:10994000FFFFFFFFFFFFFFFFFFFFFFFFFFFFFFFF27
:10995000FFFFFFFFFFFFFFFFFFFFFFFFFFFFFFFF17
:10996000FFFFFFFFFFFFFFFFFFFFFFFFFFFFFFFF07
:10997000FFFFFFFFFFFFFFFFFFFFFFFFFFFFFFFFF7
:10998000FFFFFFFFFFFFFFFFFFFFFFFFFFFFFFFFE7
:10999000FFFFFFFFFFFFFFFFFFFFFFFFFFFFFFFFD7
:1099A000FFFFFFFFFFFFFFFFFFFFFFFFFFFFFFFFC7
:1099B000FFFFFFFFFFFFFFFFFFFFFFFFFFFFFFFFB7
:1099C000FFFFFFFFFFFFFFFFFFFFFFFFFFFFFFFFA7
:1099D000FFFFFFFFFFFFFFFFFFFFFFFFFFFFFFFF97
:1099E000FFFFFFFFFFFFFFFFFFFFFFFFFFFFFFFF87
:1099F000FFFFFFFFFFFFFFFFFFFFFFFFFFFFFFFF77
:109A0000FFFFFFFFFFFFFFFFFFFFFFFFFFFFFFFF66
:109A1000FFFFFFFFFFFFFFFFFFFFFFFFFFFFFFFF56
:109A2000FFFFFFFFFFFFFFFFFFFFFFFFFFFFFFFF46
:109A3000FFFFFFFFFFFFFFFFFFFFFFFFFFFFFFFF36
:109A4000FFFFFFFFFFFFFFFFFFFFFFFFFFFFFFFF26
:109A5000FFFFFFFFFFFFFFFFFFFFFFFFFFFFFFFF16
:109A6000FFFFFFFFFFFFFFFFFFFFFFFFFFFFFFFF06
:109A7000FFFFFFFFFFFFFFFFFFFFFFFFFFFFFFFFF6
:109A8000FFFFFFFFFFFFFFFFFFFFFFFFFFFFFFFFE6
:109A9000FFFFFFFFFFFFFFFFFFFFFFFFFFFFFFFFD6
:109AA000FFFFFFFFFFFFFFFFFFFFFFFFFFFFFFFFC6
:109AB000FFFFFFFFFFFFFFFFFFFFFFFFFFFFFFFFB6
:109AC000FFFFFFFFFFFFFFFFFFFFFFFFFFFFFFFFA6
:109AD000FFFFFFFFFFFFFFFFFFFFFFFFFFFFFFFF96
:109AE000FFFFFFFFFFFFFFFFFFFFFFFFFFFFFFFF86
:109AF000FFFFFFFFFFFFFFFFFFFFFFFFFFFFFFFF76
:109B0000FFFFFFFFFFFFFFFFFFFFFFFFFFFFFFFF65
:109B1000FFFFFFFFFFFFFFFFFFFFFFFFFFFFFFFF55
:109B2000FFFFFFFFFFFFFFFFFFFFFFFFFFFFFFFF45
:109B3000FFFFFFFFFFFFFFFFFFFFFFFFFFFFFFFF35
:109B4000FFFFFFFFFFFFFFFFFFFFFFFFFFFFFFFF25
:109B5000FFFFFFFFFFFFFFFFFFFFFFFFFFFFFFFF15
:109B6000FFFFFFFFFFFFFFFFFFFFFFFFFFFFFFFF05
:109B7000FFFFFFFFFFFFFFFFFFFFFFFFFFFFFFFFF5
:109B8000FFFFFFFFFFFFFFFFFFFFFFFFFFFFFFFFE5
:109B9000FFFFFFFFFFFFFFFFFFFFFFFFFFFFFFFFD5
:109BA000FFFFFFFFFFFFFFFFFFFFFFFFFFFFFFFFC5
:109BB000FFFFFFFFFFFFFFFFFFFFFFFFFFFFFFFFB5
:109BC000FFFFFFFFFFFFFFFFFFFFFFFFFFFFFFFFA5
:109BD000FFFFFFFFFFFFFFFFFFFFFFFFFFFFFFFF95
:109BE000FFFFFFFFFFFFFFFFFFFFFFFFFFFFFFFF85
:109BF000FFFFFFFFFFFFFFFFFFFFFFFFFFFFFFFF75
:109C0000FFFFFFFFFFFFFFFFFFFFFFFFFFFFFFFF64
:109C1000FFFFFFFFFFFFFFFFFFFFFFFFFFFFFFFF54
:109C2000FFFFFFFFFFFFFFFFFFFFFFFFFFFFFFFF44
:109C3000FFFFFFFFFFFFFFFFFFFFFFFFFFFFFFFF34
:109C4000FFFFFFFFFFFFFFFFFFFFFFFFFFFFFFFF24
:109C5000FFFFFFFFFFFFFFFFFFFFFFFFFFFFFFFF14
:109C6000FFFFFFFFFFFFFFFFFFFFFFFFFFFFFFFF04
:109C7000FFFFFFFFFFFFFFFFFFFFFFFFFFFFFFFFF4
:109C8000FFFFFFFFFFFFFFFFFFFFFFFFFFFFFFFFE4
:109C9000FFFFFFFFFFFFFFFFFFFFFFFFFFFFFFFFD4
:109CA000FFFFFFFFFFFFFFFFFFFFFFFFFFFFFFFFC4
:109CB000FFFFFFFFFFFFFFFFFFFFFFFFFFFFFFFFB4
:109CC000FFFFFFFFFFFFFFFFFFFFFFFFFFFFFFFFA4
:109CD000FFFFFFFFFFFFFFFFFFFFFFFFFFFFFFFF94
:109CE000FFFFFFFFFFFFFFFFFFFFFFFFFFFFFFFF84
:109CF000FFFFFFFFFFFFFFFFFFFFFFFFFFFFFFFF74
:109D0000FFFFFFFFFFFFFFFFFFFFFFFFFFFFFFFF63
:109D1000FFFFFFFFFFFFFFFFFFFFFFFFFFFFFFFF53
:109D2000FFFFFFFFFFFFFFFFFFFFFFFFFFFFFFFF43
:109D3000FFFFFFFFFFFFFFFFFFFFFFFFFFFFFFFF33
:109D4000FFFFFFFFFFFFFFFFFFFFFFFFFFFFFFFF23
:109D5000FFFFFFFFFFFFFFFFFFFFFFFFFFFFFFFF13
:109D6000FFFFFFFFFFFFFFFFFFFFFFFFFFFFFFFF03
:109D7000FFFFFFFFFFFFFFFFFFFFFFFFFFFFFFFFF3
:109D8000FFFFFFFFFFFFFFFFFFFFFFFFFFFFFFFFE3
:109D9000FFFFFFFFFFFFFFFFFFFFFFFFFFFFFFFFD3
:109DA000FFFFFFFFFFFFFFFFFFFFFFFFFFFFFFFFC3
:109DB000FFFFFFFFFFFFFFFFFFFFFFFFFFFFFFFFB3
:109DC000FFFFFFFFFFFFFFFFFFFFFFFFFFFFFFFFA3
:109DD000FFFFFFFFFFFFFFFFFFFFFFFFFFFFFFFF93
:109DE000FFFFFFFFFFFFFFFFFFFFFFFFFFFFFFFF83
:109DF000FFFFFFFFFFFFFFFFFFFFFFFFFFFFFFFF73
:109E0000FFFFFFFFFFFFFFFFFFFFFFFFFFFFFFFF62
:109E1000FFFFFFFFFFFFFFFFFFFFFFFFFFFFFFFF52
:109E2000FFFFFFFFFFFFFFFFFFFFFFFFFFFFFFFF42
:109E3000FFFFFFFFFFFFFFFFFFFFFFFFFFFFFFFF32
:109E4000FFFFFFFFFFFFFFFFFFFFFFFFFFFFFFFF22
:109E5000FFFFFFFFFFFFFFFFFFFFFFFFFFFFFFFF12
:109E6000FFFFFFFFFFFFFFFFFFFFFFFFFFFFFFFF02
:109E7000FFFFFFFFFFFFFFFFFFFFFFFFFFFFFFFFF2
:109E8000FFFFFFFFFFFFFFFFFFFFFFFFFFFFFFFFE2
:109E9000FFFFFFFFFFFFFFFFFFFFFFFFFFFFFFFFD2
:109EA000FFFFFFFFFFFFFFFFFFFFFFFFFFFFFFFFC2
:109EB000FFFFFFFFFFFFFFFFFFFFFFFFFFFFFFFFB2
:109EC000FFFFFFFFFFFFFFFFFFFFFFFFFFFFFFFFA2
:109ED000FFFFFFFFFFFFFFFFFFFFFFFFFFFFFFFF92
:109EE000FFFFFFFFFFFFFFFFFFFFFFFFFFFFFFFF82
:109EF000FFFFFFFFFFFFFFFFFFFFFFFFFFFFFFFF72
:109F0000FFFFFFFFFFFFFFFFFFFFFFFFFFFFFFFF61
:109F1000FFFFFFFFFFFFFFFFFFFFFFFFFFFFFFFF51
:109F2000FFFFFFFFFFFFFFFFFFFFFFFFFFFFFFFF41
:109F3000FFFFFFFFFFFFFFFFFFFFFFFFFFFFFFFF31
:109F4000FFFFFFFFFFFFFFFFFFFFFFFFFFFFFFFF21
:109F5000FFFFFFFFFFFFFFFFFFFFFFFFFFFFFFFF11
:109F6000FFFFFFFFFFFFFFFFFFFFFFFFFFFFFFFF01
:109F7000FFFFFFFFFFFFFFFFFFFFFFFFFFFFFFFFF1
:109F8000FFFFFFFFFFFFFFFFFFFFFFFFFFFFFFFFE1
:109F9000FFFFFFFFFFFFFFFFFFFFFFFFFFFFFFFFD1
:109FA000FFFFFFFFFFFFFFFFFFFFFFFFFFFFFFFFC1
:109FB000FFFFFFFFFFFFFFFFFFFFFFFFFFFFFFFFB1
:109FC000FFFFFFFFFFFFFFFFFFFFFFFFFFFFFFFFA1
:109FD000FFFFFFFFFFFFFFFFFFFFFFFFFFFFFFFF91
:109FE000FFFFFFFFFFFFFFFFFFFFFFFFFFFFFFFF81
:109FF000FFFFFFFFFFFFFFFFFFFFFFFFFFFFFFFF71
:10A00000FFFFFFFFFFFFFFFFFFFFFFFFFFFFFFFF60
:10A01000FFFFFFFFFFFFFFFFFFFFFFFFFFFFFFFF50
:10A02000FFFFFFFFFFFFFFFFFFFFFFFFFFFFFFFF40
:10A03000FFFFFFFFFFFFFFFFFFFFFFFFFFFFFFFF30
:10A04000FFFFFFFFFFFFFFFFFFFFFFFFFFFFFFFF20
:10A05000FFFFFFFFFFFFFFFFFFFFFFFFFFFFFFFF10
:10A06000FFFFFFFFFFFFFFFFFFFFFFFFFFFFFFFF00
:10A07000FFFFFFFFFFFFFFFFFFFFFFFFFFFFFFFFF0
:10A08000FFFFFFFFFFFFFFFFFFFFFFFFFFFFFFFFE0
:10A09000FFFFFFFFFFFFFFFFFFFFFFFFFFFFFFFFD0
:10A0A000FFFFFFFFFFFFFFFFFFFFFFFFFFFFFFFFC0
:10A0B000FFFFFFFFFFFFFFFFFFFFFFFFFFFFFFFFB0
:10A0C000FFFFFFFFFFFFFFFFFFFFFFFFFFFFFFFFA0
:10A0D000FFFFFFFFFFFFFFFFFFFFFFFFFFFFFFFF90
:10A0E000FFFFFFFFFFFFFFFFFFFFFFFFFFFFFFFF80
:10A0F000FFFFFFFFFFFFFFFFFFFFFFFFFFFFFFFF70
:10A10000FFFFFFFFFFFFFFFFFFFFFFFFFFFFFFFF5F
:10A11000FFFFFFFFFFFFFFFFFFFFFFFFFFFFFFFF4F
:10A12000FFFFFFFFFFFFFFFFFFFFFFFFFFFFFFFF3F
:10A13000FFFFFFFFFFFFFFFFFFFFFFFFFFFFFFFF2F
:10A14000FFFFFFFFFFFFFFFFFFFFFFFFFFFFFFFF1F
:10A15000FFFFFFFFFFFFFFFFFFFFFFFFFFFFFFFF0F
:10A16000FFFFFFFFFFFFFFFFFFFFFFFFFFFFFFFFFF
:10A17000FFFFFFFFFFFFFFFFFFFFFFFFFFFFFFFFEF
:10A18000FFFFFFFFFFFFFFFFFFFFFFFFFFFFFFFFDF
:10A19000FFFFFFFFFFFFFFFFFFFFFFFFFFFFFFFFCF
:10A1A000FFFFFFFFFFFFFFFFFFFFFFFFFFFFFFFFBF
:10A1B000FFFFFFFFFFFFFFFFFFFFFFFFFFFFFFFFAF
:10A1C000FFFFFFFFFFFFFFFFFFFFFFFFFFFFFFFF9F
:10A1D000FFFFFFFFFFFFFFFFFFFFFFFFFFFFFFFF8F
:10A1E000FFFFFFFFFFFFFFFFFFFFFFFFFFFFFFFF7F
:10A1F000FFFFFFFFFFFFFFFFFFFFFFFFFFFFFFFF6F
:10A20000FFFFFFFFFFFFFFFFFFFFFFFFFFFFFFFF5E
:10A21000FFFFFFFFFFFFFFFFFFFFFFFFFFFFFFFF4E
:10A22000FFFFFFFFFFFFFFFFFFFFFFFFFFFFFFFF3E
:10A23000FFFFFFFFFFFFFFFFFFFFFFFFFFFFFFFF2E
:10A24000FFFFFFFFFFFFFFFFFFFFFFFFFFFFFFFF1E
:10A25000FFFFFFFFFFFFFFFFFFFFFFFFFFFFFFFF0E
:10A26000FFFFFFFFFFFFFFFFFFFFFFFFFFFFFFFFFE
:10A27000FFFFFFFFFFFFFFFFFFFFFFFFFFFFFFFFEE
:10A28000FFFFFFFFFFFFFFFFFFFFFFFFFFFFFFFFDE
:10A29000FFFFFFFFFFFFFFFFFFFFFFFFFFFFFFFFCE
:10A2A000FFFFFFFFFFFFFFFFFFFFFFFFFFFFFFFFBE
:10A2B000FFFFFFFFFFFFFFFFFFFFFFFFFFFFFFFFAE
:10A2C000FFFFFFFFFFFFFFFFFFFFFFFFFFFFFFFF9E
:10A2D000FFFFFFFFFFFFFFFFFFFFFFFFFFFFFFFF8E
:10A2E000FFFFFFFFFFFFFFFFFFFFFFFFFFFFFFFF7E
:10A2F000FFFFFFFFFFFFFFFFFFFFFFFFFFFFFFFF6E
:10A30000FFFFFFFFFFFFFFFFFFFFFFFFFFFFFFFF5D
:10A31000FFFFFFFFFFFFFFFFFFFFFFFFFFFFFFFF4D
:10A32000FFFFFFFFFFFFFFFFFFFFFFFFFFFFFFFF3D
:10A33000FFFFFFFFFFFFFFFFFFFFFFFFFFFFFFFF2D
:10A34000FFFFFFFFFFFFFFFFFFFFFFFFFFFFFFFF1D
:10A35000FFFFFFFFFFFFFFFFFFFFFFFFFFFFFFFF0D
:10A36000FFFFFFFFFFFFFFFFFFFFFFFFFFFFFFFFFD
:10A37000FFFFFFFFFFFFFFFFFFFFFFFFFFFFFFFFED
:10A38000FFFFFFFFFFFFFFFFFFFFFFFFFFFFFFFFDD
:10A39000FFFFFFFFFFFFFFFFFFFFFFFFFFFFFFFFCD
:10A3A000FFFFFFFFFFFFFFFFFFFFFFFFFFFFFFFFBD
:10A3B000FFFFFFFFFFFFFFFFFFFFFFFFFFFFFFFFAD
:10A3C000FFFFFFFFFFFFFFFFFFFFFFFFFFFFFFFF9D
:10A3D000FFFFFFFFFFFFFFFFFFFFFFFFFFFFFFFF8D
:10A3E000FFFFFFFFFFFFFFFFFFFFFFFFFFFFFFFF7D
:10A3F000FFFFFFFFFFFFFFFFFFFFFFFFFFFFFFFF6D
:10A40000FFFFFFFFFFFFFFFFFFFFFFFFFFFFFFFF5C
:10A41000FFFFFFFFFFFFFFFFFFFFFFFFFFFFFFFF4C
:10A42000FFFFFFFFFFFFFFFFFFFFFFFFFFFFFFFF3C
:10A43000FFFFFFFFFFFFFFFFFFFFFFFFFFFFFFFF2C
:10A44000FFFFFFFFFFFFFFFFFFFFFFFFFFFFFFFF1C
:10A45000FFFFFFFFFFFFFFFFFFFFFFFFFFFFFFFF0C
:10A46000FFFFFFFFFFFFFFFFFFFFFFFFFFFFFFFFFC
:10A47000FFFFFFFFFFFFFFFFFFFFFFFFFFFFFFFFEC
:10A48000FFFFFFFFFFFFFFFFFFFFFFFFFFFFFFFFDC
:10A49000FFFFFFFFFFFFFFFFFFFFFFFFFFFFFFFFCC
:10A4A000FFFFFFFFFFFFFFFFFFFFFFFFFFFFFFFFBC
:10A4B000FFFFFFFFFFFFFFFFFFFFFFFFFFFFFFFFAC
:10A4C000FFFFFFFFFFFFFFFFFFFFFFFFFFFFFFFF9C
:10A4D000FFFFFFFFFFFFFFFFFFFFFFFFFFFFFFFF8C
:10A4E000FFFFFFFFFFFFFFFFFFFFFFFFFFFFFFFF7C
:10A4F000FFFFFFFFFFFFFFFFFFFFFFFFFFFFFFFF6C
:10A50000FFFFFFFFFFFFFFFFFFFFFFFFFFFFFFFF5B
:10A51000FFFFFFFFFFFFFFFFFFFFFFFFFFFFFFFF4B
:10A52000FFFFFFFFFFFFFFFFFFFFFFFFFFFFFFFF3B
:10A53000FFFFFFFFFFFFFFFFFFFFFFFFFFFFFFFF2B
:10A54000FFFFFFFFFFFFFFFFFFFFFFFFFFFFFFFF1B
:10A55000FFFFFFFFFFFFFFFFFFFFFFFFFFFFFFFF0B
:10A56000FFFFFFFFFFFFFFFFFFFFFFFFFFFFFFFFFB
:10A57000FFFFFFFFFFFFFFFFFFFFFFFFFFFFFFFFEB
:10A58000FFFFFFFFFFFFFFFFFFFFFFFFFFFFFFFFDB
:10A59000FFFFFFFFFFFFFFFFFFFFFFFFFFFFFFFFCB
:10A5A000FFFFFFFFFFFFFFFFFFFFFFFFFFFFFFFFBB
:10A5B000FFFFFFFFFFFFFFFFFFFFFFFFFFFFFFFFAB
:10A5C000FFFFFFFFFFFFFFFFFFFFFFFFFFFFFFFF9B
:10A5D000FFFFFFFFFFFFFFFFFFFFFFFFFFFFFFFF8B
:10A5E000FFFFFFFFFFFFFFFFFFFFFFFFFFFFFFFF7B
:10A5F000FFFFFFFFFFFFFFFFFFFFFFFFFFFFFFFF6B
:10A60000FFFFFFFFFFFFFFFFFFFFFFFFFFFFFFFF5A
:10A61000FFFFFFFFFFFFFFFFFFFFFFFFFFFFFFFF4A
:10A62000FFFFFFFFFFFFFFFFFFFFFFFFFFFFFFFF3A
:10A63000FFFFFFFFFFFFFFFFFFFFFFFFFFFFFFFF2A
:10A64000FFFFFFFFFFFFFFFFFFFFFFFFFFFFFFFF1A
:10A65000FFFFFFFFFFFFFFFFFFFFFFFFFFFFFFFF0A
:10A66000FFFFFFFFFFFFFFFFFFFFFFFFFFFFFFFFFA
:10A67000FFFFFFFFFFFFFFFFFFFFFFFFFFFFFFFFEA
:10A68000FFFFFFFFFFFFFFFFFFFFFFFFFFFFFFFFDA
:10A69000FFFFFFFFFFFFFFFFFFFFFFFFFFFFFFFFCA
:10A6A000FFFFFFFFFFFFFFFFFFFFFFFFFFFFFFFFBA
:10A6B000FFFFFFFFFFFFFFFFFFFFFFFFFFFFFFFFAA
:10A6C000FFFFFFFFFFFFFFFFFFFFFFFFFFFFFFFF9A
:10A6D000FFFFFFFFFFFFFFFFFFFFFFFFFFFFFFFF8A
:10A6E000FFFFFFFFFFFFFFFFFFFFFFFFFFFFFFFF7A
:10A6F000FFFFFFFFFFFFFFFFFFFFFFFFFFFFFFFF6A
:10A70000FFFFFFFFFFFFFFFFFFFFFFFFFFFFFFFF59
:10A71000FFFFFFFFFFFFFFFFFFFFFFFFFFFFFFFF49
:10A72000FFFFFFFFFFFFFFFFFFFFFFFFFFFFFFFF39
:10A73000FFFFFFFFFFFFFFFFFFFFFFFFFFFFFFFF29
:10A74000FFFFFFFFFFFFFFFFFFFFFFFFFFFFFFFF19
:10A75000FFFFFFFFFFFFFFFFFFFFFFFFFFFFFFFF09
:10A76000FFFFFFFFFFFFFFFFFFFFFFFFFFFFFFFFF9
:10A77000FFFFFFFFFFFFFFFFFFFFFFFFFFFFFFFFE9
:10A78000FFFFFFFFFFFFFFFFFFFFFFFFFFFFFFFFD9
:10A79000FFFFFFFFFFFFFFFFFFFFFFFFFFFFFFFFC9
:10A7A000FFFFFFFFFFFFFFFFFFFFFFFFFFFFFFFFB9
:10A7B000FFFFFFFFFFFFFFFFFFFFFFFFFFFFFFFFA9
:10A7C000FFFFFFFFFFFFFFFFFFFFFFFFFFFFFFFF99
:10A7D000FFFFFFFFFFFFFFFFFFFFFFFFFFFFFFFF89
:10A7E000FFFFFFFFFFFFFFFFFFFFFFFFFFFFFFFF79
:10A7F000FFFFFFFFFFFFFFFFFFFFFFFFFFFFFFFF69
:10A80000FFFFFFFFFFFFFFFFFFFFFFFFFFFFFFFF58
:10A81000FFFFFFFFFFFFFFFFFFFFFFFFFFFFFFFF48
:10A82000FFFFFFFFFFFFFFFFFFFFFFFFFFFFFFFF38
:10A83000FFFFFFFFFFFFFFFFFFFFFFFFFFFFFFFF28
:10A84000FFFFFFFFFFFFFFFFFFFFFFFFFFFFFFFF18
:10A85000FFFFFFFFFFFFFFFFFFFFFFFFFFFFFFFF08
:10A86000FFFFFFFFFFFFFFFFFFFFFFFFFFFFFFFFF8
:10A87000FFFFFFFFFFFFFFFFFFFFFFFFFFFFFFFFE8
:10A88000FFFFFFFFFFFFFFFFFFFFFFFFFFFFFFFFD8
:10A89000FFFFFFFFFFFFFFFFFFFFFFFFFFFFFFFFC8
:10A8A000FFFFFFFFFFFFFFFFFFFFFFFFFFFFFFFFB8
:10A8B000FFFFFFFFFFFFFFFFFFFFFFFFFFFFFFFFA8
:10A8C000FFFFFFFFFFFFFFFFFFFFFFFFFFFFFFFF98
:10A8D000FFFFFFFFFFFFFFFFFFFFFFFFFFFFFFFF88
:10A8E000FFFFFFFFFFFFFFFFFFFFFFFFFFFFFFFF78
:10A8F000FFFFFFFFFFFFFFFFFFFFFFFFFFFFFFFF68
:10A90000FFFFFFFFFFFFFFFFFFFFFFFFFFFFFFFF57
:10A91000FFFFFFFFFFFFFFFFFFFFFFFFFFFFFFFF47
:10A92000FFFFFFFFFFFFFFFFFFFFFFFFFFFFFFFF37
:10A93000FFFFFFFFFFFFFFFFFFFFFFFFFFFFFFFF27
:10A94000FFFFFFFFFFFFFFFFFFFFFFFFFFFFFFFF17
:10A95000FFFFFFFFFFFFFFFFFFFFFFFFFFFFFFFF07
:10A96000FFFFFFFFFFFFFFFFFFFFFFFFFFFFFFFFF7
:10A97000FFFFFFFFFFFFFFFFFFFFFFFFFFFFFFFFE7
:10A98000FFFFFFFFFFFFFFFFFFFFFFFFFFFFFFFFD7
:10A99000FFFFFFFFFFFFFFFFFFFFFFFFFFFFFFFFC7
:10A9A000FFFFFFFFFFFFFFFFFFFFFFFFFFFFFFFFB7
:10A9B000FFFFFFFFFFFFFFFFFFFFFFFFFFFFFFFFA7
:10A9C000FFFFFFFFFFFFFFFFFFFFFFFFFFFFFFFF97
:10A9D000FFFFFFFFFFFFFFFFFFFFFFFFFFFFFFFF87
:10A9E000FFFFFFFFFFFFFFFFFFFFFFFFFFFFFFFF77
:10A9F000FFFFFFFFFFFFFFFFFFFFFFFFFFFFFFFF67
:10AA0000FFFFFFFFFFFFFFFFFFFFFFFFFFFFFFFF56
:10AA1000FFFFFFFFFFFFFFFFFFFFFFFFFFFFFFFF46
:10AA2000FFFFFFFFFFFFFFFFFFFFFFFFFFFFFFFF36
:10AA3000FFFFFFFFFFFFFFFFFFFFFFFFFFFFFFFF26
:10AA4000FFFFFFFFFFFFFFFFFFFFFFFFFFFFFFFF16
:10AA5000FFFFFFFFFFFFFFFFFFFFFFFFFFFFFFFF06
:10AA6000FFFFFFFFFFFFFFFFFFFFFFFFFFFFFFFFF6
:10AA7000FFFFFFFFFFFFFFFFFFFFFFFFFFFFFFFFE6
:10AA8000FFFFFFFFFFFFFFFFFFFFFFFFFFFFFFFFD6
:10AA9000FFFFFFFFFFFFFFFFFFFFFFFFFFFFFFFFC6
:10AAA000FFFFFFFFFFFFFFFFFFFFFFFFFFFFFFFFB6
:10AAB000FFFFFFFFFFFFFFFFFFFFFFFFFFFFFFFFA6
:10AAC000FFFFFFFFFFFFFFFFFFFFFFFFFFFFFFFF96
:10AAD000FFFFFFFFFFFFFFFFFFFFFFFFFFFFFFFF86
:10AAE000FFFFFFFFFFFFFFFFFFFFFFFFFFFFFFFF76
:10AAF000FFFFFFFFFFFFFFFFFFFFFFFFFFFFFFFF66
:10AB0000FFFFFFFFFFFFFFFFFFFFFFFFFFFFFFFF55
:10AB1000FFFFFFFFFFFFFFFFFFFFFFFFFFFFFFFF45
:10AB2000FFFFFFFFFFFFFFFFFFFFFFFFFFFFFFFF35
:10AB3000FFFFFFFFFFFFFFFFFFFFFFFFFFFFFFFF25
:10AB4000FFFFFFFFFFFFFFFFFFFFFFFFFFFFFFFF15
:10AB5000FFFFFFFFFFFFFFFFFFFFFFFFFFFFFFFF05
:10AB6000FFFFFFFFFFFFFFFFFFFFFFFFFFFFFFFFF5
:10AB7000FFFFFFFFFFFFFFFFFFFFFFFFFFFFFFFFE5
:10AB8000FFFFFFFFFFFFFFFFFFFFFFFFFFFFFFFFD5
:10AB9000FFFFFFFFFFFFFFFFFFFFFFFFFFFFFFFFC5
:10ABA000FFFFFFFFFFFFFFFFFFFFFFFFFFFFFFFFB5
:10ABB000FFFFFFFFFFFFFFFFFFFFFFFFFFFFFFFFA5
:10ABC000FFFFFFFFFFFFFFFFFFFFFFFFFFFFFFFF95
:10ABD000FFFFFFFFFFFFFFFFFFFFFFFFFFFFFFFF85
:10ABE000FFFFFFFFFFFFFFFFFFFFFFFFFFFFFFFF75
:10ABF000FFFFFFFFFFFFFFFFFFFFFFFFFFFFFFFF65
:10AC0000FFFFFFFFFFFFFFFFFFFFFFFFFFFFFFFF54
:10AC1000FFFFFFFFFFFFFFFFFFFFFFFFFFFFFFFF44
:10AC2000FFFFFFFFFFFFFFFFFFFFFFFFFFFFFFFF34
:10AC3000FFFFFFFFFFFFFFFFFFFFFFFFFFFFFFFF24
:10AC4000FFFFFFFFFFFFFFFFFFFFFFFFFFFFFFFF14
:10AC5000FFFFFFFFFFFFFFFFFFFFFFFFFFFFFFFF04
:10AC6000FFFFFFFFFFFFFFFFFFFFFFFFFFFFFFFFF4
:10AC7000FFFFFFFFFFFFFFFFFFFFFFFFFFFFFFFFE4
:10AC8000FFFFFFFFFFFFFFFFFFFFFFFFFFFFFFFFD4
:10AC9000FFFFFFFFFFFFFFFFFFFFFFFFFFFFFFFFC4
:10ACA000FFFFFFFFFFFFFFFFFFFFFFFFFFFFFFFFB4
:10ACB000FFFFFFFFFFFFFFFFFFFFFFFFFFFFFFFFA4
:10ACC000FFFFFFFFFFFFFFFFFFFFFFFFFFFFFFFF94
:10ACD000FFFFFFFFFFFFFFFFFFFFFFFFFFFFFFFF84
:10ACE000FFFFFFFFFFFFFFFFFFFFFFFFFFFFFFFF74
:10ACF000FFFFFFFFFFFFFFFFFFFFFFFFFFFFFFFF64
:10AD0000FFFFFFFFFFFFFFFFFFFFFFFFFFFFFFFF53
:10AD1000FFFFFFFFFFFFFFFFFFFFFFFFFFFFFFFF43
:10AD2000FFFFFFFFFFFFFFFFFFFFFFFFFFFFFFFF33
:10AD3000FFFFFFFFFFFFFFFFFFFFFFFFFFFFFFFF23
:10AD4000FFFFFFFFFFFFFFFFFFFFFFFFFFFFFFFF13
:10AD5000FFFFFFFFFFFFFFFFFFFFFFFFFFFFFFFF03
:10AD6000FFFFFFFFFFFFFFFFFFFFFFFFFFFFFFFFF3
:10AD7000FFFFFFFFFFFFFFFFFFFFFFFFFFFFFFFFE3
:10AD8000FFFFFFFFFFFFFFFFFFFFFFFFFFFFFFFFD3
:10AD9000FFFFFFFFFFFFFFFFFFFFFFFFFFFFFFFFC3
:10ADA000FFFFFFFFFFFFFFFFFFFFFFFFFFFFFFFFB3
:10ADB000FFFFFFFFFFFFFFFFFFFFFFFFFFFFFFFFA3
:10ADC000FFFFFFFFFFFFFFFFFFFFFFFFFFFFFFFF93
:10ADD000FFFFFFFFFFFFFFFFFFFFFFFFFFFFFFFF83
:10ADE000FFFFFFFFFFFFFFFFFFFFFFFFFFFFFFFF73
:10ADF000FFFFFFFFFFFFFFFFFFFFFFFFFFFFFFFF63
:10AE0000FFFFFFFFFFFFFFFFFFFFFFFFFFFFFFFF52
:10AE1000FFFFFFFFFFFFFFFFFFFFFFFFFFFFFFFF42
:10AE2000FFFFFFFFFFFFFFFFFFFFFFFFFFFFFFFF32
:10AE3000FFFFFFFFFFFFFFFFFFFFFFFFFFFFFFFF22
:10AE4000FFFFFFFFFFFFFFFFFFFFFFFFFFFFFFFF12
:10AE5000FFFFFFFFFFFFFFFFFFFFFFFFFFFFFFFF02
:10AE6000FFFFFFFFFFFFFFFFFFFFFFFFFFFFFFFFF2
:10AE7000FFFFFFFFFFFFFFFFFFFFFFFFFFFFFFFFE2
:10AE8000FFFFFFFFFFFFFFFFFFFFFFFFFFFFFFFFD2
:10AE9000FFFFFFFFFFFFFFFFFFFFFFFFFFFFFFFFC2
:10AEA000FFFFFFFFFFFFFFFFFFFFFFFFFFFFFFFFB2
:10AEB000FFFFFFFFFFFFFFFFFFFFFFFFFFFFFFFFA2
:10AEC000FFFFFFFFFFFFFFFFFFFFFFFFFFFFFFFF92
:10AED000FFFFFFFFFFFFFFFFFFFFFFFFFFFFFFFF82
:10AEE000FFFFFFFFFFFFFFFFFFFFFFFFFFFFFFFF72
:10AEF000FFFFFFFFFFFFFFFFFFFFFFFFFFFFFFFF62
:10AF0000FFFFFFFFFFFFFFFFFFFFFFFFFFFFFFFF51
:10AF1000FFFFFFFFFFFFFFFFFFFFFFFFFFFFFFFF41
:10AF2000FFFFFFFFFFFFFFFFFFFFFFFFFFFFFFFF31
:10AF3000FFFFFFFFFFFFFFFFFFFFFFFFFFFFFFFF21
:10AF4000FFFFFFFFFFFFFFFFFFFFFFFFFFFFFFFF11
:10AF5000FFFFFFFFFFFFFFFFFFFFFFFFFFFFFFFF01
:10AF6000FFFFFFFFFFFFFFFFFFFFFFFFFFFFFFFFF1
:10AF7000FFFFFFFFFFFFFFFFFFFFFFFFFFFFFFFFE1
:10AF8000FFFFFFFFFFFFFFFFFFFFFFFFFFFFFFFFD1
:10AF9000FFFFFFFFFFFFFFFFFFFFFFFFFFFFFFFFC1
:10AFA000FFFFFFFFFFFFFFFFFFFFFFFFFFFFFFFFB1
:10AFB000FFFFFFFFFFFFFFFFFFFFFFFFFFFFFFFFA1
:10AFC000FFFFFFFFFFFFFFFFFFFFFFFFFFFFFFFF91
:10AFD000FFFFFFFFFFFFFFFFFFFFFFFFFFFFFFFF81
:10AFE000FFFFFFFFFFFFFFFFFFFFFFFFFFFFFFFF71
:10AFF000FFFFFFFFFFFFFFFFFFFFFFFFFFFFFFFF61
:10B00000FFFFFFFFFFFFFFFFFFFFFFFFFFFFFFFF50
:10B01000FFFFFFFFFFFFFFFFFFFFFFFFFFFFFFFF40
:10B02000FFFFFFFFFFFFFFFFFFFFFFFFFFFFFFFF30
:10B03000FFFFFFFFFFFFFFFFFFFFFFFFFFFFFFFF20
:10B04000FFFFFFFFFFFFFFFFFFFFFFFFFFFFFFFF10
:10B05000FFFFFFFFFFFFFFFFFFFFFFFFFFFFFFFF00
:10B06000FFFFFFFFFFFFFFFFFFFFFFFFFFFFFFFFF0
:10B07000FFFFFFFFFFFFFFFFFFFFFFFFFFFFFFFFE0
:10B08000FFFFFFFFFFFFFFFFFFFFFFFFFFFFFFFFD0
:10B09000FFFFFFFFFFFFFFFFFFFFFFFFFFFFFFFFC0
:10B0A000FFFFFFFFFFFFFFFFFFFFFFFFFFFFFFFFB0
:10B0B000FFFFFFFFFFFFFFFFFFFFFFFFFFFFFFFFA0
:10B0C000FFFFFFFFFFFFFFFFFFFFFFFFFFFFFFFF90
:10B0D000FFFFFFFFFFFFFFFFFFFFFFFFFFFFFFFF80
:10B0E000FFFFFFFFFFFFFFFFFFFFFFFFFFFFFFFF70
:10B0F000FFFFFFFFFFFFFFFFFFFFFFFFFFFFFFFF60
:10B10000FFFFFFFFFFFFFFFFFFFFFFFFFFFFFFFF4F
:10B11000FFFFFFFFFFFFFFFFFFFFFFFFFFFFFFFF3F
:10B12000FFFFFFFFFFFFFFFFFFFFFFFFFFFFFFFF2F
:10B13000FFFFFFFFFFFFFFFFFFFFFFFFFFFFFFFF1F
:10B14000FFFFFFFFFFFFFFFFFFFFFFFFFFFFFFFF0F
:10B15000FFFFFFFFFFFFFFFFFFFFFFFFFFFFFFFFFF
:10B16000FFFFFFFFFFFFFFFFFFFFFFFFFFFFFFFFEF
:10B17000FFFFFFFFFFFFFFFFFFFFFFFFFFFFFFFFDF
:10B18000FFFFFFFFFFFFFFFFFFFFFFFFFFFFFFFFCF
:10B19000FFFFFFFFFFFFFFFFFFFFFFFFFFFFFFFFBF
:10B1A000FFFFFFFFFFFFFFFFFFFFFFFFFFFFFFFFAF
:10B1B000FFFFFFFFFFFFFFFFFFFFFFFFFFFFFFFF9F
:10B1C000FFFFFFFFFFFFFFFFFFFFFFFFFFFFFFFF8F
:10B1D000FFFFFFFFFFFFFFFFFFFFFFFFFFFFFFFF7F
:10B1E000FFFFFFFFFFFFFFFFFFFFFFFFFFFFFFFF6F
:10B1F000FFFFFFFFFFFFFFFFFFFFFFFFFFFFFFFF5F
:10B20000FFFFFFFFFFFFFFFFFFFFFFFFFFFFFFFF4E
:10B21000FFFFFFFFFFFFFFFFFFFFFFFFFFFFFFFF3E
:10B22000FFFFFFFFFFFFFFFFFFFFFFFFFFFFFFFF2E
:10B23000FFFFFFFFFFFFFFFFFFFFFFFFFFFFFFFF1E
:10B24000FFFFFFFFFFFFFFFFFFFFFFFFFFFFFFFF0E
:10B25000FFFFFFFFFFFFFFFFFFFFFFFFFFFFFFFFFE
:10B26000FFFFFFFFFFFFFFFFFFFFFFFFFFFFFFFFEE
:10B27000FFFFFFFFFFFFFFFFFFFFFFFFFFFFFFFFDE
:10B28000FFFFFFFFFFFFFFFFFFFFFFFFFFFFFFFFCE
:10B29000FFFFFFFFFFFFFFFFFFFFFFFFFFFFFFFFBE
:10B2A000FFFFFFFFFFFFFFFFFFFFFFFFFFFFFFFFAE
:10B2B000FFFFFFFFFFFFFFFFFFFFFFFFFFFFFFFF9E
:10B2C000FFFFFFFFFFFFFFFFFFFFFFFFFFFFFFFF8E
:10B2D000FFFFFFFFFFFFFFFFFFFFFFFFFFFFFFFF7E
:10B2E000FFFFFFFFFFFFFFFFFFFFFFFFFFFFFFFF6E
:10B2F000FFFFFFFFFFFFFFFFFFFFFFFFFFFFFFFF5E
:10B30000FFFFFFFFFFFFFFFFFFFFFFFFFFFFFFFF4D
:10B31000FFFFFFFFFFFFFFFFFFFFFFFFFFFFFFFF3D
:10B32000FFFFFFFFFFFFFFFFFFFFFFFFFFFFFFFF2D
:10B33000FFFFFFFFFFFFFFFFFFFFFFFFFFFFFFFF1D
:10B34000FFFFFFFFFFFFFFFFFFFFFFFFFFFFFFFF0D
:10B35000FFFFFFFFFFFFFFFFFFFFFFFFFFFFFFFFFD
:10B36000FFFFFFFFFFFFFFFFFFFFFFFFFFFFFFFFED
:10B37000FFFFFFFFFFFFFFFFFFFFFFFFFFFFFFFFDD
:10B38000FFFFFFFFFFFFFFFFFFFFFFFFFFFFFFFFCD
:10B39000FFFFFFFFFFFFFFFFFFFFFFFFFFFFFFFFBD
:10B3A000FFFFFFFFFFFFFFFFFFFFFFFFFFFFFFFFAD
:10B3B000FFFFFFFFFFFFFFFFFFFFFFFFFFFFFFFF9D
:10B3C000FFFFFFFFFFFFFFFFFFFFFFFFFFFFFFFF8D
:10B3D000FFFFFFFFFFFFFFFFFFFFFFFFFFFFFFFF7D
:10B3E000FFFFFFFFFFFFFFFFFFFFFFFFFFFFFFFF6D
:10B3F000FFFFFFFFFFFFFFFFFFFFFFFFFFFFFFFF5D
:10B40000FFFFFFFFFFFFFFFFFFFFFFFFFFFFFFFF4C
:10B41000FFFFFFFFFFFFFFFFFFFFFFFFFFFFFFFF3C
:10B42000FFFFFFFFFFFFFFFFFFFFFFFFFFFFFFFF2C
:10B43000FFFFFFFFFFFFFFFFFFFFFFFFFFFFFFFF1C
:10B44000FFFFFFFFFFFFFFFFFFFFFFFFFFFFFFFF0C
:10B45000FFFFFFFFFFFFFFFFFFFFFFFFFFFFFFFFFC
:10B46000FFFFFFFFFFFFFFFFFFFFFFFFFFFFFFFFEC
:10B47000FFFFFFFFFFFFFFFFFFFFFFFFFFFFFFFFDC
:10B48000FFFFFFFFFFFFFFFFFFFFFFFFFFFFFFFFCC
:10B49000FFFFFFFFFFFFFFFFFFFFFFFFFFFFFFFFBC
:10B4A000FFFFFFFFFFFFFFFFFFFFFFFFFFFFFFFFAC
:10B4B000FFFFFFFFFFFFFFFFFFFFFFFFFFFFFFFF9C
:10B4C000FFFFFFFFFFFFFFFFFFFFFFFFFFFFFFFF8C
:10B4D000FFFFFFFFFFFFFFFFFFFFFFFFFFFFFFFF7C
:10B4E000FFFFFFFFFFFFFFFFFFFFFFFFFFFFFFFF6C
:10B4F000FFFFFFFFFFFFFFFFFFFFFFFFFFFFFFFF5C
:10B50000FFFFFFFFFFFFFFFFFFFFFFFFFFFFFFFF4B
:10B51000FFFFFFFFFFFFFFFFFFFFFFFFFFFFFFFF3B
:10B52000FFFFFFFFFFFFFFFFFFFFFFFFFFFFFFFF2B
:10B53000FFFFFFFFFFFFFFFFFFFFFFFFFFFFFFFF1B
:10B54000FFFFFFFFFFFFFFFFFFFFFFFFFFFFFFFF0B
:10B55000FFFFFFFFFFFFFFFFFFFFFFFFFFFFFFFFFB
:10B56000FFFFFFFFFFFFFFFFFFFFFFFFFFFFFFFFEB
:10B57000FFFFFFFFFFFFFFFFFFFFFFFFFFFFFFFFDB
:10B58000FFFFFFFFFFFFFFFFFFFFFFFFFFFFFFFFCB
:10B59000FFFFFFFFFFFFFFFFFFFFFFFFFFFFFFFFBB
:10B5A000FFFFFFFFFFFFFFFFFFFFFFFFFFFFFFFFAB
:10B5B000FFFFFFFFFFFFFFFFFFFFFFFFFFFFFFFF9B
:10B5C000FFFFFFFFFFFFFFFFFFFFFFFFFFFFFFFF8B
:10B5D000FFFFFFFFFFFFFFFFFFFFFFFFFFFFFFFF7B
:10B5E000FFFFFFFFFFFFFFFFFFFFFFFFFFFFFFFF6B
:10B5F000FFFFFFFFFFFFFFFFFFFFFFFFFFFFFFFF5B
:10B60000FFFFFFFFFFFFFFFFFFFFFFFFFFFFFFFF4A
:10B61000FFFFFFFFFFFFFFFFFFFFFFFFFFFFFFFF3A
:10B62000FFFFFFFFFFFFFFFFFFFFFFFFFFFFFFFF2A
:10B63000FFFFFFFFFFFFFFFFFFFFFFFFFFFFFFFF1A
:10B64000FFFFFFFFFFFFFFFFFFFFFFFFFFFFFFFF0A
:10B65000FFFFFFFFFFFFFFFFFFFFFFFFFFFFFFFFFA
:10B66000FFFFFFFFFFFFFFFFFFFFFFFFFFFFFFFFEA
:10B67000FFFFFFFFFFFFFFFFFFFFFFFFFFFFFFFFDA
:10B68000FFFFFFFFFFFFFFFFFFFFFFFFFFFFFFFFCA
:10B69000FFFFFFFFFFFFFFFFFFFFFFFFFFFFFFFFBA
:10B6A000FFFFFFFFFFFFFFFFFFFFFFFFFFFFFFFFAA
:10B6B000FFFFFFFFFFFFFFFFFFFFFFFFFFFFFFFF9A
:10B6C000FFFFFFFFFFFFFFFFFFFFFFFFFFFFFFFF8A
:10B6D000FFFFFFFFFFFFFFFFFFFFFFFFFFFFFFFF7A
:10B6E000FFFFFFFFFFFFFFFFFFFFFFFFFFFFFFFF6A
:10B6F000FFFFFFFFFFFFFFFFFFFFFFFFFFFFFFFF5A
:10B70000FFFFFFFFFFFFFFFFFFFFFFFFFFFFFFFF49
:10B71000FFFFFFFFFFFFFFFFFFFFFFFFFFFFFFFF39
:10B72000FFFFFFFFFFFFFFFFFFFFFFFFFFFFFFFF29
:10B73000FFFFFFFFFFFFFFFFFFFFFFFFFFFFFFFF19
:10B74000FFFFFFFFFFFFFFFFFFFFFFFFFFFFFFFF09
:10B75000FFFFFFFFFFFFFFFFFFFFFFFFFFFFFFFFF9
:10B76000FFFFFFFFFFFFFFFFFFFFFFFFFFFFFFFFE9
:10B77000FFFFFFFFFFFFFFFFFFFFFFFFFFFFFFFFD9
:10B78000FFFFFFFFFFFFFFFFFFFFFFFFFFFFFFFFC9
:10B79000FFFFFFFFFFFFFFFFFFFFFFFFFFFFFFFFB9
:10B7A000FFFFFFFFFFFFFFFFFFFFFFFFFFFFFFFFA9
:10B7B000FFFFFFFFFFFFFFFFFFFFFFFFFFFFFFFF99
:10B7C000FFFFFFFFFFFFFFFFFFFFFFFFFFFFFFFF89
:10B7D000FFFFFFFFFFFFFFFFFFFFFFFFFFFFFFFF79
:10B7E000FFFFFFFFFFFFFFFFFFFFFFFFFFFFFFFF69
:10B7F000FFFFFFFFFFFFFFFFFFFFFFFFFFFFFFFF59
:10B80000FFFFFFFFFFFFFFFFFFFFFFFFFFFFFFFF48
:10B81000FFFFFFFFFFFFFFFFFFFFFFFFFFFFFFFF38
:10B82000FFFFFFFFFFFFFFFFFFFFFFFFFFFFFFFF28
:10B83000FFFFFFFFFFFFFFFFFFFFFFFFFFFFFFFF18
:10B84000FFFFFFFFFFFFFFFFFFFFFFFFFFFFFFFF08
:10B85000FFFFFFFFFFFFFFFFFFFFFFFFFFFFFFFFF8
:10B86000FFFFFFFFFFFFFFFFFFFFFFFFFFFFFFFFE8
:10B87000FFFFFFFFFFFFFFFFFFFFFFFFFFFFFFFFD8
:10B88000FFFFFFFFFFFFFFFFFFFFFFFFFFFFFFFFC8
:10B89000FFFFFFFFFFFFFFFFFFFFFFFFFFFFFFFFB8
:10B8A000FFFFFFFFFFFFFFFFFFFFFFFFFFFFFFFFA8
:10B8B000FFFFFFFFFFFFFFFFFFFFFFFFFFFFFFFF98
:10B8C000FFFFFFFFFFFFFFFFFFFFFFFFFFFFFFFF88
:10B8D000FFFFFFFFFFFFFFFFFFFFFFFFFFFFFFFF78
:10B8E000FFFFFFFFFFFFFFFFFFFFFFFFFFFFFFFF68
:10B8F000FFFFFFFFFFFFFFFFFFFFFFFFFFFFFFFF58
:10B90000FFFFFFFFFFFFFFFFFFFFFFFFFFFFFFFF47
:10B91000FFFFFFFFFFFFFFFFFFFFFFFFFFFFFFFF37
:10B92000FFFFFFFFFFFFFFFFFFFFFFFFFFFFFFFF27
:10B93000FFFFFFFFFFFFFFFFFFFFFFFFFFFFFFFF17
:10B94000FFFFFFFFFFFFFFFFFFFFFFFFFFFFFFFF07
:10B95000FFFFFFFFFFFFFFFFFFFFFFFFFFFFFFFFF7
:10B96000FFFFFFFFFFFFFFFFFFFFFFFFFFFFFFFFE7
:10B97000FFFFFFFFFFFFFFFFFFFFFFFFFFFFFFFFD7
:10B98000FFFFFFFFFFFFFFFFFFFFFFFFFFFFFFFFC7
:10B99000FFFFFFFFFFFFFFFFFFFFFFFFFFFFFFFFB7
:10B9A000FFFFFFFFFFFFFFFFFFFFFFFFFFFFFFFFA7
:10B9B000FFFFFFFFFFFFFFFFFFFFFFFFFFFFFFFF97
:10B9C000FFFFFFFFFFFFFFFFFFFFFFFFFFFFFFFF87
:10B9D000FFFFFFFFFFFFFFFFFFFFFFFFFFFFFFFF77
:10B9E000FFFFFFFFFFFFFFFFFFFFFFFFFFFFFFFF67
:10B9F000FFFFFFFFFFFFFFFFFFFFFFFFFFFFFFFF57
:10BA0000FFFFFFFFFFFFFFFFFFFFFFFFFFFFFFFF46
:10BA1000FFFFFFFFFFFFFFFFFFFFFFFFFFFFFFFF36
:10BA2000FFFFFFFFFFFFFFFFFFFFFFFFFFFFFFFF26
:10BA3000FFFFFFFFFFFFFFFFFFFFFFFFFFFFFFFF16
:10BA4000FFFFFFFFFFFFFFFFFFFFFFFFFFFFFFFF06
:10BA5000FFFFFFFFFFFFFFFFFFFFFFFFFFFFFFFFF6
:10BA6000FFFFFFFFFFFFFFFFFFFFFFFFFFFFFFFFE6
:10BA7000FFFFFFFFFFFFFFFFFFFFFFFFFFFFFFFFD6
:10BA8000FFFFFFFFFFFFFFFFFFFFFFFFFFFFFFFFC6
:10BA9000FFFFFFFFFFFFFFFFFFFFFFFFFFFFFFFFB6
:10BAA000FFFFFFFFFFFFFFFFFFFFFFFFFFFFFFFFA6
:10BAB000FFFFFFFFFFFFFFFFFFFFFFFFFFFFFFFF96
:10BAC000FFFFFFFFFFFFFFFFFFFFFFFFFFFFFFFF86
:10BAD000FFFFFFFFFFFFFFFFFFFFFFFFFFFFFFFF76
:10BAE000FFFFFFFFFFFFFFFFFFFFFFFFFFFFFFFF66
:10BAF000FFFFFFFFFFFFFFFFFFFFFFFFFFFFFFFF56
:10BB0000FFFFFFFFFFFFFFFFFFFFFFFFFFFFFFFF45
:10BB1000FFFFFFFFFFFFFFFFFFFFFFFFFFFFFFFF35
:10BB2000FFFFFFFFFFFFFFFFFFFFFFFFFFFFFFFF25
:10BB3000FFFFFFFFFFFFFFFFFFFFFFFFFFFFFFFF15
:10BB4000FFFFFFFFFFFFFFFFFFFFFFFFFFFFFFFF05
:10BB5000FFFFFFFFFFFFFFFFFFFFFFFFFFFFFFFFF5
:10BB6000FFFFFFFFFFFFFFFFFFFFFFFFFFFFFFFFE5
:10BB7000FFFFFFFFFFFFFFFFFFFFFFFFFFFFFFFFD5
:10BB8000FFFFFFFFFFFFFFFFFFFFFFFFFFFFFFFFC5
:10BB9000FFFFFFFFFFFFFFFFFFFFFFFFFFFFFFFFB5
:10BBA000FFFFFFFFFFFFFFFFFFFFFFFFFFFFFFFFA5
:10BBB000FFFFFFFFFFFFFFFFFFFFFFFFFFFFFFFF95
:10BBC000FFFFFFFFFFFFFFFFFFFFFFFFFFFFFFFF85
:10BBD000FFFFFFFFFFFFFFFFFFFFFFFFFFFFFFFF75
:10BBE000FFFFFFFFFFFFFFFFFFFFFFFFFFFFFFFF65
:10BBF000FFFFFFFFFFFFFFFFFFFFFFFFFFFFFFFF55
:10BC0000FFFFFFFFFFFFFFFFFFFFFFFFFFFFFFFF44
:10BC1000FFFFFFFFFFFFFFFFFFFFFFFFFFFFFFFF34
:10BC2000FFFFFFFFFFFFFFFFFFFFFFFFFFFFFFFF24
:10BC3000FFFFFFFFFFFFFFFFFFFFFFFFFFFFFFFF14
:10BC4000FFFFFFFFFFFFFFFFFFFFFFFFFFFFFFFF04
:10BC5000FFFFFFFFFFFFFFFFFFFFFFFFFFFFFFFFF4
:10BC6000FFFFFFFFFFFFFFFFFFFFFFFFFFFFFFFFE4
:10BC7000FFFFFFFFFFFFFFFFFFFFFFFFFFFFFFFFD4
:10BC8000FFFFFFFFFFFFFFFFFFFFFFFFFFFFFFFFC4
:10BC9000FFFFFFFFFFFFFFFFFFFFFFFFFFFFFFFFB4
:10BCA000FFFFFFFFFFFFFFFFFFFFFFFFFFFFFFFFA4
:10BCB000FFFFFFFFFFFFFFFFFFFFFFFFFFFFFFFF94
:10BCC000FFFFFFFFFFFFFFFFFFFFFFFFFFFFFFFF84
:10BCD000FFFFFFFFFFFFFFFFFFFFFFFFFFFFFFFF74
:10BCE000FFFFFFFFFFFFFFFFFFFFFFFFFFFFFFFF64
:10BCF000FFFFFFFFFFFFFFFFFFFFFFFFFFFFFFFF54
:10BD0000FFFFFFFFFFFFFFFFFFFFFFFFFFFFFFFF43
:10BD1000FFFFFFFFFFFFFFFFFFFFFFFFFFFFFFFF33
:10BD2000FFFFFFFFFFFFFFFFFFFFFFFFFFFFFFFF23
:10BD3000FFFFFFFFFFFFFFFFFFFFFFFFFFFFFFFF13
:10BD4000FFFFFFFFFFFFFFFFFFFFFFFFFFFFFFFF03
:10BD5000FFFFFFFFFFFFFFFFFFFFFFFFFFFFFFFFF3
:10BD6000FFFFFFFFFFFFFFFFFFFFFFFFFFFFFFFFE3
:10BD7000FFFFFFFFFFFFFFFFFFFFFFFFFFFFFFFFD3
:10BD8000FFFFFFFFFFFFFFFFFFFFFFFFFFFFFFFFC3
:10BD9000FFFFFFFFFFFFFFFFFFFFFFFFFFFFFFFFB3
:10BDA000FFFFFFFFFFFFFFFFFFFFFFFFFFFFFFFFA3
:10BDB000FFFFFFFFFFFFFFFFFFFFFFFFFFFFFFFF93
:10BDC000FFFFFFFFFFFFFFFFFFFFFFFFFFFFFFFF83
:10BDD000FFFFFFFFFFFFFFFFFFFFFFFFFFFFFFFF73
:10BDE000FFFFFFFFFFFFFFFFFFFFFFFFFFFFFFFF63
:10BDF000FFFFFFFFFFFFFFFFFFFFFFFFFFFFFFFF53
:10BE0000FFFFFFFFFFFFFFFFFFFFFFFFFFFFFFFF42
:10BE1000FFFFFFFFFFFFFFFFFFFFFFFFFFFFFFFF32
:10BE2000FFFFFFFFFFFFFFFFFFFFFFFFFFFFFFFF22
:10BE3000FFFFFFFFFFFFFFFFFFFFFFFFFFFFFFFF12
:10BE4000FFFFFFFFFFFFFFFFFFFFFFFFFFFFFFFF02
:10BE5000FFFFFFFFFFFFFFFFFFFFFFFFFFFFFFFFF2
:10BE6000FFFFFFFFFFFFFFFFFFFFFFFFFFFFFFFFE2
:10BE7000FFFFFFFFFFFFFFFFFFFFFFFFFFFFFFFFD2
:10BE8000FFFFFFFFFFFFFFFFFFFFFFFFFFFFFFFFC2
:10BE9000FFFFFFFFFFFFFFFFFFFFFFFFFFFFFFFFB2
:10BEA000FFFFFFFFFFFFFFFFFFFFFFFFFFFFFFFFA2
:10BEB000FFFFFFFFFFFFFFFFFFFFFFFFFFFFFFFF92
:10BEC000FFFFFFFFFFFFFFFFFFFFFFFFFFFFFFFF82
:10BED000FFFFFFFFFFFFFFFFFFFFFFFFFFFFFFFF72
:10BEE000FFFFFFFFFFFFFFFFFFFFFFFFFFFFFFFF62
:10BEF000FFFFFFFFFFFFFFFFFFFFFFFFFFFFFFFF52
:10BF0000FFFFFFFFFFFFFFFFFFFFFFFFFFFFFFFF41
:10BF1000FFFFFFFFFFFFFFFFFFFFFFFFFFFFFFFF31
:10BF2000FFFFFFFFFFFFFFFFFFFFFFFFFFFFFFFF21
:10BF3000FFFFFFFFFFFFFFFFFFFFFFFFFFFFFFFF11
:10BF4000FFFFFFFFFFFFFFFFFFFFFFFFFFFFFFFF01
:10BF5000FFFFFFFFFFFFFFFFFFFFFFFFFFFFFFFFF1
:10BF6000FFFFFFFFFFFFFFFFFFFFFFFFFFFFFFFFE1
:10BF7000FFFFFFFFFFFFFFFFFFFFFFFFFFFFFFFFD1
:10BF8000FFFFFFFFFFFFFFFFFFFFFFFFFFFFFFFFC1
:10BF9000FFFFFFFFFFFFFFFFFFFFFFFFFFFFFFFFB1
:10BFA000FFFFFFFFFFFFFFFFFFFFFFFFFFFFFFFFA1
:10BFB000FFFFFFFFFFFFFFFFFFFFFFFFFFFFFFFF91
:10BFC000FFFFFFFFFFFFFFFFFFFFFFFFFFFFFFFF81
:10BFD000FFFFFFFFFFFFFFFFFFFFFFFFFFFFFFFF71
:10BFE000FFFFFFFFFFFFFFFFFFFFFFFFFFFFFFFF61
:10BFF000FFFFFFFFFFFFFFFFFFFFFFFFFFFFFFFF51
:10C00000FFFFFFFFFFFFFFFFFFFFFFFFFFFFFFFF40
:10C01000FFFFFFFFFFFFFFFFFFFFFFFFFFFFFFFF30
:10C02000FFFFFFFFFFFFFFFFFFFFFFFFFFFFFFFF20
:10C03000FFFFFFFFFFFFFFFFFFFFFFFFFFFFFFFF10
:10C04000FFFFFFFFFFFFFFFFFFFFFFFFFFFFFFFF00
:10C05000FFFFFFFFFFFFFFFFFFFFFFFFFFFFFFFFF0
:10C06000FFFFFFFFFFFFFFFFFFFFFFFFFFFFFFFFE0
:10C07000FFFFFFFFFFFFFFFFFFFFFFFFFFFFFFFFD0
:10C08000FFFFFFFFFFFFFFFFFFFFFFFFFFFFFFFFC0
:10C09000FFFFFFFFFFFFFFFFFFFFFFFFFFFFFFFFB0
:10C0A000FFFFFFFFFFFFFFFFFFFFFFFFFFFFFFFFA0
:10C0B000FFFFFFFFFFFFFFFFFFFFFFFFFFFFFFFF90
:10C0C000FFFFFFFFFFFFFFFFFFFFFFFFFFFFFFFF80
:10C0D000FFFFFFFFFFFFFFFFFFFFFFFFFFFFFFFF70
:10C0E000FFFFFFFFFFFFFFFFFFFFFFFFFFFFFFFF60
:10C0F000FFFFFFFFFFFFFFFFFFFFFFFFFFFFFFFF50
:10C10000FFFFFFFFFFFFFFFFFFFFFFFFFFFFFFFF3F
:10C11000FFFFFFFFFFFFFFFFFFFFFFFFFFFFFFFF2F
:10C12000FFFFFFFFFFFFFFFFFFFFFFFFFFFFFFFF1F
:10C13000FFFFFFFFFFFFFFFFFFFFFFFFFFFFFFFF0F
:10C14000FFFFFFFFFFFFFFFFFFFFFFFFFFFFFFFFFF
:10C15000FFFFFFFFFFFFFFFFFFFFFFFFFFFFFFFFEF
:10C16000FFFFFFFFFFFFFFFFFFFFFFFFFFFFFFFFDF
:10C17000FFFFFFFFFFFFFFFFFFFFFFFFFFFFFFFFCF
:10C18000FFFFFFFFFFFFFFFFFFFFFFFFFFFFFFFFBF
:10C19000FFFFFFFFFFFFFFFFFFFFFFFFFFFFFFFFAF
:10C1A000FFFFFFFFFFFFFFFFFFFFFFFFFFFFFFFF9F
:10C1B000FFFFFFFFFFFFFFFFFFFFFFFFFFFFFFFF8F
:10C1C000FFFFFFFFFFFFFFFFFFFFFFFFFFFFFFFF7F
:10C1D000FFFFFFFFFFFFFFFFFFFFFFFFFFFFFFFF6F
:10C1E000FFFFFFFFFFFFFFFFFFFFFFFFFFFFFFFF5F
:10C1F000FFFFFFFFFFFFFFFFFFFFFFFFFFFFFFFF4F
:10C20000FFFFFFFFFFFFFFFFFFFFFFFFFFFFFFFF3E
:10C21000FFFFFFFFFFFFFFFFFFFFFFFFFFFFFFFF2E
:10C22000FFFFFFFFFFFFFFFFFFFFFFFFFFFFFFFF1E
:10C23000FFFFFFFFFFFFFFFFFFFFFFFFFFFFFFFF0E
:10C24000FFFFFFFFFFFFFFFFFFFFFFFFFFFFFFFFFE
:10C25000FFFFFFFFFFFFFFFFFFFFFFFFFFFFFFFFEE
:10C26000FFFFFFFFFFFFFFFFFFFFFFFFFFFFFFFFDE
:10C27000FFFFFFFFFFFFFFFFFFFFFFFFFFFFFFFFCE
:10C28000FFFFFFFFFFFFFFFFFFFFFFFFFFFFFFFFBE
:10C29000FFFFFFFFFFFFFFFFFFFFFFFFFFFFFFFFAE
:10C2A000FFFFFFFFFFFFFFFFFFFFFFFFFFFFFFFF9E
:10C2B000FFFFFFFFFFFFFFFFFFFFFFFFFFFFFFFF8E
:10C2C000FFFFFFFFFFFFFFFFFFFFFFFFFFFFFFFF7E
:10C2D000FFFFFFFFFFFFFFFFFFFFFFFFFFFFFFFF6E
:10C2E000FFFFFFFFFFFFFFFFFFFFFFFFFFFFFFFF5E
:10C2F000FFFFFFFFFFFFFFFFFFFFFFFFFFFFFFFF4E
:10C30000FFFFFFFFFFFFFFFFFFFFFFFFFFFFFFFF3D
:10C31000FFFFFFFFFFFFFFFFFFFFFFFFFFFFFFFF2D
:10C32000FFFFFFFFFFFFFFFFFFFFFFFFFFFFFFFF1D
:10C33000FFFFFFFFFFFFFFFFFFFFFFFFFFFFFFFF0D
:10C34000FFFFFFFFFFFFFFFFFFFFFFFFFFFFFFFFFD
:10C35000FFFFFFFFFFFFFFFFFFFFFFFFFFFFFFFFED
:10C36000FFFFFFFFFFFFFFFFFFFFFFFFFFFFFFFFDD
:10C37000FFFFFFFFFFFFFFFFFFFFFFFFFFFFFFFFCD
:10C38000FFFFFFFFFFFFFFFFFFFFFFFFFFFFFFFFBD
:10C39000FFFFFFFFFFFFFFFFFFFFFFFFFFFFFFFFAD
:10C3A000FFFFFFFFFFFFFFFFFFFFFFFFFFFFFFFF9D
:10C3B000FFFFFFFFFFFFFFFFFFFFFFFFFFFFFFFF8D
:10C3C000FFFFFFFFFFFFFFFFFFFFFFFFFFFFFFFF7D
:10C3D000FFFFFFFFFFFFFFFFFFFFFFFFFFFFFFFF6D
:10C3E000FFFFFFFFFFFFFFFFFFFFFFFFFFFFFFFF5D
:10C3F000FFFFFFFFFFFFFFFFFFFFFFFFFFFFFFFF4D
:10C40000FFFFFFFFFFFFFFFFFFFFFFFFFFFFFFFF3C
:10C41000FFFFFFFFFFFFFFFFFFFFFFFFFFFFFFFF2C
:10C42000FFFFFFFFFFFFFFFFFFFFFFFFFFFFFFFF1C
:10C43000FFFFFFFFFFFFFFFFFFFFFFFFFFFFFFFF0C
:10C44000FFFFFFFFFFFFFFFFFFFFFFFFFFFFFFFFFC
:10C45000FFFFFFFFFFFFFFFFFFFFFFFFFFFFFFFFEC
:10C46000FFFFFFFFFFFFFFFFFFFFFFFFFFFFFFFFDC
:10C47000FFFFFFFFFFFFFFFFFFFFFFFFFFFFFFFFCC
:10C48000FFFFFFFFFFFFFFFFFFFFFFFFFFFFFFFFBC
:10C49000FFFFFFFFFFFFFFFFFFFFFFFFFFFFFFFFAC
:10C4A000FFFFFFFFFFFFFFFFFFFFFFFFFFFFFFFF9C
:10C4B000FFFFFFFFFFFFFFFFFFFFFFFFFFFFFFFF8C
:10C4C000FFFFFFFFFFFFFFFFFFFFFFFFFFFFFFFF7C
:10C4D000FFFFFFFFFFFFFFFFFFFFFFFFFFFFFFFF6C
:10C4E000FFFFFFFFFFFFFFFFFFFFFFFFFFFFFFFF5C
:10C4F000FFFFFFFFFFFFFFFFFFFFFFFFFFFFFFFF4C
:10C50000FFFFFFFFFFFFFFFFFFFFFFFFFFFFFFFF3B
:10C51000FFFFFFFFFFFFFFFFFFFFFFFFFFFFFFFF2B
:10C52000FFFFFFFFFFFFFFFFFFFFFFFFFFFFFFFF1B
:10C53000FFFFFFFFFFFFFFFFFFFFFFFFFFFFFFFF0B
:10C54000FFFFFFFFFFFFFFFFFFFFFFFFFFFFFFFFFB
:10C55000FFFFFFFFFFFFFFFFFFFFFFFFFFFFFFFFEB
:10C56000FFFFFFFFFFFFFFFFFFFFFFFFFFFFFFFFDB
:10C57000FFFFFFFFFFFFFFFFFFFFFFFFFFFFFFFFCB
:10C58000FFFFFFFFFFFFFFFFFFFFFFFFFFFFFFFFBB
:10C59000FFFFFFFFFFFFFFFFFFFFFFFFFFFFFFFFAB
:10C5A000FFFFFFFFFFFFFFFFFFFFFFFFFFFFFFFF9B
:10C5B000FFFFFFFFFFFFFFFFFFFFFFFFFFFFFFFF8B
:10C5C000FFFFFFFFFFFFFFFFFFFFFFFFFFFFFFFF7B
:10C5D000FFFFFFFFFFFFFFFFFFFFFFFFFFFFFFFF6B
:10C5E000FFFFFFFFFFFFFFFFFFFFFFFFFFFFFFFF5B
:10C5F000FFFFFFFFFFFFFFFFFFFFFFFFFFFFFFFF4B
:10C60000FFFFFFFFFFFFFFFFFFFFFFFFFFFFFFFF3A
:10C61000FFFFFFFFFFFFFFFFFFFFFFFFFFFFFFFF2A
:10C62000FFFFFFFFFFFFFFFFFFFFFFFFFFFFFFFF1A
:10C63000FFFFFFFFFFFFFFFFFFFFFFFFFFFFFFFF0A
:10C64000FFFFFFFFFFFFFFFFFFFFFFFFFFFFFFFFFA
:10C65000FFFFFFFFFFFFFFFFFFFFFFFFFFFFFFFFEA
:10C66000FFFFFFFFFFFFFFFFFFFFFFFFFFFFFFFFDA
:10C67000FFFFFFFFFFFFFFFFFFFFFFFFFFFFFFFFCA
:10C68000FFFFFFFFFFFFFFFFFFFFFFFFFFFFFFFFBA
:10C69000FFFFFFFFFFFFFFFFFFFFFFFFFFFFFFFFAA
:10C6A000FFFFFFFFFFFFFFFFFFFFFFFFFFFFFFFF9A
:10C6B000FFFFFFFFFFFFFFFFFFFFFFFFFFFFFFFF8A
:10C6C000FFFFFFFFFFFFFFFFFFFFFFFFFFFFFFFF7A
:10C6D000FFFFFFFFFFFFFFFFFFFFFFFFFFFFFFFF6A
:10C6E000FFFFFFFFFFFFFFFFFFFFFFFFFFFFFFFF5A
:10C6F000FFFFFFFFFFFFFFFFFFFFFFFFFFFFFFFF4A
:10C70000FFFFFFFFFFFFFFFFFFFFFFFFFFFFFFFF39
:10C71000FFFFFFFFFFFFFFFFFFFFFFFFFFFFFFFF29
:10C72000FFFFFFFFFFFFFFFFFFFFFFFFFFFFFFFF19
:10C73000FFFFFFFFFFFFFFFFFFFFFFFFFFFFFFFF09
:10C74000FFFFFFFFFFFFFFFFFFFFFFFFFFFFFFFFF9
:10C75000FFFFFFFFFFFFFFFFFFFFFFFFFFFFFFFFE9
:10C76000FFFFFFFFFFFFFFFFFFFFFFFFFFFFFFFFD9
:10C77000FFFFFFFFFFFFFFFFFFFFFFFFFFFFFFFFC9
:10C78000FFFFFFFFFFFFFFFFFFFFFFFFFFFFFFFFB9
:10C79000FFFFFFFFFFFFFFFFFFFFFFFFFFFFFFFFA9
:10C7A000FFFFFFFFFFFFFFFFFFFFFFFFFFFFFFFF99
:10C7B000FFFFFFFFFFFFFFFFFFFFFFFFFFFFFFFF89
:10C7C000FFFFFFFFFFFFFFFFFFFFFFFFFFFFFFFF79
:10C7D000FFFFFFFFFFFFFFFFFFFFFFFFFFFFFFFF69
:10C7E000FFFFFFFFFFFFFFFFFFFFFFFFFFFFFFFF59
:10C7F000FFFFFFFFFFFFFFFFFFFFFFFFFFFFFFFF49
:10C80000FFFFFFFFFFFFFFFFFFFFFFFFFFFFFFFF38
:10C81000FFFFFFFFFFFFFFFFFFFFFFFFFFFFFFFF28
:10C82000FFFFFFFFFFFFFFFFFFFFFFFFFFFFFFFF18
:10C83000FFFFFFFFFFFFFFFFFFFFFFFFFFFFFFFF08
:10C84000FFFFFFFFFFFFFFFFFFFFFFFFFFFFFFFFF8
:10C85000FFFFFFFFFFFFFFFFFFFFFFFFFFFFFFFFE8
:10C86000FFFFFFFFFFFFFFFFFFFFFFFFFFFFFFFFD8
:10C87000FFFFFFFFFFFFFFFFFFFFFFFFFFFFFFFFC8
:10C88000FFFFFFFFFFFFFFFFFFFFFFFFFFFFFFFFB8
:10C89000FFFFFFFFFFFFFFFFFFFFFFFFFFFFFFFFA8
:10C8A000FFFFFFFFFFFFFFFFFFFFFFFFFFFFFFFF98
:10C8B000FFFFFFFFFFFFFFFFFFFFFFFFFFFFFFFF88
:10C8C000FFFFFFFFFFFFFFFFFFFFFFFFFFFFFFFF78
:10C8D000FFFFFFFFFFFFFFFFFFFFFFFFFFFFFFFF68
:10C8E000FFFFFFFFFFFFFFFFFFFFFFFFFFFFFFFF58
:10C8F000FFFFFFFFFFFFFFFFFFFFFFFFFFFFFFFF48
:10C90000FFFFFFFFFFFFFFFFFFFFFFFFFFFFFFFF37
:10C91000FFFFFFFFFFFFFFFFFFFFFFFFFFFFFFFF27
:10C92000FFFFFFFFFFFFFFFFFFFFFFFFFFFFFFFF17
:10C93000FFFFFFFFFFFFFFFFFFFFFFFFFFFFFFFF07
:10C94000FFFFFFFFFFFFFFFFFFFFFFFFFFFFFFFFF7
:10C95000FFFFFFFFFFFFFFFFFFFFFFFFFFFFFFFFE7
:10C96000FFFFFFFFFFFFFFFFFFFFFFFFFFFFFFFFD7
:10C97000FFFFFFFFFFFFFFFFFFFFFFFFFFFFFFFFC7
:10C98000FFFFFFFFFFFFFFFFFFFFFFFFFFFFFFFFB7
:10C99000FFFFFFFFFFFFFFFFFFFFFFFFFFFFFFFFA7
:10C9A000FFFFFFFFFFFFFFFFFFFFFFFFFFFFFFFF97
:10C9B000FFFFFFFFFFFFFFFFFFFFFFFFFFFFFFFF87
:10C9C000FFFFFFFFFFFFFFFFFFFFFFFFFFFFFFFF77
:10C9D000FFFFFFFFFFFFFFFFFFFFFFFFFFFFFFFF67
:10C9E000FFFFFFFFFFFFFFFFFFFFFFFFFFFFFFFF57
:10C9F000FFFFFFFFFFFFFFFFFFFFFFFFFFFFFFFF47
:10CA0000FFFFFFFFFFFFFFFFFFFFFFFFFFFFFFFF36
:10CA1000FFFFFFFFFFFFFFFFFFFFFFFFFFFFFFFF26
:10CA2000FFFFFFFFFFFFFFFFFFFFFFFFFFFFFFFF16
:10CA3000FFFFFFFFFFFFFFFFFFFFFFFFFFFFFFFF06
:10CA4000FFFFFFFFFFFFFFFFFFFFFFFFFFFFFFFFF6
:10CA5000FFFFFFFFFFFFFFFFFFFFFFFFFFFFFFFFE6
:10CA6000FFFFFFFFFFFFFFFFFFFFFFFFFFFFFFFFD6
:10CA7000FFFFFFFFFFFFFFFFFFFFFFFFFFFFFFFFC6
:10CA8000FFFFFFFFFFFFFFFFFFFFFFFFFFFFFFFFB6
:10CA9000FFFFFFFFFFFFFFFFFFFFFFFFFFFFFFFFA6
:10CAA000FFFFFFFFFFFFFFFFFFFFFFFFFFFFFFFF96
:10CAB000FFFFFFFFFFFFFFFFFFFFFFFFFFFFFFFF86
:10CAC000FFFFFFFFFFFFFFFFFFFFFFFFFFFFFFFF76
:10CAD000FFFFFFFFFFFFFFFFFFFFFFFFFFFFFFFF66
:10CAE000FFFFFFFFFFFFFFFFFFFFFFFFFFFFFFFF56
:10CAF000FFFFFFFFFFFFFFFFFFFFFFFFFFFFFFFF46
:10CB0000FFFFFFFFFFFFFFFFFFFFFFFFFFFFFFFF35
:10CB1000FFFFFFFFFFFFFFFFFFFFFFFFFFFFFFFF25
:10CB2000FFFFFFFFFFFFFFFFFFFFFFFFFFFFFFFF15
:10CB3000FFFFFFFFFFFFFFFFFFFFFFFFFFFFFFFF05
:10CB4000FFFFFFFFFFFFFFFFFFFFFFFFFFFFFFFFF5
:10CB5000FFFFFFFFFFFFFFFFFFFFFFFFFFFFFFFFE5
:10CB6000FFFFFFFFFFFFFFFFFFFFFFFFFFFFFFFFD5
:10CB7000FFFFFFFFFFFFFFFFFFFFFFFFFFFFFFFFC5
:10CB8000FFFFFFFFFFFFFFFFFFFFFFFFFFFFFFFFB5
:10CB9000FFFFFFFFFFFFFFFFFFFFFFFFFFFFFFFFA5
:10CBA000FFFFFFFFFFFFFFFFFFFFFFFFFFFFFFFF95
:10CBB000FFFFFFFFFFFFFFFFFFFFFFFFFFFFFFFF85
:10CBC000FFFFFFFFFFFFFFFFFFFFFFFFFFFFFFFF75
:10CBD000FFFFFFFFFFFFFFFFFFFFFFFFFFFFFFFF65
:10CBE000FFFFFFFFFFFFFFFFFFFFFFFFFFFFFFFF55
:10CBF000FFFFFFFFFFFFFFFFFFFFFFFFFFFFFFFF45
:10CC0000FFFFFFFFFFFFFFFFFFFFFFFFFFFFFFFF34
:10CC1000FFFFFFFFFFFFFFFFFFFFFFFFFFFFFFFF24
:10CC2000FFFFFFFFFFFFFFFFFFFFFFFFFFFFFFFF14
:10CC3000FFFFFFFFFFFFFFFFFFFFFFFFFFFFFFFF04
:10CC4000FFFFFFFFFFFFFFFFFFFFFFFFFFFFFFFFF4
:10CC5000FFFFFFFFFFFFFFFFFFFFFFFFFFFFFFFFE4
:10CC6000FFFFFFFFFFFFFFFFFFFFFFFFFFFFFFFFD4
:10CC7000FFFFFFFFFFFFFFFFFFFFFFFFFFFFFFFFC4
:10CC8000FFFFFFFFFFFFFFFFFFFFFFFFFFFFFFFFB4
:10CC9000FFFFFFFFFFFFFFFFFFFFFFFFFFFFFFFFA4
:10CCA000FFFFFFFFFFFFFFFFFFFFFFFFFFFFFFFF94
:10CCB000FFFFFFFFFFFFFFFFFFFFFFFFFFFFFFFF84
:10CCC000FFFFFFFFFFFFFFFFFFFFFFFFFFFFFFFF74
:10CCD000FFFFFFFFFFFFFFFFFFFFFFFFFFFFFFFF64
:10CCE000FFFFFFFFFFFFFFFFFFFFFFFFFFFFFFFF54
:10CCF000FFFFFFFFFFFFFFFFFFFFFFFFFFFFFFFF44
:10CD0000FFFFFFFFFFFFFFFFFFFFFFFFFFFFFFFF33
:10CD1000FFFFFFFFFFFFFFFFFFFFFFFFFFFFFFFF23
:10CD2000FFFFFFFFFFFFFFFFFFFFFFFFFFFFFFFF13
:10CD3000FFFFFFFFFFFFFFFFFFFFFFFFFFFFFFFF03
:10CD4000FFFFFFFFFFFFFFFFFFFFFFFFFFFFFFFFF3
:10CD5000FFFFFFFFFFFFFFFFFFFFFFFFFFFFFFFFE3
:10CD6000FFFFFFFFFFFFFFFFFFFFFFFFFFFFFFFFD3
:10CD7000FFFFFFFFFFFFFFFFFFFFFFFFFFFFFFFFC3
:10CD8000FFFFFFFFFFFFFFFFFFFFFFFFFFFFFFFFB3
:10CD9000FFFFFFFFFFFFFFFFFFFFFFFFFFFFFFFFA3
:10CDA000FFFFFFFFFFFFFFFFFFFFFFFFFFFFFFFF93
:10CDB000FFFFFFFFFFFFFFFFFFFFFFFFFFFFFFFF83
:10CDC000FFFFFFFFFFFFFFFFFFFFFFFFFFFFFFFF73
:10CDD000FFFFFFFFFFFFFFFFFFFFFFFFFFFFFFFF63
:10CDE000FFFFFFFFFFFFFFFFFFFFFFFFFFFFFFFF53
:10CDF000FFFFFFFFFFFFFFFFFFFFFFFFFFFFFFFF43
:10CE0000FFFFFFFFFFFFFFFFFFFFFFFFFFFFFFFF32
:10CE1000FFFFFFFFFFFFFFFFFFFFFFFFFFFFFFFF22
:10CE2000FFFFFFFFFFFFFFFFFFFFFFFFFFFFFFFF12
:10CE3000FFFFFFFFFFFFFFFFFFFFFFFFFFFFFFFF02
:10CE4000FFFFFFFFFFFFFFFFFFFFFFFFFFFFFFFFF2
:10CE5000FFFFFFFFFFFFFFFFFFFFFFFFFFFFFFFFE2
:10CE6000FFFFFFFFFFFFFFFFFFFFFFFFFFFFFFFFD2
:10CE7000FFFFFFFFFFFFFFFFFFFFFFFFFFFFFFFFC2
:10CE8000FFFFFFFFFFFFFFFFFFFFFFFFFFFFFFFFB2
:10CE9000FFFFFFFFFFFFFFFFFFFFFFFFFFFFFFFFA2
:10CEA000FFFFFFFFFFFFFFFFFFFFFFFFFFFFFFFF92
:10CEB000FFFFFFFFFFFFFFFFFFFFFFFFFFFFFFFF82
:10CEC000FFFFFFFFFFFFFFFFFFFFFFFFFFFFFFFF72
:10CED000FFFFFFFFFFFFFFFFFFFFFFFFFFFFFFFF62
:10CEE000FFFFFFFFFFFFFFFFFFFFFFFFFFFFFFFF52
:10CEF000FFFFFFFFFFFFFFFFFFFFFFFFFFFFFFFF42
:10CF0000FFFFFFFFFFFFFFFFFFFFFFFFFFFFFFFF31
:10CF1000FFFFFFFFFFFFFFFFFFFFFFFFFFFFFFFF21
:10CF2000FFFFFFFFFFFFFFFFFFFFFFFFFFFFFFFF11
:10CF3000FFFFFFFFFFFFFFFFFFFFFFFFFFFFFFFF01
:10CF4000FFFFFFFFFFFFFFFFFFFFFFFFFFFFFFFFF1
:10CF5000FFFFFFFFFFFFFFFFFFFFFFFFFFFFFFFFE1
:10CF6000FFFFFFFFFFFFFFFFFFFFFFFFFFFFFFFFD1
:10CF7000FFFFFFFFFFFFFFFFFFFFFFFFFFFFFFFFC1
:10CF8000FFFFFFFFFFFFFFFFFFFFFFFFFFFFFFFFB1
:10CF9000FFFFFFFFFFFFFFFFFFFFFFFFFFFFFFFFA1
:10CFA000FFFFFFFFFFFFFFFFFFFFFFFFFFFFFFFF91
:10CFB000FFFFFFFFFFFFFFFFFFFFFFFFFFFFFFFF81
:10CFC000FFFFFFFFFFFFFFFFFFFFFFFFFFFFFFFF71
:10CFD000FFFFFFFFFFFFFFFFFFFFFFFFFFFFFFFF61
:10CFE000FFFFFFFFFFFFFFFFFFFFFFFFFFFFFFFF51
:10CFF000FFFFFFFFFFFFFFFFFFFFFFFFFFFFFFFF41
:10D00000FFFFFFFFFFFFFFFFFFFFFFFFFFFFFFFF30
:10D01000FFFFFFFFFFFFFFFFFFFFFFFFFFFFFFFF20
:10D02000FFFFFFFFFFFFFFFFFFFFFFFFFFFFFFFF10
:10D03000FFFFFFFFFFFFFFFFFFFFFFFFFFFFFFFF00
:10D04000FFFFFFFFFFFFFFFFFFFFFFFFFFFFFFFFF0
:10D05000FFFFFFFFFFFFFFFFFFFFFFFFFFFFFFFFE0
:10D06000FFFFFFFFFFFFFFFFFFFFFFFFFFFFFFFFD0
:10D07000FFFFFFFFFFFFFFFFFFFFFFFFFFFFFFFFC0
:10D08000FFFFFFFFFFFFFFFFFFFFFFFFFFFFFFFFB0
:10D09000FFFFFFFFFFFFFFFFFFFFFFFFFFFFFFFFA0
:10D0A000FFFFFFFFFFFFFFFFFFFFFFFFFFFFFFFF90
:10D0B000FFFFFFFFFFFFFFFFFFFFFFFFFFFFFFFF80
:10D0C000FFFFFFFFFFFFFFFFFFFFFFFFFFFFFFFF70
:10D0D000FFFFFFFFFFFFFFFFFFFFFFFFFFFFFFFF60
:10D0E000FFFFFFFFFFFFFFFFFFFFFFFFFFFFFFFF50
:10D0F000FFFFFFFFFFFFFFFFFFFFFFFFFFFFFFFF40
:10D10000FFFFFFFFFFFFFFFFFFFFFFFFFFFFFFFF2F
:10D11000FFFFFFFFFFFFFFFFFFFFFFFFFFFFFFFF1F
:10D12000FFFFFFFFFFFFFFFFFFFFFFFFFFFFFFFF0F
:10D13000FFFFFFFFFFFFFFFFFFFFFFFFFFFFFFFFFF
:10D14000FFFFFFFFFFFFFFFFFFFFFFFFFFFFFFFFEF
:10D15000FFFFFFFFFFFFFFFFFFFFFFFFFFFFFFFFDF
:10D16000FFFFFFFFFFFFFFFFFFFFFFFFFFFFFFFFCF
:10D17000FFFFFFFFFFFFFFFFFFFFFFFFFFFFFFFFBF
:10D18000FFFFFFFFFFFFFFFFFFFFFFFFFFFFFFFFAF
:10D19000FFFFFFFFFFFFFFFFFFFFFFFFFFFFFFFF9F
:10D1A000FFFFFFFFFFFFFFFFFFFFFFFFFFFFFFFF8F
:10D1B000FFFFFFFFFFFFFFFFFFFFFFFFFFFFFFFF7F
:10D1C000FFFFFFFFFFFFFFFFFFFFFFFFFFFFFFFF6F
:10D1D000FFFFFFFFFFFFFFFFFFFFFFFFFFFFFFFF5F
:10D1E000FFFFFFFFFFFFFFFFFFFFFFFFFFFFFFFF4F
:10D1F000FFFFFFFFFFFFFFFFFFFFFFFFFFFFFFFF3F
:10D20000FFFFFFFFFFFFFFFFFFFFFFFFFFFFFFFF2E
:10D21000FFFFFFFFFFFFFFFFFFFFFFFFFFFFFFFF1E
:10D22000FFFFFFFFFFFFFFFFFFFFFFFFFFFFFFFF0E
:10D23000FFFFFFFFFFFFFFFFFFFFFFFFFFFFFFFFFE
:10D24000FFFFFFFFFFFFFFFFFFFFFFFFFFFFFFFFEE
:10D25000FFFFFFFFFFFFFFFFFFFFFFFFFFFFFFFFDE
:10D26000FFFFFFFFFFFFFFFFFFFFFFFFFFFFFFFFCE
:10D27000FFFFFFFFFFFFFFFFFFFFFFFFFFFFFFFFBE
:10D28000FFFFFFFFFFFFFFFFFFFFFFFFFFFFFFFFAE
:10D29000FFFFFFFFFFFFFFFFFFFFFFFFFFFFFFFF9E
:10D2A000FFFFFFFFFFFFFFFFFFFFFFFFFFFFFFFF8E
:10D2B000FFFFFFFFFFFFFFFFFFFFFFFFFFFFFFFF7E
:10D2C000FFFFFFFFFFFFFFFFFFFFFFFFFFFFFFFF6E
:10D2D000FFFFFFFFFFFFFFFFFFFFFFFFFFFFFFFF5E
:10D2E000FFFFFFFFFFFFFFFFFFFFFFFFFFFFFFFF4E
:10D2F000FFFFFFFFFFFFFFFFFFFFFFFFFFFFFFFF3E
:10D30000FFFFFFFFFFFFFFFFFFFFFFFFFFFFFFFF2D
:10D31000FFFFFFFFFFFFFFFFFFFFFFFFFFFFFFFF1D
:10D32000FFFFFFFFFFFFFFFFFFFFFFFFFFFFFFFF0D
:10D33000FFFFFFFFFFFFFFFFFFFFFFFFFFFFFFFFFD
:10D34000FFFFFFFFFFFFFFFFFFFFFFFFFFFFFFFFED
:10D35000FFFFFFFFFFFFFFFFFFFFFFFFFFFFFFFFDD
:10D36000FFFFFFFFFFFFFFFFFFFFFFFFFFFFFFFFCD
:10D37000FFFFFFFFFFFFFFFFFFFFFFFFFFFFFFFFBD
:10D38000FFFFFFFFFFFFFFFFFFFFFFFFFFFFFFFFAD
:10D39000FFFFFFFFFFFFFFFFFFFFFFFFFFFFFFFF9D
:10D3A000FFFFFFFFFFFFFFFFFFFFFFFFFFFFFFFF8D
:10D3B000FFFFFFFFFFFFFFFFFFFFFFFFFFFFFFFF7D
:10D3C000FFFFFFFFFFFFFFFFFFFFFFFFFFFFFFFF6D
:10D3D000FFFFFFFFFFFFFFFFFFFFFFFFFFFFFFFF5D
:10D3E000FFFFFFFFFFFFFFFFFFFFFFFFFFFFFFFF4D
:10D3F000FFFFFFFFFFFFFFFFFFFFFFFFFFFFFFFF3D
:10D40000FFFFFFFFFFFFFFFFFFFFFFFFFFFFFFFF2C
:10D41000FFFFFFFFFFFFFFFFFFFFFFFFFFFFFFFF1C
:10D42000FFFFFFFFFFFFFFFFFFFFFFFFFFFFFFFF0C
:10D43000FFFFFFFFFFFFFFFFFFFFFFFFFFFFFFFFFC
:10D44000FFFFFFFFFFFFFFFFFFFFFFFFFFFFFFFFEC
:10D45000FFFFFFFFFFFFFFFFFFFFFFFFFFFFFFFFDC
:10D46000FFFFFFFFFFFFFFFFFFFFFFFFFFFFFFFFCC
:10D47000FFFFFFFFFFFFFFFFFFFFFFFFFFFFFFFFBC
:10D48000FFFFFFFFFFFFFFFFFFFFFFFFFFFFFFFFAC
:10D49000FFFFFFFFFFFFFFFFFFFFFFFFFFFFFFFF9C
:10D4A000FFFFFFFFFFFFFFFFFFFFFFFFFFFFFFFF8C
:10D4B000FFFFFFFFFFFFFFFFFFFFFFFFFFFFFFFF7C
:10D4C000FFFFFFFFFFFFFFFFFFFFFFFFFFFFFFFF6C
:10D4D000FFFFFFFFFFFFFFFFFFFFFFFFFFFFFFFF5C
:10D4E000FFFFFFFFFFFFFFFFFFFFFFFFFFFFFFFF4C
:10D4F000FFFFFFFFFFFFFFFFFFFFFFFFFFFFFFFF3C
:10D50000FFFFFFFFFFFFFFFFFFFFFFFFFFFFFFFF2B
:10D51000FFFFFFFFFFFFFFFFFFFFFFFFFFFFFFFF1B
:10D52000FFFFFFFFFFFFFFFFFFFFFFFFFFFFFFFF0B
:10D53000FFFFFFFFFFFFFFFFFFFFFFFFFFFFFFFFFB
:10D54000FFFFFFFFFFFFFFFFFFFFFFFFFFFFFFFFEB
:10D55000FFFFFFFFFFFFFFFFFFFFFFFFFFFFFFFFDB
:10D56000FFFFFFFFFFFFFFFFFFFFFFFFFFFFFFFFCB
:10D57000FFFFFFFFFFFFFFFFFFFFFFFFFFFFFFFFBB
:10D58000FFFFFFFFFFFFFFFFFFFFFFFFFFFFFFFFAB
:10D59000FFFFFFFFFFFFFFFFFFFFFFFFFFFFFFFF9B
:10D5A000FFFFFFFFFFFFFFFFFFFFFFFFFFFFFFFF8B
:10D5B000FFFFFFFFFFFFFFFFFFFFFFFFFFFFFFFF7B
:10D5C000FFFFFFFFFFFFFFFFFFFFFFFFFFFFFFFF6B
:10D5D000FFFFFFFFFFFFFFFFFFFFFFFFFFFFFFFF5B
:10D5E000FFFFFFFFFFFFFFFFFFFFFFFFFFFFFFFF4B
:10D5F000FFFFFFFFFFFFFFFFFFFFFFFFFFFFFFFF3B
:10D60000FFFFFFFFFFFFFFFFFFFFFFFFFFFFFFFF2A
:10D61000FFFFFFFFFFFFFFFFFFFFFFFFFFFFFFFF1A
:10D62000FFFFFFFFFFFFFFFFFFFFFFFFFFFFFFFF0A
:10D63000FFFFFFFFFFFFFFFFFFFFFFFFFFFFFFFFFA
:10D64000FFFFFFFFFFFFFFFFFFFFFFFFFFFFFFFFEA
:10D65000FFFFFFFFFFFFFFFFFFFFFFFFFFFFFFFFDA
:10D66000FFFFFFFFFFFFFFFFFFFFFFFFFFFFFFFFCA
:10D67000FFFFFFFFFFFFFFFFFFFFFFFFFFFFFFFFBA
:10D68000FFFFFFFFFFFFFFFFFFFFFFFFFFFFFFFFAA
:10D69000FFFFFFFFFFFFFFFFFFFFFFFFFFFFFFFF9A
:10D6A000FFFFFFFFFFFFFFFFFFFFFFFFFFFFFFFF8A
:10D6B000FFFFFFFFFFFFFFFFFFFFFFFFFFFFFFFF7A
:10D6C000FFFFFFFFFFFFFFFFFFFFFFFFFFFFFFFF6A
:10D6D000FFFFFFFFFFFFFFFFFFFFFFFFFFFFFFFF5A
:10D6E000FFFFFFFFFFFFFFFFFFFFFFFFFFFFFFFF4A
:10D6F000FFFFFFFFFFFFFFFFFFFFFFFFFFFFFFFF3A
:10D70000FFFFFFFFFFFFFFFFFFFFFFFFFFFFFFFF29
:10D71000FFFFFFFFFFFFFFFFFFFFFFFFFFFFFFFF19
:10D72000FFFFFFFFFFFFFFFFFFFFFFFFFFFFFFFF09
:10D73000FFFFFFFFFFFFFFFFFFFFFFFFFFFFFFFFF9
:10D74000FFFFFFFFFFFFFFFFFFFFFFFFFFFFFFFFE9
:10D75000FFFFFFFFFFFFFFFFFFFFFFFFFFFFFFFFD9
:10D76000FFFFFFFFFFFFFFFFFFFFFFFFFFFFFFFFC9
:10D77000FFFFFFFFFFFFFFFFFFFFFFFFFFFFFFFFB9
:10D78000FFFFFFFFFFFFFFFFFFFFFFFFFFFFFFFFA9
:10D79000FFFFFFFFFFFFFFFFFFFFFFFFFFFFFFFF99
:10D7A000FFFFFFFFFFFFFFFFFFFFFFFFFFFFFFFF89
:10D7B000FFFFFFFFFFFFFFFFFFFFFFFFFFFFFFFF79
:10D7C000FFFFFFFFFFFFFFFFFFFFFFFFFFFFFFFF69
:10D7D000FFFFFFFFFFFFFFFFFFFFFFFFFFFFFFFF59
:10D7E000FFFFFFFFFFFFFFFFFFFFFFFFFFFFFFFF49
:10D7F000FFFFFFFFFFFFFFFFFFFFFFFFFFFFFFFF39
:10D80000FFFFFFFFFFFFFFFFFFFFFFFFFFFFFFFF28
:10D81000FFFFFFFFFFFFFFFFFFFFFFFFFFFFFFFF18
:10D82000FFFFFFFFFFFFFFFFFFFFFFFFFFFFFFFF08
:10D83000FFFFFFFFFFFFFFFFFFFFFFFFFFFFFFFFF8
:10D84000FFFFFFFFFFFFFFFFFFFFFFFFFFFFFFFFE8
:10D85000FFFFFFFFFFFFFFFFFFFFFFFFFFFFFFFFD8
:10D86000FFFFFFFFFFFFFFFFFFFFFFFFFFFFFFFFC8
:10D87000FFFFFFFFFFFFFFFFFFFFFFFFFFFFFFFFB8
:10D88000FFFFFFFFFFFFFFFFFFFFFFFFFFFFFFFFA8
:10D89000FFFFFFFFFFFFFFFFFFFFFFFFFFFFFFFF98
:10D8A000FFFFFFFFFFFFFFFFFFFFFFFFFFFFFFFF88
:10D8B000FFFFFFFFFFFFFFFFFFFFFFFFFFFFFFFF78
:10D8C000FFFFFFFFFFFFFFFFFFFFFFFFFFFFFFFF68
:10D8D000FFFFFFFFFFFFFFFFFFFFFFFFFFFFFFFF58
:10D8E000FFFFFFFFFFFFFFFFFFFFFFFFFFFFFFFF48
:10D8F000FFFFFFFFFFFFFFFFFFFFFFFFFFFFFFFF38
:10D90000FFFFFFFFFFFFFFFFFFFFFFFFFFFFFFFF27
:10D91000FFFFFFFFFFFFFFFFFFFFFFFFFFFFFFFF17
:10D92000FFFFFFFFFFFFFFFFFFFFFFFFFFFFFFFF07
:10D93000FFFFFFFFFFFFFFFFFFFFFFFFFFFFFFFFF7
:10D94000FFFFFFFFFFFFFFFFFFFFFFFFFFFFFFFFE7
:10D95000FFFFFFFFFFFFFFFFFFFFFFFFFFFFFFFFD7
:10D96000FFFFFFFFFFFFFFFFFFFFFFFFFFFFFFFFC7
:10D97000FFFFFFFFFFFFFFFFFFFFFFFFFFFFFFFFB7
:10D98000FFFFFFFFFFFFFFFFFFFFFFFFFFFFFFFFA7
:10D99000FFFFFFFFFFFFFFFFFFFFFFFFFFFFFFFF97
:10D9A000FFFFFFFFFFFFFFFFFFFFFFFFFFFFFFFF87
:10D9B000FFFFFFFFFFFFFFFFFFFFFFFFFFFFFFFF77
:10D9C000FFFFFFFFFFFFFFFFFFFFFFFFFFFFFFFF67
:10D9D000FFFFFFFFFFFFFFFFFFFFFFFFFFFFFFFF57
:10D9E000FFFFFFFFFFFFFFFFFFFFFFFFFFFFFFFF47
:10D9F000FFFFFFFFFFFFFFFFFFFFFFFFFFFFFFFF37
:10DA0000FFFFFFFFFFFFFFFFFFFFFFFFFFFFFFFF26
:10DA1000FFFFFFFFFFFFFFFFFFFFFFFFFFFFFFFF16
:10DA2000FFFFFFFFFFFFFFFFFFFFFFFFFFFFFFFF06
:10DA3000FFFFFFFFFFFFFFFFFFFFFFFFFFFFFFFFF6
:10DA4000FFFFFFFFFFFFFFFFFFFFFFFFFFFFFFFFE6
:10DA5000FFFFFFFFFFFFFFFFFFFFFFFFFFFFFFFFD6
:10DA6000FFFFFFFFFFFFFFFFFFFFFFFFFFFFFFFFC6
:10DA7000FFFFFFFFFFFFFFFFFFFFFFFFFFFFFFFFB6
:10DA8000FFFFFFFFFFFFFFFFFFFFFFFFFFFFFFFFA6
:10DA9000FFFFFFFFFFFFFFFFFFFFFFFFFFFFFFFF96
:10DAA000FFFFFFFFFFFFFFFFFFFFFFFFFFFFFFFF86
:10DAB000FFFFFFFFFFFFFFFFFFFFFFFFFFFFFFFF76
:10DAC000FFFFFFFFFFFFFFFFFFFFFFFFFFFFFFFF66
:10DAD000FFFFFFFFFFFFFFFFFFFFFFFFFFFFFFFF56
:10DAE000FFFFFFFFFFFFFFFFFFFFFFFFFFFFFFFF46
:10DAF000FFFFFFFFFFFFFFFFFFFFFFFFFFFFFFFF36
:10DB0000FFFFFFFFFFFFFFFFFFFFFFFFFFFFFFFF25
:10DB1000FFFFFFFFFFFFFFFFFFFFFFFFFFFFFFFF15
:10DB2000FFFFFFFFFFFFFFFFFFFFFFFFFFFFFFFF05
:10DB3000FFFFFFFFFFFFFFFFFFFFFFFFFFFFFFFFF5
:10DB4000FFFFFFFFFFFFFFFFFFFFFFFFFFFFFFFFE5
:10DB5000FFFFFFFFFFFFFFFFFFFFFFFFFFFFFFFFD5
:10DB6000FFFFFFFFFFFFFFFFFFFFFFFFFFFFFFFFC5
:10DB7000FFFFFFFFFFFFFFFFFFFFFFFFFFFFFFFFB5
:10DB8000FFFFFFFFFFFFFFFFFFFFFFFFFFFFFFFFA5
:10DB9000FFFFFFFFFFFFFFFFFFFFFFFFFFFFFFFF95
:10DBA000FFFFFFFFFFFFFFFFFFFFFFFFFFFFFFFF85
:10DBB000FFFFFFFFFFFFFFFFFFFFFFFFFFFFFFFF75
:10DBC000FFFFFFFFFFFFFFFFFFFFFFFFFFFFFFFF65
:10DBD000FFFFFFFFFFFFFFFFFFFFFFFFFFFFFFFF55
:10DBE000FFFFFFFFFFFFFFFFFFFFFFFFFFFFFFFF45
:10DBF000FFFFFFFFFFFFFFFFFFFFFFFFFFFFFFFF35
:10DC0000FFFFFFFFFFFFFFFFFFFFFFFFFFFFFFFF24
:10DC1000FFFFFFFFFFFFFFFFFFFFFFFFFFFFFFFF14
:10DC2000FFFFFFFFFFFFFFFFFFFFFFFFFFFFFFFF04
:10DC3000FFFFFFFFFFFFFFFFFFFFFFFFFFFFFFFFF4
:10DC4000FFFFFFFFFFFFFFFFFFFFFFFFFFFFFFFFE4
:10DC5000FFFFFFFFFFFFFFFFFFFFFFFFFFFFFFFFD4
:10DC6000FFFFFFFFFFFFFFFFFFFFFFFFFFFFFFFFC4
:10DC7000FFFFFFFFFFFFFFFFFFFFFFFFFFFFFFFFB4
:10DC8000FFFFFFFFFFFFFFFFFFFFFFFFFFFFFFFFA4
:10DC9000FFFFFFFFFFFFFFFFFFFFFFFFFFFFFFFF94
:10DCA000FFFFFFFFFFFFFFFFFFFFFFFFFFFFFFFF84
:10DCB000FFFFFFFFFFFFFFFFFFFFFFFFFFFFFFFF74
:10DCC000FFFFFFFFFFFFFFFFFFFFFFFFFFFFFFFF64
:10DCD000FFFFFFFFFFFFFFFFFFFFFFFFFFFFFFFF54
:10DCE000FFFFFFFFFFFFFFFFFFFFFFFFFFFFFFFF44
:10DCF000FFFFFFFFFFFFFFFFFFFFFFFFFFFFFFFF34
:10DD0000FFFFFFFFFFFFFFFFFFFFFFFFFFFFFFFF23
:10DD1000FFFFFFFFFFFFFFFFFFFFFFFFFFFFFFFF13
:10DD2000FFFFFFFFFFFFFFFFFFFFFFFFFFFFFFFF03
:10DD3000FFFFFFFFFFFFFFFFFFFFFFFFFFFFFFFFF3
:10DD4000FFFFFFFFFFFFFFFFFFFFFFFFFFFFFFFFE3
:10DD5000FFFFFFFFFFFFFFFFFFFFFFFFFFFFFFFFD3
:10DD6000FFFFFFFFFFFFFFFFFFFFFFFFFFFFFFFFC3
:10DD7000FFFFFFFFFFFFFFFFFFFFFFFFFFFFFFFFB3
:10DD8000FFFFFFFFFFFFFFFFFFFFFFFFFFFFFFFFA3
:10DD9000FFFFFFFFFFFFFFFFFFFFFFFFFFFFFFFF93
:10DDA000FFFFFFFFFFFFFFFFFFFFFFFFFFFFFFFF83
:10DDB000FFFFFFFFFFFFFFFFFFFFFFFFFFFFFFFF73
:10DDC000FFFFFFFFFFFFFFFFFFFFFFFFFFFFFFFF63
:10DDD000FFFFFFFFFFFFFFFFFFFFFFFFFFFFFFFF53
:10DDE000FFFFFFFFFFFFFFFFFFFFFFFFFFFFFFFF43
:10DDF000FFFFFFFFFFFFFFFFFFFFFFFFFFFFFFFF33
:10DE0000FFFFFFFFFFFFFFFFFFFFFFFFFFFFFFFF22
:10DE1000FFFFFFFFFFFFFFFFFFFFFFFFFFFFFFFF12
:10DE2000FFFFFFFFFFFFFFFFFFFFFFFFFFFFFFFF02
:10DE3000FFFFFFFFFFFFFFFFFFFFFFFFFFFFFFFFF2
:10DE4000FFFFFFFFFFFFFFFFFFFFFFFFFFFFFFFFE2
:10DE5000FFFFFFFFFFFFFFFFFFFFFFFFFFFFFFFFD2
:10DE6000FFFFFFFFFFFFFFFFFFFFFFFFFFFFFFFFC2
:10DE7000FFFFFFFFFFFFFFFFFFFFFFFFFFFFFFFFB2
:10DE8000FFFFFFFFFFFFFFFFFFFFFFFFFFFFFFFFA2
:10DE9000FFFFFFFFFFFFFFFFFFFFFFFFFFFFFFFF92
:10DEA000FFFFFFFFFFFFFFFFFFFFFFFFFFFFFFFF82
:10DEB000FFFFFFFFFFFFFFFFFFFFFFFFFFFFFFFF72
:10DEC000FFFFFFFFFFFFFFFFFFFFFFFFFFFFFFFF62
:10DED000FFFFFFFFFFFFFFFFFFFFFFFFFFFFFFFF52
:10DEE000FFFFFFFFFFFFFFFFFFFFFFFFFFFFFFFF42
:10DEF000FFFFFFFFFFFFFFFFFFFFFFFFFFFFFFFF32
:10DF0000FFFFFFFFFFFFFFFFFFFFFFFFFFFFFFFF21
:10DF1000FFFFFFFFFFFFFFFFFFFFFFFFFFFFFFFF11
:10DF2000FFFFFFFFFFFFFFFFFFFFFFFFFFFFFFFF01
:10DF3000FFFFFFFFFFFFFFFFFFFFFFFFFFFFFFFFF1
:10DF4000FFFFFFFFFFFFFFFFFFFFFFFFFFFFFFFFE1
:10DF5000FFFFFFFFFFFFFFFFFFFFFFFFFFFFFFFFD1
:10DF6000FFFFFFFFFFFFFFFFFFFFFFFFFFFFFFFFC1
:10DF7000FFFFFFFFFFFFFFFFFFFFFFFFFFFFFFFFB1
:10DF8000FFFFFFFFFFFFFFFFFFFFFFFFFFFFFFFFA1
:10DF9000FFFFFFFFFFFFFFFFFFFFFFFFFFFFFFFF91
:10DFA000FFFFFFFFFFFFFFFFFFFFFFFFFFFFFFFF81
:10DFB000FFFFFFFFFFFFFFFFFFFFFFFFFFFFFFFF71
:10DFC000FFFFFFFFFFFFFFFFFFFFFFFFFFFFFFFF61
:10DFD000FFFFFFFFFFFFFFFFFFFFFFFFFFFFFFFF51
:10DFE000FFFFFFFFFFFFFFFFFFFFFFFFFFFFFFFF41
:10DFF000FFFFFFFFFFFFFFFFFFFFFFFFFFFFFFFF31
:10E00000FFFFFFFFFFFFFFFFFFFFFFFFFFFFFFFF20
:10E01000FFFFFFFFFFFFFFFFFFFFFFFFFFFFFFFF10
:10E02000FFFFFFFFFFFFFFFFFFFFFFFFFFFFFFFF00
:10E03000FFFFFFFFFFFFFFFFFFFFFFFFFFFFFFFFF0
:10E04000FFFFFFFFFFFFFFFFFFFFFFFFFFFFFFFFE0
:10E05000FFFFFFFFFFFFFFFFFFFFFFFFFFFFFFFFD0
:10E06000FFFFFFFFFFFFFFFFFFFFFFFFFFFFFFFFC0
:10E07000FFFFFFFFFFFFFFFFFFFFFFFFFFFFFFFFB0
:10E08000FFFFFFFFFFFFFFFFFFFFFFFFFFFFFFFFA0
:10E09000FFFFFFFFFFFFFFFFFFFFFFFFFFFFFFFF90
:10E0A000FFFFFFFFFFFFFFFFFFFFFFFFFFFFFFFF80
:10E0B000FFFFFFFFFFFFFFFFFFFFFFFFFFFFFFFF70
:10E0C000FFFFFFFFFFFFFFFFFFFFFFFFFFFFFFFF60
:10E0D000FFFFFFFFFFFFFFFFFFFFFFFFFFFFFFFF50
:10E0E000FFFFFFFFFFFFFFFFFFFFFFFFFFFFFFFF40
:10E0F000FFFFFFFFFFFFFFFFFFFFFFFFFFFFFFFF30
:10E10000FFFFFFFFFFFFFFFFFFFFFFFFFFFFFFFF1F
:10E11000FFFFFFFFFFFFFFFFFFFFFFFFFFFFFFFF0F
:10E12000FFFFFFFFFFFFFFFFFFFFFFFFFFFFFFFFFF
:10E13000FFFFFFFFFFFFFFFFFFFFFFFFFFFFFFFFEF
:10E14000FFFFFFFFFFFFFFFFFFFFFFFFFFFFFFFFDF
:10E15000FFFFFFFFFFFFFFFFFFFFFFFFFFFFFFFFCF
:10E16000FFFFFFFFFFFFFFFFFFFFFFFFFFFFFFFFBF
:10E17000FFFFFFFFFFFFFFFFFFFFFFFFFFFFFFFFAF
:10E18000FFFFFFFFFFFFFFFFFFFFFFFFFFFFFFFF9F
:10E19000FFFFFFFFFFFFFFFFFFFFFFFFFFFFFFFF8F
:10E1A000FFFFFFFFFFFFFFFFFFFFFFFFFFFFFFFF7F
:10E1B000FFFFFFFFFFFFFFFFFFFFFFFFFFFFFFFF6F
:10E1C000FFFFFFFFFFFFFFFFFFFFFFFFFFFFFFFF5F
:10E1D000FFFFFFFFFFFFFFFFFFFFFFFFFFFFFFFF4F
:10E1E000FFFFFFFFFFFFFFFFFFFFFFFFFFFFFFFF3F
:10E1F000FFFFFFFFFFFFFFFFFFFFFFFFFFFFFFFF2F
:10E20000FFFFFFFFFFFFFFFFFFFFFFFFFFFFFFFF1E
:10E21000FFFFFFFFFFFFFFFFFFFFFFFFFFFFFFFF0E
:10E22000FFFFFFFFFFFFFFFFFFFFFFFFFFFFFFFFFE
:10E23000FFFFFFFFFFFFFFFFFFFFFFFFFFFFFFFFEE
:10E24000FFFFFFFFFFFFFFFFFFFFFFFFFFFFFFFFDE
:10E25000FFFFFFFFFFFFFFFFFFFFFFFFFFFFFFFFCE
:10E26000FFFFFFFFFFFFFFFFFFFFFFFFFFFFFFFFBE
:10E27000FFFFFFFFFFFFFFFFFFFFFFFFFFFFFFFFAE
:10E28000FFFFFFFFFFFFFFFFFFFFFFFFFFFFFFFF9E
:10E29000FFFFFFFFFFFFFFFFFFFFFFFFFFFFFFFF8E
:10E2A000FFFFFFFFFFFFFFFFFFFFFFFFFFFFFFFF7E
:10E2B000FFFFFFFFFFFFFFFFFFFFFFFFFFFFFFFF6E
:10E2C000FFFFFFFFFFFFFFFFFFFFFFFFFFFFFFFF5E
:10E2D000FFFFFFFFFFFFFFFFFFFFFFFFFFFFFFFF4E
:10E2E000FFFFFFFFFFFFFFFFFFFFFFFFFFFFFFFF3E
:10E2F000FFFFFFFFFFFFFFFFFFFFFFFFFFFFFFFF2E
:10E30000FFFFFFFFFFFFFFFFFFFFFFFFFFFFFFFF1D
:10E31000FFFFFFFFFFFFFFFFFFFFFFFFFFFFFFFF0D
:10E32000FFFFFFFFFFFFFFFFFFFFFFFFFFFFFFFFFD
:10E33000FFFFFFFFFFFFFFFFFFFFFFFFFFFFFFFFED
:10E34000FFFFFFFFFFFFFFFFFFFFFFFFFFFFFFFFDD
:10E35000FFFFFFFFFFFFFFFFFFFFFFFFFFFFFFFFCD
:10E36000FFFFFFFFFFFFFFFFFFFFFFFFFFFFFFFFBD
:10E37000FFFFFFFFFFFFFFFFFFFFFFFFFFFFFFFFAD
:10E38000FFFFFFFFFFFFFFFFFFFFFFFFFFFFFFFF9D
:10E39000FFFFFFFFFFFFFFFFFFFFFFFFFFFFFFFF8D
:10E3A000FFFFFFFFFFFFFFFFFFFFFFFFFFFFFFFF7D
:10E3B000FFFFFFFFFFFFFFFFFFFFFFFFFFFFFFFF6D
:10E3C000FFFFFFFFFFFFFFFFFFFFFFFFFFFFFFFF5D
:10E3D000FFFFFFFFFFFFFFFFFFFFFFFFFFFFFFFF4D
:10E3E000FFFFFFFFFFFFFFFFFFFFFFFFFFFFFFFF3D
:10E3F000FFFFFFFFFFFFFFFFFFFFFFFFFFFFFFFF2D
:10E40000FFFFFFFFFFFFFFFFFFFFFFFFFFFFFFFF1C
:10E41000FFFFFFFFFFFFFFFFFFFFFFFFFFFFFFFF0C
:10E42000FFFFFFFFFFFFFFFFFFFFFFFFFFFFFFFFFC
:10E43000FFFFFFFFFFFFFFFFFFFFFFFFFFFFFFFFEC
:10E44000FFFFFFFFFFFFFFFFFFFFFFFFFFFFFFFFDC
:10E45000FFFFFFFFFFFFFFFFFFFFFFFFFFFFFFFFCC
:10E46000FFFFFFFFFFFFFFFFFFFFFFFFFFFFFFFFBC
:10E47000FFFFFFFFFFFFFFFFFFFFFFFFFFFFFFFFAC
:10E48000FFFFFFFFFFFFFFFFFFFFFFFFFFFFFFFF9C
:10E49000FFFFFFFFFFFFFFFFFFFFFFFFFFFFFFFF8C
:10E4A000FFFFFFFFFFFFFFFFFFFFFFFFFFFFFFFF7C
:10E4B000FFFFFFFFFFFFFFFFFFFFFFFFFFFFFFFF6C
:10E4C000FFFFFFFFFFFFFFFFFFFFFFFFFFFFFFFF5C
:10E4D000FFFFFFFFFFFFFFFFFFFFFFFFFFFFFFFF4C
:10E4E000FFFFFFFFFFFFFFFFFFFFFFFFFFFFFFFF3C
:10E4F000FFFFFFFFFFFFFFFFFFFFFFFFFFFFFFFF2C
:10E50000FFFFFFFFFFFFFFFFFFFFFFFFFFFFFFFF1B
:10E51000FFFFFFFFFFFFFFFFFFFFFFFFFFFFFFFF0B
:10E52000FFFFFFFFFFFFFFFFFFFFFFFFFFFFFFFFFB
:10E53000FFFFFFFFFFFFFFFFFFFFFFFFFFFFFFFFEB
:10E54000FFFFFFFFFFFFFFFFFFFFFFFFFFFFFFFFDB
:10E55000FFFFFFFFFFFFFFFFFFFFFFFFFFFFFFFFCB
:10E56000FFFFFFFFFFFFFFFFFFFFFFFFFFFFFFFFBB
:10E57000FFFFFFFFFFFFFFFFFFFFFFFFFFFFFFFFAB
:10E58000FFFFFFFFFFFFFFFFFFFFFFFFFFFFFFFF9B
:10E59000FFFFFFFFFFFFFFFFFFFFFFFFFFFFFFFF8B
:10E5A000FFFFFFFFFFFFFFFFFFFFFFFFFFFFFFFF7B
:10E5B000FFFFFFFFFFFFFFFFFFFFFFFFFFFFFFFF6B
:10E5C000FFFFFFFFFFFFFFFFFFFFFFFFFFFFFFFF5B
:10E5D000FFFFFFFFFFFFFFFFFFFFFFFFFFFFFFFF4B
:10E5E000FFFFFFFFFFFFFFFFFFFFFFFFFFFFFFFF3B
:10E5F000FFFFFFFFFFFFFFFFFFFFFFFFFFFFFFFF2B
:10E60000FFFFFFFFFFFFFFFFFFFFFFFFFFFFFFFF1A
:10E61000FFFFFFFFFFFFFFFFFFFFFFFFFFFFFFFF0A
:10E62000FFFFFFFFFFFFFFFFFFFFFFFFFFFFFFFFFA
:10E63000FFFFFFFFFFFFFFFFFFFFFFFFFFFFFFFFEA
:10E64000FFFFFFFFFFFFFFFFFFFFFFFFFFFFFFFFDA
:10E65000FFFFFFFFFFFFFFFFFFFFFFFFFFFFFFFFCA
:10E66000FFFFFFFFFFFFFFFFFFFFFFFFFFFFFFFFBA
:10E67000FFFFFFFFFFFFFFFFFFFFFFFFFFFFFFFFAA
:10E68000FFFFFFFFFFFFFFFFFFFFFFFFFFFFFFFF9A
:10E69000FFFFFFFFFFFFFFFFFFFFFFFFFFFFFFFF8A
:10E6A000FFFFFFFFFFFFFFFFFFFFFFFFFFFFFFFF7A
:10E6B000FFFFFFFFFFFFFFFFFFFFFFFFFFFFFFFF6A
:10E6C000FFFFFFFFFFFFFFFFFFFFFFFFFFFFFFFF5A
:10E6D000FFFFFFFFFFFFFFFFFFFFFFFFFFFFFFFF4A
:10E6E000FFFFFFFFFFFFFFFFFFFFFFFFFFFFFFFF3A
:10E6F000FFFFFFFFFFFFFFFFFFFFFFFFFFFFFFFF2A
:10E70000FFFFFFFFFFFFFFFFFFFFFFFFFFFFFFFF19
:10E71000FFFFFFFFFFFFFFFFFFFFFFFFFFFFFFFF09
:10E72000FFFFFFFFFFFFFFFFFFFFFFFFFFFFFFFFF9
:10E73000FFFFFFFFFFFFFFFFFFFFFFFFFFFFFFFFE9
:10E74000FFFFFFFFFFFFFFFFFFFFFFFFFFFFFFFFD9
:10E75000FFFFFFFFFFFFFFFFFFFFFFFFFFFFFFFFC9
:10E76000FFFFFFFFFFFFFFFFFFFFFFFFFFFFFFFFB9
:10E77000FFFFFFFFFFFFFFFFFFFFFFFFFFFFFFFFA9
:10E78000FFFFFFFFFFFFFFFFFFFFFFFFFFFFFFFF99
:10E79000FFFFFFFFFFFFFFFFFFFFFFFFFFFFFFFF89
:10E7A000FFFFFFFFFFFFFFFFFFFFFFFFFFFFFFFF79
:10E7B000FFFFFFFFFFFFFFFFFFFFFFFFFFFFFFFF69
:10E7C000FFFFFFFFFFFFFFFFFFFFFFFFFFFFFFFF59
:10E7D000FFFFFFFFFFFFFFFFFFFFFFFFFFFFFFFF49
:10E7E000FFFFFFFFFFFFFFFFFFFFFFFFFFFFFFFF39
:10E7F000FFFFFFFFFFFFFFFFFFFFFFFFFFFFFFFF29
:10E80000FFFFFFFFFFFFFFFFFFFFFFFFFFFFFFFF18
:10E81000FFFFFFFFFFFFFFFFFFFFFFFFFFFFFFFF08
:10E82000FFFFFFFFFFFFFFFFFFFFFFFFFFFFFFFFF8
:10E83000FFFFFFFFFFFFFFFFFFFFFFFFFFFFFFFFE8
:10E84000FFFFFFFFFFFFFFFFFFFFFFFFFFFFFFFFD8
:10E85000FFFFFFFFFFFFFFFFFFFFFFFFFFFFFFFFC8
:10E86000FFFFFFFFFFFFFFFFFFFFFFFFFFFFFFFFB8
:10E87000FFFFFFFFFFFFFFFFFFFFFFFFFFFFFFFFA8
:10E88000FFFFFFFFFFFFFFFFFFFFFFFFFFFFFFFF98
:10E89000FFFFFFFFFFFFFFFFFFFFFFFFFFFFFFFF88
:10E8A000FFFFFFFFFFFFFFFFFFFFFFFFFFFFFFFF78
:10E8B000FFFFFFFFFFFFFFFFFFFFFFFFFFFFFFFF68
:10E8C000FFFFFFFFFFFFFFFFFFFFFFFFFFFFFFFF58
:10E8D000FFFFFFFFFFFFFFFFFFFFFFFFFFFFFFFF48
:10E8E000FFFFFFFFFFFFFFFFFFFFFFFFFFFFFFFF38
:10E8F000FFFFFFFFFFFFFFFFFFFFFFFFFFFFFFFF28
:10E90000FFFFFFFFFFFFFFFFFFFFFFFFFFFFFFFF17
:10E91000FFFFFFFFFFFFFFFFFFFFFFFFFFFFFFFF07
:10E92000FFFFFFFFFFFFFFFFFFFFFFFFFFFFFFFFF7
:10E93000FFFFFFFFFFFFFFFFFFFFFFFFFFFFFFFFE7
:10E94000FFFFFFFFFFFFFFFFFFFFFFFFFFFFFFFFD7
:10E95000FFFFFFFFFFFFFFFFFFFFFFFFFFFFFFFFC7
:10E96000FFFFFFFFFFFFFFFFFFFFFFFFFFFFFFFFB7
:10E97000FFFFFFFFFFFFFFFFFFFFFFFFFFFFFFFFA7
:10E98000FFFFFFFFFFFFFFFFFFFFFFFFFFFFFFFF97
:10E99000FFFFFFFFFFFFFFFFFFFFFFFFFFFFFFFF87
:10E9A000FFFFFFFFFFFFFFFFFFFFFFFFFFFFFFFF77
:10E9B000FFFFFFFFFFFFFFFFFFFFFFFFFFFFFFFF67
:10E9C000FFFFFFFFFFFFFFFFFFFFFFFFFFFFFFFF57
:10E9D000FFFFFFFFFFFFFFFFFFFFFFFFFFFFFFFF47
:10E9E000FFFFFFFFFFFFFFFFFFFFFFFFFFFFFFFF37
:10E9F000FFFFFFFFFFFFFFFFFFFFFFFFFFFFFFFF27
:10EA0000FFFFFFFFFFFFFFFFFFFFFFFFFFFFFFFF16
:10EA1000FFFFFFFFFFFFFFFFFFFFFFFFFFFFFFFF06
:10EA2000FFFFFFFFFFFFFFFFFFFFFFFFFFFFFFFFF6
:10EA3000FFFFFFFFFFFFFFFFFFFFFFFFFFFFFFFFE6
:10EA4000FFFFFFFFFFFFFFFFFFFFFFFFFFFFFFFFD6
:10EA5000FFFFFFFFFFFFFFFFFFFFFFFFFFFFFFFFC6
:10EA6000FFFFFFFFFFFFFFFFFFFFFFFFFFFFFFFFB6
:10EA7000FFFFFFFFFFFFFFFFFFFFFFFFFFFFFFFFA6
:10EA8000FFFFFFFFFFFFFFFFFFFFFFFFFFFFFFFF96
:10EA9000FFFFFFFFFFFFFFFFFFFFFFFFFFFFFFFF86
:10EAA000FFFFFFFFFFFFFFFFFFFFFFFFFFFFFFFF76
:10EAB000FFFFFFFFFFFFFFFFFFFFFFFFFFFFFFFF66
:10EAC000FFFFFFFFFFFFFFFFFFFFFFFFFFFFFFFF56
:10EAD000FFFFFFFFFFFFFFFFFFFFFFFFFFFFFFFF46
:10EAE000FFFFFFFFFFFFFFFFFFFFFFFFFFFFFFFF36
:10EAF000FFFFFFFFFFFFFFFFFFFFFFFFFFFFFFFF26
:10EB0000FFFFFFFFFFFFFFFFFFFFFFFFFFFFFFFF15
:10EB1000FFFFFFFFFFFFFFFFFFFFFFFFFFFFFFFF05
:10EB2000FFFFFFFFFFFFFFFFFFFFFFFFFFFFFFFFF5
:10EB3000FFFFFFFFFFFFFFFFFFFFFFFFFFFFFFFFE5
:10EB4000FFFFFFFFFFFFFFFFFFFFFFFFFFFFFFFFD5
:10EB5000FFFFFFFFFFFFFFFFFFFFFFFFFFFFFFFFC5
:10EB6000FFFFFFFFFFFFFFFFFFFFFFFFFFFFFFFFB5
:10EB7000FFFFFFFFFFFFFFFFFFFFFFFFFFFFFFFFA5
:10EB8000FFFFFFFFFFFFFFFFFFFFFFFFFFFFFFFF95
:10EB9000FFFFFFFFFFFFFFFFFFFFFFFFFFFFFFFF85
:10EBA000FFFFFFFFFFFFFFFFFFFFFFFFFFFFFFFF75
:10EBB000FFFFFFFFFFFFFFFFFFFFFFFFFFFFFFFF65
:10EBC000FFFFFFFFFFFFFFFFFFFFFFFFFFFFFFFF55
:10EBD000FFFFFFFFFFFFFFFFFFFFFFFFFFFFFFFF45
:10EBE000FFFFFFFFFFFFFFFFFFFFFFFFFFFFFFFF35
:10EBF000FFFFFFFFFFFFFFFFFFFFFFFFFFFFFFFF25
:10EC0000FFFFFFFFFFFFFFFFFFFFFFFFFFFFFFFF14
:10EC1000FFFFFFFFFFFFFFFFFFFFFFFFFFFFFFFF04
:10EC2000FFFFFFFFFFFFFFFFFFFFFFFFFFFFFFFFF4
:10EC3000FFFFFFFFFFFFFFFFFFFFFFFFFFFFFFFFE4
:10EC4000FFFFFFFFFFFFFFFFFFFFFFFFFFFFFFFFD4
:10EC5000FFFFFFFFFFFFFFFFFFFFFFFFFFFFFFFFC4
:10EC6000FFFFFFFFFFFFFFFFFFFFFFFFFFFFFFFFB4
:10EC7000FFFFFFFFFFFFFFFFFFFFFFFFFFFFFFFFA4
:10EC8000FFFFFFFFFFFFFFFFFFFFFFFFFFFFFFFF94
:10EC9000FFFFFFFFFFFFFFFFFFFFFFFFFFFFFFFF84
:10ECA000FFFFFFFFFFFFFFFFFFFFFFFFFFFFFFFF74
:10ECB000FFFFFFFFFFFFFFFFFFFFFFFFFFFFFFFF64
:10ECC000FFFFFFFFFFFFFFFFFFFFFFFFFFFFFFFF54
:10ECD000FFFFFFFFFFFFFFFFFFFFFFFFFFFFFFFF44
:10ECE000FFFFFFFFFFFFFFFFFFFFFFFFFFFFFFFF34
:10ECF000FFFFFFFFFFFFFFFFFFFFFFFFFFFFFFFF24
:10ED0000FFFFFFFFFFFFFFFFFFFFFFFFFFFFFFFF13
:10ED1000FFFFFFFFFFFFFFFFFFFFFFFFFFFFFFFF03
:10ED2000FFFFFFFFFFFFFFFFFFFFFFFFFFFFFFFFF3
:10ED3000FFFFFFFFFFFFFFFFFFFFFFFFFFFFFFFFE3
:10ED4000FFFFFFFFFFFFFFFFFFFFFFFFFFFFFFFFD3
:10ED5000FFFFFFFFFFFFFFFFFFFFFFFFFFFFFFFFC3
:10ED6000FFFFFFFFFFFFFFFFFFFFFFFFFFFFFFFFB3
:10ED7000FFFFFFFFFFFFFFFFFFFFFFFFFFFFFFFFA3
:10ED8000FFFFFFFFFFFFFFFFFFFFFFFFFFFFFFFF93
:10ED9000FFFFFFFFFFFFFFFFFFFFFFFFFFFFFFFF83
:10EDA000FFFFFFFFFFFFFFFFFFFFFFFFFFFFFFFF73
:10EDB000FFFFFFFFFFFFFFFFFFFFFFFFFFFFFFFF63
:10EDC000FFFFFFFFFFFFFFFFFFFFFFFFFFFFFFFF53
:10EDD000FFFFFFFFFFFFFFFFFFFFFFFFFFFFFFFF43
:10EDE000FFFFFFFFFFFFFFFFFFFFFFFFFFFFFFFF33
:10EDF000FFFFFFFFFFFFFFFFFFFFFFFFFFFFFFFF23
:10EE0000FFFFFFFFFFFFFFFFFFFFFFFFFFFFFFFF12
:10EE1000FFFFFFFFFFFFFFFFFFFFFFFFFFFFFFFF02
:10EE2000FFFFFFFFFFFFFFFFFFFFFFFFFFFFFFFFF2
:10EE3000FFFFFFFFFFFFFFFFFFFFFFFFFFFFFFFFE2
:10EE4000FFFFFFFFFFFFFFFFFFFFFFFFFFFFFFFFD2
:10EE5000FFFFFFFFFFFFFFFFFFFFFFFFFFFFFFFFC2
:10EE6000FFFFFFFFFFFFFFFFFFFFFFFFFFFFFFFFB2
:10EE7000FFFFFFFFFFFFFFFFFFFFFFFFFFFFFFFFA2
:10EE8000FFFFFFFFFFFFFFFFFFFFFFFFFFFFFFFF92
:10EE9000FFFFFFFFFFFFFFFFFFFFFFFFFFFFFFFF82
:10EEA000FFFFFFFFFFFFFFFFFFFFFFFFFFFFFFFF72
:10EEB000FFFFFFFFFFFFFFFFFFFFFFFFFFFFFFFF62
:10EEC000FFFFFFFFFFFFFFFFFFFFFFFFFFFFFFFF52
:10EED000FFFFFFFFFFFFFFFFFFFFFFFFFFFFFFFF42
:10EEE000FFFFFFFFFFFFFFFFFFFFFFFFFFFFFFFF32
:10EEF000FFFFFFFFFFFFFFFFFFFFFFFFFFFFFFFF22
:10EF0000FFFFFFFFFFFFFFFFFFFFFFFFFFFFFFFF11
:10EF1000FFFFFFFFFFFFFFFFFFFFFFFFFFFFFFFF01
:10EF2000FFFFFFFFFFFFFFFFFFFFFFFFFFFFFFFFF1
:10EF3000FFFFFFFFFFFFFFFFFFFFFFFFFFFFFFFFE1
:10EF4000FFFFFFFFFFFFFFFFFFFFFFFFFFFFFFFFD1
:10EF5000FFFFFFFFFFFFFFFFFFFFFFFFFFFFFFFFC1
:10EF6000FFFFFFFFFFFFFFFFFFFFFFFFFFFFFFFFB1
:10EF7000FFFFFFFFFFFFFFFFFFFFFFFFFFFFFFFFA1
:10EF8000FFFFFFFFFFFFFFFFFFFFFFFFFFFFFFFF91
:10EF9000FFFFFFFFFFFFFFFFFFFFFFFFFFFFFFFF81
:10EFA000FFFFFFFFFFFFFFFFFFFFFFFFFFFFFFFF71
:10EFB000FFFFFFFFFFFFFFFFFFFFFFFFFFFFFFFF61
:10EFC000FFFFFFFFFFFFFFFFFFFFFFFFFFFFFFFF51
:10EFD000FFFFFFFFFFFFFFFFFFFFFFFFFFFFFFFF41
:10EFE000FFFFFFFFFFFFFFFFFFFFFFFFFFFFFFFF31
:10EFF000FFFFFFFFFFFFFFFFFFFFFFFFFFFFFFFF21
:10F00000FFFFFFFFFFFFFFFFFFFFFFFFFFFFFFFF10
:10F01000FFFFFFFFFFFFFFFFFFFFFFFFFFFFFFFF00
:10F02000FFFFFFFFFFFFFFFFFFFFFFFFFFFFFFFFF0
:10F03000FFFFFFFFFFFFFFFFFFFFFFFFFFFFFFFFE0
:10F04000FFFFFFFFFFFFFFFFFFFFFFFFFFFFFFFFD0
:10F05000FFFFFFFFFFFFFFFFFFFFFFFFFFFFFFFFC0
:10F06000FFFFFFFFFFFFFFFFFFFFFFFFFFFFFFFFB0
:10F07000FFFFFFFFFFFFFFFFFFFFFFFFFFFFFFFFA0
:10F08000FFFFFFFFFFFFFFFFFFFFFFFFFFFFFFFF90
:10F09000FFFFFFFFFFFFFFFFFFFFFFFFFFFFFFFF80
:10F0A000FFFFFFFFFFFFFFFFFFFFFFFFFFFFFFFF70
:10F0B000FFFFFFFFFFFFFFFFFFFFFFFFFFFFFFFF60
:10F0C000FFFFFFFFFFFFFFFFFFFFFFFFFFFFFFFF50
:10F0D000FFFFFFFFFFFFFFFFFFFFFFFFFFFFFFFF40
:10F0E000FFFFFFFFFFFFFFFFFFFFFFFFFFFFFFFF30
:10F0F000FFFFFFFFFFFFFFFFFFFFFFFFFFFFFFFF20
:10F10000FFFFFFFFFFFFFFFFFFFFFFFFFFFFFFFF0F
:10F11000FFFFFFFFFFFFFFFFFFFFFFFFFFFFFFFFFF
:10F12000FFFFFFFFFFFFFFFFFFFFFFFFFFFFFFFFEF
:10F13000FFFFFFFFFFFFFFFFFFFFFFFFFFFFFFFFDF
:10F14000FFFFFFFFFFFFFFFFFFFFFFFFFFFFFFFFCF
:10F15000FFFFFFFFFFFFFFFFFFFFFFFFFFFFFFFFBF
:10F16000FFFFFFFFFFFFFFFFFFFFFFFFFFFFFFFFAF
:10F17000FFFFFFFFFFFFFFFFFFFFFFFFFFFFFFFF9F
:10F18000FFFFFFFFFFFFFFFFFFFFFFFFFFFFFFFF8F
:10F19000FFFFFFFFFFFFFFFFFFFFFFFFFFFFFFFF7F
:10F1A000FFFFFFFFFFFFFFFFFFFFFFFFFFFFFFFF6F
:10F1B000FFFFFFFFFFFFFFFFFFFFFFFFFFFFFFFF5F
:10F1C000FFFFFFFFFFFFFFFFFFFFFFFFFFFFFFFF4F
:10F1D000FFFFFFFFFFFFFFFFFFFFFFFFFFFFFFFF3F
:10F1E000FFFFFFFFFFFFFFFFFFFFFFFFFFFFFFFF2F
:10F1F000FFFFFFFFFFFFFFFFFFFFFFFFFFFFFFFF1F
:10F20000FFFFFFFFFFFFFFFFFFFFFFFFFFFFFFFF0E
:10F21000FFFFFFFFFFFFFFFFFFFFFFFFFFFFFFFFFE
:10F22000FFFFFFFFFFFFFFFFFFFFFFFFFFFFFFFFEE
:10F23000FFFFFFFFFFFFFFFFFFFFFFFFFFFFFFFFDE
:10F24000FFFFFFFFFFFFFFFFFFFFFFFFFFFFFFFFCE
:10F25000FFFFFFFFFFFFFFFFFFFFFFFFFFFFFFFFBE
:10F26000FFFFFFFFFFFFFFFFFFFFFFFFFFFFFFFFAE
:10F27000FFFFFFFFFFFFFFFFFFFFFFFFFFFFFFFF9E
:10F28000FFFFFFFFFFFFFFFFFFFFFFFFFFFFFFFF8E
:10F29000FFFFFFFFFFFFFFFFFFFFFFFFFFFFFFFF7E
:10F2A000FFFFFFFFFFFFFFFFFFFFFFFFFFFFFFFF6E
:10F2B000FFFFFFFFFFFFFFFFFFFFFFFFFFFFFFFF5E
:10F2C000FFFFFFFFFFFFFFFFFFFFFFFFFFFFFFFF4E
:10F2D000FFFFFFFFFFFFFFFFFFFFFFFFFFFFFFFF3E
:10F2E000FFFFFFFFFFFFFFFFFFFFFFFFFFFFFFFF2E
:10F2F000FFFFFFFFFFFFFFFFFFFFFFFFFFFFFFFF1E
:10F30000FFFFFFFFFFFFFFFFFFFFFFFFFFFFFFFF0D
:10F31000FFFFFFFFFFFFFFFFFFFFFFFFFFFFFFFFFD
:10F32000FFFFFFFFFFFFFFFFFFFFFFFFFFFFFFFFED
:10F33000FFFFFFFFFFFFFFFFFFFFFFFFFFFFFFFFDD
:10F34000FFFFFFFFFFFFFFFFFFFFFFFFFFFFFFFFCD
:10F35000FFFFFFFFFFFFFFFFFFFFFFFFFFFFFFFFBD
:10F36000FFFFFFFFFFFFFFFFFFFFFFFFFFFFFFFFAD
:10F37000FFFFFFFFFFFFFFFFFFFFFFFFFFFFFFFF9D
:10F38000FFFFFFFFFFFFFFFFFFFFFFFFFFFFFFFF8D
:10F39000FFFFFFFFFFFFFFFFFFFFFFFFFFFFFFFF7D
:10F3A000FFFFFFFFFFFFFFFFFFFFFFFFFFFFFFFF6D
:10F3B000FFFFFFFFFFFFFFFFFFFFFFFFFFFFFFFF5D
:10F3C000FFFFFFFFFFFFFFFFFFFFFFFFFFFFFFFF4D
:10F3D000FFFFFFFFFFFFFFFFFFFFFFFFFFFFFFFF3D
:10F3E000FFFFFFFFFFFFFFFFFFFFFFFFFFFFFFFF2D
:10F3F000FFFFFFFFFFFFFFFFFFFFFFFFFFFFFFFF1D
:10F40000FFFFFFFFFFFFFFFFFFFFFFFFFFFFFFFF0C
:10F41000FFFFFFFFFFFFFFFFFFFFFFFFFFFFFFFFFC
:10F42000FFFFFFFFFFFFFFFFFFFFFFFFFFFFFFFFEC
:10F43000FFFFFFFFFFFFFFFFFFFFFFFFFFFFFFFFDC
:10F44000FFFFFFFFFFFFFFFFFFFFFFFFFFFFFFFFCC
:10F45000FFFFFFFFFFFFFFFFFFFFFFFFFFFFFFFFBC
:10F46000FFFFFFFFFFFFFFFFFFFFFFFFFFFFFFFFAC
:10F47000FFFFFFFFFFFFFFFFFFFFFFFFFFFFFFFF9C
:10F48000FFFFFFFFFFFFFFFFFFFFFFFFFFFFFFFF8C
:10F49000FFFFFFFFFFFFFFFFFFFFFFFFFFFFFFFF7C
:10F4A000FFFFFFFFFFFFFFFFFFFFFFFFFFFFFFFF6C
:10F4B000FFFFFFFFFFFFFFFFFFFFFFFFFFFFFFFF5C
:10F4C000FFFFFFFFFFFFFFFFFFFFFFFFFFFFFFFF4C
:10F4D000FFFFFFFFFFFFFFFFFFFFFFFFFFFFFFFF3C
:10F4E000FFFFFFFFFFFFFFFFFFFFFFFFFFFFFFFF2C
:10F4F000FFFFFFFFFFFFFFFFFFFFFFFFFFFFFFFF1C
:10F50000FFFFFFFFFFFFFFFFFFFFFFFFFFFFFFFF0B
:10F51000FFFFFFFFFFFFFFFFFFFFFFFFFFFFFFFFFB
:10F52000FFFFFFFFFFFFFFFFFFFFFFFFFFFFFFFFEB
:10F53000FFFFFFFFFFFFFFFFFFFFFFFFFFFFFFFFDB
:10F54000FFFFFFFFFFFFFFFFFFFFFFFFFFFFFFFFCB
:10F55000FFFFFFFFFFFFFFFFFFFFFFFFFFFFFFFFBB
:10F56000FFFFFFFFFFFFFFFFFFFFFFFFFFFFFFFFAB
:10F57000FFFFFFFFFFFFFFFFFFFFFFFFFFFFFFFF9B
:10F58000FFFFFFFFFFFFFFFFFFFFFFFFFFFFFFFF8B
:10F59000FFFFFFFFFFFFFFFFFFFFFFFFFFFFFFFF7B
:10F5A000FFFFFFFFFFFFFFFFFFFFFFFFFFFFFFFF6B
:10F5B000FFFFFFFFFFFFFFFFFFFFFFFFFFFFFFFF5B
:10F5C000FFFFFFFFFFFFFFFFFFFFFFFFFFFFFFFF4B
:10F5D000FFFFFFFFFFFFFFFFFFFFFFFFFFFFFFFF3B
:10F5E000FFFFFFFFFFFFFFFFFFFFFFFFFFFFFFFF2B
:10F5F000FFFFFFFFFFFFFFFFFFFFFFFFFFFFFFFF1B
:10F60000FFFFFFFFFFFFFFFFFFFFFFFFFFFFFFFF0A
:10F61000FFFFFFFFFFFFFFFFFFFFFFFFFFFFFFFFFA
:10F62000FFFFFFFFFFFFFFFFFFFFFFFFFFFFFFFFEA
:10F63000FFFFFFFFFFFFFFFFFFFFFFFFFFFFFFFFDA
:10F64000FFFFFFFFFFFFFFFFFFFFFFFFFFFFFFFFCA
:10F65000FFFFFFFFFFFFFFFFFFFFFFFFFFFFFFFFBA
:10F66000FFFFFFFFFFFFFFFFFFFFFFFFFFFFFFFFAA
:10F67000FFFFFFFFFFFFFFFFFFFFFFFFFFFFFFFF9A
:10F68000FFFFFFFFFFFFFFFFFFFFFFFFFFFFFFFF8A
:10F69000FFFFFFFFFFFFFFFFFFFFFFFFFFFFFFFF7A
:10F6A000FFFFFFFFFFFFFFFFFFFFFFFFFFFFFFFF6A
:10F6B000FFFFFFFFFFFFFFFFFFFFFFFFFFFFFFFF5A
:10F6C000FFFFFFFFFFFFFFFFFFFFFFFFFFFFFFFF4A
:10F6D000FFFFFFFFFFFFFFFFFFFFFFFFFFFFFFFF3A
:10F6E000FFFFFFFFFFFFFFFFFFFFFFFFFFFFFFFF2A
:10F6F000FFFFFFFFFFFFFFFFFFFFFFFFFFFFFFFF1A
:10F70000FFFFFFFFFFFFFFFFFFFFFFFFFFFFFFFF09
:10F71000FFFFFFFFFFFFFFFFFFFFFFFFFFFFFFFFF9
:10F72000FFFFFFFFFFFFFFFFFFFFFFFFFFFFFFFFE9
:10F73000FFFFFFFFFFFFFFFFFFFFFFFFFFFFFFFFD9
:10F74000FFFFFFFFFFFFFFFFFFFFFFFFFFFFFFFFC9
:10F75000FFFFFFFFFFFFFFFFFFFFFFFFFFFFFFFFB9
:10F76000FFFFFFFFFFFFFFFFFFFFFFFFFFFFFFFFA9
:10F77000FFFFFFFFFFFFFFFFFFFFFFFFFFFFFFFF99
:10F78000FFFFFFFFFFFFFFFFFFFFFFFFFFFFFFFF89
:10F79000FFFFFFFFFFFFFFFFFFFFFFFFFFFFFFFF79
:10F7A000FFFFFFFFFFFFFFFFFFFFFFFFFFFFFFFF69
:10F7B000FFFFFFFFFFFFFFFFFFFFFFFFFFFFFFFF59
:10F7C000FFFFFFFFFFFFFFFFFFFFFFFFFFFFFFFF49
:10F7D000FFFFFFFFFFFFFFFFFFFFFFFFFFFFFFFF39
:10F7E000FFFFFFFFFFFFFFFFFFFFFFFFFFFFFFFF29
:10F7F000FFFFFFFFFFFFFFFFFFFFFFFFFFFFFFFF19
:10F80000FFFFFFFFFFFFFFFFFFFFFFFFFFFFFFFF08
:10F81000FFFFFFFFFFFFFFFFFFFFFFFFFFFFFFFFF8
:10F82000FFFFFFFFFFFFFFFFFFFFFFFFFFFFFFFFE8
:10F83000FFFFFFFFFFFFFFFFFFFFFFFFFFFFFFFFD8
:10F84000FFFFFFFFFFFFFFFFFFFFFFFFFFFFFFFFC8
:10F85000FFFFFFFFFFFFFFFFFFFFFFFFFFFFFFFFB8
:10F86000FFFFFFFFFFFFFFFFFFFFFFFFFFFFFFFFA8
:10F87000FFFFFFFFFFFFFFFFFFFFFFFFFFFFFFFF98
:10F88000FFFFFFFFFFFFFFFFFFFFFFFFFFFFFFFF88
:10F89000FFFFFFFFFFFFFFFFFFFFFFFFFFFFFFFF78
:10F8A000FFFFFFFFFFFFFFFFFFFFFFFFFFFFFFFF68
:10F8B000FFFFFFFFFFFFFFFFFFFFFFFFFFFFFFFF58
:10F8C000FFFFFFFFFFFFFFFFFFFFFFFFFFFFFFFF48
:10F8D000FFFFFFFFFFFFFFFFFFFFFFFFFFFFFFFF38
:10F8E000FFFFFFFFFFFFFFFFFFFFFFFFFFFFFFFF28
:10F8F000FFFFFFFFFFFFFFFFFFFFFFFFFFFFFFFF18
:10F90000FFFFFFFFFFFFFFFFFFFFFFFFFFFFFFFF07
:10F91000FFFFFFFFFFFFFFFFFFFFFFFFFFFFFFFFF7
:10F92000FFFFFFFFFFFFFFFFFFFFFFFFFFFFFFFFE7
:10F93000FFFFFFFFFFFFFFFFFFFFFFFFFFFFFFFFD7
:10F94000FFFFFFFFFFFFFFFFFFFFFFFFFFFFFFFFC7
:10F95000FFFFFFFFFFFFFFFFFFFFFFFFFFFFFFFFB7
:10F96000FFFFFFFFFFFFFFFFFFFFFFFFFFFFFFFFA7
:10F97000FFFFFFFFFFFFFFFFFFFFFFFFFFFFFFFF97
:10F98000FFFFFFFFFFFFFFFFFFFFFFFFFFFFFFFF87
:10F99000FFFFFFFFFFFFFFFFFFFFFFFFFFFFFFFF77
:10F9A000FFFFFFFFFFFFFFFFFFFFFFFFFFFFFFFF67
:10F9B000FFFFFFFFFFFFFFFFFFFFFFFFFFFFFFFF57
:10F9C000FFFFFFFFFFFFFFFFFFFFFFFFFFFFFFFF47
:10F9D000FFFFFFFFFFFFFFFFFFFFFFFFFFFFFFFF37
:10F9E000FFFFFFFFFFFFFFFFFFFFFFFFFFFFFFFF27
:10F9F000FFFFFFFFFFFFFFFFFFFFFFFFFFFFFFFF17
:10FA0000FFFFFFFFFFFFFFFFFFFFFFFFFFFFFFFF06
:10FA1000FFFFFFFFFFFFFFFFFFFFFFFFFFFFFFFFF6
:10FA2000FFFFFFFFFFFFFFFFFFFFFFFFFFFFFFFFE6
:10FA3000FFFFFFFFFFFFFFFFFFFFFFFFFFFFFFFFD6
:10FA4000FFFFFFFFFFFFFFFFFFFFFFFFFFFFFFFFC6
:10FA5000FFFFFFFFFFFFFFFFFFFFFFFFFFFFFFFFB6
:10FA6000FFFFFFFFFFFFFFFFFFFFFFFFFFFFFFFFA6
:10FA7000FFFFFFFFFFFFFFFFFFFFFFFFFFFFFFFF96
:10FA8000FFFFFFFFFFFFFFFFFFFFFFFFFFFFFFFF86
:10FA9000FFFFFFFFFFFFFFFFFFFFFFFFFFFFFFFF76
:10FAA000FFFFFFFFFFFFFFFFFFFFFFFFFFFFFFFF66
:10FAB000FFFFFFFFFFFFFFFFFFFFFFFFFFFFFFFF56
:10FAC000FFFFFFFFFFFFFFFFFFFFFFFFFFFFFFFF46
:10FAD000FFFFFFFFFFFFFFFFFFFFFFFFFFFFFFFF36
:10FAE000FFFFFFFFFFFFFFFFFFFFFFFFFFFFFFFF26
:10FAF000FFFFFFFFFFFFFFFFFFFFFFFFFFFFFFFF16
:10FB0000FFFFFFFFFFFFFFFFFFFFFFFFFFFFFFFF05
:10FB1000FFFFFFFFFFFFFFFFFFFFFFFFFFFFFFFFF5
:10FB2000FFFFFFFFFFFFFFFFFFFFFFFFFFFFFFFFE5
:10FB3000FFFFFFFFFFFFFFFFFFFFFFFFFFFFFFFFD5
:10FB4000FFFFFFFFFFFFFFFFFFFFFFFFFFFFFFFFC5
:10FB5000FFFFFFFFFFFFFFFFFFFFFFFFFFFFFFFFB5
:10FB6000FFFFFFFFFFFFFFFFFFFFFFFFFFFFFFFFA5
:10FB7000FFFFFFFFFFFFFFFFFFFFFFFFFFFFFFFF95
:10FB8000FFFFFFFFFFFFFFFFFFFFFFFFFFFFFFFF85
:10FB9000FFFFFFFFFFFFFFFFFFFFFFFFFFFFFFFF75
:10FBA000FFFFFFFFFFFFFFFFFFFFFFFFFFFFFFFF65
:10FBB000FFFFFFFFFFFFFFFFFFFFFFFFFFFFFFFF55
:10FBC000FFFFFFFFFFFFFFFFFFFFFFFFFFFFFFFF45
:10FBD000FFFFFFFFFFFFFFFFFFFFFFFFFFFFFFFF35
:10FBE000FFFFFFFFFFFFFFFFFFFFFFFFFFFFFFFF25
:10FBF000FFFFFFFFFFFFFFFFFFFFFFFFFFFFFFFF15
:10FC0000FFFFFFFFFFFFFFFFFFFFFFFFFFFFFFFF04
:10FC1000FFFFFFFFFFFFFFFFFFFFFFFFFFFFFFFFF4
:10FC2000FFFFFFFFFFFFFFFFFFFFFFFFFFFFFFFFE4
:10FC3000FFFFFFFFFFFFFFFFFFFFFFFFFFFFFFFFD4
:10FC4000FFFFFFFFFFFFFFFFFFFFFFFFFFFFFFFFC4
:10FC5000FFFFFFFFFFFFFFFFFFFFFFFFFFFFFFFFB4
:10FC6000FFFFFFFFFFFFFFFFFFFFFFFFFFFFFFFFA4
:10FC7000FFFFFFFFFFFFFFFFFFFFFFFFFFFFFFFF94
:10FC8000FFFFFFFFFFFFFFFFFFFFFFFFFFFFFFFF84
:10FC9000FFFFFFFFFFFFFFFFFFFFFFFFFFFFFFFF74
:10FCA000FFFFFFFFFFFFFFFFFFFFFFFFFFFFFFFF64
:10FCB000FFFFFFFFFFFFFFFFFFFFFFFFFFFFFFFF54
:10FCC000FFFFFFFFFFFFFFFFFFFFFFFFFFFFFFFF44
:10FCD000FFFFFFFFFFFFFFFFFFFFFFFFFFFFFFFF34
:10FCE000FFFFFFFFFFFFFFFFFFFFFFFFFFFFFFFF24
:10FCF000FFFFFFFFFFFFFFFFFFFFFFFFFFFFFFFF14
:10FD0000FFFFFFFFFFFFFFFFFFFFFFFFFFFFFFFF03
:10FD1000FFFFFFFFFFFFFFFFFFFFFFFFFFFFFFFFF3
:10FD2000FFFFFFFFFFFFFFFFFFFFFFFFFFFFFFFFE3
:10FD3000FFFFFFFFFFFFFFFFFFFFFFFFFFFFFFFFD3
:10FD4000FFFFFFFFFFFFFFFFFFFFFFFFFFFFFFFFC3
:10FD5000FFFFFFFFFFFFFFFFFFFFFFFFFFFFFFFFB3
:10FD6000FFFFFFFFFFFFFFFFFFFFFFFFFFFFFFFFA3
:10FD7000FFFFFFFFFFFFFFFFFFFFFFFFFFFFFFFF93
:10FD8000FFFFFFFFFFFFFFFFFFFFFFFFFFFFFFFF83
:10FD9000FFFFFFFFFFFFFFFFFFFFFFFFFFFFFFFF73
:10FDA000FFFFFFFFFFFFFFFFFFFFFFFFFFFFFFFF63
:10FDB000FFFFFFFFFFFFFFFFFFFFFFFFFFFFFFFF53
:10FDC000FFFFFFFFFFFFFFFFFFFFFFFFFFFFFFFF43
:10FDD000FFFFFFFFFFFFFFFFFFFFFFFFFFFFFFFF33
:10FDE000FFFFFFFFFFFFFFFFFFFFFFFFFFFFFFFF23
:10FDF000FFFFFFFFFFFFFFFFFFFFFFFFFFFFFFFF13
:10FE0000FFFFFFFFFFFFFFFFFFFFFFFFFFFFFFFF02
:10FE1000FFFFFFFFFFFFFFFFFFFFFFFFFFFFFFFFF2
:10FE2000FFFFFFFFFFFFFFFFFFFFFFFFFFFFFFFFE2
:10FE3000FFFFFFFFFFFFFFFFFFFFFFFFFFFFFFFFD2
:10FE4000FFFFFFFFFFFFFFFFFFFFFFFFFFFFFFFFC2
:10FE5000FFFFFFFFFFFFFFFFFFFFFFFFFFFFFFFFB2
:10FE6000FFFFFFFFFFFFFFFFFFFFFFFFFFFFFFFFA2
:10FE7000FFFFFFFFFFFFFFFFFFFFFFFFFFFFFFFF92
:10FE8000FFFFFFFFFFFFFFFFFFFFFFFFFFFFFFFF82
:10FE9000FFFFFFFFFFFFFFFFFFFFFFFFFFFFFFFF72
:10FEA000FFFFFFFFFFFFFFFFFFFFFFFFFFFFFFFF62
:10FEB000FFFFFFFFFFFFFFFFFFFFFFFFFFFFFFFF52
:10FEC000FFFFFFFFFFFFFFFFFFFFFFFFFFFFFFFF42
:10FED000FFFFFFFFFFFFFFFFFFFFFFFFFFFFFFFF32
:10FEE000FFFFFFFFFFFFFFFFFFFFFFFFFFFFFFFF22
:10FEF000FFFFFFFFFFFFFFFFFFFFFFFFFFFFFFFF12
:10FF0000FFFFFFFFFFFFFFFFFFFFFFFFFFFFFFFF01
:10FF1000FFFFFFFFFFFFFFFFFFFFFFFFFFFFFFFFF1
:10FF2000FFFFFFFFFFFFFFFFFFFFFFFFFFFFFFFFE1
:10FF3000FFFFFFFFFFFFFFFFFFFFFFFFFFFFFFFFD1
:10FF4000FFFFFFFFFFFFFFFFFFFFFFFFFFFFFFFFC1
:10FF5000FFFFFFFFFFFFFFFFFFFFFFFFFFFFFFFFB1
:10FF6000FFFFFFFFFFFFFFFFFFFFFFFFFFFFFFFFA1
:10FF7000FFFFFFFFFFFFFFFFFFFFFFFFFFFFFFFF91
:10FF8000FFFFFFFFFFFFFFFFFFFFFFFFFFFFFFFF81
:10FF9000FFFFFFFFFFFFFFFFFFFFFFFFFFFFFFFF71
:10FFA000FFFFFFFFFFFFFFFFFFFFFFFFFFFFFFFF61
:10FFB000FFFFFFFFFFFFFFFFFFFFFFFFFFFFFFFF51
:10FFC000FFFFFFFFFFFFFFFFFFFFFFFFFFFFFFFF41
:10FFD000FFFFFFFFFFFFFFFFFFFFFFFFFFFFFFFF31
:10FFE000FFFFFFFFFFFFFFFFFFFFFFFFFFFFFFFF21
:10FFF000FFFFFFFFFFFFFFFFFFFFFFFFFFFFE9E343
:020000040020DA
:080000000F06000000000000E3
:020000040030CA
:0E0000001D187F7C018991FF00C0FFE0FF40CA
:0200000400F00A
:10000000C8006E00B400B4000100580201000E0FD9
:100010002C0164009600FA000000580200001E1F28
:100020008A023002440244020100580202002E2FCC
:10003000000406000000003700000000F89B0200EA
:100040000864FDFF000000000014004B4C4D4E4FB3
:1000500000000000000000000000000000000000A0
:100060000000000000000000000000000000000090
:100070000000000000000000000000000000647F9D
:10008000000000000000000001000000000000006F
:00000001FF
