:040000000EEF00F00F
:0400080004EF10F001
:080018000CEF10F0EDEF0DF00C
:10100000002C1F00CC1E00BE1E00D01500B0170023
:10101000121F00421900281F00241F00201F001C5F
:101020001F000C1F00061F00001F00F21E00761A92
:0510300000303736001E
:10103600060E526E300EE82EFED7522EFCD700D08A
:101046008A8A200E526E2A0EE82EFED7522EFCD722
:10105600586AC00E436E060E446E020E456E5BD88D
:101066003FEC0EF0C00E436E050E446E3F0E456E0D
:1010760052D83FEC0EF0C00E436E040E446EEB0EDB
:10108600456E49D83FEC0EF0C00E436E010E446E1D
:10109600456A41D83FEC0EF0C00E436E446A400EDE
:1010A600456E39D83FEC0EF0010E476E34D883EC0E
:1010B6000EF0C00E436E090E446E030E456E2BD81D
:1010C6003FEC0EF058500DE1040E536E540E546E64
:1010D600040E556E780E566E530E4E6E300E05EC9F
:1010E6000EF0576A24D8456A16D83FEC0EF0572AF8
:1010F600170E5764F7D7180E576E19D845680BD8D0
:101106003FEC0EF0572A9B0E5764F7D7582A020E6B
:1011160058649FD7020C5850310F526E52C0F6FFDA
:10112600100EF76E000EF86E0800F5501200400E15
:10113600436E57C044F0400C550E73EC0FF0586ADE
:101146000A0E73EC0FF0582A070E5864F9D7ACA2B2
:10115600FED757EC0FF0596A5A6A576A090E566E4F
:1011660030D03EEC0FF0556E4AD855C0DFFF594AD5
:101176005A2AAA0E0001601911E1030E61190EE147
:1011860062050CE1050E59185A1008E13EEC0FF005
:101196000F0E316E010E62EC0EF015D0040E5918CA
:1011A6005A100FE1020E601906E0050E601903E001
:1011B600070E601906E120EE61F0DE505626DD507E
:1011C600572218D8CEE365EC09F03FC056F040C070
:1011D60057F0550E73EC0FF0596A5A6A06D00FD8BD
:1011E600DF5073EC0FF0594A5A2A04D8F8E32CEC76
:1011F6000EF0ADD75650595C57505A5812005950F8
:10120600600FD96EDA6A1200526E090E5218D8B4FF
:101216001200536A1ED04CD8300E73EC0CF02AD054
:101226002FD8300E73EC0EF025D036D8300E43ECA6
:101236000CF020D03DD8370E73EC0CF01BD020D824
:10124600370E73EC0EF016D027D8370E43EC0CF0A1
:1012560011D05250506E516A51500CE15050DBE0A3
:10126600010ADEE0030AE1E0010AE4E0070AE7E03A
:10127600010AEAE04F2A532A030E5364EAD7030C05
:101286005350020DF350100F546E010E476E540E5C
:10129600486E4FC049F012005350020DF350080F2C
:1012A600546E010E476E540E486E4FC049F0120040
:1012B60053505324546E010E476E540E486E4FC061
:1012C60049F0120063C000F064C001F040D0A0EC09
:1012D6000BF031C041F032C042F049D062EC0AF066
:1012E60031C041F032C042F042D027EC0BF031C0A1
:1012F60041F032C042F03BD0BFEC09F031C041F0C2
:1013060032C042F034D0010E696F2B6E0CD0010E44
:10131600696F615103E1010E296E05D0020E611954
:1013260002E1010E286E426A0A0E0DD0436A43504E
:10133600600FD96EDA6A0A0EDF6E432A070E43641F
:10134600F6D7426A080E416E12D06969ECD70001E1
:101356006051BDE0020AC2E0010AC7E00B0ACCE018
:10136600010AD1E0030AD3E0A00AE0E0EED741C0CB
:101376003FF042C040F012000001656B200E666F20
:10138600676BDF0E626FFE0E616F010E636F41D8F1
:10139600800E7F6E256A266A61C03BF062C03CF013
:1013A6003D6A3E6A63C033F0346A356A366A34C0D1
:1013B60036F033C035F0346A336A33503B26345046
:1013C6003C2235503D2236503E22376A386A396A09
:1013D6003A6A0ED00900F5502526000E262209008D
:1013E600F5502626020E3726000E382239223A22DA
:1013F6003B50375C3C5038583D5039583E503A586F
:10140600E9E325C069F026C06AF0326A0B0E316E38
:101416000B0C65C0F6FF66C0F7FF67C0F8FF120049
:101426004BD862EC0EF037D8000E07EC09F01ED848
:10143600030E07EC09F025D8010E07EC09F0060E9D
:101446002D6E790E2E6E5E0E2F6E306A2D0E4F6E3D
:10145600040E07EC09F028D8050E07EC09F024D88D
:10146600020E07EC09F028D862EF0EF05E0E2D6E24
:10147600770E2E6E780E2F6E790E306E2D0E4F6E05
:101486001200770E2D6E730E2E6E2F6E380E306E86
:101496002D0E4F6E12002D6A2E6A3E0E2F6E730EA3
:1014A600306E2D0E4F6E1200400E2D6E2E6E2F6E6C
:1014B600306E2D0E4F6E1200020E316E000C0CECCB
:1014C6000AF0A40E7F6EF85009E1000EF65C200EBD
:1014D600F75804E2FE0E0001696F30D0356A366AAD
:1014E60022D03550690FD96EDA6ADF50F56E59ECA5
:1014F6000BF0F0E20D00F6CF33F03F0E33160DE0A1
:10150600FF0E00016125336EFF0E6221346E3550E9
:10151600331807E13650341804E10A0035EC0FF0B1
:101526000900354A362A00016151355C6251365848
:10153600D8E3010E696F006A016A00D0326A0A0EAA
:10154600316E0A0C316E010E326E24B43CD031C0BD
:101556001EF02492248424900E0E226E010E1D6E1F
:10156600F40E1C6E2486380E026E1F0E036E000EDD
:10157600046E146A380E056E1F0E066E000E076E98
:10158600156A380E086E1F0E096E000E0A6E166A70
:10159600380E0B6E1F0E0C6E000E0D6E176A360E91
:1015A6000E6E1F0E0F6E000E106E186A9E96C6BA4D
:1015B60009D001D007D0C76A080EC66EC56A270EC5
:1015C600C86EC68A326A32501200C5BC01D002D03B
:1015D600010E01D0000E000901E126D017C03AF035
:1015E60020EE0BF001D80AD00500FA6EDE50FD6E33
:1015F600DE50FE6EDE50FF6EFA5012003B6E3C6A05
:101606003C5002E08EEF0FF03B50010A02E18EEFF4
:101616000FF0030A02E194EF0FF0010A02E192EFE4
:101626000FF0070A8EEF0FF0249020EE1FF0DF5028
:10163600DF2AD96EDA6ADF50316E31C0C9FF08EC95
:101646000CF001E1060C030C010E2A6EF66A200E60
:10165600F76EF86AC00EF614336EFF0EF714346E8A
:10166600FF0EF814356E355007E1200E345C04E2A7
:10167600FE0E0001696F21D0366A376A17D8F8E284
:10168600940E7F6E35EC0FF0400EF626000EF72214
:10169600F822364A372A800E365C070E3758EEE3B4
:1016A600010E0001696F636B646B07D0000EF65C78
:1016B600000EF758020EF8581200326A0A0E316E02
:1016C6000A0C5FEC0AF062EC0EF05B5012E12D6A38
:1016D60024D8276403D0276A010E5B6E2D0E4F6E49
:1016E600050E07EC09F02D6A22D8020E07EC09F068
:1016F60010D02D6A12D8276402D0276A5B6A2D0E95
:101706004F6E020E07EC09F02D6A11D8050E07EC94
:1017160009F05FEC0AF062EF0EF02E6A2F6A306A6B
:1017260027502D0FD96EDA6ADF68272A030C2E6A36
:101736002F6A306A2D0E4F6E1200010E0001696F7E
:101746006A6F6B6B010E6C6F6D6B6E6B3F0EF86E96
:10175600F768FE0EF66EC00E7F6E0900F5CF6FF0CD
:101766000900F5CF70F0716B726B400E736F746F7A
:10177600300EF86EF76AF66A0C0E336E09003350B7
:10178600690FD96EDA6AF5CFDFFF332A0F0E33649D
:10179600F5D70001796B7A6B020E7B6F7C6B200E9E
:1017A6007D6F326A1E0E316E1E0C1F50D96EDA6ABC
:1017B600C950DF6E1F2A29D803E0C59AC588050CD3
:1017C600248614C03AF001D80AD00500FA6E0250F9
:1017D600FD6E0350FE6E0450FF6EFA5012003B6E13
:1017E6003C6A3C5002E083EF0FF03B50010A02E1F5
:1017F60083EF0FF0030A02E180EF0FF0010A02E126
:1018060080EF0FF0070A83EF0FF02006D8A021061D
:1018160020502110120031D09EA6FED701D0FCD751
:101826009E9624A00ED001D00CD0C5BC01D002D00B
:10183600010E01D0000E000904E001D002D00F0E07
:10184600226E2250030DF350010F3D6E3DC0F6FF90
:10185600100EF76EF86A000EF86E01D80DD005006E
:10186600FA6E0900F550FD6E0900F550FE6E09008E
:10187600F550FF6EFA501200226E24A21200CCD749
:101886004D6E24D80F0B4E6E21D8100B4C6E100ED9
:101896004C1801E14E8E13D81ED83FEC0EF016D828
:1018A6004A6E050E4B6ED8904A324B2EFCD74A50E4
:1018B6004E6E05D84A6E4A280ED83FEF0EF047C046
:1018C60043F04850D96EDA6ADF5012004950D96E9B
:1018D600DA6ADF501200446E4EC045F04D501200D9
:1018E6004C6E495021D8D8904A36D8904A36D8906E
:1018F6004A3412D81ED83FEC0EF0495015D8050EC2
:101906004B6ED8904A324B2EFCD74A5005D84A6EB9
:101916004A280FD83FEF0EF04D6E47C043F04850AF
:10192600D96EDA6ADF501200D96EDA6ADF504A6E73
:101936001200446E4DC045F04C501200248602D071
:101946009E86030C14C03AF001D80AD00500FA6E40
:101956000250FD6E0350FE6E0450FF6EFA501200E8
:101966003B6E3C6A3C5002E08EEF0FF03B50010AA2
:1019760002E18EEF0FF0030A02E190EF0FF0010A89
:1019860002E190EF0FF0070ADBE08EEF0FF0426EF8
:101996004250A5EC0AF00009FBE0000E366E1E0E62
:1019A600376E000E386E410E396E16EC0FF0400E93
:1019B600316E10D82BEC0FF0366A376A386A396AFE
:1019C6003A6AC9EC0EF07DEC0FF0BCEC0EF0E806BE
:1019D600FCE01200336A010E326E010C356E315096
:1019E600321033100BE014D831C0DEFF32C0DEFFF8
:1019F60033C0DEFF14D834C0DFFF120009D8380E1A
:101A0600DE6E1F0EDE6E000EDE6E09D8DF6A120075
:101A16003550030DF350020FD96EDA6A12003550B5
:101A2600140FD96EDA6A12005FEC0AF062EC0EF05F
:101A360044EC0AF0000E07EC09F06E0E2D6E060E51
:101A46002E6E540E2F6E7D0E306E2D0E4F6E030EC3
:101A560007EC09F04EEC0AF0010E07EC09F039EC40
:101A66000AF0040E07EC09F05FEC0AF062EF0EF0E4
:101A76002490020E236E16C03AF020EE08F001D82C
:101A86000AD00500FA6EDE50FD6EDE50FE6EDE50A8
:101A9600FF6EFA5012003B6E3C6A3C5002E08EEF3D
:101AA6000FF03B50020A02E190EF0FF0010A02E14B
:101AB60090EF0FF08EEF0FF0D0A8D0B201D0010C4E
:101AC600416A0000412A4128FCE184AE010CBFECCA
:101AD60009F0FE0EF66EF768010EF86E0900F5CFF6
:101AE6003FF0406A0900F550402625503F18E7E1CF
:101AF6002650401801E0010C000C480E656E900E51
:101B0600AB6E240EAC6E440EAF6ED46A000E316A14
:101B1600326A336A99EC0FF0000E316A326A336A20
:101B260098EC0FF0000E316A326A336A9AEC0FF0C5
:101B36002C6A12008D6A8C6A896A8E6A8A6A8F6A32
:101B4600400E8B6E9668F80E976E92681F0E986E12
:101B5600DF0E936E9F0E946E95680F0125690F0E2A
:101B6600246F010E236F538F538D010C5FEC0AF027
:101B760062EC0EF07C0E2D6E5C0E2E6E2F6E780EC5
:101B8600306E2D0E4F6E000E07EC09F03E0E2D6ED8
:101B96009AEC0BF0030E07EC09F05FEC0AF062EF2B
:101BA6000EF03A5010D83A5007D82BEC0FF09CECB8
:101BB6000EF016EC0FF0020CD96EDA6ADECF32F0B8
:101BC600DDCF33F01200D96EDA6A020ED926DF5065
:101BD600316E12003A0EF66E1F0EF76E000EF86E9C
:101BE6000900F5CF5BF000EE60F0490EEE6AE806FC
:101BF600FDE100EE02F02F0EEE6AE806FDE10001BF
:101C060047EF0FF04F6E516A51505124506E010E3E
:101C1600476E500E486E4EC049F04F5073EC0CF0B4
:101C26004E2A512A030E5164EFD7030C8CEC0FF0A9
:101C3600006A016A8B825FEC0DF0E80604E1B9ECFC
:101C46000DF09FEC08F0FC6AE06A8B9200EF10F052
:101C560012002A5004E017EC0DF02A6A12002950EF
:101C660004E013EC0AF0296A12002850D8B41200D6
:101C760064EC0BF0286A1200466E0000FD0E406E02
:101C860043C041F04650CAEC0CF044C040F045C099
:101C960041F04650CAEC0CF0000012003E6E010EF8
:101CA6003F6E24B20AD024823F6A3E50010ED8B459
:101CB600020E226EC5800EEC0CF03F501200326E02
:101CC6000BD0325002E18E8201D08E840000325059
:101CD60002E18E9201D08E9431063128F2E1120093
:101CE6004A6E47C043F04850D96EDA6ADF50446EF8
:101CF6004950D96EDA6ADF50456E4A503FEF0EF012
:101D0600486E496A47C043F049C044F0456A4850A6
:101D16003FEC0EF0492A170E4964F4D7170C3AC067
:101D260031F0EDEC0CF02BEC0FF003D816EC0FF0C5
:101D3600020C366A376A386A396A12003AC031F0DC
:101D460007D82BEC0FF09CEC0EF016EC0FF0020C03
:101D5600336A020E326E020C3A50E6EC0DF03A503F
:101D6600DFEC0DF02BEC0FF09CEC0EF016EC0FF008
:101D7600020C010E316E24B207D024941E689E9682
:101D86009D96C69A23C031F03150120036C031F00C
:101D960037C032F038C033F039C034F0020EF1EFFC
:101DA6000CF03AC031F0EDEC0CF02BEC0FF09CECA3
:101DB6000EF016EC0FF0040C3AC031F0EDEC0CF01E
:101DC6002BEC0FF09CEC0EF016EC0FF0020C3AC068
:101DD60031F0ABEC0EF02BEC0FF09CEC0EF016ECA9
:101DE6000FF0040C3AC031F0ABEC0EF02BEC0FF018
:101DF6009CEC0EF016EC0FF0020C3AC031F0EDEC54
:101E06000CF02BEC0FF09CEC0EF016EC0FF0040C23
:101E16003AC031F0ABEC0EF02BEC0FF09CEC0EF070
:101E260016EC0FF0040C36C031F037C032F038C073
:101E360033F039C034F0000EF1EF0CF09DEC0DF0EC
:101E46006DEC0FF080EC0DF04FEC0FF019EF0EF08B
:101E560024A6120031C01FF032C020F033C021F09A
:101E6600249612000F0100507E6F01507E6F7F8214
:101E76000000000012009EAAFED72C6AABA202D078
:101E8600AB98AB88AE501200979297948E928E9430
:101E9600000021EC0FF0FFD7C76A080EC66EC56AB0
:101EA600270EC86EC69A270C2B04D8A41200D08819
:101EB600D0828B92FF00120024801E501E24316EA9
:101EC60031C0C9FF030C2480D8801E34316E31C066
:101ED600C9FF050C700ED36E646A9B6A2A6B1200EA
:101EE600316E9EA8FED731C0ADFF120000D02492FD
:101EF600236A0E0C000E51EF0EF0C58AC588090C38
:101F0600C58AC5880A0CC59AC588050C2490C5865D
:101F1600040C1BEF08F0C584000CC582010CC582B9
:101F2600020CC582010C7AEF0FF0120012001200AB
:051F3600050C010C0187
:102000002DEF10F0FFFFFFFF0182B9EF43F0FFFF5C
:10201000FFFFFFFFFFFFFFFF0180D8CF60F0E8CF99
:1020200061F0E0CF62F0D9CF63F0DACF64F09DB811
:102030009EA802D088EC88F0A3B8A4A802D00AEC2D
:1020400087F064C0DAFF63C0D9FF62C0E0FF61C0FF
:10205000E8FF60C0D8FF0190100063EF2CF0009201
:102060002301CC1D01B41D01A2AA00C2C7004C234C
:1020700001F4DB008423017623016823015A230144
:102080003E23013023012223014A2401E2EA0077A2
:102090007C585E79716F760600003800545C7300DE
:1020A000506D781C0000006E00777C395E79716F8E
:1020B000760600003800373F7300506D783E000010
:1020C000006E00303132333435363738396162636F
:1020D000646566003F065B4F666D7D077F67051090
:1020E0002030406080A0FF6E67C579DD61021A7202
:1020F00021010A00060E0A003C00000082210100B6
:1021000000580201000A005824000000000000FEF0
:102110008C00D02F00D025014420011265006007FB
:1021200001CC2501000000A0DF004A9900622401D3
:10213000000000F4E700A88A006E2401000000F40B
:10214000E700A88A00D425010000005E2201C07FBC
:1021500000000000000000A2E60008AA0000000045
:1021600000000088D800A69A00000000000000B01F
:102170002501D8CB00000000000000AC250110A50F
:1021800000AA02019138616C6C506F6442756666FA
:102190006572735B504F445F4255464645525F52ED
:1021A000585D20213D204E554C4C00616C6C506FA9
:1021B00064427566666572735B504F445F42554674
:1021C0004645525F54585D20213D204E554C4C00F1
:1021D0006F75744361706163697479203E20444176
:1021E00054414752414D5F4D494E5F4F564552480D
:1021F00045414400417373657274696F6E20666176
:10220000696C65643A202573202825733A2025736C
:102210003A202564290A00636F6E6669672D3E7354
:1022200061766553657474696E677320213D204E35
:10223000554C4C00636F6E6669672D3E70726F7609
:1022400069646553697A6520213D204E554C4C00E8
:102250007372632F447269766572732F506F647363
:10226000436861696E556172742E6300636F6E66B8
:1022700069672D3E777269746542797465732021B0
:102280003D204E554C4C00636F6E6669672D3E7263
:10229000656164427974657320213D204E554C4C34
:1022A000007372632F506F6473436861696E2F50BF
:1022B0006F6473436861696E2E6300777269746539
:1022C000506572696F64203E207461736B50657253
:1022D000696F6400636F6D6D756E696361746557D6
:1022E000697468506F6473436861696E00696E70E9
:1022F000757453697A65203E3D2076616C7565532F
:10230000697A6500736574506F6473436F6D6D73A4
:1023100041747472696275746573007372632F54CB
:1023200061736B732F526164696F5461736B2E63B9
:10233000007372632F526164696F2F566172496E28
:10234000742E63007372632F526164696F2F526140
:1023500064696F2E630070726F636573735261649A
:10236000696F427974657300706F6473556172743C
:1023700020213D204E554C4C00526164696F5461E0
:10238000736B5F496E697400636861696E20213DFB
:10239000204E554C4C00696E6974506F64734368ED
:1023A00061696E006465636F6465566172496E743D
:1023B00000382E382E382E382E00302E324C4F005A
:1023C000414C2E484900414C2E4C4F0048454C5042
:1023D00000303030300031313131003232323200B1
:1023E0003333333300343434340035353535002D50
:1023F0002D2D2D006572723100657272320065728A
:1024000072330065727234006572725500446174F3
:102410006100636F6E6E0050726F7500504831300E
:1024200000504820340050482037004641494C00B5
:102430004F4F4F4F0050415353004550742D004EA5
:1024400047452E002D41434300436F6E66006E6387
:102450006E6F006275737900636F6E7400372E3192
:102460000046414300644546006F66660043414CA8
:102470000043484100506F6400457272004F464669
:10248000002575006F6E00627200454C004F5200CF
:102490005552006E63004943007264007048002A80
:1024A00043002A4600454300360000FF01018A51DF
:1024B0008B1170E1680E00019C6F230E9D6F500E12
:1024C0009E6F220E9F6F010EA16F7C0EA06FD40E27
:1024D000A26F220EA36F8EEC84F05CD08AC1A1F0B3
:1024E0008BC1A2F000013EDADFA005D001D003D0FD
:1024F00039DADF904FD0A1C06CF0A2C06DF0000EB1
:10250000D7EC91F06CC068F06DC069F0000120EE6E
:10251000CCF06C51D9266D51DA22DF50050F6A6F6D
:1025200001EC83F0CEEC79F0A1C065F0A2C066F0BA
:10253000000120EECCF0A151D926A251DA22DECF43
:1025400067F0DDCF68F06D6B050E67256B6F000ED1
:1025500068216C6F11D06B516525D96E6C51662165
:10256000DA6E6D516525E16E000E6621E26EDFCFF9
:10257000E7FF6D2B6B4B6C2BEED9DF50696F6A6BED
:1025800069516B5D6A516C59E6E301D0E4D7E3D938
:102590006DC0DFFF8AC179F08BC17AF033D020EEB5
:1025A000CFF07951D9267A51DA2201D80AD0050024
:1025B000FA6EDE50FD6EDE50FE6EDE50FF6EFA509B
:1025C00012007B6FD6D9DF507C6F7C517925D96E94
:1025D000000E7A21DA6E7BC0DFFFCBD910EE64F0FB
:1025E0007951E1267A51E222E7507B6F7B29656FB2
:1025F000666B000E6623686B640E676F47EC6BF0CA
:102600006551DF6E79C065F07AC066F0000120EE9A
:10261000CAF06551D9266651DA22DECF67F0DDCFE8
:1026200068F067C0D9FF68C0DAFFDF500009B7E182
:1026300001D0B5D779C065F07AC066F016D0696B65
:102640000CD05AD969516525E16E000E6621E26E03
:10265000DFCFE7FF51D9DF6A692B5AD9DE50695DB8
:10266000F0E301D0EED754D9DF0665C0D9FF66C0CC
:10267000DAFF1B0EDE1807E001D005D049D9DF5084
:10268000DEE101D0DCD779C072F07AC073F020EEC1
:1026900064F02DD9030EDF6004D001D002D0000E0B
:1026A000AFD072C0D9FF73C0DAFF1B0EDE1803E093
:1026B000F6D701D0F4D720EE02F019D9DF50746FAD
:1026C00020EE01F014D9DF50766F7451756F08D980
:1026D00075C0DEFF76C0DDFF03D9DECF74F0DDCF3D
:1026E00075F0060E7425776F000E7521786F20EE59
:1026F00064F0FDD8DF50746F756B7751745D78515D
:10270000755903E2CCD701D0CAD7EAD8010EDB5005
:1027100005E15D0EDE5C10E301D00ED036D900017C
:10272000676BADEC3BF0672B630E6765FAD701D0A2
:10273000F8D7B5EC3BF0B3D772C06CF073C06DF056
:10274000CFD8DF50050F6E6F706B716B010E6F6F1E
:1027500039D0700E656F6F516C25D96E000E6D21EA
:10276000DA6EDF50666F6651676F686B67C068F03E
:10277000676B6551D96EDA6A6751DE1A6851DD1AE6
:10278000080E6B6FE0D868AF14D001D012D0DBD840
:10279000D89067376837210E6719696F100E68196E
:1027A0006A6F6551D96EDA6A69C0DEFF6AC0DDFF03
:1027B00003D0655162EC27F06B076B51E3E101D068
:1027C000E1D76F2B6E516F5DC4E301D0C2D770515A
:1027D000711101E002D0010E01D0000E00090FE1DD
:1027E00001D00DD0D2D80001676BADEC3BF0672B68
:1027F000630E6765FAD79DD7F8D79BD750D7010EE0
:10280000000901E06BD68AC165F08BC166F087D8FC
:10281000DFA213D001D011D020EECEF087D8DFCFC9
:1028200067F0DF2A0F0E676508D001D006D077D891
:10283000DF9220EECEF07AD8DF6A71D8DFB201D015
:1028400002D0010E01D0000E000949E123EC86F010
:102850000101A45142E048EC85F000016C6B16D0F8
:10286000000E6C25D96EDA6A060EDA226C5101016F
:102870008A2500016A6F84D86B6F650E6A25E16E48
:10288000000E6B21E26EDFCFE7FF6C2B47506C5DD3
:10289000E7E301D0E5D753D8A8EC3BF047C0DFFF12
:1028A000650E8A250001666F6BD8676F47C068F0B8
:1028B00042D8A8EC3BF001D80AD00500FA6EDE50F1
:1028C000FD6EDE50FE6EDE50FF6EFA50120037D8FD
:1028D000A8EC3BF0DF6AA46B010CA6EC73F0010CD2
:1028E00020EECCF07251D9267351DA2212007251C7
:1028F000D9267351DA22120069516525676F000EDF
:102900006621686F6729D96E000E6821DA6E1200A1
:1029100020EE64F06551D9266651DA22120020EECD
:10292000D2F06551D9266651DA2212006551D926B6
:102930006651DA221200010120EED3F012000101EB
:1029400020EEC9F012006551D96EDA6ADECF67F069
:10295000DDCF68F0120020EE64F06551D926665193
:10296000DA22120020EED2F0A151D926A251DA22A9
:10297000120020EE64F07951D9267A51DA22120041
:10298000000E01018B210001120072C065F073C0BE
:1029900066F01200826B836B7A51D96EDA6ADECFF1
:1029A000F6FFDDCFF7FF000EF86E0800F550250AA0
:1029B00001E09AD17A51D96EDA6ADE2A000EDD2260
:1029C0007A51D96EDA6ADECF84F0DDCF85F084C02B
:1029D000F6FF85C0F7FF000EF86E0800F550640A98
:1029E0000AE084C0F6FF85C0F7FF000EF86E08000D
:1029F000F550690A72E17BC0D9FF7CC0DAFF020E94
:102A0000DF26DF5CD96EDA6ADECF86F0DECF87F0B4
:102A100084297D6F000E85217E6F7A51D96EDA6A26
:102A20007DC0DEFF7EC0DDFF200E8A6F010E87AF06
:102A3000000E816F8A07320E8A25D96EDA6A050E7A
:102A4000DA2286C065F087C066F0686B0A0E676F91
:102A500047EC6BF065C06BF066C06CF07FEC8DF0FE
:102A60006B51300FDF6E86C071F087C072F0746BEF
:102A70000A0E736FF4EC62F071C086F072C087F0DA
:102A8000824B832B8651871102E08A51D3E18A5110
:102A90001CE081511AE08A07320E8A25D96EDA6A63
:102AA000050EDA222D0EDF6E824B832B0ED0320EF6
:102AB0008A25D96EDA6A050EDA22DF50656F666BF9
:102AC00079C067F057EC64F08A2B200E8A19EFE189
:102AD00082C079F083C07AF0120084C0F6FF85C00E
:102AE000F7FF000EF86E0800F550750A60E17BC034
:102AF000D9FF7CC0DAFF020EDF26DF5CD96EDA6A0E
:102B0000DECF86F0DECF87F084297D6F000E852131
:102B10007E6F7A51D96EDA6A7DC0DEFF7EC0DDFF3E
:102B20003CD0200E8A6F8A07320E8A25D96EDA6A67
:102B3000050EDA2286C065F087C066F0686B0A0E63
:102B4000676FF2EC7EF06551300FDF6E86C065F086
:102B500087C066F0686B0A0E676F60EC79F065C03D
:102B600086F066C087F0824B832B8651871111E077
:102B70008A510FE0D8D7320E8A25D96EDA6A050E4F
:102B8000DA22DF50656F666B79C067F057EC64F04E
:102B90008A2B200E8A199CE0EED784C0F6FF85C0F0
:102BA000F7FF000EF86E0800F550750ABAE0816B69
:102BB0007A51D96EDA6ADECFF6FFDDCFF7FF000E6D
:102BC000F86E0800F550730A09E17A51D96EDA6A95
:102BD000DE2A000EDD22010E816F3CD07A51D96EC3
:102BE000DA6ADECFF6FFDDCFF7FF000EF86E0800E1
:102BF000F5506C0A2FE17A51D96EDA6ADECF7DF09A
:102C0000DDCF7EF07D2B000E7E237DC0F6FF7EC0E3
:102C1000F7FF000EF86E0800F5506C0A1BE17A51C0
:102C2000D96EDA6ADECF7DF0DDCF7EF0020E7D2731
:102C3000000E7E237DC0F6FF7EC0F7FF000EF86E0B
:102C40000800F550730A06E17A51D96EDA6A030E6C
:102C5000DE26BFD781513FE07BC0D9FF7CC0DAFFC1
:102C6000020EDF26DF5CD96EDA6ADECF7FF0DECFC0
:102C700080F01CD07FC0F6FF80C0F7FF000EF86E1A
:102C80000F0EF76403D00800F55005D0F6CFE9FF2A
:102C9000F7CFEAFFEF500001656F666B79C067F010
:102CA00057EC64F0824B832B7F4B802B7FC0F6FF69
:102CB00080C0F7FF000EF86E0F0EF76403D0080017
:102CC000F55005D0F6CFE9FFF7CFEAFFEF50000946
:102CD00001E1FED6CFD77A51D96EDA6ADE2A000E2C
:102CE000DD22796B7A6B12007A51D96EDA6ADECF07
:102CF000F6FFDDCFF7FF000EF86E0800F550656FA8
:102D0000666B79C067F057EC64F07A51D96EDA6A75
:102D1000DE2A000EDD227A6B010E796F010C4AC2A9
:102D2000D9FF4BC2DAFF01D80AD00500FA6EDE5097
:102D3000FD6EDE50FE6EDE50FF6EFA50120065C072
:102D4000CEF366C0CFF30301CE51CF1138E00101BD
:102D50006E510301CE1933E101016F510301CF1907
:102D60002EE1000E0001676F090E686F6A6B800E1E
:102D7000696F020120EE03F01BD901D80AD00500CB
:102D8000FA6EDE50FD6EDE50FE6EDE50FF6EFA50C3
:102D9000120067C0CCF368C0CDF3000E0101DA6FFA
:102DA000090EDB6FCCC3DCF1CDC3DDF1000EDE6FAD
:102DB000070EDF6FE16B800EE06FFCEC37F0CEC3E7
:102DC0006EF1CFC36FF127C26EF028C26FF029C237
:102DD00070F02AC271F00201272B000E282329234C
:102DE0002A236EC065F06FC066F070C067F071C0D6
:102DF00068F02BC269F02CC26AF02DC26BF02EC2B3
:102E00006CF0E0EC6BF0655166116711681101E040
:102E100002D0010E01D0000E00093CE0000E0301BB
:102E2000D06F070ED16FD00E0001826F030E836F3B
:102E3000856B800E846FD20E866F030E876F7DECDC
:102E400089F0D0C366F0D1C367F0D2C368F0D3C3B2
:102E500069F0020120EE06F0ABD801D80AD00500D7
:102E6000FA6EDE50FD6EDE50FE6EDE50FF6EFA50E2
:102E70001200010191D8DFA606D001D004D08CD871
:102E8000DF968AD8DF8A705104E001D002D07181C8
:102E900001D07191010180D8DFAA20D001D01ED0CD
:102EA00020EE02F080D88FD8DD22DD52DD52030EF5
:102EB000DB500BE1020EDB5008E1010EDB5005E1B7
:102EC0000A0EDE5C0BE301D009D066D8DF8864D837
:102ED000DF9A20EE02F067D81AEC75F00001656BFE
:102EE0000101705109E001D007D071A105D001D0D6
:102EF00003D0010E0001656F0001655100094BE030
:102F000001D0010C5AD8040EB8653AD001D038D09F
:102F1000010170A706D001D004D0D2EC92F00101DB
:102F2000709770A10CD001D00AD0BBB101D002D0F3
:102F3000010E01D0000E97EC83F00101709170A397
:102F400006D001D004D0A1EC90F00101709370A5DF
:102F500006D001D004D0D0EC92F00101709570A998
:102F60000CD001D00AD0BBB501D002D0010E01D0E7
:102F7000000E4FEC8FF0010170997191010E7117E5
:102F80001CD8B82BB837010171510001B819010BD9
:102F9000B8190101716F010C20EE01F07251D926B0
:102FA0007351DA2212007251D9267351DA221200BB
:102FB0004A51D9264B51DA221200010171317F0B9F
:102FC0000001B86F1200DE2A000EDE22DE22000CA5
:102FD000EAC173F0EBC174F0ECC175F0EDC176F0AD
:102FE0001FEC81F0000901E01200B3EC89F070C021
:102FF000EDF171C0EEF124D9DF50030B030A03E1B8
:10300000010E0101A06F0101A0050CE119D9DF50EB
:10301000030B030A07E014D9DF50EC6F700EEC17B6
:1030200001E1A06BA00501E0DFD0E3EC91F065C009
:10303000EFF166C0F0F104D9DFA822D0EFC165F04E
:10304000F0C166F0EBD8CCEC85F0EFC16BF0F0C1CD
:103050006CF0010120EE46F000D901D80AD005003D
:10306000FA6EDE50FD6EDE50FE6EDE50FF6EFA50E0
:103070001200010E0001656F000E03EC81F01ED0FE
:10308000EFC165F0F0C166F0D2D8F8EC85F0EFC181
:103090006BF0F0C16CF0010120EE49F0DED801D8F0
:1030A0000AD00500FA6EDE50FD6EDE50FE6EDE5078
:1030B000FF6EFA501200E0D803EC81F058EC92F069
:1030C00065C0F1F166C0F2F1BBD8DFAA21D0F1C131
:1030D00065F0F2C166F0A2D8CCEC85F0F1C16BF0DE
:1030E000F2C16CF0010120EE46F0BCD801D80AD044
:1030F0000500FA6EDE50FD6EDE50FE6EDE50FF6E95
:10310000FA501200010E0001656F03EC81F020D02F
:10311000F1C165F0F2C166F08AD8F8EC85F0F1C132
:103120006BF0F2C16CF0010120EE49F09BD801D8A0
:103130000AD00500FA6EDE50FD6EDE50FE6EDE50E7
:10314000FF6EFA5012000001656B010E03EC81F076
:103150005DEC92F065C0F3F166C0F4F171D8DFACBC
:1031600022D0F3C165F0F4C166F058D8CCEC85F0FC
:10317000F3C16BF0F4C16CF0010120EE46F077D89A
:1031800001D80AD00500FA6EDE50FD6EDE50FE6EEC
:10319000DE50FF6EFA501200010E0001656F020E44
:1031A00003EC81F030D0F3C165F0F4C166F03FD894
:1031B000F8EC85F0F3C16BF0F4C16CF0010120EE86
:1031C00049F055D801D80AD00500FA6EDE50FD6EE0
:1031D000DE50FE6EDE50FF6EFA5012000001656B8D
:1031E000020E03EC81F00FD0899E899C8F968F9000
:1031F00043D803EC81F0656B010E03EC81F0656B45
:10320000020E03EC81F0EAC1DAF1EBC1DBF1ECC1B3
:10321000DCF1EDC1DDF119D83CEF36F0EAC167F021
:10322000EBC168F0ECC169F0EDC16AF01200EAC1CF
:1032300067F0EBC168F0ECC169F0EDC16AF0120013
:10324000EDC1D9FFEEC1DAFF1200010E0101DE6F00
:10325000DF6BE06BE16BE26B010CEF51D926F051B3
:10326000DA221200F151D926F251DA221200F3517A
:10327000D926F451DA2212000001656B000CD0EC63
:1032800091F065C073F066C074F0290E00012BD96F
:10329000696B020E6B6FE2EC83F0270E24D9020EED
:1032A000696F6B6FE2EC83F0230E1DD9040E2AD9EF
:1032B000E2EC83F0250E17D9060E24D9E2EC83F058
:1032C0002B0E11D9080E1ED9E2EC83F02D0E0BD96E
:1032D0000A0E18D9E2EC83F03A0E05D90C0E16D975
:1032E000E2EC83F017D90D0E11D9E2EC83F002D98C
:1032F0008DEC5EF016EC8FF065C073F066C074F074
:10330000290E0001F0D8100EFDD8E2EC83F0270E54
:10331000EAD8120EF7D8E2EC83F0230EE4D8140EAC
:10332000F1D8E2EC83F0250EDED8160EEBD8E2ECF5
:1033300083F02B0ED8D8180EE5D8E2EC83F02D0ED2
:10334000D2D81A0EDFD8E2EC83F03A0ECCD81C0E9D
:10335000DDD8E2EC83F0DED81D0ED8D8E2EC83F0A5
:10336000C9D88DEC5EF022EC8FF065C073F066C0BA
:1033700074F0290E0001B7D8200EC4D8E2EC83F017
:10338000270EB1D8220EBED8E2EC83F0230EABD8C4
:10339000240EB8D8E2EC83F0250EA5D8260EB2D8BC
:1033A000E2EC83F02B0E9FD8280EACD8E2EC83F031
:1033B0002D0E99D82A0EA6D8E2EC83F03A0E93D8B7
:1033C0002C0EA4D8E2EC83F0A5D82D0E9FD8E2EC09
:1033D00083F090D88DEC5EF0380E85D8440E92D8EC
:1033E000E2EC83F0A70E676F010E686F6A6B300E18
:1033F0008DD8E2EC83F0B20E676F010E686F6A6BD6
:10340000310E84D8E2EC83F0B30E676F010E686F63
:103410006A6B320E7BD8E2EC83F00101B397C20EE7
:103420000001676F010E686F6A6B330E78D8E2ECAB
:1034300083F05A0E676F686B6A6B380E70D8E2ECD7
:1034400083F0CA0E676F010E686F6A6B3C0E67D817
:10345000E2EC83F0C60E676F010E686F6A6B400E78
:103460005ED8E2EC83F05F0E676F686B6A6B460EA6
:103470004DD8E2EC83F0CE0E676F010E686F6A6B79
:10348000470E40D8E2EC83F0D40E676F010E686FF0
:103490006A6B490E37D8E2EC83F02BEC92F0652989
:1034A0006E6F000E66216F6F6EC067F06FC068F0C0
:1034B0006A6B500E2BD8E2EC83F0706B702B0E0E03
:1034C0007065FCD7710E676F686B6A6B880E1ED8CB
:1034D000E2EC83F071B103D00101BB9102D0010194
:1034E000BB81000012007325676F000E7421686FA6
:1034F0006A6B120073C065F074C066F072C067F04A
:10350000686B1200696F020E6B6F020C696F010E1F
:103510006B6F010C720E676F686B6A6B1200696FDC
:10352000040E6B6F040C0550800B0E6E05500524C5
:10353000146E04BE1480145008E0142804E1026ADA
:10354000036A046A056A048E04D0026A036A046A84
:10355000056A0950800B0E1A095009240F6E08BE27
:103560000F800F5008E00F2804E1066A076A086A16
:10357000096A088E04D0066A076A086A096A0F5049
:1035800002E0145005E1026A036A046A056A120047
:1035900008500202F3CF19F0F4CF1AF01950106E50
:1035A000116A126A136A1A50156E166A176A186A37
:1035B00007500302F3CF19F0F4CF1AF01950102678
:1035C000000E1122122213221A501526000E162266
:1035D0001722182206500402F3CF19F0F4CF1AF084
:1035E00019501026000E1122122213221A501526ED
:1035F000000E16221722182212C013F011C012F06A
:1036000010C011F0106A06500302F3CF19F0F4CF86
:103610001AF0195010261A501122000E12221322ED
:1036200007500202F3CF19F0F4CF1AF01950102608
:103630001A501122000E1222132212C013F011C0D0
:1036400012F010C011F0106A06500202F3CF19F008
:10365000F4CF1AF0195010261A501122000E12221F
:10366000132208500302F3CF19F0F4CF1AF01950C7
:1036700015261A501622000E17221822075004028F
:10368000F3CF19F0F4CF1AF0195015261A5016225C
:10369000000E1722182208500402F3CF19F0F4CFBD
:1036A0001AF019500A6E1A500B6E0C6A0D6A080E49
:1036B000D8900A360B360C360D36E82EF9D70A505C
:1036C00015260B5016220C5017220D50182213509D
:1036D0001526000E16221722182212C013F011C050
:1036E00012F010C011F0106A0F5014C00AF00B6AEB
:1036F0000A26000E0B22820E0A24196EFF0E0B20E2
:103700001A6E0FD0D890153616361736183613BEE7
:103710001580D89010361136123613361906D8A0F7
:103720001A0617AEEFD70F6A13AE13D010500A6EF9
:1037300011500B6E12500C6E7F0E13140D6E0A504A
:103740000B100C100D1003E0010E0F6E02D015B01F
:10375000FBD70F500EE0152A000E16221722182252
:1037600018A007D018341832173216321532194AF9
:103770001A2A1ABE0AD01A5002E1192806E3156A5D
:10378000166A800E176E7F0E15D01ABE04D01A501E
:1037900008E1190406E2156A166A176A186A0E6AC1
:1037A0000AD019C014F07F0E1716186A14B0178EBD
:1037B000D8901430186E0E50181215C002F016C0B2
:1037C00003F017C004F018C005F012008F0501E0E7
:1037D00028D1D0EC91F065C076F066C077F0290E64
:1037E000000123D96B6B020E6D6F3CEC76F0270E57
:1037F0001CD9020E6B6F6D6F3CEC76F0230E15D961
:10380000040E1AD93CEC76F0250E0FD9060E14D909
:103810003CEC76F02B0E09D9080E0ED93CEC76F074
:103820002D0E03D90A0E08D93CEC76F03A0EFDD8DD
:103830000C0E06D93CEC76F0350EF7D80D0E00D9FB
:103840003CEC76F016EC8FF065C076F066C077F051
:10385000290E0001EAD8100EEFD83CEC76F0270EC6
:10386000E4D8120EE9D83CEC76F0230EDED8140E24
:10387000E3D83CEC76F0250ED8D8160EDDD83CEC1B
:1038800076F02B0ED2D8180ED7D83CEC76F02D0E51
:10389000CCD81A0ED1D83CEC76F03A0EC6D81C0E15
:1038A000CFD83CEC76F0350EC0D81D0EC9D83CEC14
:1038B00076F022EC8FF065C076F066C077F0290EC6
:1038C0000001B3D8200EB8D83CEC76F0270EADD866
:1038D000220EB2D83CEC76F0230EA7D8240EACD83A
:1038E0003CEC76F0250EA1D8260EA6D83CEC76F05E
:1038F0002B0E9BD8280EA0D83CEC76F02D0E95D838
:103900002A0E9AD83CEC76F03A0E8FD82C0E98D826
:103910003CEC76F0350E89D82D0E92D83CEC76F042
:10392000380E83D8440E88D83CEC76F0A70E696F29
:10393000010E6A6F6C6B300E83D83CEC76F0B20EE1
:10394000696F010E6A6F6C6B310E7AD83CEC76F0C1
:10395000B30E696F010E6A6F6C6B320E71D83CEC5E
:1039600076F0C20E696F010E6A6F6C6B330E6CD805
:103970003CEC76F05A0E696F6A6B6C6B380E64D84B
:103980003CEC76F0CA0E696F010E6A6F6C6B3C0EF0
:103990005BD83CEC76F0C60E696F010E6A6F6C6BFB
:1039A000400E52D83CEC76F05F0E696F6A6B6C6B20
:1039B000460E46D83CEC76F0CE0E696F010E6A6F6B
:1039C0006C6B470E39D83CEC76F0D40E696F010E63
:1039D0006A6F6C6B490E30D83CEC76F02BEC92F0B1
:1039E0006529726F000E6621736F72C069F073C033
:1039F0006AF06C6B500E24D83CEC76F0756B752B2E
:103A00000E0E7565FCD70101010EBBA1000E000171
:103A1000746F740E696F6A6B6C6B880E11D83CEC16
:103A200076F001018F6B000012007625696F000EA1
:103A300077216A6F6C6B12006B6F020E6D6F020C58
:103A40006B6F010E6D6F010C6B6F040E6D6F040CCC
:103A50006851800B716F68516825736F67BF738100
:103A6000735105E0732901E106D9678F03D0656BB7
:103A7000666B676B686B6C51800B726F711901E03C
:103A8000718D6C516C25726F6BBF7281725108E041
:103A9000722904E1696B6A6B6B6B6C6B6B8F03D083
:103AA000696B6A6B6B6B6C6B7351725D22E271AD0B
:103AB00002D0800E711B73C074F072C073F074C0BA
:103AC00072F065C074F069C065F074C069F066C0DA
:103AD00074F06AC066F074C06AF067C074F06BC0BE
:103AE00067F074C06BF068C074F06CC068F074C0AC
:103AF0006CF0746B735172C06DF06E6B6D5F000E85
:103B00006E5B6EBF15D06E5103E11A0E6D5D10E352
:103B1000C7D8010ED8B4000E746FADD872C073F060
:103B20000AD074A102D0B7D802D0D89074339AD8F2
:103B30007251735DF6E371BD15D0735101E1A0D0F0
:103B4000695165276A5166236B5167236C5168235D
:103B500068A153D074A102D09ED802D0D8907433FB
:103B600081D84BD06951655D6A5166596B5167596F
:103B70006851800A6D6F6C51800A6D591FE2655162
:103B8000695D6D6F66516A596E6F67516B596F6FE2
:103B900068516C59706FFF0E6D25656FFF0E6E21B9
:103BA000666FFF0E6F21676FFF0E7021686F800ECA
:103BB000711B746D74510AE168D808D06951655F52
:103BC0006A51665B6B51675B6C51685B69D813E146
:103BD000745111E155D0D89065376637673768372B
:103BE00074BF658174A102D0D88001D0D890743799
:103BF000735101E0730767AFEED7726B74AF0AD0F1
:103C000074C06DF07F0E6D1703E0010E726F02D06D
:103C100065B1FBD772510BE038D868A108D0683580
:103C20006833673366336533732901E0732B732977
:103C300002E0735104E11FD8735101E1716B73A16C
:103C400002D0678F01D0679FD8907331686F71BFC2
:103C5000688F65C065F066C066F067C067F068C0D1
:103C600068F0120065B1748F683568336733663366
:103C70006533732B1200656B666B676B686B1200A4
:103C8000656B666B676B686B1200652B000E6623B5
:103C900067236823000CD89074310109746F1200F7
:103CA000655166116711681112009B6F00019B51ED
:103CB00016EC79F068C09CF069C09DF000019C5141
:103CC0009D11D8B412009CC065F09DC066F04CEC0C
:103CD00088F00009D8B41200250E9E6F9F0E916FD8
:103CE000926B91C0D9FF92C0DAFF9BC0DFFF20EE3C
:103CF00001F09151D9269251DA2210EE3AF0F1D822
:103D0000E222E7501FEC8AF0DF6E9E0E95EC41F048
:103D10009EEC55F020EE22F0BDD8DF501FE1260EBC
:103D20009E6F9F0E936F946B93C0D9FF94C0DAFF80
:103D3000C8D8B0D810EE01F09351E1269451A4D820
:103D400020EE1FF0A7D810EE03F09351E126945116
:103D5000B3D895EC41F09EEC55F04CD0270E9E6FF9
:103D60009F0E976F986B97C0D9FF98C0DAFFA9D8BC
:103D700091D810EE23F0B5D86BEC46F096D8D8A0C9
:103D800020EE23F087D8DECF8DF0DDCF8EF020EE51
:103D900001F0ABD88DC0DEFF8EC0DDFF20EE1FF03E
:103DA00079D810EE03F09751E1269851E222DFCF47
:103DB000E7FF20EE23F06ED810EE25F092D86BECE2
:103DC00046F073D8D8A020EE23F064D8DECF8FF071
:103DD000DDCF90F020EE04F088D88FC0DEFF90C0D9
:103DE000DDFF20EE1FF056D810EE06F09751E126C9
:103DF0009851AED7290E9E6F9F0E956F966B6AD81D
:103E000020EE2BF047D84BD83FD89E0E95EC41F0D2
:103E10009EEC55F02A0E9E6F5DD820EE2DF03AD81C
:103E20003ED832D89E0E95EC41F09EEC55F02B0E0C
:103E30009E6F9F0E996F9A6B99C0D9FF9AC0DAFF57
:103E40009BC0DFFF20EE27F025D810EE01F03ED812
:103E50001BD820EE1FF01ED810EE03F037D8E22258
:103E6000DFCFE7FF20EE29F015D810EE04F02ED8B2
:103E70000BD820EE1FF00ED810EE06F027D81CD875
:103E800095EC41F09EEF55F0E222DECFE6FFDDCF6C
:103E9000E5FF12009C51D9269D51DA22120010EE46
:103EA00001F09551E126965112008C6FDE50800A88
:103EB0008C5920EE25F01200E222DFCFE7FF9E0EA4
:103EC00012009BC0DFFF20EE25F012009951E12681
:103ED0009A51120095C0D9FF96C0DAFF9BC0DFFF50
:103EE00012009C51E1269D5112009751D9269851FC
:103EF000DA221200C6EC71F007D90FD981EC78F004
:103F0000F4D8B8EC62F07DC0E6F07EC0E7F07FC088
:103F1000E8F080C0E9F0E2C0D6F0E3C0D7F0E4C03A
:103F2000D8F0E5C0D9F0E6C0DAF0E7C0DBF0E8C0D1
:103F3000DCF0E9C0DDF0EB0EDE6F020EDF6FE20EAB
:103F4000E06F020EE16FC5EC68F0D6C040F3D7C059
:103F500041F3DAD8320EE8D881EC78F0C6D8B8EC64
:103F600062F07DC0EAF07EC0EBF07FC0ECF080C074
:103F7000EDF0CAD8D2D881EC78F0B7D8B8EC62F0BE
:103F80007DC0EEF07EC0EFF07FC0F0F080C0F1F0B9
:103F9000EAC0C2F0EBC0C3F0ECC0C4F0EDC0C5F0A5
:103FA000EEC0C6F0EFC0C7F0F0C0C8F0F1C0C9F075
:103FB000B80ECA6F030ECB6FD5EC2DF0C2C042F322
:103FC000C3C043F3A1D8640EAFD881EC78F08DD88C
:103FD000B8EC62F07DC08AF07EC08BF07FC08CF0C0
:103FE00080C08DF0E0EC86F08AC044F38BC045F3CE
:103FF0008BD8640E99D881EC78F077D8B8EC62F061
:104000007DC0F2F07EC0F3F07FC0F4F080C0F5F028
:10401000E2C08AF0E3C08BF0E4C08CF0E5C08DF024
:10402000F2C08EF0F3C08FF0F4C090F0F5C091F0C4
:104030004DEC61F08AC046F38BC047F365D86DD86C
:1040400081EC78F052D8B8EC62F07DC08AF07EC086
:104050008BF07FC08CF080C08DF003EC85F08AC0BF
:1040600048F38BC049F350D858D881EC78F03DD84C
:10407000B8EC62F07DC08AF07EC08BF07FC08CF01F
:1040800080C08DF082EC82F08AC04AF38BC04BF383
:104090003BD83C0E49D881EC78F027D8B8EC62F0D8
:1040A0007DC0ABF07EC0ACF07FC0ADF080C0AEF0A4
:1040B00098EC7BF0ABC04CF3ACC04DF3400E656F99
:1040C000030E666F686B070E676FE2C069F0E3C0AE
:1040D0006AF0E4C06BF0E5C06CF0AA0E6D6F110ED3
:1040E0006E6F010E6F6FE2EF85F071C07DF072C0F0
:1040F0007EF073C07FF074C080F0E80E816F030E15
:10410000826F836B846B030CE2C071F0E3C072F0CA
:10411000E4C073F0E5C074F01200E80E756F030E92
:10412000766F776B786B030C756F766B776B786B4C
:104130001200866F0001876B070E86190FE171EC84
:1041400080F0FDD8E8EC87F06DEC80F0F8D8E8EC72
:1041500087F069EC80F0F3D8E8EF87F0090E861954
:10416000D8B41200856BA5D081C0D9FF82C0DAFF18
:104170007FC0E1FF80C0E2FFDE50E61801E1B3D06E
:104180008751220F7A6F300E7B6F7FC0D9FF80C0BE
:10419000DAFFDF507C6F87511B0FE8EC87F0A3D06C
:1041A00020EE01F0D4D810EE01F07F51E1268051CD
:1041B000E222DE50E61801E196D08751770F7A6F40
:1041C000300E7B6F20EE01F0A6D8700FE8EC87F080
:1041D0008AD020EE02F0BBD810EE02F07F51E1262B
:1041E0008051E222DE50E6187EE08751470F9BD8CF
:1041F00092D8440FE8EC87F0AFD895D88CD84B0F05
:10420000E8EC87F0ADD88FD886D84B0FE8EC87F074
:104210006AD020EE03F09BD810EE03F07F51E12628
:104220008051E222DE50E6185EE08751220F7A6F5D
:10423000370E7B6F20EE03F06ED81B0FE8EC87F093
:1042400052D020EE04F083D810EE04F07F51E12626
:104250008051E222DE50E61846E08751770F7A6FF0
:10426000370E7B6F20EE04F056D8700FE8EC87F025
:104270003AD020EE05F06BD810EE05F07F51E12624
:104280008051E222DE50E6182EE08751470F51D8C8
:1042900042D8440FE8EC87F05FD84BD83CD84B0F9E
:1042A000E8EC87F05DD845D836D84B0FE8EC87F0BE
:1042B0001AD08651836F846B845115E1835101E1DB
:1042C00053D7010A01E16CD7030A83E0010AA1E098
:1042D000070AB7E0010ACDE0030A05E0010A03E09E
:1042E0000F0AD8A4010A0B0E00018727852B030EA5
:1042F0008565DFD7060E8661060C86517F25D96E4F
:10430000000E8021DA6E86518125E16E000E822139
:10431000E26E44EF50F07F51D9268051DA22DF500F
:104320007C6F875112007A6F300E7B6F20EE02F0A7
:10433000300C7A6F370E7B6F20EE05F0370C7B6FF9
:104340007FC0D9FF80C0DAFFDF507C6F180C81512D
:10435000D9268251DA221200000187514B0F120038
:10436000000187514E0F12007651800B7F6F7651FE
:104370007625816F75BF8181815105E0812901E139
:10438000FED8758F01D0FBD87A51800B7F1B7A51F4
:104390007A25806F79BF8081805105E0802901E115
:1043A000F3D8798F01D0F0D8805102E0815105E136
:1043B000736B746B756B766B120079517303B2D8A3
:1043C000826F836B846B856B8B51866F876B886B79
:1043D000896B78517403A6D8B3D877517503A2D8E6
:1043E000AFD8A6D8775174039DD8B6D87851730347
:1043F00099D8B2D89DD87751730394D8ADD8795154
:10440000740390D8B5D8785175038CD8B1D8795148
:10441000750388D87B6F8B517C6F7D6B7E6B080E2C
:10442000D8907B377C377D377E37E82EF9D77B51A4
:1044300086277C5187237D5188237E51892385518E
:10444000862791D875D8805181C07BF07C6B7B2703
:10445000000E7C23820E7B258A6FFF0E7C218B6FE2
:104460000FD0D890863787378837893785BF8681C0
:10447000D89082378337843785378A07D8A08B074F
:1044800088AFEFD7806B85AF13D082517B6F83519C
:104490007C6F84517D6F7F0E85157E6F7B517C1103
:1044A0007D117E1103E0010E806F02D086B1FBD733
:1044B00080510BE0862B57D889A107D089358933E5
:1044C0008833873386338A4B8B2B8BBF0AD08B5133
:1044D00002E18A2906E3866B876B800E886F7F0E68
:1044E00015D08BBF04D08B5108E18A0506E2866B9C
:1044F000876B886B896B7F6B0AD08AC081F07F0ED7
:104500008817896B81B1888FD8908131896F7F51ED
:10451000891386C073F087C074F088C075F089C0B5
:1045200076F01200F3CF8AF0F4CF8BF08A511200AC
:1045300084C085F083C084F082C083F0826B120057
:104540008227000E8323842385238B518627000E28
:10455000872388238923000C82278B518323000E15
:1045600084238523000C000E872388238923000CD5
:1045700086278B518723000E88238923000C736BB9
:10458000746B756B766B1200776B786B796B7A6BEB
:10459000120023C290F024C291F025C292F026C2EC
:1045A00093F07DC090F07EC091F07FC092F080C00B
:1045B00093F090C081F091C082F092C083F093C0DC
:1045C00084F083358435816F826B836B846B823793
:1045D00081518D6F8E6B8EBF0ED08E5103E1960E82
:1045E0008D5D09E37DC07DF07EC07EF07FC07FF0F1
:1045F00080C080F01200010E93AF000E8F6F8F51BC
:1046000012E07DC065F07EC066F07FC067F080C0BC
:1046100068F00EEC8CF065C07DF066C07EF067C07F
:104620007FF068C080F08EBF05D08E5108E17E0E0D
:104630008D5D05E27D6B7E6B7F6B806B1200696B1D
:104640006A6B6B6B4B0E6C6F7DC065F07EC066F065
:104650007FC067F080C068F028EC1DF091D8696BCE
:104660006A6B6B6BCB0E6C6F94D828EC1DF065C039
:1046700085F066C086F067C087F068C088F085C0A6
:1046800075F086C076F087C077F088C078F07DC07E
:1046900079F07EC07AF07FC07BF080C07CF0AEEC19
:1046A00080F075C098F076C099F077C09AF078C025
:1046B0009BF0896B8A6B8B6B8C6B656B666B676B26
:1046C0003F0E54D8A5EC5BF003E26CD8BF0E0AD0C5
:1046D000656B666B676BBF0E49D8A5EC5BF003E3B7
:1046E00061D83F0E8C6F7DC069F07EC06AF07FC0DC
:1046F0006BF080C06CF098C065F099C066F09AC00D
:1047000067F09BC068F028EC1DF03AD842D889C009
:1047100069F08AC06AF08BC06BF08CC06CF028EC3A
:104720001DF065C098F066C099F067C09AF068C047
:104730009BF08F5112E098C065F099C066F09AC066
:1047400067F09BC068F00EEC8CF065C098F066C016
:1047500099F067C09AF068C09BF098C07DF099C04E
:104760007EF09AC07FF09BC080F01200686F98C006
:1047700069F099C06AF09AC06BF09BC06CF01200AF
:1047800065C094F066C095F067C096F068C097F079
:10479000120094C065F095C066F096C067F097C0AF
:1047A00068F01200896B8A6B800E8B6F800CE4ECD2
:1047B00092F08EEC68F000018E6B8F6B906B916BBA
:1047C0008D6BB10ED5D87E6BF2EC8EF08EEC68F06E
:1047D000680E00018C6FE40EE82EFED78C2FFCD7FC
:1047E0000000B10E0001C4D87E6FF2EC8EF08EECAA
:1047F00068F0680E00018C6FE40EE82EFED78C2F57
:10480000FCD7000000018D2B020E8D65DAD78E815A
:104810008E0E896FF6EC74F000018E838E0E896F18
:10482000F6EC74F000018E858E0E896FF6EC74F054
:1048300000018E878E0E896FF6EC74F000018E8970
:104840008E0E896FF6EC74F000018E8B8E0E896FE0
:10485000F6EC74F000018E8D8E0E896FF6EC74F01C
:1048600000018E8F8E0E896FF6EC74F000018F8B35
:104870008E0E896FF6EC74F000018F898E0E896FB1
:10488000F6EC74F000018F878E0E896FF6EC74F0F1
:1048900000018F858E0E896FF6EC74F000018F8316
:1048A0008E0E896FF6EC74F000018F818E0E896F89
:1048B000F6EC74F000018F8F8E0E896FF6EC74F0B9
:1048C000000190818E0E896FF6EC74F000018F8DDF
:1048D0008E0E896FF6EC74F0000190838E0E896F56
:1048E000F6EC74F0000190878E0E896FF6EC74F090
:1048F000000190858E0E896FF6EC74F000019089AE
:104900008E0E896FF6EC74F0000191898E0E896F1E
:10491000F6EC74F0000191838E0E896FF6EC74F062
:104920000001908B8E0E896FF6EC74F00001908F71
:104930008E0E896FF6EC74F00001908D8E0E896FEB
:10494000F6EC74F0000191818E0E896FF6EC74F034
:104950000001918B8E0E896FF6EC74F00001918549
:104960008E0E896FF6EC74F0E4EC92F08EEF68F046
:104970007A6F230E7B6F010E7C6F8DC07DF0010C72
:10498000A26BA36BA46BA56B9E0EA26FEF0EA36F21
:10499000E10EA46F410EA56FA3D832EC3AF0CED849
:1049A0005C0E776FFE0E786FE80E796F3A0E7A6FB5
:1049B000B4EC21F073C09EF07CD828EC1DF0ACD88C
:1049C0008FD832EC3AF0BAD88BD832EC3AF0ADD876
:1049D000B4EC21F09CD88ED8ED0E776F450E786F31
:1049E000DE0E796FB20E7A6FB4EC21F073C09EF0D8
:1049F00060D828EC1DF090D873D832EC3AF09ED8ED
:104A00006FD832EC3AF091D8B4EC21F080D872D85B
:104A100067D832EC3AF089D8B4EC21F078D86AD86B
:104A20003A0E776F6D0E786FA00E796F2B0E7A6F3E
:104A3000B4EC21F073C09EF03CD828EC1DF06CD88B
:104A4000A2C073F0A3C074F0A4C075F0A5C076F046
:104A5000776B786B200E796F410E7A6FB4EC21F092
:104A600073C0A2F074C0A3F075C0A4F076C0A5F026
:104A7000A2C07DF0A3C07EF0A4C07FF0A5C080F0EE
:104A8000C9EC22F07DC0A2F07EC0A3F07FC0A4F0EC
:104A900080C0A5F0A2C065F0A3C066F0A4C067F016
:104AA000A5C068F082EC56F065C09CF066C09DF031
:104AB000120074C09FF075C0A0F076C0A1F0A2C033
:104AC00065F0A3C066F0A4C067F0A5C068F09EC002
:104AD00069F09FC06AF0A0C06BF0A1C06CF012003A
:104AE0009CC065F09DC066F0000E66BFFF0E676F4C
:104AF000686F010C75C0A0F076C0A1F09EC073F085
:104B00009FC074F0A0C075F0A1C076F0120073C011
:104B10009EF074C09FF0120065C0A2F066C0A3F0C2
:104B200067C0A4F068C0A5F0120065C077F066C049
:104B300078F067C079F068C07AF0120065C073F051
:104B400066C074F067C075F068C076F01200686FD8
:104B50007BD07E0E656F250E666F010E676F1200AB
:104B60009E0E656FBD0E666F000E676F1200860E9B
:104B7000656F140E666F010E676F1200E80E656FA9
:104B8000100E666F010E676F1200D00E656FDD0E9E
:104B9000666F000E676F1200A20E656FB50E666F2E
:104BA000000E676F1200000E656FF80E666F000E44
:104BB000676F12006C0E656F0D0E666F010E676FEA
:104BC0001200EA0E656FF60E666F000E676F120038
:104BD000100E656FF90E666F000E676F1200CC0E37
:104BE000656FF80E666F000E676F1200A40E656F9A
:104BF000F60E666F000E676F1200880E656FF80E76
:104C0000666F000E676F1200EE0E656FE40E666F42
:104C1000000E676F1200440E656FE90E666F000E9E
:104C2000676F1200440E656FF80E666F000E676FB7
:104C30001200100E656FE10E666F000E676F1200B6
:104C4000656B666B676B12000001685189E0020AB0
:104C5000E9E0010A8CE0070A91E0010A8FE0030A0B
:104C6000C5E0010A8BE00F0AB3E0020A80E0010A06
:104C700001E17DD71B0AD6E0010A87E0090AD2E0EC
:104C8000010A8AE0030A8FE03A0ACCE0010A01E156
:104C90006ED7030A01E16BD7010A8CE0070A91E0A5
:104CA000010A9DE0030AA9E0010AAEE00E0AB3E0A2
:104CB000030AB1E0010AA8E01B0ABBE0710AB2E0F6
:104CC000030AB0E0010AAEE0070AACE0010AAAE07C
:104CD000030AA8E0010AA6E00E0AA4E0030AA2E083
:104CE000010AA0E02B0A01E134D7110A01E169D7DA
:104CF000F10A98E0030A96E0070A94E0140A01E139
:104D000059D7010A01E125D7030A01E122D798D733
:104D1000C7D8DA22DECF77F0DDCF78F0C1D89DECAE
:104D200033F069EC42F0E75000017A6FB9D8BED891
:104D300069EC42F0E750796F3CC07BF03DC07CF0FD
:104D4000770E746FE8EC82F0000901E093D0770EE3
:104D50006C6F726B736B6C517FEC2BF069EC42F0F3
:104D6000E750030F706F000ED7EC91F000016C510B
:104D7000D96EDA6ADECF68F0DDCF69F070C06AF014
:104D800001EC83F0010E716F3FD0720E656F6C51B4
:104D9000D96EDA6ADECF6DF0DDCF6EF071516D2520
:104DA000D96E000E6E21DA6EDF50666F6651676F46
:104DB000686B67C068F0676B6551D96EDA6A6751D6
:104DC000DE1A6851DD1A080E6B6F74D868AF14D004
:104DD00001D012D06FD8D89067376837210E671985
:104DE000696F100E68196A6F6551D96EDA6A69C009
:104DF000DEFF6AC0DDFF02D0655164D86B076B51DE
:104E0000E4E101D0E2D7712B7051715DBEE301D0B6
:104E1000BCD76C5143EC2BF033D873C0DFFF6C511F
:104E200043EC2BF0DF2A6C5143EC2BF029D872C0F5
:104E3000DFFF6C5143EC2BF0DF2A6C5143EC2BF07D
:104E40001FD80D0EDF6E6C5143EC2BF0DF2A77C0BC
:104E500066F078C067F079C068F001D80BD0050023
:104E6000FA6E01013A51FD6E3B51FE6E3C51FF6EF0
:104E7000FA50120015D81AD869EC42F0E76A12000D
:104E8000DF506D6F6C51D96EDA6ADECF6EF0DDCF18
:104E90006FF06D516E25D96E000E6F21DA6E120023
:104EA00020EE02F03A50D9263B501200DA2210EEE2
:104EB00064F012006551D96EDA6ADECF67F0DDCF9B
:104EC00068F01200D96EDA6AD890DE36DD3612004C
:104ED000D0EC91F065C079F066C07AF0ADD88ED88C
:104EE000C80EDE6EDD6A20EE27F088D86E0EAFD8D1
:104EF00085D8B40EDE6EB9D881D8B40EADD87ED8C0
:104F0000010EDE6E80D87AD882D878D8010EDF6E96
:104F100097D88DEC5EF016EC8FF065C079F066C026
:104F20007AF08AD86BD82C0EDE6E010E9AD866D82D
:104F3000640E8DD863D8960EDE6E97D85FD8FA0EC1
:104F40008BD85CD8DE6A5FD859D861D857D8DF6A69
:104F500077D88DEC5EF022EC8FF065C079F066C0FA
:104F60007AF06AD84BD88A0EDE6E020E7AD846D80E
:104F7000300EDE6E020EDD6E20EE23F03FD87ED8BE
:104F800020EE25F03BD87AD820EE2BF037D8010E52
:104F9000DE6E39D833D83BD831D8020EDF6E50D808
:104FA0008DEC5EF020EE38F029D8DE6ADD6A010172
:104FB000A76B040EB26F060EB36F5BD801EC7BF0EB
:104FC0002DD85F6ACE6BCF6B2BEC92F065C068F08A
:104FD00066C069F06B6B6A6B6D6B340E6C6FF5ECD1
:104FE00086F0786B782B0E0E7865FCD70101BB81BB
:104FF000010E8F6FE6EC1BF0000012007951D926EC
:105000007A51DA221200DD6A20EE2DF01200580EDD
:10501000DE6E020EDD6E20EE3AF0020C020ECC6F58
:10502000CD6B080EC66F640EC76FFD0EC86FC969E1
:10503000D56B140ED46F140C000120EE29F0120071
:1050400079C065F07AC066F0686B676B1200DE6E3F
:10505000DD6A20EE23F01200DE6EDD6A20EE2BF01A
:105060001200DD6E20EE27F01200DD6A20EE25F042
:1050700012005A6A5B6A5C6A5D6AF80C440EDE6E66
:10508000020EDD6E020C70D0C6D853EF92F0C3D87A
:1050900026EF73F0C0D85EEF85F0BDD8EEEF8DF04F
:1050A000D8290001DE6FBFD8DF6FB3EF65F0D829D4
:1050B0000001986FB8D8996F39EF8FF0D8290001A7
:1050C000986FB1D8996FA1EF47F0D8290001986F78
:1050D000AAD8996FF6EF29F0D8290001986FA3D8C4
:1050E000996F04EF62F0D8290001986F9CD8996FEE
:1050F000FAEF59F0D8290001986F95D8996FE8EF29
:105100002FF089D856EF8EF020EE01F091D8DECF47
:1051100098F0DDCF99F0D2EF8FF020EE01F088D833
:10512000DECF98F0DDCF99F0DDEF91F0D8290001C6
:10513000656F79D8666F2FEF7FF0D8290001656F12
:1051400072D8666FD2EF8AF0D8290001956F6BD8BC
:10515000966F7BEF92F0D8C16CF0D9C16DF048EF3B
:1051600087F059D80FEF8DF0D8C1D9FFD9C1DAFF38
:10517000DF5002E16CEF71F0010AD8B41200030AAB
:1051800002E12FEF41F0010AECE0070A01E17CD7D0
:10519000140A02E163EF8DF0080A02E17EEF90F05D
:1051A000380A02E183EF5DF0100AD5E0710A01E1EF
:1051B0006ED7030A01E16ED7010A01E16ED7070A33
:1051C00001E16ED7010A01E172D7030A01E176D746
:1051D000010A01E17AD70E0A01E17ED7030A83E0D2
:1051E000010A88E01A0AD8B41200310AD8B41200B1
:1051F000010AA3E0100AD8B41200F10A82E0030AFF
:1052000083E0070A8AE0140AD8B41200010A9CE07D
:10521000030A8CE0120020EE01F0D851D926D951B2
:10522000DA22DF501200000E0101D9210001120024
:10523000D851D926D951DA2212000001786F78515D
:105240001FE0816B826B000E716F030E726FD8903E
:105250008135D96E8235DA6ED890D936DA36715109
:10526000D9267251DA22B9D8814B822B82BFEBD773
:10527000825103E10B0E815DE6E30101996B000CA5
:1052800001019951040D000EF324D96E030EF42090
:10529000DA6EA3D86DC079F06EC07AF06FC07BF083
:1052A00070C07CF06DC07DF06EC07EF06FC07FF08E
:1052B00070C080F0992B090E996501D0996B00019F
:1052C000876B886B79D8DE50795DDE507A59DE5075
:1052D0007B597C51800A776FDE50800A775909E24A
:1052E0006BD8DECF79F0DECF7AF0DECF7BF0DECF89
:1052F0007CF062D87D51DE5C7E51DE587F51DE58F5
:10530000DE50800A776F8051800A775909E254D8BD
:10531000DECF7DF0DECF7EF0DECF7FF0DECF80F01F
:10532000874B882B88BFCED7885103E10A0E875D53
:10533000C9E37D51795D656F7E517A59666F7F5102
:105340007B59676F80517C59686FF1EC78F065C0CC
:1053500083F066C084F067C085F068C086F086BFC1
:1053600009D08651851105E1C00E835D5D0E84591B
:1053700001E3000C86BF09D08651851105E1E00EDE
:10538000835D2E0E845901E3010C86BF09D086513E
:10539000851105E1700E835D170E845901E3020C3F
:1053A00086BF040C8651851105E1B80E835D0B0E96
:1053B000845901E3030C040C000E716F030E726F2D
:1053C000D8908735D96E8835DA6ED890D936DA36E6
:1053D0007151D9267251DA2212006DC0DEFF6EC003
:1053E000DEFF6FC0DEFF70C0DEFF1200C0D816EC1B
:1053F00079F068C0A4F069C0A5F00001A451A5111E
:1054000004E1B5D8886F020E4FD0040E9825A0D8BD
:10541000FFEC4EF07FC0A0F080C0A1F0982998D892
:10542000FFEC4EF07FC0A2F080C0A3F0A2C06DF0F0
:10543000A3C06EF0A0C06FF0A1C070F0A4C071F066
:10544000A5C072F0746B86EC30F028E201D026D053
:1054500074EC30F06C6B5ED808E301D006D069D8EC
:1054600004E301D002D0010E6C6F6C51000916E00C
:1054700001D014D07DEC30F06C6B4CD808E301D037
:1054800006D057D804E301D002D0010E6C6F6C51E6
:10549000000904E001D002D0010E746F74510009BC
:1054A00005E165D8886F030E896F31D020EE3AF0A0
:1054B00064D8020EDE18010ED8A4000E9F6F9F5113
:1054C00005E1A2C09BF0A3C09CF004D0A0C09BF05B
:1054D000A1C09CF020EE23F050D89BC0DEFF9CC002
:1054E000DDFF9F5105E1A0C09DF0A1C09EF004D05A
:1054F000A2C09DF0A3C09EF020EE25F03ED89DC036
:10550000DEFF9EC0DDFFAEEC8BF031D83BD8470EFE
:1055100068EF82F020EE13F06751D9266851DA2245
:10552000DE50655D6651800A6B6FDE50800A6B59F4
:10553000120020EE15F06751D9266851DA22655124
:10554000DE5CDE50800A6B6F6651800A6B59120078
:105550007F6F000E9921806F20EE1FF0A451D92695
:10556000A551DA22DECF81F0DDCF82F0120098C0A3
:10557000D9FF99C0DAFFDF501200A451D926A551F6
:10558000DA2212000001886F896B120070517BD8FB
:10559000030EDF6E7051D96EDA6ADECF71F0DDCFA7
:1055A00072F071C0D9FF72C0DAFF1B0EDF6E56D8E1
:1055B000500EDF6E705167D8DF2A50D8DF6A705105
:1055C00062D8DF2A4BD8DF6870515DD864EC34F0C4
:1055D00070C06BF0A5D8686B9BD803E008D001D0F1
:1055E00006D0682B050E6865F7D701D0F5D76F6B2D
:1055F00067D86F2B050E6F65FBD701D0F9D76B51BC
:1056000042D846D840D848D857D83DD8DF2A6B5121
:105610003AD842D879D837D8DF2A20D8010EDF6EA1
:10562000705131D8DF2A1AD8640EDF6E70512BD832
:10563000DF2A70515FEC34F069EC42F0E76A705198
:105640005ED869EC42F070511ED8DF50FD0FE76E56
:10565000705119D8640EDF60010C000C7051D96EC6
:10566000DA6A020ED926DF50716F7051D96EDA6A8C
:10567000DECF72F0DDCF73F071517225D96E000E5E
:105680007321DA6E1200D96EDA6A020ED926020C84
:10569000060EDF266B511200DF506C6F6B51D96E16
:1056A000DA6ADECF6DF0DDCF6EF06C516D25D96E0C
:1056B000000E6E21DA6E1200CA0EDF6E6B51120000
:1056C0006F516925D96E000E6A21DA6E6B51E16E59
:1056D000E26AE6CF6CF0E5CF6DF06B51E16EE26A05
:1056E000020EE126E7506C27000E6D236F516C25EA
:1056F000E16E000E6D21E26EDFCFE7FF1200D96E82
:10570000DA6A10EE02F01200FE0EDF6E6B5112002C
:1057100068516525D96E000E6621DA6EDE2812000A
:1057200069C065F06AC066F01200939A8A9A1A0EF0
:1057300000017D6FF80EE82EFED77D2FFCD700000C
:105740008A8A200E00017D6F290EE82EFED77D2F5C
:10575000FCD700D0C00E0001A0D8300EEEEC8BF0CC
:10576000C00E9BD8370EEEEC8BF0C00E96D8360EDE
:10577000EEEC8BF0A3D83F0E786F300EEEEC8BF092
:105780009DD83F0E786F370EEEEC8BF097D8280E31
:10579000786F360EEEEC8BF066D8300EEEEC8BF0B8
:1057A00062D8370EEEEC8BF05ED8360EEEEC8BF056
:1057B0006ED8300EEEEC8BF06AD8370EEEEC8BF034
:1057C00066D8360EEEEC8BF06ED8300EEEEC8BF029
:1057D0006AD8370EEEEC8BF066D8360EEEEC8BF016
:1057E000010E7A6F300EDEEC8BF0010E7A6F370E01
:1057F000DEEC8BF0010E7A6F360EDEEC8BF03AD8D1
:10580000300EEEEC8BF036D8370EEEEC8BF032D853
:10581000360EEEEC8BF07E6B34D8300EEEEC8BF067
:1058200030D8370EEEEC8BF02CD8360EEEEC8BF039
:105830007E2B170E7E65F0D7180E7E6F400E39D87E
:10584000300EEEEC8BF0400E34D8370EEEEC8BF0D1
:10585000400E2FD8360EEEEC8BF07E2B9B0E7E6525
:10586000EDD700009B0CC00E766F040E776FEB0E29
:10587000786FEB0CC00E766F090E776F030E786FA2
:10588000030C400E766F7EC077F0786B400CC00E34
:10589000766F010E776F786B010C766F060E776F5F
:1058A000020E786F020CC00E766F776B400E786F29
:1058B000400C766F7EC077F078691200C00E766F6C
:1058C000050E776F050C6C0EF66E200EF76E010E4E
:1058D000F86E06EEC9F010EE12F00900F5CFEEFFFB
:1058E000E550E150FAE1FC0EF66E030EF76E010E84
:1058F000F86E05EEC9F010EE36F00900F5CFEEFFB8
:10590000E550E150FAE1C60EF66E030EF76E010E99
:10591000F86E04EE72F010EE36F00900F5CFEEFFEF
:10592000E550E150FAE14C0EF66E090EF76E010EED
:10593000F86E03EE9DF010EE2FF00900F5CFEEFFAC
:10594000E550E150FAE1F80EF66EE60EF76E000E45
:10595000F86E02EEABF010EE54F00900F5CFEEFF5A
:10596000E550E150FAE14E0EF66E250EF76E010E8F
:10597000F86E01EEFAF010EE06F00900F5CFEEFF3A
:10598000E550E150FAE10DEE00F0D60EEE6AE806C1
:10599000FDE10CEE00F0FA0EEE6AE806FDE10BEE1A
:1059A00000F0FA0EEE6AE806FDE10AEE00F05A0E8B
:1059B000EE6AE806FDE109EE00F0DA0EEE6AE806AE
:1059C000FDE108EE00F0FA0EEE6AE806FDE107EEF2
:1059D00000F0E40EEE6AE806FDE106EE00F0C90E06
:1059E000EE6AE806FDE105EE00F0C90EEE6AE80693
:1059F000FDE104EE00F0720EEE6AE806FDE103EE52
:105A000000F09D0EEE6AE806FDE102EE00F0AB0E3E
:105A1000EE6AE806FDE101EE00F0D80EEE6AE80657
:105A2000FDE100EE33F02D0EEE6AE806FDE1019097
:105A3000019200014EEF4CF0E4C1D9FFE5C1DAFF5D
:105A4000DECFF7F0DDCFF8F0AF5105E1ABD836ECA3
:105A500091F08EEC68F00001666B080E656F97D8C8
:105A60006551671906E16651681901E002D0010E1F
:105A700001D0000E000914E06E6B010E36EC91F0BF
:105A8000840E7A6F240E7B6F78D8F2EC8EF0010EC4
:105A90000201AF6F0201AC6BAD6B8EEC68F058D0B9
:105AA000666B040E656F73D86551671906E1665120
:105AB000681901E002D0010E01D0000E000911E0CA
:105AC0006E6B010E36EC91F0690E7A6F240E7B6FCF
:105AD00054D8F2EC8EF00201AF6B64D836EC91F042
:105AE000D9D7010E666F656B52D86551671906E10B
:105AF0006651681901E002D0010E01D0000E0009C4
:105B000027E04AD8AF190EE0AFB103D00101BB9135
:105B100002D00101BB81010E01EC92F087EC92F002
:105B2000E6EC1BF0E0C1DCF1E1C1DDF1E2C1DEF148
:105B3000E3C1DFF122EECAF001D80AD00500FA6E07
:105B4000DE50FD6EDE50FE6EDE50FF6EFA5012002B
:105B50000201AF51D8B41200AE510101B819D8B446
:105B6000120020D836EC91F04DEC7FF00BD820ECF1
:105B70003DF0F2EC8EF08EEF68F0010E7C6F7D6FE1
:105B80007E6B010C65C07AF066C07BF01200F7C036
:105B900067F0F8C068F012000101010EBBA1000E11
:105BA0000201120000016E6B020CC651C25DC751AA
:105BB000C359C851C459C951C55908E3BB0E9C6F9C
:105BC000220E92D82F0E97D88EEC84F0CAC0D9FF3F
:105BD000CBC0DAFFDE50DE10DE1009E1340E00012A
:105BE0009C6F220E81D8300E86D88EEC84F0000196
:105BF00020EE03F086D808E1870E9C6F220E74D841
:105C0000310E79D88EEC84F0000120EE06F079D8C0
:105C100008E16C0E9C6F220E67D8320E6CD88EECA9
:105C200084F0000120EE09F06CD808E1170E9C6F9B
:105C3000220E5AD8330E5FD88EEC84F0C2C05BF3CC
:105C4000C3C05CF3C4C05DF3C5C05EF31E0E0301A8
:105C50005F6F2D0E606F000E616FC6C07DF0C7C014
:105C60007EF0C8C07FF0C9C080F0C2C081F0C3C060
:105C700082F0C4C083F0C5C084F0B8EC62F07DC08F
:105C80002BF27EC02CF27FC02DF280C02EF2CAC053
:105C90004AF2CBC04BF201016E6B6F6B0201276BB6
:105CA000286B296B2A6B2C0E0101B425726F000E34
:105CB000B521736F000E0001BB6F070EBC6FBE6B8A
:105CC000800EBD6F020120EE09F0D8EC17F0DECF98
:105CD000BFF0DECFC0F0DDCFC1F00CEC7BF05B0E8F
:105CE000C26F030EC36F12009D6F1B0E9E6F230EBB
:105CF0009F6FA16B1200A06F790EA26F230EA36F8E
:105D00001200CA51D926CB51DA22DE50DE10DE1045
:105D100012000001F251070ED8A4090E3E24010121
:105D2000D86F000E3F20D96FD8C1F6FFD9C1F7FF59
:105D3000000EF86E0900F5CFE1F10A00F5CFE2F1AF
:105D400052C265F053C266F08BD801D80DD0050061
:105D5000FA6E0900F550FD6E0900F550FE6E09005F
:105D6000F550FF6EFA50120065C0E3F166C0E4F131
:105D70000101E1510001F003F3CFD8F1F4CFD9F1E3
:105D8000F103F3500101D927E2510001F0030101B1
:105D9000F350D9276AD8DECFDAF1DDCFDBF1DA5163
:105DA000D825E56FD951DB21E66FE86AE836D9BF1F
:105DB000E806E76FE86AE7BFE806E86F030E37D842
:105DC00048D8DC51E55DDD51E659DE51E759E8512F
:105DD000800AE06FDF51800AE05902E2030E11D021
:105DE000050E25D836D8E551DC5DE651DD59E75181
:105DF000DE59DF51800AE06FE851800AE05908E27D
:105E0000050E15D8DAC1E5F1DBC1E6F1E76BE86B09
:105E10002CD8E5C1DEFFE6C1DDFFF3C0EAF0F4C037
:105E2000EBF0F5C0ECF0F6C0EDF0CCEF78F03E24EE
:105E3000D86F000E3F20D96FD8C1F6FFD9C1F7FF48
:105E4000000EF86E0900F5CFDAF10900F5CFDBF1AD
:105E50001200DA51DC6FDB51DD6FDE6BDF6B12009D
:105E60003EC0F6FF3FC0F7FF1200E3C1D9FFE4C117
:105E7000DAFF120020EE38F097D8DFAE16D020EE11
:105E800039F092D8DFB211D077D8CA5D9CD8CB59FF
:105E900090D8CC5993D8CD597BD891C0C6F192C037
:105EA000C7F193C0C8F194C0C9F120EE39F07CD895
:105EB000DFA216D020EE38F077D8DFBE11D05CD844
:105EC000C65D81D8C75975D8C85978D8C95960D81E
:105ED00091C0CAF192C0CBF193C0CCF194C0CDF186
:105EE0005A500101CA5D306F5B50CB59316F5C5025
:105EF000CC59326F5D50CD59336F30C17DF031C117
:105F00007EF032C17FF033C180F02C0E0001816F32
:105F1000010EDCEC3FF0BEEC48F07DC030F17EC0FD
:105F200031F17FC032F180C033F15A500101C65DBA
:105F30002C6F5B50C7592D6F5C50C8592E6F5D5048
:105F4000C9592F6F2CC17DF02DC17EF02EC17FF07D
:105F50002FC180F0D40E0001816FFE0E826F836925
:105F60008469BEEC48F07DC02CF17EC02DF17FC06D
:105F70002EF180C02FF11200D8905A348D6F5B340F
:105F80008E6F5C348F6F5D34906F8D510101120004
:105F90000001946F911F921F931F941F912B000E6D
:105FA000922393239423000C8B51D9268C51DA220F
:105FB00012000001926F8F51010112000001936FD6
:105FC0009051010112000001916F8E5101011200E8
:105FD00085D816EC79F068C09EF069C09FF000018A
:105FE0009E519F1104E17AD8886F020E50D09829F3
:105FF00066D8FFEC4EF07FC09AF080C09BF0040E94
:1060000098255DD8FFEC4EF07FC09CF080C09DF0DD
:106010009AC06DF09BC06EF09CC06FF09DC070F098
:106020009EC071F09FC072F0746B70D82AE201D0EC
:1060300028D05AD86C6B8AEC2AF009E301D007D03B
:1060400099EC2AF004E301D002D0010E6C6F6C5180
:10605000000917E001D015D050D86C6B8AEC2AF0FB
:1060600009E301D007D099EC2AF004E301D002D073
:10607000010E6C6F6C51000904E001D002D0010EDA
:10608000746F7451000905E129D8886F030E896F78
:1060900013D020EE27F043D89AC0DEFF9BC0DDFF6F
:1060A00020EE29F03CD89CC0DEFF9DC0DDFFAEECA9
:1060B0008BF014D8C2EC2AF04B0E68EF82F07F6FA1
:1060C000000E9921806F20EE1FF09E51D9269F511E
:1060D000DA22DECF81F0DDCF82F0120098C0D9FF46
:1060E00099C0DAFFDF5012006DC065F06EC066F037
:1060F00071C067F072C068F012006FC065F070C0C8
:1061000066F071C067F072C068F012006F516D5D8B
:106110006E51800A736F7051800A735912009E513C
:10612000D9269F51DA221200A0D8DE6ADD6A6CC03F
:1061300065F06DC066F07B0E676FF3EC71F065C0C3
:1061400080F066C081F080C065F081C066F06CC0F0
:1061500067F06DC068F07CD865C079F066C07AF0F1
:106160007951705D7A51715901E21200030E746F1A
:10617000756B8051745F8151755B7CD87451DE26DC
:106180007551DD2272D8DFCF74F0DE2ADFCF75F0D3
:10619000000EDD226FD8DECF76F0DDCF77F07451C0
:1061A0007625D96E75517721DA6EAA0EDF6E7E6B79
:1061B0007F6B20D07E517B0FD96EDA6A72C0E1FF0F
:1061C00073C0E2FFE7CF74F0E62AE7CF75F0000E68
:1061D000E5226EC0E1FF6FC0E2FFE6CF76F0E5CFCB
:1061E00077F074517625E16E75517721B2EC70F03D
:1061F0007E4B7F2B80517E5D81517F59DBE335D80B
:106200006C51DE266D51DD2235D8DECF65F0DDCF55
:1062100066F02BD8DECF67F0DDCF68F038EC86F083
:10622000746F23D8DECF75F0DDCF76F023D8DECFC4
:1062300077F0DDCF78F075517725D96E76517821DA
:10624000DA6E74C0DFFF11D8DE2A000EDD22000CEA
:1062500067516525696F685166216A6F020E69256D
:10626000656F000E6A21666F120072C0D9FF73C09D
:10627000DAFF12006EC0D9FF6FC0DAFF1200000112
:10628000686F66D0040E656F260E666F010E676F2D
:106290001200740E656FDA0E666F000E676F1200E3
:1062A000B80E656F1F0E666F010E676F12003A0E13
:1062B000656F1A0E666F010E676F1200BA0E656F7A
:1062C000F40E666F000E676F1200980E656F060E73
:1062D000666F010E676F1200CE0E656F010E666F5E
:1062E000010E676F1200140E656FDA0E666F000EF6
:1062F000676F1200DC0E656FF90E666F000E676F38
:106300001200DC0E656F1C0E666F010E676F1200C7
:10631000F60E656F1B0E666F010E676F1200960E0C
:10632000656F010E666F010E676F1200F40E656FE8
:106330009F0E666F000E676F1200C60E656F150E1A
:10634000666F010E676F1200656B666B676B1200FC
:106350000001685197E0010A9CE0030A93E0010AFA
:106360009FE0070A9DE0140A8DE0080A8BE0380AD6
:1063700089E0100AE2E0710A93E0030A91E0010A61
:1063800096E0070A9BE0010AA0E0030AA5E0010AE3
:10639000AAE00E0AAFE0030AADE0010AA4E01A0A7F
:1063A000C5E0310ABCE0010A89E0100AB8E0F10A50
:1063B00001E176D7030AA5E0070AA3E0140AAFE0DB
:1063C000010AADE0030AA4E0BFD7F0C0D9FFF1C0D5
:1063D000DAFFDFAE000C42C065F043C066F079EC36
:1063E0008AF000097EE0000E5AEC6EF065C0DEF126
:1063F00066C0DFF120EE33F01BEC3DF010EE04F050
:1064000069EC42F0E6CFE0F1E5CFE1F10101E66BA6
:10641000E76B3ED020EE0DF01BEC3DF071D8DE5165
:10642000E65DDA6FDF51E759DB6FE051DA03F3CF56
:10643000DCF1F4CFDDF1DB03F350DD27E151DA03CA
:10644000F350DD27D851DC25E26FD951DD21E36F10
:1064500052D8E2C1A7F0E3C1A8F0C0EC40F0A5C05B
:10646000E4F1A6C0E5F1780EEDEC34F0E6C175F08C
:10647000E7C176F0E4C177F0E5C178F07A6B000E01
:10648000796F01EC35F021EC44F00101E64BE72B8C
:1064900029D8C0E3E66BE76B18D0E2EC34F035D8CE
:1064A000CCEC34F0A1EC3DF0D89001012ED8DA6E9E
:1064B000700ED926020EDA2223D8D8C1D9FFD9C14D
:1064C000DAFFE8EC34F0E64BE72B0CD8E6E3F2C059
:1064D000EAF0F3C0EBF0F4C0ECF0F5C0EDF0CCEC7A
:1064E00078F0010C4050E65DE751800AD86F4150CA
:1064F000800AD859120042C0A5F043C0A6F012008D
:10650000DECFD8F1DDCFD9F11200E635D96EE7350F
:106510001200010E35EC7EF086EC8EF0000902E0F0
:106520008EEF68F083EC92F0000904E0FDEC5CF083
:106530008EEF68F00001E66BE76B76D0D890E63519
:10654000D96EE7359EEC5BF0DECFE8F0DDCFE9F009
:10655000000120EE33F076D8DECFE4F0DDCFE5F0B9
:10656000E4C0D9FFE5C0DAFFDF50FEEC6FF0E8C011
:1065700065F0E9C066F079EC8AF0000943E0E8C014
:1065800067F0E9C068F062EC86F0000907E0E8C057
:1065900084F0E9C085F079EC49F043D0000120EEA9
:1065A0003CF050D8DFA212D020EE3BF04BD8DFB643
:1065B0000DD00101BD5135E1E8C0D2F0E9C0D3F002
:1065C000A6EC8CF044D8B3EC76F02BD0E8C067F0A2
:1065D000E9C068F008EC8EF0000907E0E8C084F03C
:1065E000E9C085F09EEC50F01CD0000120EE3BF09D
:1065F00029D8DFA2E1D7E8C0D4F0E9C0D5F04EEC4D
:1066000074F00FD0E8C065F0E9C066F055EC8AF090
:10661000000904E11CD8B3EC76F003D00101BD51B0
:10662000B6E10001E64BE72B0101AE510001E65D4A
:10663000E751800AE46FE7EC75F0E45901E27ED798
:106640008EEF68F0E851D926E951DA221200E8C04D
:10665000D4F0E9C0D5F0120020EE33F072D810EE7D
:1066600009F069EC42F0E650E610E61044E020EE56
:106670000BF067D86BD865D887D876D85ED869EC28
:1066800042F0E7509F6FA06B20EE33F05AD810EE27
:1066900009F069EC42F001D80AD00500FA6EE65024
:1066A000FD6EE650FE6EE650FF6EFA50120020EED0
:1066B0000DF047D864D820EE0BF043D847D841D826
:1066C00063D8A06B020E9F6F20EE33F03AD810EE25
:1066D00009F069EC42F001D80AD00500FA6EE650E4
:1066E000FD6EE650FE6EE650FF6EFA50120020EE90
:1066F0000FF027D844D020EE0BF023D82ED821D885
:1067000048D832D81AD869EC42F0E7507D6F7E6BDA
:10671000B1EC59F020EE0DF014D82CD820EE0BF08F
:1067200010D81BD80ED835D87E6B020E7D6FB1EC19
:1067300059F020EE0FF005D81DD0DA2210EE03F04C
:106740001200A351D926A451DA221200DECF9BF009
:10675000DDCF9CF020EE1FF01200DECF79F0DDCF10
:106760007AF020EE1FF0120020EE36F0A351D92669
:10677000A451120079C0DEFF7AC0DDFF12009BC079
:10678000DEFF9CC0DDFF1200DECF9DF0DDCF9EF06E
:106790001200DECF7BF0DDCF7CF01200705143ECB5
:1067A0002BF0030EDF6E7051D96EDA6ADECF71F016
:1067B000DDCF72F071C0D9FF72C0DAFF1B0EDF6E41
:1067C00069D8510EDF6E705143EC2BF0DF2A62D88E
:1067D000DF6A705143EC2BF0DF2A5CD8DF68705120
:1067E00043EC2BF071D870C06BF090EC2BF0686B21
:1067F00088EC2BF003E008D001D006D0682B050E02
:106800006865F6D701D0F4D76F6B60EC2BF06F2B77
:10681000050E6F65FAD701D0F8D76B5143EC2BF01A
:1068200048EC2BF043EC2BF04CEC2BF05CEC2BF019
:1068300043EC2BF0DF2A6B5143EC2BF04CEC2BF0AC
:1068400084EC2BF043EC2BF0DF2A24D8010EDF6E12
:10685000705143EC2BF0DF2A1DD8FFC1DFFF7051D0
:1068600043EC2BF0DF2A70512AD869EC42F0E76A3A
:1068700070517FEC2BF069EC42F0705143EC2BF03F
:10688000DF50FD0FE76E705143EC2BF0640EDF60BC
:10689000010C000C7051D96EDA6A020ED926DF5055
:1068A000716F7051D96EDA6ADECF72F0DDCF73F09E
:1068B00071517225D96E000E7321DA6E1200D96EF5
:1068C000DA6A10EE01F01200DF2AB6C169F0B7C132
:1068D0006AF01200C3EC77F0B0C0D8F1B1C0D9F1C2
:1068E00084D8780ED926020EDA22DECFF6F0DDCF7C
:1068F000F7F00001F051F6250101DA6F0001F151C6
:10690000F7210101DB6F780E000167D882C175F0B5
:1069100083C176F0DAC177F0DBC178F0D8C179F0C5
:10692000D9C17AF06ED821EC44F00101DC6FDC5162
:106930000DE148D88235D96E83352ED8A1EC3DF0D3
:1069400054D8700E33D8000143D81AD0DD6BDE6BFB
:106950000DD038D851D820D8A1EC3DF0D8904CD8E3
:10696000DA6E700E23D834D8DD4BDE2B4050DD5D5F
:10697000DE51800A0001F66F4150800AF659E9E3C2
:10698000A1EC89F0F2C0EAF0F3C0EBF0F4C0ECF057
:10699000F5C0EDF0CCEF78F0DA6E780ED926020E65
:1069A000DA22DECFA9F0DDCFAAF01200D926020E3E
:1069B000DA22DECFF6F0DDCFF7F0F6C0D9FFF7C070
:1069C000DAFF120042C0A7F043C0A8F0D89012002E
:1069D000A7C0DEFFA8C0DDFF1200716F020E726F4C
:1069E00040C073F041C074F01200D89001018235AC
:1069F000D96E8335DA6E12000101DD35D96EDE35D0
:106A0000120084C17BF085C17CF01200256A266AE1
:106A1000276A25C002F026C003F0000E2724D96E95
:106A2000DA6A010EDA22DF50046EBBEC7BF002C0A2
:106A300025F003C026F0272A0D0E2764EAD725503B
:106A400026107AE101C128F004C101F128C004F147
:106A500002C128F003C102F128C003F101C102F014
:106A600002C103F003C104F004C105F016EC7AF092
:106A700002C001F103C002F104C003F105C004F13A
:106A8000066A076AC80E086E420E096E01C102F05E
:106A900002C103F003C104F004C105F093EC1AF045
:106AA00002C01BF003C01CF004C01DF005C01EF0A6
:106AB00018EC57F01BC06CF11CC06DF106C128F03A
:106AC00009C106F128C009F107C128F008C107F182
:106AD00028C008F106C102F007C103F008C104F0A4
:106AE00009C105F016EC7AF002C006F103C007F107
:106AF00004C008F105C009F1066A076AC80E086EED
:106B0000420E096E06C102F007C103F008C104F08D
:106B100009C105F093EC1AF002C01BF003C01CF091
:106B200004C01DF005C01EF018EC57F01BC06AF140
:106B30001CC06BF1966B04D0010E0101966F000032
:106B40000000120068C065F069C066F0B5EC8CF01A
:106B50006E6F736B0101B3A50BD0000120EE3BF00B
:106B60006851D9266951DA22DFA602D0010E736F6F
:106B700000017351010ED8B4000E6F6F68C065F04C
:106B800069C066F055EC8DF0706F6FD8DFA0000E15
:106B9000716F6BD8DFA2000E726F746B756B44D08F
:106BA000D8907435D96E75359EEC5BF0DECF76F0FB
:106BB000DDCF77F076C065F077C066F055EC8AF0EF
:106BC000000930E06F5112E03BD8DFA80FD06A51C6
:106BD00074190BE16B51751908E120EE3CF0765108
:106BE000D9267751DA22DF8001D037D868C065F026
:106BF00069C066F055EC8AF0000914E06E5103E0BC
:106C00001FD8DFB02AD8705103E01AD8DFB225D8D8
:106C1000715103E015D8DFB420D8725103E010D8C9
:106C2000DFB61BD8744B752B0101AE510001745DAA
:106C30007551800A6C6FE7EC75F06C59B1E3120086
:106C40006A5176256C6F6B5177216D6F500E6C25F4
:106C5000D96E000E6D21DA6E120020EE3CF07651F6
:106C6000D9267751DA22DF82120020EE38F06851FF
:106C7000D9266951DA22010CE50E0001736F010E6D
:106C8000746FA2EC6FF073C0E6F174C0E7F101011C
:106C900077D8DFA00AD0DAC165F0DBC166F0DCC1CD
:106CA00067F0DDC168F090EC90F00101DF51E01178
:106CB00008E0DFC1D9FFE0C1DAFFE6C1DEFFE7C1CE
:106CC000DDFFE151E21106E0E1C1D9FFE2C1DAFFE7
:106CD000E5C1DFFF5CD8DE5015E1DE0413E1E551CC
:106CE00011E04ED8DFB40ED04BD8DFB60BD0DAC1EE
:106CF000F0F0DBC1F1F0DCC1F2F0DDC1F3F08AECC1
:106D000085F0010C44D8DE04DE1005E040D8020E08
:106D1000DE18DE101CE1E55103E132D8DFA4010CDE
:106D20002FD8DFB2010C33D8DE04DE1005E134D8F1
:106D3000FF0EE3EC7FF0010C2AD8020EDE18DE1005
:106D4000D8A4010C29D8010EE3EC7FF0010C1FD868
:106D5000800EDE18DE1013E1DE5111E0E551D8B4EB
:106D6000010C0ED8DFB2010CDAC1F0F0DBC1F1F09A
:106D7000DCC1F2F0DDC1F3F070EC87F0010C000C27
:106D800020EE02F0E651D926E751DA221200E6C1E0
:106D9000D9FFE7C1DAFF1200DAC1F5F0DBC1F6F086
:106DA000DCC1F7F0DDC1F8F01200270E7DD8B2C0CB
:106DB000D9FFB3C0DAFF7ED8250EB025B66F6ED8E6
:106DC00064D8BD6B030EBC6F20EE22F07ED8DF507E
:106DD00015E0BD6B040EBC6F20EE3AF076D8020EC3
:106DE000DE1802E1230E06D0230EB025B66F56D86A
:106DF0004CD8250E59D820EE04F047D8290E54D887
:106E0000BCC0B8F0BDC0B9F0D890B837B937B851E8
:106E1000B225BA6FB951B321BB6FFE0EBA25D96E38
:106E2000FF0EBB21DA6E46D8BE6BBF6B20D0B0C060
:106E3000A5F0B1C0A6F043D8B251D926B351DA2299
:106E4000DECFB6F0DDCFB7F0B6C0D9FFB7C0DAFFFE
:106E5000A7EC3CF0C0EC40F032D8B451D926B55183
:106E6000DA22A5C0DEFFA6C0DDFFBE4BBF2BBC51A2
:106E7000BE5DBF51800AB66FBD51800AB659D7E3D7
:106E8000BCC0B0F0BDC0B1F01200B251D926B351B0
:106E9000DA22B6C0DEFFB7C0DDFF1200000EB1215E
:106EA000B76F20EE02F01200B025B66F000EB121D0
:106EB000B76F1200B6C0DEFFB7C0DDFF1200D8907A
:106EC000BE35D96EBF35DA6E1200B051D926B15138
:106ED000DA221200726B706B7FD8D96E6A5168210A
:106EE000DA6E72516525E16E000E6621E26EE750A2
:106EF0006B6FD8906B37D8906B37D8906B35DF6E4F
:106F00006BD86B6F6A5168216C6F6B2959D86D6FA4
:106F1000050E6E6FD8906D336E2FFCD76D51DF6EFE
:106F2000722B702B030E7065D7D76F6B5ED86F51C5
:106F30003BD8100E6B25E16E000E6C21E26EDFCFA8
:106F4000E7FF722B6F2B030E6F65F0D7716B7151DA
:106F50002BD8080E6B2534D80F0BDF6E46D8DF50C8
:106F6000696F693B0F0E691769A10AD071511CD86E
:106F7000080E6B25D96E000E6C21DA6E000EDB8ECA
:106F8000715112D8090E6B251BD86D6F050E6E6FEF
:106F9000D8906D336E2FFCD76D51DF6E722B712B35
:106FA000030E7165D4D7030C696F6A6BD89069378B
:106FB0006A37695167256B6F6A5168216C6F1200DF
:106FC000D96E000E6C21DA6E72516525E16E000EED
:106FD0006621E26EE75012007051020DF3CF69F0A6
:106FE000F4CF6AF069516725120072516525D96E98
:106FF000000E6621DA6E1200E15115E1040EE05D2B
:1070000012E2D00E00019C6F210E9D6F440E9E6F08
:10701000230E9F6FA16B2E0EA06F560EA26F230E34
:10702000A36F8EEC84F0DAC1B3F0DBC1B4F0DCC145
:10703000B5F0DDC1B6F075EC5CF0000901E01200BE
:107040000101E86BE96BDAC1ADF0DBC1AEF0E80E2F
:107050000001AF6F010EB06F7EEC83F0ADC0E2F1C6
:10706000AEC0E3F1E8C165F0E9C166F06529656F7E
:10707000000E6621666F65C0E4F166C0E5F1950E0D
:10708000656F030E666F0101E451DA250001676F39
:107090000101E551DB210001686FE2C169F0E3C144
:1070A0006AF0F2EC79F034D80101DE250001676F57
:1070B000000E0101DF210001686FFB0E0101E025D8
:1070C0000001696FFF0E0101E12100016A6FA3EC6D
:1070D00072F006D0E6C1D8F1E7C1D9F143EC28F04F
:1070E000C40E0001796F1C0E7A6F010E7B6F44ECA9
:1070F0008FF065C07CF066C07DF0E5EC42F079C0B1
:10710000E6F17AC0E7F10101E651E711E3E112008F
:107110008D0E656F030E666F040C0101BBA112009A
:1071200000016E6B010E36EC91F06E6B020E36ECC8
:1071300091F0000E6E6B36EC91F0170E7A6F240E04
:1071400095EC4CF0F2EC8EF0890E656FB9C168F0E9
:10715000BAC169F06CD867C066F0676B663B0F0E0A
:107160006617661753D8D96EDA6A0800F5CFDFFFC5
:1071700069510F0BC30FF66E200ED8B0010FF76EDA
:10718000F86A000EF8226551D96EDA6AD92A080029
:10719000F5CFDFFF4CD8040ED89067336633E82E66
:1071A000FBD70F0E661732D843EC2BF00800F5CF53
:1071B000DFFF0F0E6815666F29D834D80800F5CFA9
:1071C000DFFF0101BBB106D0EF0E00018D6F230E72
:1071D0008E6F04D0890E00018D6F8E6B8DC07AF09A
:1071E0008EC07BF0BDEC2DF0F2EC8EF08EEC68F0F2
:1071F0000201AC6BAD6B030E0001656F65C0ABF2B5
:107200000101BB97BB85100E01EF92F0676BC30EB7
:107210006625F66E200E6721F76EF86A000EF822DA
:1072200065511200D96EDA6A030ED926030C68C0C4
:1072300066F069C067F01200D0EC91F065C0C5F04F
:1072400066C0C6F022EC8FF065C0C8F066C0C9F019
:1072500016EC8FF065C0CAF066C0CBF00001C36BBE
:107260000101A25108E0C8C065F0C9C066F0F1ECA8
:107270008CF0000903E0010E0001C36FC46B010133
:10728000A15108E0CAC065F0CBC066F0F1EC8CF00B
:10729000000903E0010E0001C46F010E0101A26F9D
:1072A000A16FC8C065F0C9C066F0CBEC86F0CAC05B
:1072B00065F0CBC066F0CBEC86F0C5C065F0C6C00B
:1072C00066F0F1EC8CF00009010ED8A4000EC26F3C
:1072D000C8C0B6F0C9C0B7F0BEC0B8F0BFC0B9F002
:1072E000C2C0BAF020EE19F0C551D926C651DA2233
:1072F000DECFBBF0DDCFBCF0C3C0BDF05BEC78F0FF
:10730000CAC0B6F0CBC0B7F0C0C0B8F0C1C0B9F0C9
:10731000010EBA6FC0C0BBF0C1C0BCF0C4C0BDF0AC
:107320005BEC78F011D8C76FC8C069F0C9C06AF0CB
:10733000C7C06BF0A7EC4FF0CAC069F0CBC06AF0D1
:10734000C7C06BF0A7EF4FF00101010EB3A1000E13
:1073500000011200E4C1D9FFE5C1DAFFDECFF7F08A
:10736000DDCFF8F00001666B100E76D86551671915
:1073700006E16651681901E002D0010E01D0000E4D
:1073800000090CE022EEC7F00500FA6EDE50FD6E3B
:10739000DE50FE6EDE50FF6EFA501200666B200E5D
:1073A0005BD86551671906E16651681901E002D0A2
:1073B000010E01D0000E00090CE022EED0F0050015
:1073C000FA6EDE50FD6EDE50FE6EDE50FF6EFA503D
:1073D0001200666B400E40D86551671906E1665190
:1073E000681901E002D0010E01D0000E00090CE086
:1073F00022EED9F00500FA6EDE50FD6EDE50FE6E14
:10740000DE50FF6EFA501200010E666F656BF7C01A
:1074100067F0F8C068F06551671906E166516819B0
:1074200001E002D0010E01D0000E0009D8B4120014
:10743000E0C1DCF1E1C1DDF1E2C1DEF1E3C1DFF188
:1074400022EEC1F00500FA6EDE50FD6EDE50FE6EDB
:10745000DE50FF6EFA501200656FF7C067F0F8C09B
:1074600068F012006D6F00016D511CE068AF1AD01A
:1074700065C069F066C06AF067C06BF068C06CF008
:10748000691F6A1F6B1F6C1F692B000E6A236B2319
:107490006C2369C06FF06AC070F06BC071F06CC093
:1074A00072F008D065C06FF066C070F067C071F010
:1074B00068C072F0655166116711681105E1656B6E
:1074C000666B676B686B1200960E6E6F02D06E2B48
:1074D0004AD8696B6A6B6B6BFE0E72153ED808E07A
:1074E000F6D76E2B6F2B000E7023712372233BD8BF
:1074F000696B6A6B6B6B725130D807E0F2D76E071D
:10750000D8906F3770377137723771BF03D0020E62
:107510006E61F5D76EA1719FD8906E336EC069F021
:107520006A6B6B6B6C6B69C06CF06B6B6A6B696BD5
:1075300069516F136A5170136B5171136C5172134F
:107540006D5102E068BF728F6FC065F070C066F069
:1075500071C067F072C068F012006C6F69516A11F7
:107560006B116C111200D8907233713370336F331A
:107570001200C9C074F0CAC075F0CBC076F0CCC0A0
:1075800077F03BEC81F0CBC065F0CCC066F030EC1E
:107590002FF0000EF86E01D80DD00500FA6E09002C
:1075A000F550FD6E0900F550FE6E0900F550FF6EB6
:1075B000FA50120065C0D9FF66C0DAFFDECFD3F003
:1075C000DDCFD4F0D351D41111E143D8F5500900E7
:1075D000F5100CE03ED8F5CF7AF00A00F5CF7BF03D
:1075E00085EC68F044D82FD8F2EF8EF0D3C065F068
:1075F000D4C066F0686B3C0E676F60EC79F0655143
:10760000D16FD3C065F0D4C066F0686B3C0E676F75
:10761000F2EC7EF06551D26FD151640DF3CFCDF015
:10762000F4CFCEF0D251CD25CF6F000ECE21D06F4A
:10763000CFC0C4F0D0C0C5F073EC74F018D869ECBA
:1076400074F092EF8EF0DA22DF507D6F010E7E6FC4
:10765000010C0B0E3E24CD6F000E3F20CE6FCDC02F
:10766000F6FFCEC0F7FF000EF86E09001200CB51F6
:10767000D926CC511200000E01018A6F0D0E8B6FBE
:1076800020EECAF065D8D70EDE6E010EDD6E20EE5C
:10769000CFF05ED8AA0EDE6EFB0EDE6E000EDE6E42
:1076A00020EE64F055D8DF6A20EED2F051D8DF6AC0
:1076B00020EECCF04DD8DE6ADD6A20EECEF048D860
:1076C000DF6A20EED3F044D8B20EDE6E120EDE6E0C
:1076D000010EDE6E8AC165F08BC166F00001676B3A
:1076E0003CD8672B630E6765FBD701D0F9D73DD82F
:1076F000650E01018A250001656FC0EC14F0666F0C
:107700000001676B2AD8672B630E6765FBD701D032
:10771000F9D72BD88AC1A7F28BC1A8F2650E010157
:107720008A250201A96F000E01018B210201AA6FB7
:10773000A70E0001A46F020EA56F9BEC14F008D8F1
:10774000DECFA6F0DECFA7F0DDCFA8F040EF65F0EA
:107750008A51D9268B51DA22120067516525D96EDC
:10776000000E6621DA6EDF6A120020EE64F06551C9
:10777000D9266651DA22DF6A12006FD8DFA01FD047
:10778000BFC0A0F0C0C0A1F0C1C0A2F0C2C0A3F0B1
:10779000C3C0A4F0C4C0A5F048EC75F0000938E0FF
:1077A000BFC065F0C0C066F0C1C067F0C2C068F07D
:1077B000C3C069F0C4C06AF0F8EC85F029D0BFC03E
:1077C000A0F0C0C0A1F0C1C0A2F0C2C0A3F0C3C06D
:1077D000A4F0C4C0A5F00FEC78F0000919E0BFC018
:1077E000B9F0C0C0BAF0A6EC63F0000903E00101F3
:1077F000B3B50ED0BFC065F0C0C066F0C1C067F0C1
:10780000C2C068F0C3C069F0C4C06AF0CCEC85F0B7
:1078100024D8DFA011D0BFC06BF0C0C06CF020EE48
:1078200046F023D80500FA6EDE50FD6EDE50FE6E87
:10783000DE50FF6EFA501200BFC06BF0C0C06CF09B
:1078400020EE49F012D80500FA6EDE50FD6EDE50D3
:10785000FE6EDE50FF6EFA501200000120EE3BF08B
:10786000BF51D926C051DA221200BF51D926C051CA
:10787000DA221200C0C0B0F0C1C0B1F0C60EB26FC3
:10788000B36BCE0EB46FB56BD5EC36F0B0C0D6F09E
:10789000B1C0D7F0C0C0A5F0C1C0A6F020EE15F071
:1078A000C051D926C151DA2252D8C0EC40F0A5C04F
:1078B000C4F0A6C0C5F0D86BD96B1BD0CE0E716FCB
:1078C000726BD6C073F0D7C074F0D8C075F0D9C051
:1078D00076F042D8DECF77F0DDCF78F07A6B000E0D
:1078E000796FC4C07BF0C5C07CF021EC44F0D84B6C
:1078F000D92B24D8E3E3D86BD96B1DD0C0C0A7F037
:10790000C1C0A8F029D8DECFA9F0DDCFAAF0A1EC44
:107910003DF0D851020DF350C60FD96EDA6ADECFB2
:10792000C2F0DDCFC3F0C2C0D9FFC3C0DAFFE8ECBC
:1079300034F0D84BD92B02D8E1E31200D651D85DF0
:10794000D951800AC26FD751800AC2591200DECFC6
:10795000A7F0DDCFA8F01200D851020DF350CE0FE2
:10796000D96EDA6A1200B0C1D1F0B1C1D2F020EE06
:1079700033F061D8DECFCFF0DDCFD0F0D1C06EF0E4
:10798000D2C06FF046EC84F0D1C06FF0D2C070F07E
:1079900020EE3AF050D8DF500001716F00EC80F01B
:1079A000CFC0D9FFD0C0DAFFDF50FEEC6FF0C00EC1
:1079B00000017A6F230E95EC4CF0F2EC8EF020EE85
:1079C00029F039D843D8CB6B010ECC6F80EC7AF01C
:1079D00020EE22F030D8DF500AE020EE23F02BD842
:1079E00035D8010ECB6FCC6B80EC7AF008D0990EB5
:1079F0007A6F240E7B6FBDEC2DF0F2EC8EF020EE52
:107A000025F019D823D8010ECB6FCC6F80EC7AF01B
:107A1000C60E7A6F230E7B6F13D8F2EC8EF020EE39
:107A200027F009D813D8020ECB6F010ECC6F80EC73
:107A30007AF09AEF6DF04250D9264350DA221200C4
:107A4000010E7C6F020E7D6F7E6B020CDECFC9F0E3
:107A5000DDCFCAF012000101B3A913D020EE2AF045
:107A60006BD8D9EC6BF0DE50E61801E102D0010EC4
:107A700001D0000E000905E1C6EC64F05DD8DF908E
:107A800012000001656B0101B3AB0CD001D00AD02C
:107A900020EE32F051D8DFB005D001D003D0010E76
:107AA0000001656F0001655100092BE03CC070F0DA
:107AB0003DC071F03FEC90F0B3A91FD020EE2AF04A
:107AC0003BD8DF5007E04BEC68F0DF9C030E49EC3D
:107AD00092F00CD04BEC68F0DF8C4BEC68F0DF9848
:107AE0004BEC68F0DF86040E49EC92F020EE2AF0B1
:107AF00023D8D9EC6BF0DFCFE7FF20EE32F01CD8B3
:107B0000DF800101FE5106E001D004D0FE6B9E6BC8
:107B1000010E0CD09E2B9E050001656FA60E6565BB
:107B200004D001D002D00101F2D7000E0009D8B470
:107B30001200010E49EF92F03C50D9263D50DA2256
:107B40001200000120EE1FF06DD8DECFAFF0DDCFC8
:107B5000B0F020EE36F0A751D926A8519DEC33F0B5
:107B600069EC42F0E750B16FB26B53D869EC42F068
:107B7000E650E610E61027E0A9C09BF0AAC09CF0F2
:107B800020EE13F04FD8DECF9DF0DDCF9EF0AFC0DA
:107B90009FF0B0C0A0F0B1C0A1F0B2C0A2F039D83F
:107BA00069EC42F001D80AD00500FA6EE650FD6E8D
:107BB000E650FE6EE650FF6EFA5012009BC0A7F032
:107BC0009CC0A8F0120020EE13F02CD8DECFABF052
:107BD000DDCFACF06C6B010E6B6FB151AF5D6D6FB3
:107BE000B251B0596E6F75EC7EF0A9516B03F3CFB3
:107BF000ADF0F4CFAEF06C03F350AE27AA516B0397
:107C0000F350AE27AB51AD25A76FAC51AE21A86F95
:107C1000120020EE33F0A751D926A851DA2210EE37
:107C20000FF01200A751D926A851DA2212007AC00B
:107C3000D9FF7BC0DAFF01011451DE180EE0010EFE
:107C40000001766F100E776F7AC0D9FF7BC0DAFF24
:107C5000DF50786F360EEEEC8BF0000120EE01F075
:107C60007A51D9267B51DA22DE500101151910E034
:107C7000010E0001766F120E776F20EE01F07A513F
:107C8000D9267B51DA22DF50786F360EEEEC8BF07E
:107C9000000120EE02F07A51D9267B51DA22DE5023
:107CA0000101161910E0010E0001766F140E776FB6
:107CB00020EE02F07A51D9267B51DA22DF50786F1C
:107CC000360EEEEC8BF0000120EE03F07A51D9264F
:107CD0007B51DA22DE500101171910E0010E00017C
:107CE000766F160E776F20EE03F07A51D9267B510E
:107CF000DA22DF50786F360EEEEC8BF07AC0D9FFC7
:107D00007BC0DAFFDECF14F1DECF15F1DECF16F146
:107D1000DECF17F1120000016A6F3CD0666B050ED2
:107D2000656F050C666B010E656F010C666B020ECC
:107D3000656F020C666B040E656F040C666B070EB4
:107D4000656F070C666B030E656F030C685103E1EA
:107D5000040E675DE3E320EE03F06551D92666511A
:107D6000DA22DF50696F050E6925656F666B000EBC
:107D70006623000C666B060E656F060C67C080F10B
:107D800068C081F167C065F068C066F01200656B7D
:107D9000666B120000016A51010AC0E0020AC2E0EB
:107DA000070AC0E0340AEAE0710ABCE0030ABAE05C
:107DB000010AB8E0070ABAE0010AB8E0030ABAE02B
:107DC000010ABCE00E0ABEE0030ABCE0010AB6E00C
:107DD0001A0ABCE0310AAAE0010AA8E0100AA6E0EB
:107DE000F10AA0E0030AA2E0070AA0E0140A9EE05C
:107DF000010A9CE0030ABEE0CAD78BC099F08CC090
:107E00009AF067D899C071F09AC072F09BC073F075
:107E10009CC074F08FC075F090C076F0776B786B73
:107E200081EC78F071C099F072C09AF073C09BF049
:107E300074C09CF08F51916F9051926F936B946BC3
:107E400091510008956F000E9255966F010E935553
:107E5000976F000E9455986F95C071F096C072F0B0
:107E600097C073F098C074F08DC075F08EC076F036
:107E7000D6EC3FF081EC78F071C095F072C096F0CE
:107E800073C097F074C098F09551992796519A2332
:107E900097519B2398519C23000E99257D6F800E4E
:107EA0009A217E6F000E9B217F6F000E9C21806FB8
:107EB000816B826B010E836F846BBEEC48F07DC0DA
:107EC00099F07EC09AF005D899C08BF09AC08CF0DA
:107ED0001200000E9ABFFF0E9B6F9C6F12005A504B
:107EE0008B5D8F6F5B508C59906F5C508D59916F8B
:107EF0005D508E59926F48D80A0EBBEC40F0BEEC34
:107F000048F04BD88FC071F090C072F091C073F000
:107F100092C074F0FCC175F0FDC176F047D881ECD9
:107F200078F071C08FF072C090F073C091F074C09F
:107F300092F092BF0CD028D830C181F031C182F0CC
:107F400032C183F033C184F0BEEC48F00BD01CD8B2
:107F50002CC181F02DC182F02EC183F02FC184F09D
:107F6000BEEC48F01AD810D8E80E816F030E24D862
:107F7000BEEC48F012D88F51BC088B6F9051D8A03E
:107F8000E82A02088C6F12008FC07DF090C07EF04E
:107F900091C07FF092C080F012007DC08FF07EC053
:107FA00090F07FC091F080C092F01200000E76BF7A
:107FB000FF0E776F786F1200826F836B846B1200F5
:107FC000EAC1DAF1EBC1DBF1ECC1DCF1EDC1DDF1CD
:107FD000DE6BEF0EDF6F010EE06FEE0EE16F010E54
:107FE000E26F3CEC36F0000901E0120001014CD8D0
:107FF000DFB21200EE5111E0EFC1F0F0F0C1F1F08C
:10800000EAC1F2F0EBC1F3F0ECC1F4F0EDC1F5F030
:10801000D0EC73F0000901E012000101EE5111E013
:10802000EFC1F0F0F0C1F1F0EAC1F2F0EBC1F3F012
:10803000ECC1F4F0EDC1F5F0E5EC31F0000901E040
:1080400012000101EE5103E11FD8DFA4120023D872
:10805000DFB403D020D8DFA612001DD8DFB403D0D0
:10806000EC69ED6903D0ED6B010EEC6FECC1F0F043
:10807000EDC1F1F0EAC1F2F0EBC1F3F0ECC1F4F0C4
:10808000EDC1F5F06AEF34F020EE02F0EF51D926A1
:10809000F051DA221200EFC1D9FFF0C1DAFF12006D
:1080A0008D296D6F000E8E216E6F6C6B200E6B6FC5
:1080B00075EC7EF06BC08FF06CC090F0000E90BF3E
:1080C000FF0E916F926F8BC071F08CC072F044D82C
:1080D0000A0E94EC20F081EC78F08F51715D976F6F
:1080E00090517259986F91517359996F9251745977
:1080F0009A6F97C071F098C072F099C073F09AC0EF
:1081000074F0050E94EC20F081EC78F02BD8090E79
:1081100032D8BEEC48F07DC093F07EC094F07FC0B2
:1081200095F080C096F0050E93257D6F000E94218A
:108130007E6F000E95217F6F000E9621806F0A0ED4
:108140001AD8BEEC48F07DC08BF07EC08CF07FC0AA
:108150008DF080C08EF01200000E72BFFF0E736FA4
:10816000746F120071C07DF072C07EF073C07FF03A
:1081700074C080F01200816F826B836B846B12007D
:10818000000120EE1FF066D8DECFACF0DDCFADF001
:1081900020EE36F0A551D926A6519DEC33F069ECBE
:1081A00042F0E750AE6FAF6B4CD869EC42F0E6504E
:1081B000E610E61027E0A7C097F0A8C098F020EEE0
:1081C00013F048D8DECF99F0DDCF9AF0ACC09BF029
:1081D000ADC09CF0AEC09DF0AFC09EF032D869EC4F
:1081E00042F001D80AD00500FA6EE650FD6EE65066
:1081F000FE6EE650FF6EFA50120097C0A5F098C0D0
:10820000A6F0120020EE13F025D8DECFA9F0DDCFC6
:10821000AAF0A951A75D716FAA51A859726FAE510A
:10822000AC5D6D6FAF51AD59E1EC51F075EC7EF086
:10823000DCEC51F0F4EC62F071C0A5F072C0A6F075
:10824000120020EE33F0A551D926A651DA2210EE05
:108250000CF01200A551D926A651DA221200030E05
:1082600000019D6F0101BBB305D0A7C199F00001CA
:108270009A6B04D000019A6B010E996F995131EC01
:108280008AF09E6F9D0E51D89EEC55F0040E9D6FA6
:10829000F7EC57F06CC09EF06DC09FF09D0E45D876
:1082A0009EEC55F0050E9D6F41EC58F06CC09EF0B1
:1082B0006DC09FF09D0E39D89EEC55F09B6B9B5185
:1082C0005AEC70F09B2B020E9B65F9D7070E9D6F41
:1082D00033EC69F06CC09EF06DC09FF09D0E25D808
:1082E0009EEC55F09C6B9C5199EC71F09C2B020E0E
:1082F0009C65F9D70A0E9D6F1CEC64F000019E6F1F
:108300009D0E13D89EEC55F00B0E9D6FB4C1D9FF96
:10831000B5C1DAFFDF509E6F9D0E07D89EEC55F079
:10832000886B896B020E68EF82F07E6F37C07FF03A
:1083300038C080F039C081F012000001C66FC0C0A3
:1083400065F0C1C066F0C2C067F0C3C068F090ECD1
:1083500090F0C6C0A7F1A8C1C7F0A9C1C8F000013C
:10836000C751C8111BE03CD84FD818E0C0C077F007
:10837000C1C078F0C2C079F0C3C07AF031D801D85A
:108380000DD00500FA6E0900F550FD6E0900F5509C
:10839000FE6E0900F550FF6EFA5012000001C65142
:1083A00094EC5FF065C0C9F066C0CAF0C9C0A8F11E
:1083B000CAC0A9F1C9C0AAF1CAC0ABF11ED824D85D
:1083C000D8B412001AD80500FA6E0900F550FD6EF7
:1083D0000900F550FE6E0900F550FF6EFA501200CC
:1083E000030EC725C46F000EC821C56FC4C0F6FFB9
:1083F000C5C0F7FF000EF86E1200C9C0F6FFCAC074
:10840000F7FF000EF86E12000900F5500900F51094
:108410000900F510120066517EEC52F05AD8E75070
:10842000676F67056D6F070E6D6501D0010C6D51AB
:10843000050DF3CF67F0F4CF68F0665179EC52F098
:10844000DECF69F0DDCF6AF0675169256B6F685147
:108450006A216C6F020E6B256E6F000E6C216F6FC0
:108460006EC0D9FF6FC0DAFF6DC0DFFF665183ECCD
:1084700052F02FD820EE01F031D810EE07F029D8B5
:1084800020EE02F02BD810EE08F023D820EE03F0F7
:1084900025D810EE09F01DD820EE04F01FD8040EE8
:1084A000D92610EE2AF015D8E72A20EE02F06E51F8
:1084B000D9266F51DA22DFA0000C665179EC52F018
:1084C00010EE2BF006D8010EE76E020E49EC92F08A
:1084D000000CDE50E126DD50E22212006E51D9265A
:1084E0006F51DA22E7CFDFFF6651D96EDA6A1200E8
:1084F00015EC8EF00001796FB6EC92F000017A6F06
:1085000083EC92F000017B6F7C6B0101B3A306D07A
:10851000E9EC77F0000902E0010E7C6F01EC77F0E6
:108520009FEC69F07D6B7E6B44D0D8907D35D96E21
:108530007E359EEC5BF0DECF7FF0DDCF80F07FC03C
:1085400065F080C066F055EC7EF07FC065F080C0BD
:1085500066F07AC067F079C068F06BEC63F07B512D
:1085600006E07FC068F080C069F05EEC84F07C516A
:1085700006E07FC068F080C069F076EC84F07FC0D0
:1085800068F080C069F07DC06AF07EC06BF0A2EC3C
:1085900035F07FC068F080C069F0470E7D25D96E48
:1085A000020E7E21DA6EDF506A6FAAEC7CF07D4B02
:1085B0007E2B0101AE5100017D5D7E51800A786FF6
:1085C000E7EC75F07859B1E31200716B010E706F32
:1085D000830E726F01D80AD00500FA6E7951FD6ED4
:1085E0007A51FE6E7B51FF6EFA501200000903E0D3
:1085F000796B7A6B120083C0D9FF84C0DAFFDF5039
:108600000301826F82513FEC31F065C080F066C09B
:1086100081F067C082F0805181118211E9E083C04E
:1086200065F084C066F0FF0E7C25676FFF0E7D212C
:10863000686F030182518BEC3EF065C07EF066C02E
:108640007FF07EC070F07FC071F0830E726F01D832
:108650000AD00500FA6E7951FD6E7A51FE6E7B519B
:10866000FF6EFA5012000009C3E183C070F084C0AD
:1086700071F0830E726F030E736F01D80AD005007C
:10868000FA6E8051FD6E8151FE6E8251FF6EFA507E
:108690001200820E0001796F030E7A6F120063D808
:1086A0005BEC88F0DE1001E1010C5DD8DA22DECF50
:1086B00090F0DECF91F0DECF92F0DECF93F024C1C8
:1086C00094F025C195F026C196F027C197F0D89077
:1086D00097339633953394339051945D986F9151BD
:1086E0009559996F925196599A6F935197599B6FDB
:1086F0008C5198257D6F8D5199217E6F8E519A21D5
:108700007F6F8F519B2125D8B8EC62F07DC09CF023
:108710007EC09DF07FC09EF080C09FF020EE2DF0C7
:108720008A51D9268B51DA22DECF90F0DDCF91F03D
:108730009051926F9151936F946B956B92519C5D98
:1087400093519D5994519E5995519F59D8B0010C00
:10875000000C806F24C181F025C182F026C183F016
:1087600027C184F0120020EE41F08A51D9268B51A6
:108770001200FACF29F0FBCF2AF0D9CF2BF0DACFB5
:108780002CF0F3CF2DF0F4CF2EF0F6CF2FF0F7CF63
:1087900030F0F8CF31F0F5CF32F0A0B6A1A60DD071
:1087A00001D80BD00500FA6E01016151FD6E6251D6
:1087B000FE6E6351FF6EFA5012009DB69EA60DD05C
:1087C00001D80BD00500FA6E01015E51FD6E5F51BC
:1087D000FE6E6051FF6EFA501200F2BAF2A402D09F
:1087E0008DEC8BF0A0B2A1A202D031EC85F0B9B42F
:1087F000BAA402D07CEC8BF0B9B8BAA802D06BEC6A
:108800008BF09DBA9EAA02D042EC5AF0A3BAA4AA59
:1088100002D0D5EC58F032C0F5FF31C0F8FF30C0BF
:10882000F7FF2FC0F6FF2EC0F4FF2DC0F3FF2CC0C2
:10883000DAFF2BC0D9FF2AC0FBFF29C0FAFF019243
:10884000110079C084F07AC085F085BF04D08551CD
:1088500006E1840504E275C084F076C085F07351AA
:10886000755D7D6F745176597E6F7B517D277C518C
:108870007E237D29826F000E7E21836F8451775D78
:108880007851800A7D6F8551800A7D5904E284C049
:1088900077F085C078F07751825D8351800A7D6FD3
:1088A0007851800A7D5904E282C077F083C078F065
:1088B000D8907535D96E7635DA6E7151D9267251E8
:1088C000DA2277C0DEFF78C0DDFF71C065F072C0CC
:1088D00066F073C067F074C068F075C069F076C068
:1088E0006AF0B1EC67F07F6F71C065F072C066F03E
:1088F00075C067F076C068F0AAEC6AF0806F010E70
:10890000816F7F5103E1805101E1816B8151120040
:10891000D0EC91F065C0DBF066C0DCF0DBC0D9FFC5
:10892000DCC0DAFF98EC4BF046EC84F0DBC065F07D
:10893000DCC066F079EC8AF0000906E0DBC0D2F01A
:10894000DCC0D3F0A6EC8CF0706B40D8D1EC90F08A
:10895000DCEC92F00001DA6FDA51C46FC56BC4BF72
:10896000C507C66B33D8C76F010EC86F92EC8EF087
:10897000010E706F2BD8C9EC90F028D86D6F010EE6
:108980006E6F070E5AEC90F0DBC065F0DCC066F04D
:10899000C6EC7AF065C0D8F066C0D9F0D8C07AF0DD
:1089A000D9C07BF032EC52F0F2EC8EF0FAEC76F0BB
:1089B000020E34EC5DF0F2EC8EF0010E706FD1EC33
:1089C00090F0010E706F020ED1EF90F020EE21F0CA
:1089D000DB51D926DC51DA22DF5012006A6F000128
:1089E0006C6B01D06C2B51D86C5158D8DF5003E020
:1089F000030E6C65F7D76C51D8B41200040E6C19D5
:108A000001E11200010E6B6F22D03FD86C51652737
:108A1000000E66236B51655DD96E6651D8A0660560
:108A2000DA6E280E676F030E686F040E6727000E5C
:108A300068236A516727000E68236B51675DE16EFA
:108A40006851D8A06805E26EDFCFE7FF6B2B6B5152
:108A50006C5DDBE26B6B05D018D86B511FD8DF6AF9
:108A60006B2B040E656F666B6C51655F000E665B69
:108A70006B51676F686B6551675D6851800A696FFC
:108A80006651800A6959E8E31200280E656F030EEB
:108A9000666F6A516527000E6623000C6525D96E46
:108AA000000E6621DA6E1200EAC1DAF1EBC1DBF1E9
:108AB000ECC1DCF1EDC1DDF1010EDE6FF10EDF6F17
:108AC000010EE06FF00EE16F010EE26F3CEC36F04C
:108AD000000901E0120001013FD8DFB21200F0519D
:108AE00011E0F1C1F0F0F2C1F1F0EAC1F2F0EBC136
:108AF000F3F0ECC1F4F0EDC1F5F08CEC76F0000988
:108B000001E0120030D8DFB403D02DD8DFA6120068
:108B10000101F05103E120D8DFA412001DD8010E9D
:108B2000DFA6000EED6F1FD8DFB403D0EE69EF694A
:108B300003D0EF6B010EEE6FEEC1F0F0EFC1F1F07C
:108B4000EDC1F2F0EAC1F3F0EBC1F4F0ECC1F5F0E5
:108B5000EDC1F6F089EF2EF020EE02F0F151D926AA
:108B6000F251DA221200F1C1D9FFF2C1DAFF12008C
:108B70000001A56B22EC8FF065C0A6F066C0A7F0DF
:108B800041D0A6C095F0A7C096F09FC097F0A0C0B6
:108B900098F0A1C099F0A2C09AF0F6EC4BF00ED07C
:108BA000A6C095F0A7C096F09FC097F0A0C098F01F
:108BB000A1C099F0A2C09AF0D6EC49F00001A56FCF
:108BC0002FD0A6C097F0A7C098F09FC099F0A0C082
:108BD0009AF0A1C09BF0A2C09CF013EC6BF00001D6
:108BE000A56FA55105E00101CF6B010ECE6F01D03D
:108BF0001FD8000120EE38F0A651D926A751DA225D
:108C0000DF9C0ED0BF510001A36FA46BA45108E1FB
:108C1000A35106E0010AD5E0030AB3E0010AC0E06F
:108C2000A6C097F0A7C098F0A5C099F038EF8BF0D8
:108C30000101CE6BCF6B120020EE3AF056D8DE0465
:108C400016E120EE25F051D810EE0DF04AD843D8A9
:108C500051D801E31BD020EE22F047D8DF5001E1CC
:108C6000010C20EE0DF041D810EE23F01FD020EEC5
:108C70003AF03BD8020EDE1827E120EE0DF035D891
:108C800010EE25F02ED827D835D805E320EE3BF09E
:108C90002CD8DF9419D020EE22F027D8DF5001E144
:108CA000010C20EE23F021D810EE0DF01AD813D8C5
:108CB00021D805E220EE3BF018D8DFA405D020EE45
:108CC0003BF013D8DF84010C67C065F068C066F024
:108CD0002DEC84F0000CE222DE50E65CE650800AC7
:108CE00012006751E126685112006751D926685178
:108CF000DA2212006D6FDE50800A6D591200000EEC
:108D000035EC7EF086EC8EF0000902E08EEF68F024
:108D100083EC92F0000904E0FDEC5CF08EEF68F06B
:108D20000001E66BE76B40D0D890E635D96EE735A9
:108D30009EEC5BF0DECFE8F0DDCFE9F0000120EE45
:108D400033F0E851D926E951DA22DECFE4F0DDCF65
:108D5000E5F0E4C0D9FFE5C0DAFFDF50FEEC6FF0CC
:108D6000E8C065F0E9C066F079EC8AF0000916E029
:108D7000E8C067F0E9C068F05BEC8CF0000907E040
:108D8000E8C07FF0E9C080F08AEC5AF00AD0E8C071
:108D9000D2F0E9C0D3F0A6EC8CF003D00101BD51B4
:108DA000EFE10001E64BE72B0101AE510001E65D6A
:108DB000E751800AE46FE7EC75F0E459B5E38EEF14
:108DC00068F0DBC6E1F1DCC6E2F1010120EE11F052
:108DD00053D8DECFD8F1DDCFD9F1030ED803F3CFCE
:108DE000DAF1F4CFDBF1D903F350DB2720EE0FF0FB
:108DF00043D8DECFDCF1DDCFDDF1DA51DC25D96EF1
:108E0000DB51DD21DA6EDECFDEF1DECFDFF1DDCF4B
:108E1000E0F1DDC6F5F0DEC6F6F0DFC6F7F0E0C63D
:108E2000F8F001D80AD00500FA6EDE51FD6EDF5170
:108E3000FE6EE051FF6EFA50120000091CE00101C5
:108E400020EE0DF019D810EE11F0E151E126E251BB
:108E5000E222E62A000EE522DE50E65CE650800AB9
:108E6000DC6FDE50800ADC5906E320EE11F004D8F6
:108E7000DE6ADD6A010C000CE151D926E251DA22EA
:108E8000120058D8DE50DE1001E1000C20EE3DF05B
:108E90008A51D9268B51DA22DECF90F0DECF91F0C5
:108EA000DECF92F0DECF93F024C194F025C195F08F
:108EB00026C196F027C197F0D89097339633953313
:108EC00094339051945D986F91519559996F925147
:108ED00096599A6F935197599B6F8C5198257D6F36
:108EE0008D5199217E6F8E519A217F6F8F519B21D9
:108EF000A9EC43F0B8EC62F07DC09CF07EC09DF020
:108F00007FC09EF080C09FF015D8DECF90F0DDCFFF
:108F100091F09051926F9151936F946B956B925128
:108F20009C5D93519D5994519E5995519F59D8B02C
:108F3000010C000C20EE2BF08A51D9268B51DA223D
:108F4000120050D816EC79F068C09CF069C09DF012
:108F500000019C519D1104E145D8886F020E30D06C
:108F600098297F6F000E9921806F20EE1FF09C5191
:108F7000D9269D51DA22DECF81F0DDCF82F0FFECE1
:108F80004EF07FC09AF080C09BF09AC065F09BC005
:108F900066F09CC067F09DC068F06C6B8AEC2AF0AC
:108FA00009E301D007D099EC2AF004E301D002D004
:108FB000010E6C6F6C51000905E114D8886F030E27
:108FC000896F0DD020EE25F09C5112D820EE23F0B1
:108FD0009C510ED8AEEC8BF005D8C2EC2AF0460EB0
:108FE00068EF82F098C0D9FF99C0DAFFDF50120015
:108FF000D9269D51DA229AC0DEFF9BC0DDFF120008
:10900000B9C065F0B8517BEC8FF0C06FBD6BB6AFE7
:1090100006D0010EBD6FB56DB61FD8B0B62BB5C06A
:10902000ABF0B6C0ACF0A30EAD6F020EAE6F30EC7D
:1090300063F00001B7510308BF6FC36BBF51C35D3D
:10904000010ED8A0000EBC6FBCC065F0A30EC325F6
:10905000D96EDA6A020EDA22DF501FEC59F0BE6FC9
:10906000B75104E0BF51C31901E1BE8FC051C32500
:109070001DD8BEC0DFFFC32B030EC365DFD7BD51B4
:10908000D8B41200C26B030EC16FC051C1250ED8F7
:10909000DF5006E1C051C12509D8400EDF6E400CFB
:1090A000C107D8A0C207C2BF1200EFD7BA6FBB6B0F
:1090B000280EBA25D96E030EBB21DA6E120000010C
:1090C000686F9C0E0901816F240E826F68C0A1F940
:1090D000FD0EAF6F020EB06FB26B010EB16FB56BCC
:1090E000720EB36F040EB46F720EB66F040EB76FCC
:1090F000A06B020E9F6F330E926F916F140E9C6FD8
:10910000C30E9D6F000E9E6F936B946B050E966F52
:10911000780E956F976B986BA26B020EA66F440E3C
:10912000A56F020EAA6F8A0EA96F020EA86F300EED
:10913000A76FAC6B010EAB6F020EAE6F580EAD6F2A
:109140003C0EC66F1D0EC76F010EC86F160EC96F9D
:10915000150ECA6F010ECB6F5A0ECC6F250ECD6F58
:10916000010ECE6F0101886B896B020E0901D96F68
:10917000800E0001656F090E666F1200866B84AF6A
:109180000AD0841F831F821F816D000E82238323D8
:109190008423010E866F80AF0AD0801F7F1F7E1F41
:1091A0007D6D000E7E237F238023010E861B876B3F
:1091B000886B896B8A6B815182118311841129E03C
:1091C000010E856F06D0D890813782378337843778
:1091D000852B84AFF8D7D8908737883789378A3777
:1091E00081517D5D82517E5983517F5984518059CF
:1091F00009E381517D5F82517E5B83517F5B8451A6
:10920000805B8781D8908433833382338133852F89
:10921000E2D7865108E08A1F891F881F876D000EDC
:10922000882389238A2387C07DF088C07EF089C087
:109230007FF08AC080F0120052D8DECFE6F1DDCF99
:10924000E7F14DD8010EDFA6000E0001F76F47D8F9
:10925000010EDFA4000EF71B1CE00201AC6BAD6B2E
:109260003ED8DFB605D00101E96B010EE86F03D0EF
:109270000101E869E969E8C1F0F0E9C1F1F0E0C194
:10928000F2F0E1C1F3F0E2C1F4F0E3C1F5F06AEC11
:109290006DF02AD8E6C167F0E7C168F0655167193B
:1092A00006E16651681901E002D0010E01D0000EFE
:1092B0000009D8B41200E0C1DCF1E1C1DDF1E2C186
:1092C000DEF1E3C1DFF122EEDCF00500FA6EDE50E4
:1092D000FD6EDE50FE6EDE50FF6EFA501200E4C1ED
:1092E000D9FFE5C1DAFF1200010E0001666F656B60
:1092F000010C000120EE38F055D8DA22DFA211D09F
:1093000084C065F085C066F055EC8AF0000909E17B
:109310006E6B40D836EC91F0010E6E6F3BD836EF95
:1093200091F015EC8EF000018A6F8A5108E084C03C
:109330007FF085C080F08AC081F08AEF6EF084C033
:1093400065F085C066F0C6EC7AF065C086F066C050
:1093500087F084C065F085C066F01FEC72F065C0D0
:1093600088F066C089F086C07AF087C07BF0010E75
:109370007C6F10D87D6F7E6BF2EC8EF088C07AF037
:1093800089C07BF07C6B20EE21F00CD823EC3BF005
:10939000F2EF8EF020EE21F08451D9268551DA22A9
:1093A000DF5012008451D9268551120000014FD898
:1093B000DF92080E0101C66F640EC76FFD0EC86F05
:1093C000C96995C065F096C066F0C4EC8CF00009E0
:1093D00001E1000C5A500001975D9B6F5B5098595A
:1093E0009C6F5C5099599D6F5D509A599E6F9EAFCE
:1093F000000C310E9B5D040E9C59FE0E9D59FF0E14
:109400009E59D8B0000C9EAF0AD0E00E9B5DC30EF3
:109410009C59FC0E9D59FF0E9E5901E2000C17D875
:10942000DF8297C0C6F198C0C7F199C0C8F19AC051
:10943000C9F195C079F096C07AF076EC77F00ED845
:1094400095C08BF096C08CF03AEC2FF0010C20EE1A
:1094500039F09551D9269651DA22120079C0D4F10B
:109460007AC0D5F1120022EC8FF065C0A9F066C079
:10947000AAF0A9C093F0AAC094F0C0EC87F093C002
:10948000ABF094C0ACF095C0ADF096C0AEF0ABC000
:1094900065F0ACC066F0ADC067F0AEC068F00FEC30
:1094A0007DF0ABC06DF0ACC06EF0ADC06FF0AEC083
:1094B00070F0000E1DEC29F00001A86F0101744B43
:1094C000752B2D0E745D010E755909E3A9C097F037
:1094D000AAC098F0000E0001996F38EF8BF074C1AC
:1094E00065F075C166F00001686B060E676FF2ECFF
:1094F0007EF065516611D8A41200A8510101C05D2B
:1095000001E2C02B030EC065030CABC09FF0ACC0E2
:10951000A0F0ADC0A1F0AEC0A2F0B8EF45F0990E3A
:109520000101AC6F020EAD6FAF6B030EAE6F000E9C
:1095300018EC5BF04AD865C0DEFF66C0DDFF45D899
:109540003BD8DF6A010EFCEC4CF01EEC8FF02FD8FC
:1095500065C0DEFF66C0DDFF20EE02F028D82CD803
:1095600035EC86F05FEC48F02AEC8FF020D865C02F
:10957000DEFF66C0DDFF20EE04F019D81DD8020E14
:10958000DF6E00016B6B6C6B3D0E6B25D96E010EAF
:109590006C21DA6EDF6A6B4B6C2B6CBFF5D76C51AC
:1095A00005E1030E6B5DD8B01200EED71200AC518E
:1095B000D926AD51DA221200DECF69F0DDCF6AF094
:1095C00069C0D9FF6AC0DAFF1200ACC1D9FFADC1D2
:1095D000DAFF120052D0070E926F916B186B196B65
:1095E0001A6B1B6B8C9E8C9C8C980101902B12002B
:1095F00092C102F01C0E9125D96EDA6A010EDA22B0
:10960000DF50036E022A02D0D8900332022EFCD71C
:1096100003A002D08C8801D08C98000000008C8CB4
:10962000E4D78C9C0000000083AA13D092C102F002
:10963000010E036E022A02D0D8900336022EFCD708
:10964000180E01019125D96EDA6A010EDA22035053
:10965000DF128C9C010E0101906F92510CE1070EFC
:10966000926F912B030E9165030C8C8E8C9C8C98C1
:10967000B998906B1200920712009051ACE0010A69
:10968000B7E0030ACEE0120022EC8FF065C0DEF0F6
:1096900066C0DFF0DEC0D9FFDFC0DAFF49D846EC94
:1096A00084F00DEC92F065C0DCF066C0DDF03AD8D5
:1096B0002BE0D6C065F0D7C066F0D8C067F0D9C03F
:1096C00068F090EC90F020D0DEC0D4F0DFC0D5F090
:1096D00077EF86F0DEC08BF0DFC08CF0DCC08DF061
:1096E000DDC08EF073EF81F0DEC08BF0DFC08CF058
:1096F000DCC08DF0DDC08EF010EF61F0DEC0D4F084
:10970000DFC0D5F088EF8CF00DD80001DA6FDB6B8D
:10971000DB51F4E1DA51010AD7E0030ADBE0010A88
:10972000E3E0ECD7DCC0D9FFDDC0DAFFDF50120088
:10973000DF5000016E6F6F6B1200866B876B886B5A
:10974000896B8A6B13D0010E866F260E896F240EEB
:109750000BD0010E876F210E896F240E05D0010EEC
:10976000886F1C0E896F240E8A6F13D020EE01F0D3
:109770008151D9268251DA22DF50846F856B855161
:1097800008E1845106E0010ADEE0030AE2E0010A92
:10979000E6E089518A11D8B4120089C07AF08AC0F3
:1097A0007BF07C6B1DD817D8F2EC8EF0010E706F39
:1097B00017D8DA22DF50D1EC90F0835104E0010198
:1097C000BD51D8A4120087C06EF088C06FF00001B0
:1097D0008651B6EF85F0DA22DF507D6F7E6B120086
:1097E00020EE21F07F51D9268051120000014FD880
:1097F000DF9EF80E010101EC7BF0020ECC6FCD6B09
:1098000095C065F096C066F0C4EC8CF0000901E1EB
:10981000000C5A500001975D9B6F5B5098599C6FEC
:109820005C5099599D6F5D509A599E6F9EBF000C78
:109830009E5108E1D00E9B5DFB0E9C59010E9D5977
:10984000D8A0000C9EBF0AD09E51E2E1210E9B5D84
:109850003C0E9C59030E9D5901E3000C18D8DF8E75
:1098600097C0CAF198C0CBF199C0CCF19AC0CDF1A4
:1098700095C079F096C07AF076EC77F02EEC4AF04D
:1098800095C08BF096C08CF03AEC2FF0010C20EED6
:1098900038F09551D9269651DA2212000000E9ECF1
:1098A00089F030EC7DF0F28EF28C64EC76F0D4EC42
:1098B00087F0D0B60ED03FD838D8F2EC8EF05F0EDD
:1098C0007A6F240E7B6F3CD8F2EC8EF08EEC68F051
:1098D000FFD7D0BA0ED02FD828D8F2EC8EF0DE0EFB
:1098E0007A6F230E7B6F2CD8F2EC8EF08EEC68F042
:1098F000FFD7ECEC92F0E6EC51F03FEC19F00101EF
:10990000B25167EC92F0070EB1EC90F007EC93F0D7
:10991000090EE26F3D0EE36FE46BE56B7AEC1FF02E
:10992000D18021EC91F02DEF10F07B6F010E7C6F58
:109930007D6B7E6B010CCC0E00017A6F230E120042
:10994000010E7C6F7D6B7E6F010C020E45180DE1E0
:10995000EAC1F0F0EBC1F1F0ECC1F2F0EDC1F3F0CF
:10996000A8EC6CF0000901E01200EAC1DAF1EBC1E9
:10997000DBF1ECC1DCF1EDC1DDF1010E0101DE6FC7
:10998000ED0EDF6F010EE06FEC0EE16F010EE26F86
:109990003CEC36F0000901E012000101EC5119E045
:1099A00020EE02F0ED51D926EE51DA22DFB211D0CD
:1099B000EDC1F0F0EEC1F1F0EAC1F2F0EBC1F3F06D
:1099C000ECC1F4F0EDC1F5F04EEC82F0000901E0DD
:1099D00012004504D8A41200EDC1D8F1EEC1D9F1AE
:1099E000ECC1DAF1EAC1DBF1EBC1DCF1ECC1DDF194
:1099F000EDC1DEF125EF66F0686F68C021F4F90E65
:109A000004012F6F020E306F326B020E316F356B17
:109A1000840E336F040E346F840E366F040E376F6E
:109A2000206B010E1F6F330E126F116FAA0E1C6F89
:109A3000C00E1D6F000E1E6F136B146B010E166FA0
:109A4000F40E156F176B186B010E226F246B960EB8
:109A5000236F266BFA0E256F010E2A6F2C0E296FCD
:109A6000286B640E276F2B6B2C6B020E2E6F580E1B
:109A70002D6F540E466F1D0E476F010E486F3A0E44
:109A8000496F150E4A6F010E4B6F660E4C6F250E17
:109A90004D6F010E4E6F010E596F000E0001656F84
:109AA000040E666F1200EAC1DAF1EBC1DBF1ECC122
:109AB000DCF1EDC1DDF1010EDE6FF00EDF6F010EA6
:109AC000E06FEF0EE16F010EE26F3CEC36F0000943
:109AD00001E012000101EF51D8B4120020EE02F0B3
:109AE000F051D926F151DA22DFB21200F0C1F0F0C4
:109AF000F1C1F1F0EAC1F2F0EBC1F3F0ECC1F4F026
:109B0000EDC1F5F095EC7EF0000901E012001CD8E3
:109B1000040EDE18DE1004E10001F169F0690AD0DC
:109B200013D8080EDE18DE10D8A412000001F16B65
:109B3000010EF06FEAC1F2F0EBC1F3F0ECC1F4F00A
:109B4000EDC1F5F07CEF62F0F0C1D9FFF1C1DAFFB1
:109B50001200686F010E0001696F020100B34CD062
:109B600068C001F20091008300970E0E096F010E8C
:109B7000086FF40E076F00851E0E0B6F250E0C6F1D
:109B8000010E0D6F1D6B1E0E0E6F250E0F6F010E59
:109B9000106F1E6B1E0E116F250E126F010E136FCC
:109BA0001F6B1E0E146F250E156F010E166F206BA6
:109BB000160E176F250E186F010E196F216B63ECCF
:109BC00090F09E96EC0E0001656F250E666F010EFB
:109BD000676F65C061F166C062F167C063F17E0EB8
:109BE000656FE20E666F000E676F65C05EF166C05E
:109BF0005FF167C060F1696B0001695112000001FB
:109C0000736B746B41D0D8907335D96E74359EECFC
:109C10005BF0DECF75F0DDCF76F0000120EE3BF09B
:109C200040D8DA22DFA00ED075C065F076C066F0AD
:109C30006EC067F06FC068F070C069F071C06AF004
:109C4000F8EC85F075C06BF076C06CF020EE49F052
:109C500028D8DA2201D80AD00500FA6EDE50FD6E4F
:109C6000DE50FE6EDE50FF6EFA501200000120EE54
:109C700041F017D8DEEC70F075C065F076C066F084
:109C80002DEC84F0734B742B0101AE510001735D18
:109C90007451800A726FE7EC75F07259B4E3C5EF46
:109CA0007FF07551D92676511200706F0101BD51B8
:109CB00004E10001705101E112000001746B756B49
:109CC00035D0D8907435D96E75359EEC5BF0DECF0B
:109CD00071F0DDCF72F0000120EE4CF036D801D8E3
:109CE0000AD00500FA6EDE50FD6EDE50FE6EDE50CC
:109CF000FF6EFA501200736F735103E00101BD5102
:109D000005E10001735110E170510EE074C065F07F
:109D100075C066F0000120EE3AF017D8DF50676F8B
:109D200073C068F053EC5FF0744B752B0101AE51BA
:109D30000001745D7551800A6F6FE7EC75F06F5923
:109D4000C0E312EC80F097EF8CF07151D92672517C
:109D5000DA22120002013B513F250001D06F0201BF
:109D60003C5140210001D16F02013D5141210001D0
:109D7000D26F02013E5142210001D36FD051CC5D20
:109D8000D151CD59D251CE59D351CF5901E2120000
:109D90002ED801D80AD00500FA6EDE50FD6EDE50D6
:109DA000FE6EDE50FF6EFA5012000DD801D824D09E
:109DB0000500FA6EDE50FD6EDE50FE6EDE50FF6E68
:109DC000FA50120019D067C07AF168C07BF17AC1ED
:109DD000BEF07BC1BFF078C1C0F079C1C1F0020113
:109DE00020EE06F04C51D9264D51DA2212004CC219
:109DF000D9FF4DC2DAFF120001019B6B120040D85F
:109E00004DD8831909E18251841906E142D8DECF89
:109E10007FF0DDCF80F0120033D8800E83BF7F0E3D
:109E2000846F8151835D8251800A845916E231D852
:109E3000DECF6BF0DDCF6CF023D8846B83BF84075B
:109E40008351815D6D6F845182596E6F75EC7EF028
:109E50006BC07FF06CC080F012001BD8DECF79F0B1
:109E6000DDCF7AF00DD81AD8835D7B6F825184598B
:109E70007C6FF5EC7DF079C07FF07AC080F0120045
:109E800020EE02F07F51D9268051DA22DF50836F15
:109E900012007FC0D9FF80C0DAFF1200846B83BF3D
:109EA000840781511200685105E16751D96EDA6A61
:109EB000DF801200680505E16751D96EDA6ADF823A
:109EC0001200020E681905E16751D96EDA6ADF8463
:109ED0001200030E681905E16751D96EDA6ADF8650
:109EE0001200040E681905E16751D96EDA6ADF883D
:109EF0001200050E681905E16751D96EDA6ADF8A2A
:109F00001200060E681905E16751D96EDA6ADF8C16
:109F10001200070E681905E16751D96EDA6ADF8E03
:109F20001200080E681909E16751D96EDA6ADF6814
:109F30006751D96EDA6ADF9E1200090E6819D8A43B
:109F40001200675100D0D96EDA6ADF6A1200000190
:109F50006B5108E069C065F06AC066F079EC8AF080
:109F6000000905E132D8DF9830D8DF9A120020EEE0
:109F700029F036D810EE0DF02FD86BEC46F035D81E
:109F800003E3716B712B02D00001716B1ED8713B22
:109F9000DF507119EF0B7119DF6E20EE0DF020D834
:109FA00010EE27F019D86BEC46F01FD803E3716B65
:109FB000712B02D00001716B08D8713B7147DF50E3
:109FC0007119DF0B7119DF6E120020EE38F0695144
:109FD000D9266A51DA2212006951E1266A5112002B
:109FE0006951D9266A51DA221200706FDE50800A58
:109FF0007059120072C06BF073C06CF06D6B70C062
:10A00000D9FF71C0DAFF6BC0E1FF6CC0E2FF2ED850
:10A0100010EE01F06B5134D829D810EE02F06B51DC
:10A020002FD8DFCFE7FF6D2B6D517025696F000EC4
:10A0300071216A6F20EE03F02AD869C0DEFF6AC082
:10A04000DDFF20EE02F023D8DF506D276D51702523
:10A05000D96E000E7121DA6E10EE05F06B5110D83A
:10A0600005D810EE06F06B510BD80ED0DFCFE7FF0E
:10A070006D2B6D517025D96E000E7121DA6E1200B4
:10A08000E1266C51E2221200DFCFE7FF12006B5194
:10A09000D9266C51DA2212000201AB510001F86F8F
:10A0A0000AD0040EF76FB00E02D0F76B960EF66F63
:10A0B00013D0000011D0F851F46FF56BF5510CE19D
:10A0C000F451F7E0010AF1E0030AEFE0010AE9E0E8
:10A0D000070AEBE0010AE9E00201AC510001F46F6C
:10A0E0000201AD510001F56F0201AC4BAD2B000137
:10A0F000F651F45DF751F559D8A01200E0C1DCF13A
:10A10000E1C1DDF1E2C1DEF1E3C1DFF1F851090D9A
:10A11000B80EF324D96E020EF420DA6E01D80AD0FC
:10A120000500FA6EDE50FD6EDE50FE6EDE50FF6EF4
:10A13000FA5012000201AC6BAD6B120084C065F0E6
:10A1400085C066F0C6EC7AF065C086F066C087F020
:10A1500015EC8EF00001886F885108E084C07FF014
:10A1600085C080F088C081F08AEF6EF020EE3BF071
:10A1700033D8DA22DFAE0DD084C0D9FF85C0DAFF34
:10A18000DF5007E119D8F2EC8EF0BA0E7A6F230E89
:10A190000CD020EE3CF020D8DA22DFA012000CD840
:10A1A000F2EC8EF0960E7A6F240E7EEC5DF014D8F1
:10A1B00023EC3BF0F2EF8EF086C07AF087C07BF0A4
:10A1C000010E7C6F20EE21F08451D9268551DA22D0
:10A1D000DF507D6F7E6B12008451D92685511200AD
:10A1E00091518F5D976F92519059986F98BF41D060
:10A1F000985102E197053DE341D897256D6FFF0E19
:10A2000098216E6F75EC7EF06BC099F06CC09AF07F
:10A21000746B020E736F99C071F09AC072F0F4EC17
:10A2200062F071C093F072C094F0000E94BFFF0E04
:10A23000956F966F8B5193257D6F8C5194217E6F16
:10A240008D5195217F6F8E519621806F99C081F03D
:10A250009AC082F0000E82BFFF0E836F846FBEEC47
:10A2600048F07DC08BF07EC08CF07FC08DF080C048
:10A270008EF08BC08BF08CC08CF012006C6B0A0ED1
:10A280006B6FFF0C000120EE1CF0AE51D926AF51D0
:10A290005BEC88F013E0AEC0A6F0AFC0A7F020EEF4
:10A2A0001CF03DD801D82FD00500FA6EDE50FD6EAF
:10A2B000DE50FE6EDE50FF6EFA50120020EE05F00A
:10A2C0002ED8DECFB0F0DDCFB1F0B0C0B2F0B1C06B
:10A2D000B3F0000EB3BFFF0EB46FB56F20EE07F002
:10A2E0001ED8B2C0DEFFB3C0DEFFB4C0DEFFB5C013
:10A2F000DEFF20EE05F013D810EE0BF0AE51E12694
:10A30000AF5144EC1FF0AEC065F0AFC066F069EC31
:10A3100069F0AEC0A3F0AFC0A4F02CEF33F0AE51A3
:10A32000D926AF51DA22120097C08BF098C08CF07A
:10A330003ED837EC56F08BC09FF08CC0A0F08DC09B
:10A34000A1F08EC0A2F099C08BF09AC08CF02FD8EB
:10A3500037EC56F08B519F5DA36F8C51A059A46FC1
:10A360009D519B5D9F6F9E519C59A06FFF0E9F2535
:10A370006D6FFF0EA0216E6F6C6B050E6B6F75EC31
:10A380007EF0A3516B25716FA4516C21726F9D51AA
:10A390009B5D6D6F9E519C5914D875EC7EF00CD866
:10A3A000F4EC62F071C097F072C098F012009BC09C
:10A3B0008DF09CC08EF012006BC073F06CC074F016
:10A3C00012006E6F6C6B010E6B6F010CB3EC89F0B9
:10A3D0003ED8DFA01200E4EC92F0610E00017A6F2B
:10A3E000240E7B6FA0EC4CF0F2EC8EF0650E7A6FD1
:10A3F000240E7B6F37D8F2EC8EF08EEC68F068ECB0
:10A4000027F0B3EC89F023D8DFB0FBD7050E0001AD
:10A41000936F0F0E926FF10EE82EFED7922FFCD79E
:10A42000932FFAD7E4EC92F08EEC68F00B0E00015B
:10A43000936F260E926F5D0EE82EFED7922FFCD7FB
:10A44000932FFAD700D0C8EC8FF0D7EF23F070C06D
:10A4500094F071C095F020EE01F09451D9269551F9
:10A46000DA221200010E7C6F7D6F7E6F010C665147
:10A4700045D869EC42F0E750676F67056F6F070ECC
:10A480006F6501D0010C6F51050DF3CF67F0F4CF6C
:10A4900068F066512ED8DECF69F0DDCF6AF06751E3
:10A4A00069256B6F68516A216C6F020E6B256D6FA9
:10A4B000000E6C216E6F20EE02F06D51D9266E51A8
:10A4C000DA22DFA0000C66511ED869EC42F0E7509A
:10A4D0000FE066510ED810EE32F069EC42F0E7A0C2
:10A4E00004D0050E49EC92F0000C000E49EC92F0FD
:10A4F000000CD96EDA6A040ED926040CD96EDA6A19
:10A5000010EE05F01200D96EDA6A10EE06F01200B5
:10A51000DE0E0001736F010E746FA2EC6FF073C05A
:10A52000DFF174C0E0F1010120EE01F03DD8DFB0B1
:10A530000AD0EAC1F0F0EBC1F1F0ECC1F2F0EDC1EC
:10A54000F3F0A0EF85F02BD8010EDFA6000E00017E
:10A55000F76F25D8010EDFA4000EF71BD8B4120048
:10A560000101DE5105E120EE02F01ED8DFA4120049
:10A5700016D8DFB604D0DD6B010EDC6F02D0DC69CB
:10A58000DD69DCC1F0F0DDC1F1F0EAC1F2F0EBC150
:10A59000F3F0ECC1F4F0EDC1F5F012EF71F0DFC1B2
:10A5A000D9FFE0C1DAFF1200DF51D926E051DA22EB
:10A5B0001200000120EE0CF048D8DF5008E073C014
:10A5C00065F074C066F0D5EC5FF0000936E073C04A
:10A5D000D9FF74C0DAFFDECF75F0DECF76F0DECFC4
:10A5E00077F0DECF78F00101285100017525796FF1
:10A5F00001012951000176217A6F01012A510001E0
:10A6000077217B6F01012B51000178217C6F20EEB7
:10A6100007F01BD879C0DEFF7AC0DEFF7BC0DEFF0B
:10A620007CC0DEFF20EE0BF010D8010EDF6E20EEB6
:10A630000CF00BD8010EDF6E010C000120EE0BF0C8
:10A6400004D8DF5001E0010C000C7351D92674517D
:10A65000DA221200886F0001885116EC79F068C088
:10A6600089F069C08AF0000189518A11D8B41200BA
:10A670008E0E8B6F8C6B110E8D6F8BC0D9FF8CC0C3
:10A68000DAFF88C0DFFF030E881920EE07F0D8A498
:10A6900020EE0FF026D810EE01F028D844EC1FF081
:10A6A00020EE1FF01ED810EE03F020D8E222DFCFFC
:10A6B000E7FF20EE04F08B51D9268C51DA2210EE00
:10A6C00038F08951E1268A51E222E6CF65F0E5CFE4
:10A6D00066F075EC90F0DF6E8D0E95EC41F09EEF1C
:10A6E00055F08951D9268A51DA2212008B51E12680
:10A6F0008C511200E1EC90F0000901E0000C8AC0DE
:10A7000092F08BC093F08CC094F08DC095F0000156
:10A71000D89095339433933392330201435100011F
:10A72000925D966F0201445100019359976F0201A7
:10A73000455100019459986F020146510001955905
:10A74000996F8E5196257D6F8F5197217E6F905115
:10A7500098217F6F91519921806F8AC081F08BC0C1
:10A7600082F08CC083F08DC084F0B8EC62F07DC0C4
:10A770009AF07EC09BF07FC09CF080C09DF09D5100
:10A780009C1106E1840E9A5D030E9B59D8A0000C23
:10A79000010C44D820EE57F036D845D8B9EC5CF01F
:10A7A000A6C0B5F0A7C0B6F039D820EE0DF02BD872
:10A7B0003AD8B9EC5CF0A6C0B7F0A7C0B8F020EE6C
:10A7C0003AF021D8DE040CE1020EB525B26F000E7E
:10A7D000B621B36FB251B75DB8511AD801E3010C7D
:10A7E00020EE3AF010D8020EDE180CE1020EB7256A
:10A7F000B26F000EB821B36FB251B55DB65108D833
:10A8000001E3010C000CB051D926B151DA2212003B
:10A81000800AB46FB351800AB4591200B0C0A6F0D8
:10A82000B1C0A7F01200DECFA8F0DDCFA9F0120072
:10A8300071C065F070517BEC8FF0786F756B766B43
:10A84000796B75516D25726F76516E21736F72C081
:10A85000F6FF73C0F7FF000EF86E0F0EF76403D01B
:10A860000800F55001D02DD80001776F2E0E771912
:10A8700007E1795105E0790719D8000EDB8E08D081
:10A88000656B77511FEC59F0746F10D874C0DFFFFF
:10A89000775102E0754B762B792B030E7965D1D772
:10A8A0006F05D8A412007851EEEF44F07851792565
:10A8B000726F736B280E7225D96E030E7321DA6ED8
:10A8C0001200F6CFE9FFF7CFEAFFEF50120020EEBB
:10A8D0001BF047D8DF503FE020EE19F042D8DECF22
:10A8E0007BF0DDCF7CF0320E7B25716F000E7C217A
:10A8F00098EC77F0F4EC62F071C083F072C084F0F1
:10A90000DF0E7B6F7C697B518303F3CF7DF0F4CF47
:10A910007EF08403F3507E277C518303F3507E271F
:10A92000210E0101D403F3CF7FF0F4CF80F0D503E3
:10A93000F350000180277D517F25816F7E5180215A
:10A94000826F100E81250101FC6F270E000182210C
:10A950000101FD6F1200270E0101FD6F100EFC6F4B
:10A96000100C7951D9267A51DA221200800E935DAB
:10A9700001E31200960E9F6F91C0A0F0935103E186
:10A98000020E925D09E3FF0E9225A96FFF0E93213F
:10A99000AA6FA26BA36B06D0AA6B010EA96FA36B63
:10A9A000010EA26FA00E8B6F94C08CF095C08DF03D
:10A9B0009F0E8E6F35EC78F08BC09DF08CC09EF0B2
:10A9C000000192519311D8A49EBF1200FF0E922550
:10A9D000986FFF0E9321996F98519D5D9E51800A4B
:10A9E0009A6F9951800A9A5907E3FF0E92259B6F3F
:10A9F000FF0E93219C6F04D09DC09BF09EC09CF0E5
:10AA000091519B25A3EF4FF0EAC1DAF1EBC1DBF1E5
:10AA1000ECC1DCF1EDC1DDF1010EDE6FED0EDF6F9B
:10AA2000010EE06FEC0EE16F010EE26F3CEC36F0D0
:10AA3000000901E012000101EC51D8B4120020EE2F
:10AA400002F0ED51D926EE51DA22DFB21200EDC14B
:10AA5000F0F0EEC1F1F0EAC1F2F0EBC1F3F0ECC1BD
:10AA6000F4F0EDC1F5F0A7EC78F0000901E0120078
:10AA700013D8DFB403D010D8DFA61200EAC1F0F07B
:10AA8000EBC1F1F0ECC1F2F0EDC1F3F005D8010E2D
:10AA9000DFA4000E94EF60F0EDC1D9FFEEC1DAFF44
:10AAA000120001A202D030EF5CF0C5BC01D004D08E
:10AAB0000001656B652B02D00001656B653101E219
:10AAC00027D020C26EF022EE14F001D80AD0050083
:10AAD000FA6EDE50FD6EDE50FE6EDE50FF6EFA50F6
:10AAE000120000016F6F706B705102E0ADEF91F0DA
:10AAF0006F51010A02E1ADEF91F0030A02E1C2EFEA
:10AB000091F0010A02E1BBEF91F0070AADEF91F07D
:10AB10000201009722EE02F0DF50DF2AD96EDA6AD6
:10AB2000DF500001656F65C0C9FF02010307D8A0AF
:10AB300004070351041101E1060C030C866B876BBB
:10AB400045D80701806F0001864B872B3FD8A7ECC3
:10AB500025F065C083F066C084F067C085F083513E
:10AB60008411851101E112007E29706F800E862507
:10AB7000716F070E8721726F01D80AD00500FA6E37
:10AB80008351FD6E8451FE6E8551FF6EFA501200A6
:10AB900000017051862771518723800E7A6F070E4E
:10ABA0007B6F86C07CF087C07DF001D80AD005009D
:10ABB000FA6E7F51FD6E8051FE6E8151FF6EFA502C
:10ABC00012000001826F82513CEF8EF07E51D96EEF
:10ABD000DA6ADF501200020E16EC79F068C088F0D5
:10ABE00069C089F0000188518911D8B41200190E8A
:10ABF0008D6F8E0E8B6F8C6B8A6B8BC0D9FF8CC068
:10AC0000DAFF8AC0DFFF20EE01F02CD8DE6ADD6AB1
:10AC100020EE03F027D8DF6A20EE04F023D8DE6AA6
:10AC2000DD6A20EE06F01ED8DF6A20EE07F01AD8A3
:10AC3000DE6ADD6A20EE1FF08851D9268951DA22BA
:10AC400010EE09F08B51E1268C51E222DFCFE7FFB5
:10AC50008D0E95EC41F09EEC55F08A2B020E8A6524
:10AC6000CCD7020C8B51D9268C51DA2212006C6B96
:10AC7000200E6B6F8D296D6F000E8E216E6F75EC3F
:10AC80007EF06BC08FF06CC090F0000E90BFFF0E96
:10AC9000916F926F8BC071F08CC072F0ACEC40F091
:10ACA0005A0E94EC20F081EC78F0B2EC40F0050EF6
:10ACB000BBEC40F0BEEC48F08F517D25936F905176
:10ACC0007E21946F91517F21956F92518021966FD3
:10ACD000050E93257D6F000E94217E6F000E952149
:10ACE0007F6F000E9621806F0A0EBBEC40F0BEEC29
:10ACF00048F07DC08BF07EC08CF07FC08DF080C0AE
:10AD00008EF01200673568356E6F6E5105E1656B28
:10AD1000666B676B686B120065C069F066C06AF0AD
:10AD200067C06BF068C06CF0696B6C3769376C6B2F
:10AD30006B6B6A6B69516D6F678F686B960E6E5F98
:10AD40006EAF0CD06E51800A970FE1E3D890683354
:10AD50006733663365336E3FF9D70CD01F0E6E65CF
:10AD600007D0D5D7D89065376637673768376E070D
:10AD70006E51F8E16D5108E0681F671F661F656D31
:10AD8000000E66236723682365C065F066C066F021
:10AD900067C067F068C068F01200D0EC91F065C041
:10ADA00070F066C071F022EC8FF065C072F066C082
:10ADB00073F070C06BF071C06CF000016E6B020E2E
:10ADC0006D6F5AEC8BF072C06BF073C06CF06E6BF1
:10ADD0006D6B5AEC8BF0766B776B1ED0D890763516
:10ADE000D96E77359EEC5BF0DECF74F0DDCF75F079
:10ADF000000120EE51F07451D9267551DA22DF6A34
:10AE000074C065F075C066F076C067F077C068F012
:10AE10009CEC82F0764B772B0101AE510001765D00
:10AE20007751800A6F6FE7EC75F06F59D7E3120026
:10AE30001D341E34246E245005E11B6A1C6A1D6AF1
:10AE40001E6A12001BC01FF01CC020F01DC021F0A4
:10AE50001EC022F01F6A22361F36226A216A206A2B
:10AE60001F50236E1D8E1E6A960E245E24AE0CD0DB
:10AE70002450800A970FE1E3D8901E321D321C3215
:10AE80001B32243EF9D70CD01F0E246407D0D5D72F
:10AE9000D8901B361C361D361E3624062450F8E189
:10AEA000235008E01E1E1D1E1C1E1B6C000E1C22C3
:10AEB0001D221E221BC01BF01CC01CF01DC01DF05B
:10AEC0001EC01EF01200AB6BAC6B42D8FB0EDF60F5
:10AED0000FD03ED8DF50A96FAA6BA851D96EDA6A9D
:10AEE000A9C0DEFFAAC0DDFFAC6B010EAB6F2BD09B
:10AEF0002FD8FB0EDE1827E1AC6B030EAB6FA7510A
:10AF000014E1030EA65D11E2ED0E9C6F220E9D6F03
:10AF1000310E9E6F230E9F6FA16B310EA06FA40E9A
:10AF2000A26F230EA36F8EEC84F0010E0001A42506
:10AF3000D96E000EA521DA6EA851E16EE26ADECF6D
:10AF4000E6FFDDCFE5FFABC0A4F0ACC0A5F012007A
:10AF5000A4C0D9FFA5C0DAFF1200B30E676F010EBF
:10AF6000686F3B0E65256B6F000E66216C6F696B19
:10AF70006A6B31D8DFA002D0698102D000016991EB
:10AF800031D8DFAE02D0698302D0000169932AD89C
:10AF9000DFAA02D0698502D00001699523D8DFAC11
:10AFA00002D0698702D00001699767C0D9FF68C0E5
:10AFB000DAFFDFA802D0698902D0000169990BD8B5
:10AFC000DFA202D0698B02D00001699B69C065F0E5
:10AFD0006AC066F0120020EE01F06B51D9266C5168
:10AFE000DA2212006BC0D9FF6CC0DAFF1200000E2B
:10AFF00016EC79F068C070F069C071F0010E16ECC3
:10B0000079F068C072F069C073F0020E16EC79F046
:10B0100068C074F069C075F000016E6B6F6B7051A1
:10B0200071110CE020EE38F07051D9267151DA22FE
:10B03000DFAA02D06E8102D000016E9172517311AD
:10B040000CE020EE38F07251D9267351DA22DFAAD3
:10B0500002D06E8302D000016E93745175110CE022
:10B0600020EE38F07451D9267551DA22DFAA02D0C9
:10B070006E8502D000016E956EC06CF06FC06DF0F1
:10B080001200000E16EC79F068C070F069C071F023
:10B09000010E16EC79F068C072F069C073F0020E10
:10B0A00016EC79F068C074F069C075F000016E6B41
:10B0B0006F6B705171110CE020EE38F07051D92691
:10B0C0007151DA22DFA802D06E8102D000016E91A8
:10B0D000725173110CE020EE38F07251D926735181
:10B0E000DA22DFA802D06E8302D000016E93745181
:10B0F00075110CE020EE38F07451D9267551DA2222
:10B10000DFA802D06E8502D000016E956EC06CF093
:10B110006FC06DF01200D0EC91F065C0C4F066C055
:10B12000C5F00001C36B0101A35108E0C4C065F084
:10B13000C5C066F0F1EC8CF0000903E0010E0001DF
:10B14000C36F010E0101A36F000128D8DE6ADD6A1A
:10B15000C25109E023D8DF80BF699C0EBE6FC16970
:10B16000C06F1CD8DF82C4C0B6F0C5C0B7F0BEC087
:10B17000B8F0BFC0B9F0010EBA6FC0C0BBF0C1C01B
:10B18000BCF0C3C0BDF05BEC78F0C4C069F0C5C0D2
:10B190006AF0A4EC39F06B6FA7EF4FF020EE38F0B7
:10B1A000C451D926C551DA221200000E4F24D96E9F
:10B1B000DA6A050EDA22DF6A0F0122A514D0000E2A
:10B1C0004F24D96EDA6A050EDA22DF8201D80BD05D
:10B1D0000500FA6E01015B51FD6E5C51FE6E5D5122
:10B1E000FF6EFA5012000F0122A314D0000E4F245C
:10B1F000D96EDA6A050EDA22DF8401D80BD0050099
:10B20000FA6E01015851FD6E5951FE6E5A51FF6E92
:10B21000FA501200000E4F24D96EDA6A050EDA22B7
:10B22000DF5002E11EEF8CF00500FA6E010155516E
:10B23000FD6E5651FE6E5751FF6EFA5012006A6F46
:10B240002F0E00016A650AD03A0E6A6107D0D00E4F
:10B2500039D8D40E6625F66E200E2CD0600E6A65A5
:10B260000AD07B0E6A6107D09F0E2CD88F0E662500
:10B27000F66E200E1FD0400E6A650AD05B0E6A6122
:10B2800007D0BF0E1FD8A90E6625F66E200E12D06D
:10B290002D0E6A1901E1400C2A0E6A1901E1630CB6
:10B2A000655104E0696B3F0E686F02D0686B696B93
:10B2B000685112006721F76EF86A000EF822080044
:10B2C000F55012006A25666F676BFF0E6723FF0C4F
:10B2D00037D842D8745176277551772320EE04F081
:10B2E00036D87651DE5C7751DE5801E2010C70C031
:10B2F000D9FF71C0DAFF30D876C0D9FF77C0DAFF46
:10B30000DF2A1ED829D820EE02F021D8DECF78F02F
:10B31000DDCF79F076517825656F77517921666FA9
:10B3200072C067F073C068F074C069F075C06AF0ED
:10B3300051EC7DF005D87451DE267551DD22000CEC
:10B3400020EE06F07051D9267151DA2212007051A8
:10B35000D9267151DA221200DECF76F0DDCF77F0F8
:10B3600012007D517B5D816F7E517C59826F82BF5F
:10B370003CD0825102E1810538E33EEC51F0812559
:10B380006D6FFF0E82216E6F75EC7EF06BC083F0E7
:10B390006CC084F0746B020E736F83C071F084C054
:10B3A00072F0F4EC62F0795171257F6F7A5172215D
:10B3B000806F7FC071F080C072F083C073F084C072
:10B3C00074F0F4EC62F071C079F072C07AF079C078
:10B3D00065F07AC066F083C067F084C068F021EC45
:10B3E00089F065C079F066C07AF079C079F07AC0EA
:10B3F0007AF012003AD816EC79F068C09EF069C075
:10B400009FF000019E519F1104E12FD8886F020E1A
:10B410001AD09D6B30D8010EDB5003E10A0EDE5CC2
:10B4200008E329D8070EDE5C0E0EDE5802E2010E9C
:10B430009D6F9D51010ED8B4000E9C6F9C5105E18B
:10B4400014D8886F030E896F0DD015D810EE2DF02B
:10B450009E51E1269F5144EC1FF0AEEC8BF005D8D5
:10B46000C2EC2AF04A0E68EF82F098C0D9FF99C06A
:10B47000DAFFDF50120020EE01F09851D9269951E1
:10B48000DA221200000E4A24D96EDA6A080EDA2295
:10B49000DF6AABA414D0000E4A24D96EDA6A080E13
:10B4A000DA22DF8201D80BD00500FA6E0101525179
:10B4B000FD6E5351FE6E5451FF6EFA501200ABA256
:10B4C00014D0000E4A24D96EDA6A080EDA22DF841C
:10B4D00001D80BD00500FA6E01014F51FD6E50519D
:10B4E000FE6E5151FF6EFA501200000E4A24D96EC2
:10B4F000DA6A080EDA22DF5002E100EF8DF0050073
:10B50000FA6E01014C51FD6E4D51FE6E4E51FF6EB3
:10B51000FA501200000120EE38F03FD8DA22DFA204
:10B5200009D06E6B32D836EC91F0010E6E6F2DD8CB
:10B5300036EF91F07FC065F080C066F0C6EC7AF01F
:10B5400065C081F066C082F07FC065F080C066F0A3
:10B550001FEC72F065C083F066C084F081C07AF0A1
:10B5600082C07BF0010E7C6F10D87D6F7E6BF2EC99
:10B570008EF083C07AF084C07BF07C6B20EE21F0EB
:10B580000CD823EC3BF0F2EF8EF020EE21F07F514F
:10B59000D9268051DA22DF5012007F51D9268051FE
:10B5A0001200746B756B70C073F07351D96EDA6AE8
:10B5B00071C0E1FF72C0E2FF30D8C4EC74F0745186
:10B5C0007125676F75517221686FFBEC83F06551CF
:10B5D000742766517523735112EC39F0745171253B
:10B5E000E16E75517221E26E18D8040F0ED83BEC53
:10B5F00079F019D87351070F08D83BEC79F013D8BC
:10B6000074C070F075C071F012006B6F74517125C9
:10B610006C6F755172216D6F1200DFCFE7FF744BB5
:10B62000752B735112006B5174276C5175231200E6
:10B630000001686FA50E0A01016F240E026F68C039
:10B6400021FAC40E2F6F030E306F326B040E316F70
:10B65000356B960E336F040E346F960E366F040EF4
:10B66000376F206B020E1F6F330E126F116FBC0EFF
:10B670001C6FCC0E1D6F000E1E6F136B146B010E32
:10B68000166FF40E156F176B186B226B440E466F16
:10B690001C0E476F010E486F1C0E496F120E4A6F49
:10B6A000010E4B6F600E4C6F250E4D6F010E4E6FED
:10B6B000596B000E0001656F0A0E666F1200D9EC1F
:10B6C00090F00001DA6FD96BDB6BDC6B25D0D89082
:10B6D000DB35D96EDC3532D8DECFDDF0DDCFDEF004
:10B6E000DDC069F0DEC06AF0DAC06BF0A7EC4FF0A5
:10B6F000DDC065F0DEC066F0B5EC8CF0000908E155
:10B70000DDC065F0DEC066F0B4EC7DF0000902E05B
:10B71000010ED96FDB4BDC2B0101AE510001DB5D6B
:10B72000DC51800AD86FE7EC75F0D859D0E3DA51D4
:10B7300001E1D96BD9510EEC90F0010CDA6E0101E8
:10B74000AC51D926AD51DA2212006D6B6E6B800EB2
:10B7500067156F6F7F0E681538D804E1656B666BEF
:10B76000676B686B6D6B6E6B800E6B156F6F7F0E0A
:10B770006C152BD804E1696B6A6B6B6B6C6B68AFF3
:10B7800009D0656D661FD8B0662B671FD8B0672BD0
:10B79000800E68576CAF09D0696D6A1FD8B06A2BEC
:10B7A0006B1FD8B06B2B800E6C57800E681B6C1B08
:10B7B0006951655D6A5166596B5167596C51685999
:10B7C00002E2D8901200D8801200706F6D516E1195
:10B7D0006F11701112003DD810EE33F09B51E1262D
:10B7E0009C51E22200EE03F0E650E926E550EA2201
:10B7F000EF50A36FA46BDE50A35DA451800AA56F28
:10B80000DE50800AA55905E39DC09BF09EC09CF0C8
:10B8100012009DC08BF09EC08CF09FC08DF0A0C028
:10B820008EF017D8DECF8FF0DDCF90F020EE33F022
:10B830009B51D9269C519DEC33F069EC42F0E750C6
:10B84000916F926BF0EC50F08BC09BF08CC09CF031
:10B85000120020EE1FF09B51D9269C51DA221200D3
:10B86000C5BC01D003D0026A022A01D0026A0230AC
:10B8700001E226D020C20BF022EE14F001D80AD04B
:10B880000500FA6EDE50FD6EDE50FE6EDE50FF6E7D
:10B89000FA5012000C6E0D6A0D5002E0EEEF92F0BD
:10B8A0000C50010A02E1EEEF92F0030A02E1F4EF1C
:10B8B00092F0010A02E1F2EF92F0070AEEEF92F045
:10B8C0000201009722EE02F0DF50DF2AD96EDA6A19
:10B8D000DF50026E02C0C9FF02010307D8A00407AF
:10B8E0000351041101E1060C030C0001B65104E1FF
:10B8F000030EB55D01E2020CB3C0D9FFB4C0DAFF9C
:10B90000AA0EDE1801E0010CBC6BBD6BB3C0ADF03C
:10B91000B4C0AEF0BC0EAF6FB06B7EEC83F0ADC0C8
:10B92000B8F0AEC0B9F0BCC065F0BDC066F0B8C03C
:10B9300067F0B9C068F028EC31F065C0BAF066C0B5
:10B94000BBF0BA51B55DBB51B65901E2020CB3C0B0
:10B950006CF0B4C06DF0BAC06EF0BBC06FF02BECF1
:10B960008DF0000901E1030CB851B91101E1040C9B
:10B97000000C20EE33F03CD8DECFAEF0DDCFAFF0E0
:10B98000A8C08BF0A9C08CF020EE1FF031D8DECF1C
:10B990008DF0DDCF8EF020EE06F0AE51D926AF51FE
:10B9A000DA2201D80AD00500FA6EDE50FD6EDE50B4
:10B9B000FE6EDE50FF6EFA5012008BC0AAF08CC0F3
:10B9C000ABF08DC0ACF08EC0ADF0A6C09BF0A7C0B0
:10B9D0009CF0AAC09DF0ABC09EF0ACC09FF0ADC083
:10B9E000A0F0EBEC5BF09BC0A6F09CC0A7F01200AF
:10B9F000A651D926A751DA221200750E00017A6FDE
:10BA0000240E95EC4CF0F2EC8EF00101B3BB24D087
:10BA1000710E00017A6F240E7B6FBDEC2DF0F2ECFD
:10BA20008EF03F0E7A6F240E26D87E6FF2EC8EF0E9
:10BA30000101BD51D8A41200440E00017A6F240EFA
:10BA40007B6F20EC3DF0F2EC8EF03A0E7A6F240E14
:10BA50000FD80AD8F2EF8EF0490E00017A6F240E4B
:10BA60000AD87E6BF2EF8EF07D6F010E7E6F010CB7
:10BA70007B6F7C6B020C7B6F7C6B010E7D6F010C0E
:10BA8000000120EE02F08151D9268251DA22DF50E6
:10BA9000856F0101BD5102E10001852B300E0001CF
:10BAA000656F240E666F8CEC86F065C083F066C00F
:10BAB00084F08551835D866F8451D8A08405876F9B
:10BAC00087AF02D0866B876B300E86257A6F240E87
:10BAD000872114D80FD823EC3BF0F2EC8EF005D878
:10BAE00009D8DA22DF50C9EF90F0010E706F20EE16
:10BAF00021F0010C7F51D926805112007B6F7C6BA5
:10BB000020EE21F01200210E0001AD6F0101BBB348
:10BB100005D0A7C1A9F00001AA6B04D00001AA6B4F
:10BB2000010EA96FA95131EC8AF0AE6FAD0E95EC04
:10BB300041F09EEC55F0220EAD6FB2C1AEF0AD0EED
:10BB400095EC41F09EEC55F0230EAD6F0101010E16
:10BB5000B3A1000E0001AE6FAD0E95EC41F09EEC6E
:10BB600055F0AB6BAB519AEC75F0AB2B050EAB659A
:10BB7000F9D7AC6BAC5155EC1EF0AC2B020EAC659A
:10BB8000F9D7886B896B200E68EF82F0D20E000126
:10BB9000656F010E666FD00E676F010E686FD60E6F
:10BBA000696F010E6A6F020120EE03F02AD801D8F6
:10BBB0000AD00500FA6EDE50FD6EDE50FE6EDE50DD
:10BBC000FF6EFA50120000091BE0D2C1BEF0D3C1D3
:10BBD000BFF0D0C1C0F0D1C1C1F0D6C1C2F020EEDB
:10BBE00006F00FD801D80AD00500FA6EDE50FD6EBF
:10BBF000DE50FE6EDE50FF6EFA501200020E06D0CE
:10BC0000000C4E51D9264F51DA22120001019B6FD0
:10BC1000010CE4C1D9FFE5C1DAFFDECFE6F1DDCFEB
:10BC2000E7F10101BBA70BD0BB97E0C1F4F0E1C184
:10BC3000F5F0E2C1F6F0E3C1F7F07AEF8EF074ECC4
:10BC400049F0E6C167F0E7C168F06551671906E1A0
:10BC50006651681901E002D0010E01D0000E000902
:10BC6000D8B412000101BB95040E01EC92F0E0C1C2
:10BC7000DCF1E1C1DDF1E2C1DEF1E3C1DFF122EE91
:10BC8000D3F00500FA6EDE50FD6EDE50FE6EDE5023
:10BC9000FF6EFA501200A39AAA0E0001656FB10E52
:10BCA000666F000E676F04EC93F0A398140E656F37
:10BCB0000E0E666F010E676F03EC93F0480E0F01D6
:10BCC000206F900E226F260E216F400E1E6F030E06
:10BCD0001F6F220E0001656F260E666F010E676FE3
:10BCE00052EC91F0460E656F250E666F010E676F80
:10BCF0004BEC91F0FC0E656F250E666F010E676FC1
:10BD000059EC91F00101A66B526A516A320E506EE5
:10BD10004F6A4E6AD76BA38A1200000168AF0BD03E
:10BD200020EE31F065512ED8FF0E6925676FFF0EAA
:10BD30006A21686F0ED020EE31F02CD8DE50675D9E
:10BD40006851800A6B6FDE50800A6B5902E3676BA3
:10BD5000686B20EE35F01ED867C0DFFF20EE2FF0B5
:10BD6000655110D8D8906735D96E6835DA6E69514B
:10BD7000D9266A51DA2210EE33F06551E126665178
:10BD800044EF1FF0D9266651DA22DECF69F0DDCF0D
:10BD90006AF012006551D9266651DA221200696BE9
:10BDA0006A6B70C068F06851D96EDA6A71C0E1FFE1
:10BDB00072C0E2FFDFCFE7FF30D8D96EDA6AD92A46
:10BDC000695123D82AD843EC2BF011D8030ED92679
:10BDD0000ED8040ED9260BD8050ED926695115D8D0
:10BDE000694B6A2B69C070F06AC071F0120069512A
:10BDF0007125E16E6A517221E26EDFCFE7FF694B78
:10BE00006A2B6851D96EDA6A12007125E16E6A51A7
:10BE10007221E26EDFCFE7FF1200694B6A2B685197
:10BE20001200E8EC88F0C6EC5DF00009FCE042ECA2
:10BE300077F001D80AD00500FA6EDE50FD6EDE50B4
:10BE4000FE6EDE50FF6EFA5012004AEC77F0090EDB
:10BE50000001CD6F1E0ECC6FE40EE82EFED7CC2F66
:10BE6000FCD7CD2FFAD70000F7EC4EF001D80AD05E
:10BE70000500FA6EDE50FD6EDE50FE6EDE50FF6E87
:10BE8000FA501200E3EC4EF002D8FCEF4EF0050041
:10BE9000FA6EDE50FD6EDE50FE6EDE50FF6EFA5022
:10BEA0001200FCEF4EF0010E6B6F670505E0685164
:10BEB00002E0675101E06B6B6B51010ED8B4000ECC
:10BEC0006D6F010E6C6F020E671905E0685102E09C
:10BED000675101E06C6B6C51010ED8B4000E6E6FAF
:10BEE00015D06D5101E035806E51D8A4348C12000C
:10BEF0006D5101E035866E51D8A4358412006D5124
:10BF000001E036886E51D8A43682120065C069F00F
:10BF100066C06AF06A51D8A412006951E2E0010AD1
:10BF2000E7E0030AECE012006A6F28D05D0E656F4F
:10BF3000210E666F1200510E656F210E666F1200A2
:10BF4000450E656F210E666F1200390E656F210E6A
:10BF5000666F12002D0E656F210E666F1200210EA6
:10BF6000656F210E666F1200150E656F210E666FEC
:10BF70001200090E656F210E666F120000016A51F2
:10BF8000686F696B6951F5E16851F3E0010ACEE031
:10BF9000030AD1E0010AD4E0070AD7E0010ADAE097
:10BFA000030ADDE0010AE0E0E4D738D8DE50010101
:10BFB000285DDE502959DE502A59DE502B5901E305
:10BFC000010C00012BD8DECF67F0DECF68F0DECFAA
:10BFD00069F0DECF6AF0010128510001675D6B6FE7
:10BFE00001012951000168596C6F01012A510001BA
:10BFF00069596D6F01012B5100016A596E6F65C05F
:10C00000D9FF66C0DAFF6B51DE5C6C51DE586D51B2
:10C01000DE586E51DE5801E2010C000C20EE07F0F4
:10C020006551D9266651DA22120007C00AF008C00D
:10C030000BF0FA510A1803E1FB510B1813E0FA5107
:10C040000712FB5108120AC0FAF10BC0FBF10728D6
:10C0500004E1082802E119EF91F0566A576A5594F5
:10C0600055965598071C536E081C546E072809E115
:10C07000082807E155AA02D0559A0000584A592AC3
:10C080001200558053C002F054C003F0AFEC8AF0A8
:10C09000096E010E09641FEF87F0558255BA1FEF34
:10C0A00087F0558A00001FEF87F020EE05F037D8A3
:10C0B000010EDBAE09D0500EDE5CC90EDE5804E284
:10C0C00020EE38F02CD8DF8220EE05F028D8DECF25
:10C0D0009CF0DDCF9DF0C0EC24F09CC0ACF09DC086
:10C0E000ADF0ACC0A8F0ADC0A9F0000EA9BFFF0E26
:10C0F000AA6FAB6F20EE07F012D8A8C0DEFFA9C070
:10C10000DEFFAAC0DEFFABC0DEFF20EE07F007D8DF
:10C1100010EE0BF0A651E126A75144EF1FF0A651F7
:10C12000D926A751DA2212000001F46F2DD8D7ECDE
:10C130004AF0DECFF7F0DDCFF8F000012CD8DF5069
:10C14000F66FF45105E027D8F6057BEC7AF00AD0BB
:10C15000020EF61902E1F56B02D0020EF56F1BD844
:10C16000F5C0DFFFF7C065F0F8C066F0F6C067F015
:10C1700074EC6FF0F0C0EAF0F1C0EBF0F2C0ECF05C
:10C18000F3C0EDF0CCEF78F0D8900101B035D96E66
:10C19000B135DA6E120020EE3AF0F751D926F85197
:10C1A000DA2212009D9A840E656FB40E666F000E3F
:10C1B000676F06EC93F09D98100E656F110E666F19
:10C1C000010E676F05EC93F0480E656E900EAB6E36
:10C1D000240EAC6E440EAF6ED46A240E656F260E2C
:10C1E000666F010E676F67EC91F0960E656F250E16
:10C1F000666F010E676F60EC91F0000E656F260EA2
:10C20000666F010E676F6EEC91F00101A56B4D6AD0
:10C210004C6AFA0E4B6E4A6A496A486A9D8A120055
:10C220008BC07FF08CC080F0DAEC76F08BC07FF0B2
:10C230008CC080F08DC081F08EC082F0836B9DEC4D
:10C240004BF0000120EE03F08D51D9268E51DA22F9
:10C25000DF5004E12B0E916F240E03D0350E916F49
:10C26000240E926F91C08FF092C090F08FC07AF040
:10C2700090C07BF07C6B20EE21F00BD823EC3BF0E0
:10C28000F2EC8EF075EC5DF004D8DA22DF50C9EFE5
:10C2900090F08B51D9268C5112008AC037F28BC096
:10C2A00038F28CC039F28DC03AF28AC071F08BC07E
:10C2B00072F08CC073F08DC074F0F40EF0EC74F07A
:10C2C00081EC78F075EC20F0B8EC62F07DC033F2D0
:10C2D0007EC034F27FC035F280C036F202012F6B8F
:10C2E000306B316B326B8EC063F28FC064F290C0E2
:10C2F00065F291C066F2F40E676FCA0E686F000EA9
:10C30000696F010E0101BD6F630E00018A6F020E9D
:10C310008B6F1200A6C08BF0A7C08CF03AEC2FF008
:10C3200020EE05F02AD82ED82AEC6EF020EE07F089
:10C3300024D88BC0DEFF8CC0DEFF8DC0DEFF8EC038
:10C34000DEFFA6C079F0A7C07AF067EC54F00001D8
:10C3500020EE07F012D8DECF8BF0DECF8CF0DECFF0
:10C360008DF0DECF8EF06FEC3FF020EE0BF005D8B5
:10C370008BC0DEFF8CC0DDFF1200A651D926A7516D
:10C38000DA221200DECF8BF0DDCF8CF0120035D038
:10C39000946B446A8A929392948A932B12008A82B5
:10C3A000FCD78A92000E4424D96EDA6A010EDA2292
:10C3B000D890DF3682BA09D0000E4424D96EDA6AEA
:10C3C000010EDA22FE0EDF1608D0000E4424D96ECC
:10C3D000DA6A010EDA22000EDB80010E936F942BD5
:10C3E000070E9465070C946B442A0D0E44640D0CE3
:10C3F0008A92B994936B06EF35F09351C9E0010A24
:10C40000CEE0030ACEE012002ED816EC79F068C018
:10C410009DF069C09EF000019D519E1104E123D85A
:10C42000886F020E0ED025D8590EDE5C020EDE5843
:10C43000010ED8B0000E9C6F9C5105E114D8886F96
:10C44000030E896F0DD015D810EE2BF09D51E1260B
:10C450009E5144EC1FF0AEEC8BF005D8C2EC2AF0F4
:10C46000490E68EF82F098C0D9FF99C0DAFFDF501B
:10C47000120020EE01F09851D9269951DA221200CB
:10C480002AD835D867516A2768516B2320EE04F00B
:10C4900029D86A51DE5C6B51DE5801E2010C1BD8D1
:10C4A00026D820EE02F01ED8DECF6CF0DDCF6DF086
:10C4B0006A516C256E6F6B516D216F6F6951D96E2A
:10C4C000DA6A6EC0DEFF6FC0DDFF05D86751DE2679
:10C4D0006851DD22000C20EE06F06551D926665128
:10C4E000DA2212006551D9266651DA221200DECF17
:10C4F0006AF0DDCF6BF01200C4EC60F0D7EC4AF0CC
:10C50000DECFDAF1DDCFDBF1DAC165F0DBC166F059
:10C5100005EC8BF0000901E11200010120EE35F07D
:10C52000DA51D926DB51DA22DF500001F025010172
:10C53000D86F000E0001F1210101D96FDAC165F059
:10C54000DBC166F0D8C167F0D9C168F08DEC5EF050
:10C55000DAC1C0F0DBC1C1F03AEC3CF0F2C0EAF065
:10C56000F3C0EBF0F4C0ECF0F5C0EDF0CCEF78F0F8
:10C570000001866B876B886B896B815182118311F7
:10C58000841129E0010E856F06D0D890813782375B
:10C5900083378437852B84AFF8D7D8908637873791
:10C5A0008837893781517D5D82517E5983517F590A
:10C5B0008451805909E381517D5F82517E5B8351B3
:10C5C0007F5B8451805B8681D89084338333823350
:10C5D0008133852FE2D786C07DF087C07EF088C08A
:10C5E0007FF089C080F01200766B74AF06D0736D57
:10C5F000741FD8B0742B010E766F72AF06D0716DB8
:10C60000721FD8B0722B010E761B776B786B73514B
:10C6100074111BE0010E756F04D0D8907337743716
:10C62000752B74AFFAD7D890773778377351715D1F
:10C630007451725905E37351715F7451725B778164
:10C64000D89074337333752FEED7765104E0776D3D
:10C65000781FD8B0782B77C071F078C072F01200D4
:10C66000100EAB5D270EAC59D8B01200AF6BB06B9B
:10C67000B16BB26BB36BAF0E916F936B050E926F94
:10C68000810E946F240E956FABC096F0ACC097F0FE
:10C69000B6EC54F0000009D0B2C0B3F0B1C0B2F0B3
:10C6A000B0C0B1F0AFC0B0F0AF6B0001B351F4E077
:10C6B000B46BB451B00FD96EDA6AB451AD25E16EE6
:10C6C000000EAE21E26EDFCFE7FFB42B030EB465A0
:10C6D000F0D70000030C675103E0696B692B02D0AF
:10C6E0000001696B2CD8693BDF506919EF0B6919A0
:10C6F000DF6E20EE4FF06551D9266651DA22DFA0B9
:10C70000686B10D01CD8DF8A120019D8DF8C120099
:10C7100016D8DF8A14D8DF8C120011D8DF9A0FD810
:10C72000DF9C12006851696F6A6B6A51F6E16951CA
:10C73000010AE8E0030AE9E0010AEAE0EED720EEA8
:10C740003BF06551D9266651DA22120000012DD83E
:10C75000DFB6010CB9C0B0F0BAC0B1F0C9EC53F00B
:10C76000000907E0B9C065F0BAC066F02DEC84F0AE
:10C7700018D020EE53F020D8030EDB5009E1020E52
:10C78000DB5006E1010EDB5003E10F0EDE5C03E33C
:10C790000CD8DF8606D020EE53F00ED8E3EC17F06D
:10C7A000DE2203D8DFB6010C000C20EE3BF0B951BD
:10C7B000D926BA51DA221200B951D926BA51DA2251
:10C7C000120001A202D0FCEF68F00251D96EDA6AC1
:10C7D000C950DF6E022B0307D8A0040703510411D0
:10C7E00003E0C59AC588050C00851DC26EF022EED7
:10C7F0000BF001D80AD00500FA6EDE50FD6EDE5057
:10C80000FE6EDE50FF6EFA50120000016F6F706B0B
:10C81000705102E098EF91F06F51010A02E198EF38
:10C8200091F0030A02E191EF91F0010A02E191EF28
:10C8300091F0070A98EF91F00101B3B9010C0001E2
:10C840006B6B22D06B51050DF3CF65F0F4CF66F022
:10C8500065513C24676F66513D20686F020E672565
:10C86000696F000E68216A6F20EE02F06951D926C7
:10C870006A51DA22DF50656F7E0E651704E001D041
:10C8800002D0010E0BD06B2B20EE2AF09CEC3DF079
:10C89000DE506B5DD7E301D0D5D7000E000901E073
:10C8A000030C52EC68F0DF5001E0020C000C675101
:10C8B00002E0675102E1655112006751D96EDA6AF0
:10C8C000090ED926DE50DE1014E06751D96EDA6AFF
:10C8D000090ED9266751E16EE26A020EE126DE50AA
:10C8E000E65CE650800A6C6FDE50800A6C59D8B066
:10C8F00012006751D96EDA6A020ED926DF50686FCE
:10C900006751D96EDA6ADF506825D96EDA6A65C078
:10C91000DFFF6751D96EDA6A020ED926DE2A000ED1
:10C92000DD22000C4BEC68F0DFA814D04BEC68F073
:10C93000DF904BEC68F0DF84010120EE33F0B4515E
:10C94000D926B551DA22DF824BEC68F0DF8C4BEC54
:10C9500068F0DF9801019D2B9D050001786F130E93
:10C960007865130C20EE2AF09CEC3DF0D2EC6BF0D5
:10C970000DD89CEC3DF0DF9087EC92F0E6EC1BF0DC
:10C98000000E49EC92F001019D6B12000101B39978
:10C99000B39B20EE32F01200070EA71902E09A6B4B
:10C9A000010CF5C077F0F6C078F0F7C079F0F8C068
:10C9B0007AF0C9EC83F0000901E0010C78EC42F058
:10C9C000D96BDA6B17D0D890D935D96EDA359EECA1
:10C9D0005BF0DECFBFF0DDCFC0F0F5C0C1F0F6C038
:10C9E000C2F0F7C0C3F0F8C0C4F0BDEC3BF00001EA
:10C9F000D94BDA2B0101AE510001D95DDA51800A21
:10CA0000D86FE7EC75F0D859DEE3010C716F010EB9
:10CA10000001726F020100B130D000810001726B21
:10CA20007151010ED8B4020E0201096FC5809DB686
:10CA300001D004D00001656B652B02D00001656B4D
:10CA4000653116E31AD014D0000E0001656B666BD9
:10CA50009EB60CD001D00AD09EA603D007D001D03C
:10CA600005D0850EE82EFED70000F6D73FEC71F01A
:10CA7000020100B1E9D701D0E7D7000172511200DD
:10CA8000A4C0D9FFA5C0DAFFDE50DE1009E1860E92
:10CA900000019C6F210E21D85B0E26D88EEC84F00D
:10CAA000000120EE02F0A451D926A551DA22DE5071
:10CAB000DE1008E1AB0E9C6F210E0FD85C0E14D86F
:10CAC0008EEC84F0A4C03AF0A5C03BF0A6C03AF1C9
:10CAD000A7C03BF1A8C03CF112009D6FA10E9E6F54
:10CAE000220E9F6FA16B1200A06F040EA26F230E87
:10CAF000A36F120002012F510601DD5D0301CC6F0F
:10CB0000020130510601DE590301CD6F020131519E
:10CB10000601DF590301CE6F020132510601E059CF
:10CB20000301CF6F020133510301CC5D0201345187
:10CB30000301CD59020135510301CE59020136518D
:10CB40000301CF5901E2010CAAEC92F0000901E1C6
:10CB5000010CDDC6F5F0DEC6F6F0DFC6F7F0E0C684
:10CB6000F8F0DFEF6AF0020EE16F28D8DF500AE13B
:10CB70001BD8E04728D8FB0B2BD8AEEC8BF000017C
:10CB8000E16B0AD01BD8DE0407E10ED81CD8FD0BE0
:10CB90001FD8D5EC69F0F1D711D8DF50886FE1C00C
:10CBA00089F0440E68EF82F020EE01F0DE51D926C4
:10CBB000DF51DA22DF50E06FE0471200DEC0D9FF1C
:10CBC000DFC0DAFF12000101B3510001E0191200C9
:10CBD000E0190101B36F1200F00E0001736F010E36
:10CBE000746FA2EC6FF073C0EEF174C0EFF1050E3C
:10CBF0000201AB6120D0EAC1E0F1EBC1E1F1ECC18F
:10CC0000E2F1EDC1E3F1EEC1E4F1EFC1E5F1AB51C9
:10CC1000090DBB0EF324D96E020EF420DA6E01D892
:10CC20000AD00500FA6EDE50FD6EDE50FE6EDE505C
:10CC3000FF6EFA501200EAC1E0F1EBC1E1F1ECC184
:10CC4000E2F1EDC1E3F14CEF50F00101DA51D8B45B
:10CC5000120026D805E0D8C1D9FF2AD8D8A41200DE
:10CC600020EE02F0D851D926D951DA22DFBA1200CB
:10CC700017D804E10CD8010E84EF87F0D8C1D9FF92
:10CC800017D8D8A4120003D8FF0E84EF87F0DBC1B9
:10CC9000F0F0DCC1F1F0DDC1F2F0DEC1F3F0120022
:10CCA000D8C1D9FFD9C1DAFF040EDE18DE10120098
:10CCB000D9C1DAFF080EDE18DE10120020EE05F0F2
:10CCC00031D8DECF97F0DDCF98F097C099F098C0BB
:10CCD0009AF0000E9ABFFF0E9B6F9C6F20EE07F03C
:10CCE00021D899C0DEFF9AC0DEFF9BC0DEFF9CC04A
:10CCF000DEFFA6C08BF0A7C08CF020EE07F012D8A4
:10CD0000DECF8DF0DECF8EF0DECF8FF0DECF90F075
:10CD100097EC66F020EE0BF005D88BC0DEFF8CC0E0
:10CD2000DDFF1200A651D926A751DA2212005F506A
:10CD30006B6F6C6B6BBF6C0720EE1FF08B51D926AD
:10CD40008C51DA22DECF6DF0DDCF6EF075EC7EF027
:10CD50006BC093F06CC094F0D20E9325916F0A0EC5
:10CD60009421926F91C071F092C072F0ACEC40F0DF
:10CD70008DC075F08EC076F08FC077F090C078F0DF
:10CD800081EC78F0B2EC40F0D20E816F0A0EDCEC50
:10CD90003FF0BEEC48F07DC08BF07EC08CF01200FE
:10CDA0009DC08BF09EC08CF09FC08DF0A0C08EF017
:10CDB00037EC56F08BC0A5F08CC0A6F06C6B010E62
:10CDC0006B6FA1519F5D6D6FA251A0596E6F75EC95
:10CDD0007EF09B516B03F3CFA3F0F4CFA4F06C0370
:10CDE000F350A4279C516B03F350A427A351A5270C
:10CDF000A451A623A5C08BF0A6C08CF09FC08DF0D7
:10CE0000A0C08EF050EC40F08BC09BF08CC09CF02A
:10CE1000120000016F6B6B6B6E6B1BD06E51050DBA
:10CE2000F3CF67F0F4CF68F067516525696F6851FB
:10CE300066216A6F020E69256C6F000E6A216D6FA4
:10CE400019D8DE506F5D03E215D8DF506F6F6B2B82
:10CE50006E2B20EE2AF06551D9266651DA22DE507B
:10CE60006E5DDCE36B51D8B4640C6F5101E1640C6E
:10CE70006F51120020EE04F06C51D9266D51DA2268
:10CE800012000001716F27EC70F010D0338225D0B2
:10CE9000338423D0338621D033881FD0338A1DD0EA
:10CEA000338C1BD0338E19D0338017D000017151D1
:10CEB0006F6F706B7051F8E16F51F6E0010AE6E0B8
:10CEC000030AE6E0010AE6E0070AE6E0010AE6E016
:10CED000030AE6E0010AE6E0E7D733C069F034C0B0
:10CEE0006AF035C06BF036C06CF06EC06DF097EF35
:10CEF0008CF09F5127E19DC065F09EC066F0F1EC7B
:10CF00008CF000091FE120EE03F026D8DECF8BF075
:10CF1000DDCF8CF020EE05F01FD8DECF8DF0DDCF19
:10CF20008EF020EE11F018D8DECF8FF0DDCF90F02C
:10CF3000FDEC3EF020EE05F00FD88BC0DEFF8CC07C
:10CF4000DDFF120020EE03F007D810EE05F09D5132
:10CF5000E1269E5144EF1FF09D51D9269E51DA22C1
:10CF600012006E6B2CD8DECF6BF0DDCF6CF06B292E
:10CF70006F6F000E6C21706F694B6A2B15D01FD834
:10CF80006F51DE5CDE50800A6D6F7051800A6D5902
:10CF900007E215D86FC0DEFF70C0DDFF010E6E6FB7
:10CFA000694B6A2B6F4B702B6751695D6A51800A20
:10CFB0006B6F6851800A6B59E2E36E511200D89092
:10CFC0006935D96E6A35DA6E6551D9266651DA222D
:10CFD00012000CD098C066F00BEF42F098C066F0DB
:10CFE00037EF52F098C096F00EEF86F0985112ECA1
:10CFF00039F0DF50996F9A6B9A51D8A4020C99516D
:10D00000320AF0E0010AEEE0070AECE0010AEAE089
:10D01000030AE8E0010AE6E00F0AE4E0040AE2E0BD
:10D02000010AE0E0030ADEE0010ADCE06F0AD2E078
:10D03000010AD4E0330AD6E0010AD8A4020CD2D700
:10D040002AD8DFA812002ED810EE2CF03C50E12692
:10D050003D50E222DE50E65C14E3000E49EC92F013
:10D060001AD8DF8020EE2CF09CEC3DF0DF6A13D85C
:10D07000DF9420EE33F09CEC3DF0DF900CD8DF968F
:10D0800007D020EE33F09CEC3DF0DF8204D8DF8641
:10D0900002D8DF98120020EE2DF03C50D9263D50EA
:10D0A000DA2212003CC0D9FF3DC0DAFF12007FC077
:10D0B00074F080C075F081C076F082C077F03BECF0
:10D0C00081F014D07FC06FF080C070F020EE3AF095
:10D0D00021D8DA22DF50716F00EF80F0D1EC76F0CA
:10D0E00014D818D823EC3BF0F2EF8EF020EE3AF093
:10D0F00011D8DA22DF50836F846B8451EFE18351C2
:10D10000010AE0E0030ADEE0E9D7010E7C6F20EEC1
:10D1100021F0010C8151D926825112002CEC70F0C3
:10D120000000280E0001656F030E29D86AEC37F065
:10D130001FD89E0E7D6F050E7E6F300E75EC6AF067
:10D14000340E0001656F030E1AD86AEC37F010D860
:10D15000860E7D6F050E7E6F370E75EC6AF09F0EA2
:10D1600000017A6F020E7B6F17EC3EF00000120098
:10D17000010E7A6F5A0E7B6F040E7C6F1200666F81
:10D180005A0E676F040E686F1200D6C0CEF0D7C07B
:10D19000CFF0D8C0D0F0D9C0D1F0DEC0D2F0DFC01F
:10D1A000D3F0E0C0D4F0E1C0D5F0CCEC74F0D6C040
:10D1B0006FF0D7C070F0D8C071F0D9C072F08DECAC
:10D1C0008DF0B60E0001656F050E666FA90E676FD4
:10D1D000030E686F6A6B050E696FCCEC7CF0DAC0E9
:10D1E000B6F5DBC0B7F5DCC0B8F5DDC0B9F5B60EF5
:10D1F000D66F050ED76F120002010251D96EDA6A9E
:10D20000C950DF6E022B0307D8A004070351041195
:10D2100003E0C59AC588050C00851DC20BF022EEFF
:10D220000BF001D80AD00500FA6EDE50FD6EDE501C
:10D23000FE6EDE50FF6EFA5012000C6E0D6A0D503D
:10D2400002E0C5EF92F00C50010A02E1C5EF92F046
:10D25000030A02E1C2EF92F0010A02E1C2EF92F08A
:10D26000070AC5EF92F0000E16EC79F068C06EF078
:10D2700069C06FF0020E16EC79F068C070F069C0FA
:10D2800071F00001726B736B705171110EE072914D
:10D29000729520EE38F07051D9267151DA22DFAC48
:10D2A00002D0728302D0000172936E516F110CE0B4
:10D2B00020EE38F06E51D9266F51DA22DFAC02D061
:10D2C000728702D00001729772C06CF073C06DF06B
:10D2D000120020D8DFB212001DD8DFB0120020EEFD
:10D2E00013F023D810EE0BF01CD86BEC46F022D8CC
:10D2F00003E210D8DF84120020EE0BF016D810EEF7
:10D3000015F00FD86BEC46F015D8D8B0120002D843
:10D31000DF86120020EE38F06551D9266651DA22F8
:10D3200012006551E126665112006551D9266651F9
:10D33000DA2212006B6FDE50800A6B591200666BA6
:10D34000676B1BD0D8906635D96E67359EEC5BF065
:10D35000DECF68F0DDCF69F000011BD8DF9C19D863
:10D36000DF9A20EE3CF01CD8DF9013D8DF9E20EE31
:10D370003CF016D8DF92664B672B0101AE510001DD
:10D38000665D6751800A656FE7EC75F06559DAE311
:10D39000120020EE3BF06851D9266951DA221200C2
:10D3A0006851D9266951DA221200D0EC91F065C09B
:10D3B000DCF066C0DDF00101B3A31CD01FD8140E51
:10D3C000DE6EDD6A20EE25F021D8010EDBBE06D030
:10D3D000DB5013E1140EDE5CD8B0120020EE25F015
:10D3E00015D8140EDE6EDD6ADCC0C0F0DDC0C1F001
:10D3F0003AEF3CF003D8DE6ADD6A1200000120EE4D
:10D4000017F0DC51D926DD51DA221200DC51D92681
:10D41000DD51DA221200736F0001735103E0726B69
:10D42000722B02D00001726B0101B351000172191D
:10D43000FE0B72190101B36F0001746B756B10D094
:10D44000D8907435D96E75359EEC5BF0DECF69F0FF
:10D45000DDCF6AF073C06BF0A7EC4FF0744B752B07
:10D460000101AE510001745D7551800A726FE7ECE5
:10D4700075F07259E5E387EC92F0040E01EF92F03B
:10D48000BB83040E01EC92F0000E35EC7EF00D0E25
:10D4900000017A6F240E24D8F2EC8EF00101BBA1BA
:10D4A00009D0170E00017A6F240E3BEC5DF07E6B05
:10D4B000F2EC8EF0870E00017A6F240E7B6F20EC69
:10D4C0003DF0F2EC8EF0000E0001656F65C0ABF22E
:10D4D0000201AC6BAD6B070EB1EC90F08EEF68F013
:10D4E0007B6F7C6B7D6B7E6B1200816F0001846BA8
:10D4F0007BC085F07CC086F07DC082F07EC083F06A
:10D500001DD085C0D9FF1FD8DE50E61812E07AC0C2
:10D5100076F084C077F085C0D9FF86C0DAFFDF508F
:10D52000786F8151EEEC8BF085C0D9FF0CD8DFCF3E
:10D53000E7FF842B824B832B854B862B170E84654C
:10D54000E0D70000170C86C0DAFF82C0E1FF83C07D
:10D55000E2FF12006C6B29D8DECF69F0DDCF6AF0F4
:10D56000FF0E69256D6FFF0E6A216E6F6707D8A0E9
:10D57000680768BF18D019D8DE506D5D6E51800AFB
:10D580006B6FDE50800A6B5907E20FD86DC0DEFF6B
:10D590006EC0DDFF010E6C6F6707D8A068076D07CE
:10D5A000D8A06E07E6D76C511200D8906735D96EB7
:10D5B0006835DA6E6551D9266651DA22120028ECF8
:10D5C00091F037C28AF038C28BF039C28CF03AC27F
:10D5D0008DF0F5C08EF0F6C08FF0F7C090F0F8C077
:10D5E00091F07AEC53F000090BE0F5C0F0F0F6C0D2
:10D5F000F1F0F7C0F2F0F8C0F3F0000E1FEC75F098
:10D60000F5C0EAF0F6C0EBF0F7C0ECF0F8C0EDF0D2
:10D61000CCEC78F0F5C02FF2F6C030F2F7C031F262
:10D62000F8C032F2010C97C095F098C096F0E9EC82
:10D630007AF09CAF09D0B00E995D3C0E9A59FF0E5E
:10D640009B59FF0E9C5922E39CBF08D09C519B1113
:10D650001DE1510E995DC30E9A5918E220EE39F082
:10D660009751D9269851DA22DF8099C05AF09AC092
:10D670005BF09BC05CF09CC05DF097C08BF098C0E5
:10D680008CF03AEC2FF019EC92F0010C000C6A6B64
:10D6900066AF06D0656D661FD8B0662B010E6A6F47
:10D6A00068AF04D0676D681FD8B0682B67516811E8
:10D6B00017E0010E696F04D0D89067376837692B7F
:10D6C00068AFFAD76751655D6851665904E36751E1
:10D6D000655F6851665BD89068336733692FF2D70E
:10D6E0006A5104E0656D661FD8B0662B65C065F0B1
:10D6F00066C066F01200696F00016551661167111E
:10D7000017E06951030D0B0EF324D96E020EF420BD
:10D71000DA6E65C0DEFF66C0DEFF67C0DEFF1D0E8D
:10D720006925D96EDA6A020EDA2268C0DFFF1200BC
:10D730006951030D0B0EF324D96E020EF420DA6E3C
:10D740001E0EDE6E250EDE6E010EDE6E1D0E6925CE
:10D75000D96EDA6A020EDA22DF6A1200000E49EC94
:10D7600092F020EE2AF09CEC3DF023D8DE50E61833
:10D7700001E102D0010E01D0000E000903E0010119
:10D78000B389120020EE2AF09CEC3DF00BD83CC08F
:10D7900070F03DC071F09EEC8BF00009D8A42EEC27
:10D7A0008CF012003CC0E1FF3DC0E2FFDFCFE7FF9D
:10D7B000120010EE01F03C50E1263D50E222120032
:10D7C000000169516A116B116C1123E0010E6D6F3C
:10D7D00006D0D89069376A376B376C376D2B6CAFD2
:10D7E000F8D76951655D6A5166596B5167596C513B
:10D7F000685908E36951655F6A51665B6B51675B05
:10D800006C51685BD8906C336B336A3369336D2F1E
:10D81000E8D765C065F066C066F067C067F068C0AD
:10D8200068F012001CD0E8EC88F027D0C6EC5DF060
:10D8300024D0F5C069F0F6C06AF0F7C06BF0F8C00C
:10D840006CF028EC77F019D0F5C0CCF0F6C0CDF034
:10D85000F7C0CEF0F8C0CFF0AAEC4EF00ED09B513E
:10D860000001D86FD96BD95108E1D851DCE0010A29
:10D87000DDE0030ADEE0010AE7E001019B5101E07F
:10D88000000CE6EC1BF0010C000E35EC7EF0000104
:10D89000E76BE86B1ED0D890E735D96EE8359EEC83
:10D8A0005BF0DECFE5F0DDCFE6F0E5C065F0E6C089
:10D8B00066F005EC8BF000090AE0E7C0D4F0E8C0A0
:10D8C000D5F0E5C0D6F0E6C0D7F024EC74F0E74B15
:10D8D000E82B0101AE510001E75DE851800AE46FD9
:10D8E000E7EC75F0E459D7E38EEF68F0066E02506E
:10D8F0000310041017E00650030D0B0EF324D96E2D
:10D90000020EF420DA6E02C0DEFF03C0DEFF04C0A8
:10D91000DEFF1D0E0624D96EDA6A020EDA2205C079
:10D92000DFFF12000650030D0B0EF324D96E020E1A
:10D93000F420DA6E160EDE6E260EDE6E010EDE6E40
:10D940001D0E0624D96EDA6A020EDA22DF6A120090
:10D950000DEC92F065C0D9FF66C0DAFFDF50F46FBE
:10D96000F45101E0010CB3EC89F070C0F5F071C026
:10D97000F6F0F5C0D9FFF6C0DAFFDFAC000C12D824
:10D98000DFB2000C0FD8DFA4000C51EC90F0F0C017
:10D99000EAF0F1C0EBF0F2C0ECF0F3C0EDF0CCEC4B
:10D9A00078F0010C20EE02F0F551D926F651DA227A
:10D9B00012000501526B540E0001686F050E25D848
:10D9C000280E6C6FF5EC86F07C0E686F050E1DD886
:10D9D000020E6C6FF5EC86F07E0E686F050E15D8A2
:10D9E000060E6C6FF5EC86F0840E686F050E0DD890
:10D9F000010E6C6FF5EC86F0050185918593520E52
:10DA00000001706F050E716F1200696F6B6B6A6BAE
:10DA10006D6B120072C074F073C075F070C0D9FFE6
:10DA200071C0DAFF74C0E1FF75C0E2FFDFCFE7FF2E
:10DA300070291BD865EC83F020EE01F012D809D8CC
:10DA4000040E702512D865EC83F020EE04F009D89E
:10DA500000D0DA226AC0DEFF6BC0DEFF6CC0DEFFE2
:10DA600012007451D926755112006A6F000E71218F
:10DA70006B6F120072C069F073C06AF070C0D9FF9A
:10DA800071C0DAFF69C0E1FF6AC0E2FF76EC7AF0AC
:10DA90001CD810EE01F012D820EE02F016D810EECD
:10DAA00002F00CD820EE03F010D810EE03F006D8E8
:10DAB00020EE04F00AD810EE04F000D06951E126FF
:10DAC0006A51E222DFCFE7FF12007051D92671516F
:10DAD000DA221200B2510001F025F66FF65102E190
:10DAE000010E03D0080EF66501D0F66FF6C0B2F154
:10DAF000F65167EC92F0070EB1EC90F001010CD8F2
:10DB0000F2EC8EF0F2C0EAF0F3C0EBF0F4C0ECF00F
:10DB1000F5C0EDF0CCEF78F0B251300F0201B36FE9
:10DB2000B00E00017A6F020E7B6F7C6B020E7D6F70
:10DB30007E6B020C47EC8DF0706F716B7051711938
:10DB40000AE1030E461807E171C06DF06E6B070E17
:10DB50005AEC90F006D071C06DF06E6B020E5AEC6C
:10DB600090F07051711908E1030E461805E00DD8C8
:10DB7000070E5AEC90F004D008D8020E5AEC90F040
:10DB8000712B020E7165DAD7020C71C06DF0010EB7
:10DB90006E6F010C7CC180F07DC181F0D8900101D5
:10DBA0007C35D96E7D35DA6E02015051D92651513E
:10DBB000DA22DECF82F0DDCF83F082C073F083C043
:10DBC00074F0D9EC52F0000905E082C07DF083C00A
:10DBD0007EF01200B6EC8EF00001805101017C193C
:10DBE000DDE10001815101017D19D8E100017D6B6A
:10DBF0007E6B120001A202D0CFEF72F0008502D03E
:10DC00009E86030C1DC26EF022EE0BF001D80AD0E6
:10DC10000500FA6EDE50FD6EDE50FE6EDE50FF6EC9
:10DC2000FA50120000016F6F706B705102E0ADEF9F
:10DC300091F06F51010A02E1ADEF91F0030A02E1A8
:10DC4000B4EF91F0010A02E1B4EF91F0070AD8E0D5
:10DC5000ADEF91F08BC071F08CC072F0ACEC40F085
:10DC60008DEC20F081EC78F071C08FF072C090F0F4
:10DC700073C091F074C092F08FC07DF090C07EF0C0
:10DC800091C07FF092C080F0200EBBEC40F0BEEC63
:10DC900048F07DC08FF07EC090F07FC091F080C0D2
:10DCA00092F08FC08BF090C08CF091C08DF092C03C
:10DCB0008EF01200696F1AD0656B666B1200FF0E52
:10DCC00023D020EE3AF01BEC3DF0020EDE1802E10C
:10DCD000FE0E1AD0666B010E656F010C20EE3AF055
:10DCE0001BEC3DF0020EDE18F5E0F2D700016951A1
:10DCF000676F686B6851F2E16751010AE0E0030A5F
:10DD0000DBE0010ADEE0EAD74024656FFF0E412028
:10DD1000666F1200020E811904E1930E826F240EC9
:10DD20000CD0810504E1500E826F240E06D0030E44
:10DD3000811904E14E0E826F240E836F8A0E7A6F72
:10DD4000240E7B6F85EC68F010D8EBEC4BF0F2EC16
:10DD50008EF082C07AF083C07BF07C6B20EE21F0E5
:10DD600004D823EC3BF0F2EF8EF07F51D92680519E
:10DD7000120020EE33F027D8DECFCEF0DDCFCFF08B
:10DD8000C9C0A6F0CAC0A7F0CBC0A8F0CCC0A9F00B
:10DD9000B9EC5CF0A6C0D0F0A7C0D1F0D0C0C4F000
:10DDA000D1C0C5F020EE03F0CE51D926CF51DA22F2
:10DDB000DF50C66F20EE21F006D8DF50C76FCDC010
:10DDC000C8F092EF8EF0C951D926CA51DA2212005A
:10DDD000746B756B70C073F07351D96EDA6A71C071
:10DDE000E1FF72C0E2FFDFCFE7FF744B752B7329B1
:10DDF0006B6F745171256C6F755172216D6F3BECB7
:10DE000079F06B5174276C517523735179EC52F092
:10DE100074517125E16E75517221E26EDFCFE7FF1B
:10DE2000744B752B74C070F075C071F012009BC0FC
:10DE30008BF09CC08CF09DC08DF09EC08EF037ECB6
:10DE400056F08BC0A1F08CC0A2F0A1C079F0A2C0A6
:10DE50007AF09DC07BF09EC07CF09FC07DF0A0C09A
:10DE60007EF0B1EC59F079C0A1F07AC0A2F0A1C067
:10DE70008BF0A2C08CF09DC08DF09EC08EF050EC57
:10DE800040F08BC09BF08CC09CF012004EEC92F0E6
:10DE900065C06CF066C06DF069516C5D6A516D597A
:10DEA00005E369C06EF06AC06FF004D06CC06EF01C
:10DEB0006DC06FF0706B716B0DD011EC7FF06B6FFC
:10DEC00070516725D96E71516821DA6E6BC0DFFF22
:10DED000704B712B6E51705D6F517159EEE36EC0D6
:10DEE00067F06FC068F0120020EE22F026D8DF50F5
:10DEF000D8B41200020E671907E020EE3AF01DD8E0
:10DF0000020EDE18D8A4120020EE25F016D8DECFBF
:10DF100069F0DDCF6AF020EE23F00FD810EE25F087
:10DF20006551E126665144EC1FF020EE23F005D840
:10DF300069C0DEFF6AC0DDFF12006551D926665157
:10DF4000DA221200B3EC89F070C077F071C078F07B
:10DF500077C0D9FF78C0DAFFDECF79F0DDCF7AF075
:10DF6000010186510001791905E101018751000184
:10DF70007A1902E0010E01D0000E766F79C086F1A9
:10DF80007AC087F17351741106E073C0D9FF74C071
:10DF9000DAFF76C0DFFF77C073F078C074F012004C
:10DFA000000E35EC7EF0A3EC7AF01CD0E0C0D4F08B
:10DFB000E1C0D5F0E2C0D6F0E3C0D7F088EC44F081
:10DFC0008EEF68F0E0C0D6F0E1C0D7F0E2C0D8F044
:10DFD000E3C0D9F044EC4BF08EEF68F0BEEC8BF070
:10DFE0008EEF68F045500001E46FE56BE551F6E116
:10DFF000E451010ADBE0030AE5E0F0D70001706FAD
:10E0000026D80CD034821FD034841DD034861BD047
:10E01000348819D0348A17D0348015D0000170515B
:10E020006E6F6F6B6F51F8E16E51F6E0010AF4E02C
:10E03000030AE8E0010AE8E0070AE8E0010AE8E08C
:10E04000030AE8E0E9D712EC80F097EF8CF0336A2E
:10E05000346A356A366A12005EAE05D002018D510F
:10E0600057EC80F025D05E5023E05EA003D0000E78
:10E070002FEC8EF05EA203D0010E2FEC8EF05EA48A
:10E0800003D0020E2FEC8EF05EA603D0030E2FEC11
:10E090008EF05EA803D0040E2FEC8EF05EAA03D0A3
:10E0A000050E2FEC8EF05EAC03D0060E2FEC8EF03A
:10E0B0005E6A1200886F0001885116EC79F068C022
:10E0C00089F069C08AF0000189518A11D8B4120020
:10E0D000060E8D6F8E0E8B6F8C6B8BC0D9FF8CC034
:10E0E000DAFF88C0DFFF89C065F08AC066F0ADEC5A
:10E0F00057F020EE01F08B51D9268C51DA2265C001
:10E10000DEFF66C0DDFF8D0E95EC41F09EEF55F011
:10E11000756B766B15D07051D96EDA6ADECF73F0FD
:10E12000DDCF74F075517325D96E76517421DA6E96
:10E1300075517125E16E7651722114D8754B762B8D
:10E14000705143EC2BF0DF50736F746B7351755D3E
:10E1500074517659E0E3705143EC2BF0DF50706F4F
:10E16000716B1200E26EDFCFE7FF12006A6B6B6B20
:10E1700019D0D8906A35D96E6B359EEC5BF0DECF46
:10E1800068F0DDCF69F0000120EE41F06851D9263A
:10E19000695114D868C065F069C066F02DEC84F050
:10E1A0006A4B6B2B0101AE5100016A5D6B51800A15
:10E1B000676FE7EC75F06759DCE31200DA22DE6A7C
:10E1C000DE6ADE6ADD6A12009E96020100A70CD0AC
:10E1D000C5BC01D003D0026A022A01D0026A023013
:10E1E00003E30F0E0201096F02010951030D5F0ED7
:10E1F000F324F66E200EF420F76EF86A000EF82273
:10E2000001D80DD00500FA6E0900F550FD6E090029
:10E21000F550FE6E0900F550FF6EFA501200020133
:10E22000096F1200B2510001F025F66FF65102E1BC
:10E23000010E03D0080EF66501D0F66FF6C0B2F1FC
:10E24000F65167EC92F0070EB1EC90F00101B2517B
:10E25000300F0201F76FF40E00017A6F020E38ECF6
:10E260005DF07D6F7E6BF2EC8EF0F2C0EAF0F3C0F1
:10E27000EBF0F4C0ECF0F5C0EDF0CCEF78F001A2DB
:10E2800002D0E4EF70F0E2EC92F0020100A706D0B9
:10E2900018EC90F003E30F0E0201096F020109511F
:10E2A000030D5F0EF324F66E200EF420F76EF86A6D
:10E2B000000EF82201D80DD00500FA6E0900F550C5
:10E2C000FD6E0900F550FE6E0900F550FF6EFA5024
:10E2D00012000201096F120000018A6B8B0E886F19
:10E2E000896B88C0D9FF89C0DAFF010EDF6E20EE8E
:10E2F00001F01AD8020EDF6E20EE02F015D8DF6AA8
:10E3000020EE03F011D8070EDF6E20EE04F00CD8DB
:10E31000010EDF6E20EE05F007D8060EDF6E8A0EC6
:10E3200095EC41F09EEF55F08851D9268951DA22BB
:10E330001200896F0001895116EC79F068C08AF0EB
:10E3400069C08BF000018A518B11D8B41200080EFD
:10E350008E6F8F0E8C6F8D6B8CC0D9FF8DC0DAFFE6
:10E3600089C0DFFF8AC066F08BC067F06CEC90F06C
:10E37000886F20EE01F08C51D9268D51DA2288C0A9
:10E38000DFFF8E0E95EC41F09EEF55F0D9EC6CF06E
:10E3900070C0B4F171C0B5F1930E0101B66F020EF9
:10E3A000B76F0001656B65510101B625D96E000E8E
:10E3B000B721DA6EDF680001652B050E6565F3D7BE
:10E3C00001D0F1D7C06BC16BC26BC36B0101A75108
:10E3D0009DEC41F00101B399B39BD5EC69F00101CB
:10E3E000BC6BC3EF75F06A6B6B6B665106E1FB0E9D
:10E3F000655D03E2696B010E09D06751D96EDA6A77
:10E40000FB0EDF6E6A4B6B2B696B020E686F0BD0D5
:10E4100067516A25D96EDA6A65C0DFFF6A4B6B2BDC
:10E4200066C065F0666B6807D8A069076829F0E1E7
:10E430006929EEE16AC065F06BC066F0120024D86D
:10E44000DFA405D0900E656F240E666F12001CD8F5
:10E45000DFA605D08D0E656F240E666F120014D8EE
:10E46000DFA805D0C30E656F230E666F12000CD8AF
:10E47000DFAA05D0C90E656F230E666F1200790EF4
:10E48000656F240E666F120020EE38F06551D926B4
:10E490006651DA22120022EC8FF065C071F066C07E
:10E4A00072F021D87151D9267251DA22DFAC04D032
:10E4B0000101BD5101E0120016D810D8DFAE000EE8
:10E4C0006E6F20EE39F00AD8DFA2000E6F6F20EEDB
:10E4D00039F004D8DFA0000EB6EF85F07151D926CF
:10E4E0007251DA22010C000120EE38F01200746B38
:10E4F000756B70C073F07351D96EDA6A71C0E1FF49
:10E5000072C0E2FFDFCFE7FF744B752B73290ED883
:10E510003BEC79F013D87351040F08D83BEC79F039
:10E520000DD874C070F075C071F012006B6F74512B
:10E5300071256C6F755172216D6F12006B517427CC
:10E540006C517523120026D820D824D8DECF6BF06A
:10E55000DDCF6CF06BC0D9FF6CC0DAFFDF6A20EE54
:10E5600002F00FD8DA2211D820EE04F00AD8DA220D
:10E5700069C0DEFF6AC0DDFF20EE06F002D808EFBA
:10E580007AF06551D9266651120067C0DEFF68C077
:10E59000DDFF120065C0D9FF66C0DAFF120002017C
:10E5A000008502D09E86030C1DC20BF022EE0BF0FC
:10E5B00001D80AD00500FA6EDE50FD6EDE50FE6E08
:10E5C000DE50FF6EFA5012000C6E0D6A0D5002E024
:10E5D000EEEF92F00C50010A02E1EEEF92F0030A26
:10E5E00002E1F0EF92F0010A02E1F0EF92F0070A87
:10E5F000D9E0EEEF92F0D4C3DBF6D5C3DCF628C148
:10E60000DDF629C1DEF62AC1DFF62BC1E0F620EEE9
:10E6100004F018D8DA2201D80AD00500FA6EDE50CC
:10E62000FD6EDE50FE6EDE50FF6EFA5012000101EC
:10E63000F96FF951D8B41200030120EE0BF002D8A3
:10E6400053EF8BF0D451D926D55112000001F56F4C
:10E65000030EF66FF5516BEC89F065C0F7F066C0FC
:10E66000F8F0F8BF18D0F8BF05D0F85114E1080E43
:10E67000F75D11E248EC90F065C0F0F066C0F1F093
:10E6800067C0F2F068C0F3F0F7511FEC75F0AEEC24
:10E690008BF00001F66B886BF6C089F0410E68EFD5
:10E6A00082F0000E35EC7EF00001E76BE86B17D0CE
:10E6B000D890E735D96EE8359EEC5BF0DECFE5F01B
:10E6C000DDCFE6F0E7C07FF0E8C080F0E5C081F084
:10E6D000E6C082F057EC68F00001E74BE82B01013F
:10E6E000AE510001E75DE851800AE46FE7EC75F098
:10E6F000E459DEE38EEF68F0000000000062722053
:10E7000020000000000000002AFC00000000AA0910
:10E710000154730028EC00AA0901385A001A71004C
:10E72000721A0112BC009A0C01AA0901389200FC6D
:10E730001701CE1401387200E2240128080116B135
:10E740000062722020008404C906720402D0000016
:10E7500012009F5100017D6F7E6B7E51F8E17D516B
:10E7600002E12BEF3DF0010A02E1C1EF8AF0030A5A
:10E7700002E1AEEF6BF0010A02E12EEF8CF0070A26
:10E7800002E192EF64F0010A02E147EF89F0030A27
:10E7900002E1BEEF84F00E0A02E120EF68F0D7D765
:10E7A00024D8DFA803D062EC92F00BD01ED8DFAAE9
:10E7B00003D0E9EC91F005D018D8DFAC000CEFECF9
:10E7C00091F00001F66FF65103E019EC82F002D0EF
:10E7D00074EC85F0F2C0EAF0F3C0EBF0F4C0ECF0BA
:10E7E000F5C0EDF0CCEC78F0010CF0C0D9FFF1C031
:10E7F000DAFF1200000E35EC7EF00001E76BE86BEB
:10E8000016D0D890E735D96EE8359EEC5BF0DECFB8
:10E81000E5F0DDCFE6F0E7C0C9F0E8C0CAF0E5C03A
:10E82000CBF0E6C0CCF0B9EC3AF0E74BE82B0101B5
:10E83000AE510001E75DE851800AE46FE7EC75F046
:10E84000E459DFE38EEF68F0D4C074F0D5C075F002
:10E85000D6C076F0D7C077F03BEC81F020EE33F0F5
:10E86000D651D926D751DA22DECFD8F0DDCFD9F074
:10E87000D8C0D9FFD9C0DAFFDF50FEEC6FF0D6C0A8
:10E8800065F0D7C066F079EC8AF00009D8B41200C0
:10E89000D6C0D2F0D7C0D3F0A6EF8CF00101BD51A5
:10E8A00006E1D4C0D2F0D5C0D3F0A6EC8CF00001C4
:10E8B00020EE45F014D8DA22DF50D66FFF0ED625B1
:10E8C000C46FC56BFF0EC5230ED809D802D892EFCE
:10E8D0008EF0DA22DF50C76F010EC86F010CD451E1
:10E8E000D926D5511200020EC66F20EE21F0020C7F
:10E8F000756F00017551A9EC4DF00009FAE0480E62
:10E900006A6F100E6B6F010E6C6F740E6D6F65EC9D
:10E910008FF0730E656F676B010E666F70EC8FF092
:10E92000260E00016A6F250E6B6F010E6C6F6D6B0A
:10E930006E6B5AEC8FF0B9EC92F0D3EC8CF0E806E9
:10E94000FCE01200746B756B70C073F07351D96E7C
:10E95000DA6A71C0E1FF72C0E2FFDFCFE7FF744BFC
:10E96000752B735111D874517125676F75517221D0
:10E97000686FFBEC83F0655174276651752374C092
:10E9800070F075C071F01200D96EDA6AD92ADECF44
:10E9900065F0DDCF66F01200CEC071F0CFC072F02E
:10E9A000D0C073F0D1C074F0900E1AD881EC78F01A
:10E9B00075EC20F0B8EC62F07DC03BF27EC03CF21A
:10E9C0007FC03DF280C03EF201019B6BD2C04EF28F
:10E9D000D3C04FF2D4C04CF2D5C04DF211EF5FF06E
:10E9E000756F010E766F776B786B010C8951D96E5C
:10E9F000DA6ADECF69F0DECF6AF0DECF6BF0DECF11
:10EA00006CF0010E6D6F97EC8CF08EEC68F00001ED
:10EA10008951D96EDA6A0ED8060E00018B6F130E7B
:10EA20008A6FAD0EE82EFED78A2FFCD78B2FFAD730
:10EA300000D01200DE6ADE6ADE6ADD6A12000001C2
:10EA4000F46F070EF46501D0F46FF4510101A719BA
:10EA500001E11200F0C0C0F0F1C0C1F0F2C0C2F09C
:10EA6000F3C0C3F00001F4519DEC41F0080EB1EC8D
:10EA700090F0F0C0EAF0F1C0EBF0F2C0ECF0F3C0BF
:10EA8000EDF0CCEC78F087EC92F0040E01EF92F010
:10EA900013EC92F00009D8B4010CA0C067F0A1C03B
:10EAA00068F027EC8BF00009D8B4010CA0C08AF004
:10EAB000A1C08BF0A2C08CF0A3C08DF0A4C08EF0DA
:10EAC000A5C08FF041EC47F00009D8A4010CA0C00C
:10EAD00067F0A1C068F01CEC46F0000901E1010CF0
:10EAE000000C01A202D085EF79F00097020E0A6FA8
:10EAF0001FC26EF022EE11F001D80AD00500FA6EA6
:10EB0000DE50FD6EDE50FE6EDE50FF6EFA501200DB
:10EB100000016F6F706B705102E0ADEF91F06F51BB
:10EB2000020A02E1B4EF91F0010A02E1B4EF91F0C0
:10EB3000ADEF91F08B6F00018B5186EC8FF00009E7
:10EB4000D8B41200240E8C6F8D0E896F8A6B89C029
:10EB5000D9FF8AC0DAFF8BC0DFFFB30E656F010EED
:10EB6000666F8BC067F060EC88F0886F20EE01F074
:10EB70008951D9268A51DA2288C0DFFF8C0E95ECA4
:10EB800041F09EEF55F0CDEC56F07B6B7C6B14D0D2
:10EB9000D8907B35D96E7C359EEC5BF0DECF79F07A
:10EBA000DDCF7AF0000120EE4FF07951D9267A516D
:10EBB000DA22DF807B4B7C2B0101AE5100017B5DB3
:10EBC0007C51800A786F03D87859E2E31200010182
:10EBD000AF51800A0001120001D80BD00500FA6E77
:10EBE00001013451FD6E3551FE6E3651FF6EFA5003
:10EBF000120065C028F166C029F167C02AF168C01B
:10EC00002BF1CAEC6DF07DC0D6F37EC0D7F30301C3
:10EC1000D651D71101E11200D6C3D4F3D7C3D5F32F
:10EC2000FBEC72F0B6EF8EF06E6B010E36EC91F0ED
:10EC30006E6B020E36EC91F05CEC87F065C07AF0FA
:10EC400066C07BF0BDEC2DF0F2EC8EF00101BBA1B3
:10EC500008D04DEC7FF0C2EC2DF020EC3DF0F2EC52
:10EC60008EF08EEC68F0020E0001656F65C0ABF2AD
:10EC70000201AC6BAD6B120069C070F06AC071F03C
:10EC80001AD01DD86BC065F06CC066F0CEEC8EF06B
:10EC900000016F6FDE506F1909E06BC065F06CC04A
:10ECA00066F00DD8DF50676F3AEC80F000016B4BD7
:10ECB0006C2B704B712B6D076D29E3E1120070C056
:10ECC000D9FF71C0DAFF120095EC2BF000017F6BC9
:10ECD0008D0E7F256EEC81F0DF68870E7F25D96E63
:10ECE000DA6A020EDA22DF6A7F2B050E7F65F0D723
:10ECF0009E0E686F050E08D8F5EC86F0860E686FDC
:10ED0000050E02D8F5EF86F0696F6B6B800E6A6FA7
:10ED10006D6B180E6C6F180C21D8DFA803D062EC55
:10ED200092F00BD01BD8DFAA03D0E9EC91F005D00C
:10ED300015D8DFAC000CEFEC91F00001F66FF65146
:10ED40000CE087EC90F0F2C0EAF0F3C0EBF0F4C016
:10ED5000ECF0F5C0EDF0CCEC78F0010CF0C0D9FF90
:10ED6000F1C0DAFF12000ED0D4C0D2F0D5C0D3F07B
:10ED700098EF87F016D885EC68F018D823EC3BF0B4
:10ED8000F2EF8EF020EE3AF011D8DA22DF50D66F93
:10ED9000D76BD751EFE1D651010AE6E0030AE4E070
:10EDA000E9D77D0E7A6F240E7B6F1200D451D926DD
:10EDB000D55112007FC065F080C066F0C6EC7AF0D5
:10EDC00065C081F066C082F081C07AF082C07BF0BD
:10EDD000A0EC4CF0F2EC8EF00DD87D6F7E6FF2EC73
:10EDE0008EF0010E706F000ED1EC90F0010E706F7E
:10EDF000D1EF90F06D0E7A6F240E7B6F010E7C6F59
:10EE0000010C0001686B696B17D0D8906835D96E1A
:10EE100069359EEC5BF0DECF65F0DDCF66F0B4ECDB
:10EE20007DF0676F470E6825D96E020E6921DA6E94
:10EE300067C0DFFF684B692B0101AE510001685DBF
:10EE40006951800A676FE7EC75F06759DEE31200DD
:10EE500069C03FF26AC040F26BC041F26CC042F23E
:10EE600011D801D80AD00500FA6EDE50FD6EDE50D2
:10EE7000FE6EDE50FF6EFA5012000CD8030E010138
:10EE80009B6F030C020120EE03F04C51D9264D512B
:10EE9000DA22120067C078F168C079F11200D9EC6B
:10EEA0008BF004E1030E745DD8A01200746B756BD7
:10EEB000C06B020EBE6F22EC8FF065C093F066C08F
:10EEC00094F0C0EC87F093C097F094C098F095C090
:10EED00099F096C09AF097C06DF098C06EF099C006
:10EEE0006FF09AC070F0010E1DEF29F020EE1BF0BC
:10EEF0001AD8DF5014E020EE19F015D8DECF7BF0E1
:10EF0000DDCF7CF0320E7B25716F000E7C2110D896
:10EF1000F4EC62F071C079F072C07AF012007A6B92
:10EF2000140E796F140C7951D9267A51DA22120015
:10EF3000726F746B640E736F640C00016D6B6E6B9B
:10EF40001CD06D5166256A6F6E5167216B6F6AC068
:10EF5000F6FF6BC0F7FF000EF86E0F0EF76403D0DC
:10EF60000800F55002D061EC54F000016C6F6C5158
:10EF70001AEC83F000016D4B6E2B68516D5D695189
:10EF80006E59DFE312007BEC32F020EE17F01BEC41
:10EF90003DF0A7EC3CF0C0EC40F0A5C0B2F0A6C03C
:10EFA000B3F0B251B31103E1B06BB16B1200465034
:10EFB00003E0030E461805E1B2C0B0F0B3C0B1F0F3
:10EFC00012004604F1E1B229B06F000EB321B16F17
:10EFD0001200D0EC91F065C06BF066C06CF06BC0B5
:10EFE00065F06CC066F055EC8AF0000917E06BC064
:10EFF00065F06CC066F079EC8AF000090FE020EE55
:10F000000DF06B51D9266C51DA22010EDBBE010CDA
:10F01000DB5004E1140EDE5C01E2010C000C13EC89
:10F0200092F0000921E0A0C067F0A1C068F027ECD1
:10F030008BF0000919E0A0C067F0A1C068F01CECDB
:10F0400046F0000911E0A0C08AF0A1C08BF0A2C078
:10F050008CF0A3C08DF0A4C08EF0A5C08FF04FEC53
:10F0600043F0000901E0010C000C8CC08FF08DC052
:10F0700090F00101646B656B12D08BC079F08F0E3C
:10F0800000017A6F8EC07BF07C6BCAEC14F000013B
:10F0900079510101642700017A51010165238FC074
:10F0A000F6FF90C0F7FF35EC80F0E7E164C18BF02C
:10F0B00065C18CF0120020EE03F01ED8B8C0DEFF50
:10F0C000B9C0DDFF20EE1BF017D8BAC0DFFF20EE7D
:10F0D00019F012D8BBC0DEFFBCC0DDFFB6C09DF08A
:10F0E000B7C09EF0BDC09FF079EC67F0B6C0AEF03F
:10F0F000B7C0AFF042EF51F0B651D926B751DA227E
:10F100001200796B7A6B7B6B7C6B71A108D07551A7
:10F11000792776517A2377517B2378517C23D890B5
:10F120007537763777377837D890743373337233CF
:10F1300071337151721173117411E7E179C071F07B
:10F140007AC072F07BC073F07CC074F012001FD8DC
:10F15000DFA803D062EC92F00BD019D8DFAA03D05D
:10F16000E9EC91F005D013D8DFAC000CEFEC91F096
:10F170000001F66FF6510AE0F2C0EAF0F3C0EBF0DE
:10F18000F4C0ECF0F5C0EDF0CCEC78F0010CF0C080
:10F19000D9FFF1C0DAFF1200EAC0E0F0EBC0E1F005
:10F1A000ECC0E2F0EDC0E3F0060E0101AA2500017B
:10F1B000EE6F000E0101AB210001EF6FEEC0F6FF14
:10F1C000EFC0F7FF000EF86E0500FA6E0900F5506B
:10F1D000FD6E0900F550FE6E0900F550FF6EFA5005
:10F1E000120068BF09D065C065F066C066F067C0F0
:10F1F00067F068C068F0120065C069F066C06AF028
:10F2000067C06BF068C06CF0691F6A1F6B1F6C1FD2
:10F21000692B000E6A236B236C2369C065F06AC0FA
:10F2200066F06BC067F06CC068F0000C00016B6F9B
:10F2300018D0D0EC91F065C068F066C069F012009B
:10F2400016EC8FF065C068F066C069F0120022EC21
:10F250008FF065C068F066C069F01200686B696B7A
:10F26000120000016B51E5E0010AEAE0030AEFE059
:10F27000010AEDE0F3D76E6B6F6B6B51D96EDA6AF2
:10F2800083EC88F06E516C25676F6F516D21686F4C
:10F29000FBEC83F065516E2766516F236B5143EC95
:10F2A0002BF06E516C25E16E6F516D21E26EDFCF58
:10F2B000E7FF6E4B6F2B6EC06BF06FC06CF01200EF
:10F2C0006A6B6B6B675168111BE0010E696F04D0AC
:10F2D000D89067376837692B68AFFAD7D8906A3704
:10F2E0006B376751655D6851665905E36751655F26
:10F2F0006851665B6A81D89068336733692FEED7AF
:10F300006AC065F06BC066F0120002010097020E41
:10F310000A6F1FC20BF022EE11F001D80AD00500CF
:10F32000FA6EDE50FD6EDE50FE6EDE50FF6EFA505D
:10F3300012000C6E0D6A0D5002E0EEEF92F00C50D0
:10F34000020A02E1F0EF92F0010A02E1F0EF92F01E
:10F35000EEEF92F0DDC6EAF1DEC6EBF1DFC6ECF1CE
:10F36000E0C6EDF1090E0101AA25F76F000EAB21F1
:10F37000F86FF7C1F6FFF8C1F7FF000EF86E01D87D
:10F38000010C0500FA6E0900F550FD6E0900F550FC
:10F39000FE6E0900F550FF6EFA5012003CC09FF05F
:10F3A0003DC0A0F01AD810EE03F069EC42F0E7502F
:10F3B0009E6F13D8DECF9BF0DDCF9CF00ED810EE01
:10F3C00064F069EC42F0E7509D6F9B0E986FE9EC9A
:10F3D00067F00009D8B4000012003AC0D9FF3BC062
:10F3E000DAFF120065C0D9FF66C0DAFF1AD820EE36
:10F3F00002F013D8DA2215D820EE04F00ED8DA2263
:10F4000069C0DEFF6AC0DDFF20EE06F006D800D03E
:10F41000DA22010EDE6EDD6A000C6551D9266651D6
:10F42000120067C0DEFF68C0DDFF120002C006F0F8
:10F4300003C007F004C008F005C009F006C00AF0D8
:10F4400007C00BF008C00CF0010E09A0000E01016E
:10F45000956F955102E00C8E01D00C9E0834093056
:10F460000D6E0AC002F00BC003F00CC004F00DC01A
:10F4700005F012000101A45101E01200640E000128
:10F48000676501D0676F686B0FD068516525D96ECD
:10F49000000E6621DA6E000E6825E16EE26A060E45
:10F4A000E222DFCFE7FF682B6751685DEEE367C0BC
:10F4B00047F0010E0101A46F010C72C074F073C01B
:10F4C00075F070C0D9FF71C0DAFF74C0E1FF75C07C
:10F4D000E2FF0CD87451D9267551DA2210EE01F0F2
:10F4E0007051E1267151E222E75005D0DFCFE7FFEE
:10F4F00020EE01F01200010ED8B4000EDF6E1200F3
:10F5000042C0A6F043C0A7F0C9C0A8F0CAC0A9F085
:10F51000B9EC5CF0A6C0CDF0A7C0CEF0CDC0C4F071
:10F52000CEC0C5F020EE33F04250D92643509DECBA
:10F5300033F069EC42F0E750C66FCBC0C7F0CCC0E7
:10F54000C8F092EF8EF0D0EC91F0330E00016525FB
:10F55000D96E000E662109D8FEEC6FF022EC8FF018
:10F56000330E0ED802D8FEEF6FF0DA6EDECF71F0F8
:10F57000DDCF72F071C0D9FF72C0DAFFDF50120028
:10F5800000016525D96E000E66211200000118D811
:10F5900069EC42F0E650E61008E012D869EC42F05F
:10F5A000E6CF65F0E5CF66F0120020EE01F0655180
:10F5B000D9266651DA22DECF65F0DDCF66F0120083
:10F5C00020EE33F06551D9266651DA2210EE01F0B3
:10F5D000120039EC28F0010114D80EEC28F00001DB
:10F5E00014D8DF9020EE38F09551D9269651DA22C2
:10F5F000DF9E0BD8DF9295C08BF096C08CF03AEF6F
:10F600002FF0CA6F9B0ECB6F9B0C20EE39F09551FB
:10F61000D9269651DA221200E20E0001656F1A0E09
:10F62000666F010E676FBFC068F0C0C069F0C1C0EF
:10F630006AF049EC8EF088EC38F0BB25676F000E5D
:10F64000BC21686FFB0EBD25696FFF0EBE216A6F7E
:10F65000A3EC72F00000000E91EC80F01200000E9E
:10F6600016EC79F068C088F069C089F00001885113
:10F670008911D8B412001A0E8C6F8D0E8A6F8B6BA5
:10F680008AC0D9FF8BC0DAFF030EDF6E20EE01F0D7
:10F690008A51D9268B51DA22DF6A8C0E95EC41F023
:10F6A0009EEF55F0746B756B70C073F07351D96E2B
:10F6B000DA6A71C0E1FF72C0E2FFDFCFE7FF744B8F
:10F6C000752B7351C4EC74F074517125676F7551CB
:10F6D0007221686FFBEC83F06551742766517523C6
:10F6E00074C070F075C071F01200746B756B70C0EF
:10F6F00073F07351D96EDA6A71C0E1FF72C0E2FF34
:10F70000DFCFE7FF744B752B74517125D96E75519E
:10F710007221DA6E7351E16EE26AE12AE7507BEC06
:10F720007AF0744B752B74C070F075C071F01200D4
:10F730002BEC92F065C0AFF066C0B0F03BEC3BF054
:10F74000AFC0A4F0B0C0A5F072EC7DF0ABC04EF33A
:10F75000ACC04FF3ADC050F3AEC051F39C0E0301EB
:10F76000526F250E536F010E546F4E0E0001AB6F9A
:10F77000030EAC6F12000450021A076A086A02A056
:10F780000CD0D8900330066E0230056E010E0518BD
:10F79000026EA00E0618036E03D0D8900332023218
:10F7A000074A082A08BEEBD7085003E1080E075C99
:10F7B000E6E302C002F003C003F01200B06A9E0E3E
:10F7C000B36E580EB26EB250B3CF68F00001696BE1
:10F7D00068C069F0686B681101018C6F00016951A4
:10F7E00001018D6FA192A0821E0E0001656F260E91
:10F7F000666F010E676F83EC91F0210EB16E210CE4
:10F80000696B6A6B70C068F06851D96EDA6A71C052
:10F81000E1FF72C0E2FFDFCFE7FF694B6A2B68515F
:10F82000D96EDA6AD92A69517125E16E6A5172215D
:10F83000E26EDFCFE7FF694B6A2B69C070F06AC0E8
:10F8400071F01200746B756B70C073F07351D96EE8
:10F85000DA6A71C0E1FF72C0E2FFDFCFE7FF744BED
:10F86000752B7351D96EDA6AD92A74517125E16EFC
:10F8700075517221E26EDFCFE7FF744B752B74C0B8
:10F8800070F075C071F01200746B756B70C073F01E
:10F890007351D96EDA6A71C0E1FF72C0E2FFDFCF47
:10F8A000E7FF744B752B73296B6F745171256C6F67
:10F8B000755172216D6F3BEC79F06B5174276C516F
:10F8C000752374C070F075C071F01200746B756BA5
:10F8D00070C073F07351D96EDA6A71C0E1FF72C003
:10F8E000E2FFDFCFE7FF744B752B7351D96EDA6AF5
:10F8F000D92A74517125E16E75517221E26EDFCF04
:10F90000E7FF744B752B74C070F075C071F0120076
:10F91000696B6A6B70C068F06851D96EDA6A71C041
:10F92000E1FF72C0E2FFDFCFE7FF694B6A2B68514E
:10F93000D96EDA6AD92A69517125E16E6A5172214C
:10F94000E26EDFCFE7FF694B6A2B69C070F06AC0D7
:10F9500071F0120068C065F069C066F0B4EC7DF02B
:10F960006B6F6A5110E06B510EE168C065F069C0C1
:10F9700066F055EC8AF0000906E068C065F069C0E1
:10F9800066F0E2EF8CF06B51D8B4120068C065F0FD
:10F9900069C066F049EF8BF020EE04F01AD8C20E71
:10F9A000DE6E8D0EDE6E000EDE6E20EE0DF011D8D6
:10F9B00069C0DEFF6AC0DDFF20EE0FF00AD867C025
:10F9C000DEFF68C0DDFF20EE11F003D8DE6ADD6ADD
:10F9D00012006551D9266651DA22120072C074F005
:10F9E00073C075F070C0D9FF71C0DAFF74C0E1FF59
:10F9F00075C0E2FFDFCFE7FF7029656F000E712150
:10FA0000666F9CEC88F020EE01F07451D926755198
:10FA1000DA2200D065C0DEFF66C0DDFF120068AFED
:10FA20000DD0B00E655D3C0E6659FF0E6759FF0E96
:10FA3000685904E2030E0101BF6F030C68BF0CD0CC
:10FA40006851671105E1510E655DC30E665904E307
:10FA5000020E0101BF6F020C010E0101BF6F010C0C
:10FA6000860E0001656F240E666F010E676F8AECCB
:10FA700091F0F80E656F250E666F010E676F83ECCF
:10FA800091F0F40E656F250E666F010E676F7CECCA
:10FA900091F0F00E656F250E666F010E676F75EFC2
:10FAA00091F067C06EF068C06FF065C06CF066C022
:10FAB0006DF010D06EC0D9FF6FC0DAFFDF506B6FF2
:10FAC0006E4B6F2B6CC0D9FF6DC0DAFF6BC0DFFFD0
:10FAD0006C4B6D2B6907D8A06A076929EBE16A298D
:10FAE000E9E112000001A451A5110DE1880E9C6FFF
:10FAF000230E6DEC65F0530EA06F960EA26F230ED1
:10FB0000A36F8EEC84F0A4C03CF0A5C03DF02C0E99
:10FB10003C240001686F000E3D2005EC6DF0060EE0
:10FB20006C6FF5EF86F000016D6B6E6B11D0D890A5
:10FB30006D35D96E6E359EEC5BF0DECF68F0DDCFB3
:10FB400069F0010E00016A6FAAEC7CF06D4B6E2B20
:10FB50000101AE5100016D5D6E51800A6C6FE7ECE2
:10FB600075F06C59E4E31200000113D8DFBC010CFE
:10FB700010D8DFBA010C20EE3CF012D8DFB0010C37
:10FB800008D8DFBE010C20EE3CF00AD8DFB2010C31
:10FB9000000C20EE3BF06551D9266651DA221200A6
:10FBA0006551D9266651DA2212000101D751FDE0D4
:10FBB000000E4E24D96EDA6A050EDA22DF50A66FE7
:10FBC000650E4E24D96EDA6A060EDA22DF50000185
:10FBD000656F4E2A310E4E6401D04E6AA39A010120
:10FBE000D707A38A0001655112000DD079C071F0CA
:10FBF0007AC072F0746B0A0E736FF4EC62F071C02D
:10FC000079F072C07AF07B517D6F7C517E6F7B07FB
:10FC1000000E7C5B7EBF04D07E51E8E17D05E6E20C
:10FC200079C079F07AC07AF01200E4C1D9FFE5C159
:10FC3000DAFFDECFE6F1DDCFE7F10001666B656B41
:10FC4000E6C167F0E7C168F06551671906E16651E2
:10FC5000681901E002D0010E01D0000E0009D8B4ED
:10FC60001200010E0201AB6F010C0001766FE4EC93
:10FC700092F00101B25167EC92F0010E6E6F01013A
:10FC8000A75141EC67F079EC8CF0F0EC8FF07FEC51
:10FC900092F0FAEC8FF007EC92F0E6EC8FF04BEC80
:10FCA00072F00001765155EF4EF0000120EE3BF06E
:10FCB00017D8DFA212000DD8DF5002E00AD8DF0605
:10FCC00008D8DF50D8A4120020EE3BF009D8DF920C
:10FCD000120020EE45F06551D9266651DA22120055
:10FCE0006551D9266651DA2212000DD06BC065F03D
:10FCF0006CC066F0686B0A0E676F21EC89F065C016
:10FD00006BF066C06CF06D516F6F6E51706F6D0768
:10FD1000000E6E5B70BF04D07051E8E16F05E6E243
:10FD20006BC06BF06CC06CF0120019D8DFA803D068
:10FD300062EC92F005D013D8DFAA000CE9EC91F048
:10FD40000001F66FF6510AE0F2C0EAF0F3C0EBF002
:10FD5000F4C0ECF0F5C0EDF0CCEC78F0010CF0C0A4
:10FD6000D9FFF1C0DAFF1200D59CD76AD66AD65007
:10FD7000D7CF68F0696B68C069F0686B68110201E1
:10FD8000546F000169510201556FF294F28A200EFE
:10FD90000001656F260E666F010E676F8AEC91F0A9
:10FDA000970ED56E970C8D6A8C6A896A8E6A8A6AFC
:10FDB000020E8F6E400E8B6E9668FE0E976E0F0EC3
:10FDC000926E140E986EDD0E936E9F0E946E2F0E33
:10FDD000956E0F0125690F0E246F010E236F538F4F
:10FDE000538D010C6751681117E0010E696F04D043
:10FDF000D89067376837692B68AFFAD76751655D68
:10FE00006851665904E36751655F6851665BD89035
:10FE100068336733692FF2D765C065F066C066F056
:10FE200012004850FEE0000E4924D96EDA6A080E2E
:10FE3000DA22DF500101A56F000E4924D96EDA6A7B
:10FE40000C0EDA22DF500001656F492AF90E496471
:10FE500001D0496A9D9A48069D8A65511200696BD6
:10FE600065C0D9FF66C0DAFFDECF67F0DDCF68F08E
:10FE700069516725D96E000E6821DA6E695101015A
:10FE8000B625E16E000EB721E26EDFCFE7FF00017D
:10FE9000692B050E6965E4D7050C070E0101B861F1
:10FEA00005D0B8C168F00001696B04D00001696B2E
:10FEB000050E686F68C06AF06AC0AEF26A51020D42
:10FEC0009D0EF324D96E030EF420DA6EDECF65F0BA
:10FED000DDCF66F01200C22B000EC323C423C5235E
:10FEE000CE51CF1102E187EF92F0CE4BCF2BD10E46
:10FEF000CE5D020ECF5902E287EF92F022EC8FF036
:10FF0000380EC0EC7AF0DA6EDF8C18EC46F087EF32
:10FF100092F00001D96BDA6B0ED0D890D935D96E3A
:10FF2000DA359EEC5BF0DECFAEF0DDCFAFF042EC29
:10FF300051F0D94BDA2B0101AE510001D95DDA51F4
:10FF4000800AD86FE7EC75F0D859E7E3010C6B6FC6
:10FF500068C065F000016B517BEC8FF06C6F6D6BCE
:10FF600009D8DF5002E006D8DF6A6D2B030E6D65FD
:10FF7000F7D7030C6C516D25696F6A6B280E6925E4
:10FF8000D96E030E6A21DA6E12006B6B6C6B0ED0A9
:10FF9000D8906B35D96E6C359EEC5BF0DECF65F09A
:10FFA000DDCF66F049EC8BF06B4B6C2B0101AE5151
:10FFB00000016B5D6C51800A6A6FE7EC75F06A595D
:10FFC000E7E39FEF69F0D96F0101D9AF03D0A751E3
:10FFD000D8B41200D951800A7F0F04E3070EA71985
:10FFE00001E11200A751D925D86FF5C0F0F0F6C095
:10FFF000F1F0F7C0F2F0F8C0F3F0D8511FEF75F050
:020000040001F9
:10000000710504E0020E711901E012006FC065F085
:1000100070C066F071C067F0686B53EC5FF002D897
:1000200097EF8CF033C069F034C06AF035C06BF0E4
:1000300036C06CF0000E6D6F000C656F090E00018C
:10004000656109D0DE0E6525F66EF76A200EF7228F
:1000500007D8F5501200E60EF66E200EF76E05D0AA
:10006000F86A000EF82208001200000EF86E080070
:10007000F5501200000EF2BE010E686F6651030BC0
:10008000636E65C062FF67C061FF7F9E7F9C7F8457
:10009000F29E550E7E6EAA0E7E6E7F827FB2FED7D6
:1000A0007F9468B102D0F29E01D0F28E120000015E
:1000B0007F6F17D80AD8E8EC87F00FD806D8E8EC9D
:1000C00087F007D802D8E8EF87F07B6F7FC07CF01D
:1000D000180C9B0E00017A6F360C9B0E00017A6F94
:1000E000370C9B0E7A6F300C01A202D01AEF85F00C
:1000F00000016E51D96EDA6A020ED926DF50656FA3
:100100006E51D96EDA6ADECF66F0DDCF67F070EC43
:100110008FF000016A6B6B6B6C6B6D6B65EC8FF035
:10012000020C0001BA6FBA51B86FB96BB951D8A4BB
:100130001200B85102E16CEF71F0020A02E12FEFF8
:1001400041F0120A02E163EF8DF0080A02E17EEF4E
:1001500090F0380A02E183EF5DF01200800E7C1B04
:1001600075C065F076C066F077C067F078C068F05B
:1001700079C069F07AC06AF07BC06BF07CC06CF02B
:1001800028EC1DF065C075F066C076F067C077F0AA
:1001900068C078F0120072C069F073C06AF070C075
:1001A000D9FF71C0DAFF69C0E1FF6AC0E2FF76ECF7
:1001B0007AF07051D9267151DA2210EE01F06951AE
:1001C000E1266A5100D0E222DFCFE7FF120072C0C1
:1001D00074F073C075F070C0D9FF71C0DAFF74C0DD
:1001E000E1FF75C0E2FFDFCFE7FF70296A6F000E05
:1001F00071216B6F65EC83F020EE01F07451D9260C
:10020000755129EF6DF0666F3D0E0001662512D81D
:1002100065B102D0DF9001D0DF800001655105E0BB
:100220003D0E662507D8DF9412003D0E662502D8E4
:10023000DF841200D96EDA6A010EDA221200B3A945
:10024000000CB3EC89F070C079F071C07AF00ED870
:10025000DE500BE1DE04D8A4010C08D8DFB0010C9D
:1002600005D8DFB2010C0101B38B010C79C0D9FFB5
:100270007AC0DAFF1200000174510101B01911E1D6
:10028000000175510101B1190CE174C06EF075C027
:100290006FF046EC84F076C072F077C073F0C5EF73
:1002A00089F076C072F077C073F0D7EF89F0676F8E
:1002B000000167511DEC80F0676F686B8D0E68253B
:1002C0000DD86751DE1805E08D0E682507D867C088
:1002D000DFFF682B050E6865F1D7050CD96EDA6A69
:1002E000020EDA2212008BC07FF08CC080F0DAECB4
:1002F00076F08BC07FF08CC080F08DC081F08EC016
:1003000082F0010E836F9DEC4BF08BC07FF08CC0B0
:1003100080F08DC081F08EC082F040EF5DF06C6F98
:100320006AC065F00001695144EC91F06B6F6C514B
:100330001DEC80F06C6F8D0E6B256EEC81F06CC047
:10034000DFFF5E0E676F6AC065F06951ABEC81F04C
:10035000686F53EF4FF0666F0001665106E165511B
:1003600001E1000C650512E1030C660506E165512B
:1003700001E1010C65050AE1040C020E661906E1B3
:10038000655101E1020C650501E1050C090C686F7E
:1003900012D865B102D0DF9001D0DF800CD866B1F1
:1003A00002D0DF9201D0DF8206D867B102D0DF949D
:1003B00001D0DF8412003D0E00016825D96EDA6A93
:1003C000010EDA22120006000001320008200100AE
:1003D0000000000000000000049F24001E00082010
:1003E00001000000000000000000000000011400F7
:1003F00008200100000000000000000003000000D1
:100400001400D809010000000000000000000200F4
:1004100000001400580F0100000000000000000060
:100420000100000014008411010000000000000021
:100430000000466AC4EC60F0D7EC4AF0DECF42F030
:10044000DDCF43F07BEC32F020EE15F01BEC3DF0FD
:10045000A7EC3CF0C0EC40F0A5C084F1A6C085F14B
:10046000FBEC88F001EF91F0666F040E000165650A
:1004700013D0E70E01019725F66EF76A200EF722DA
:1004800030EC80F0F5CF67F0972B070E9717985157
:100490000001671B6751661B6651120014D8DFA864
:1004A00002D0010E04D00FD8DFAC000C020E456E56
:1004B000F2C0EAF0F3C0EBF0F4C0ECF0F5C0EDF000
:1004C000CCEC78F0010CF0C0D9FFF1C0DAFF1200DB
:1004D0008A6F8AC08DF08E0E00018B6F8C6B8BC083
:1004E000D9FF8CC0DAFF88C0DFFF20EE01F08B510E
:1004F000D9268C51DA2289C0DFFF8D0E95EC41F0B0
:100500009EEF55F08AC075F38BC076F38CC077F3FD
:100510008DC078F3680E0301796F0E0E7A6F010EAD
:100520007B6F0E0E0101776F100E766F750E000156
:100530008A6F030E8B6F12000CD8DF6A0AD8DF8235
:1005400008D8DF8406D8DF8004D8DF8602D8DF88A9
:10055000120067516525696F685166216A6F500EF8
:100560006925D96E000E6A21DA6E120009D04FECAF
:1005700077F0010C33EC4AF0010CCEEC8BF0010C5F
:100580000101BE510001AF6FB06BB05107E1AF5137
:10059000010AEDE0030AEEE0010AEFE0010C656FED
:1005A0005050FEE0A3B803D065C01CFF0FD0A39845
:1005B000970E5224D96EDA6A060EDA2265C0DFFF82
:1005C000522A310E526401D0526A5006A38812009A
:1005D00008D074C070F0C6EF2AF074C070F0CEEF8F
:1005E00033F0745112EC39F0DF50756F766B765141
:1005F000D8A4020C7551500AECE0010AD8A4020CF0
:10060000ECD76B6B13D06B516825D96E000E692146
:10061000DA6E6BC065F06B516825E16E000E6921E2
:10062000E26EE75034EC82F0DF6E6B2B6A516B5D4B
:10063000EAE31200656F4B50FEE09DB803D065C041
:10064000ADFF0FD09D98000E4D24D96EDA6A0B0EC7
:10065000DA2265C0DFFF4D2AF90E4D6401D04D6AE4
:100660004B069D881200796F640E0001796501D0F8
:10067000796F7951080DF3CF71F0F4CF72F0746B8C
:10068000640E736FF4EC62F071517A6F7A5102E18B
:10069000010E7A6F7A51120072C069F073C06AF06D
:1006A00070C0D9FF71C0DAFF69C0E1FF6AC0E2FF24
:1006B00076EC7AF07051D9267151DA2210EE01F001
:1006C0006951E1266A51E3EF80F06AC065F06BC0C2
:1006D00066F09CEC88F065C06DF066C06EF020EEB0
:1006E00002F06A51D9266B51DA22DF506F6F6DC06C
:1006F0006AF06EC06BF06FC06CF01200AD29A46F91
:10070000000EAE21A56FA76B030EA66FB10EA86FEA
:1007100063EC57F0AFC0D9FFB0C0DAFFA4C0DEFF72
:10072000A5C0DDFFB1C0ADF0B2C0AEF01200000157
:10073000886F710E8B6F8C0E896F8A6B89C0D9FFA1
:100740008AC0DAFFDF6A20EE01F08951D9268A518A
:10075000DA2288C0DFFF8B0E95EC41F09EEF55F05A
:10076000EAC173F0EBC174F0ECC175F0EDC176F045
:100770001FEC81F0000901E01200EAC1DAF1EBC1DF
:10078000DBF1ECC1DCF1EDC1DDF125EC19F03CEF62
:1007900036F0B3B704D083EC92F000090DE0010EFF
:1007A0009A6F77C06EF078C06FF079C070F07AC041
:1007B00071F0FFEC4DF0010C9A5103E09A6B93EC51
:1007C0007DF0000C67C06CF068C06DF010D069C09F
:1007D00065F06AC066F0CEEC8EF06CC0D9FF6DC0DB
:1007E000DAFFDF6E0001694B6A2B6C4B6D2B6B07D8
:1007F0006B29EDE11200696B6A6B67C0D9FF68C0B5
:10080000DAFF65C0DFFF694B6A2B69516725D96E36
:100810006A516821DA6E66C0DFFF694B6A2B69C0D6
:1008200065F06AC066F01200B9B4000C65C0D9FF6B
:1008300066C0DAFF6CC1DEFF6DC1DDFF67C0D9FFA6
:1008400068C0DAFF6AC1DEFF6BC1DDFF69C0D9FF96
:100850006AC0DAFF96C1DFFF010C20EE3BF012D830
:10086000DA22DF9620EE53F00DD8DEEC70F020EEA9
:100870000DF008D8DA2210EE57F06551E1266651E6
:1008800044EF1FF06551D9266651120006D0348E10
:1008900011D035820FD035880DD06EC070F06FC08A
:1008A00071F00001715106E17051F1E0010AF1E0CF
:1008B000030AF1E012EC80F097EF8CF068C065F06D
:1008C00069C066F055EC8AF00009D8B4120020EE39
:1008D0004FF007D8DFA4120020EE3CF002D8DF82F0
:1008E00012006851D9266951DA22120068C065F0F9
:1008F00069C066F055EC8AF00009D8B4120020EE09
:100900004FF007D8DFA2120020EE3BF002D8DF8EB6
:1009100012006851D9266951DA221200F40E916F43
:10092000210E926F9CC093F09DC094F09EC095F0F4
:100930009FC096F0A2C097F0A3C098F0A0C099F015
:10094000A1C09AF091EC8FF06CEF92F01224F42396
:10095000F923FE2303240824BED50024D80012FF67
:1009600000BEB60098C9009C24018CDE003AEF005E
:100970000E25019604ED05DB05C905FF20EE32F0DA
:100980009CEC3DF0DF900101B39BB3994BEC68F018
:10099000DF904BEC68F0DF844BEC68F0DF864BECCB
:1009A00068F0DF98080E49EF92F0010E0001656FC4
:1009B00065C0ABF2DCC1F0F0DDC1F1F0DEC1F2F0F8
:1009C000DFC1F3F08FEC89F00201AC6BAD6B01017C
:1009D000BB93040E01EF92F08BC071F08CC072F0EB
:1009E000ACEC40F0BC0E756F020E766F776B786BD7
:1009F00081EC78F071C08BF072C08CF073C08DF018
:100A000074C08EF012008AC068F38BC069F38CC08A
:100A10006AF38DC06BF36C0E03016C6F050E6D6F86
:100A2000010E6E6F0101BE6B680E00018A6F030E2E
:100A30008B6F12000B50D96EDA6A020ED926DF5086
:100A4000026E0B50D96EDA6ADECF03F0DDCF04F010
:100A5000BDEC8FF0076A086A096A0A6AB2EC8FF087
:100A6000020CA1928CC102F08DC103F0D3EC8DF089
:100A70000101405141114211D8B412000500FA6E33
:100A80004051FD6E4151FE6E4251FF6EFA50120010
:100A9000010120EED2F0A8EC3BF0DF8220EED2F094
:100AA000A8EC3BF0DF8020EECEF0A8EC3BF0DF6A54
:100AB00020EEC9F0A8EC3BF0DF6A12000001986F4D
:100AC000985133EC83F0996F99C0B2F1AEEC8BF092
:100AD0000001886B896B420E68EC82F0995167ECDB
:100AE00092F0070EB1EF90F0020E466403D0466A12
:100AF00001EF91F0020E46180AE120EE22F01BEC05
:100B00003DF0DF50F4E0030E466E01EF91F0462A0F
:100B100001EF91F083EC92F00009D8A4120040ECB0
:100B20006AF0690E0101AA6F210EAB6FF0C0EAF006
:100B3000F1C0EBF0F2C0ECF0F3C0EDF0CCEF78F0E8
:100B400087EC92F00ED8B1EC90F02CEC70F0F0C085
:100B5000EAF0F1C0EBF0F2C0ECF0F3C0EDF0CCEF56
:100B600078F0A8C1AAF1A9C1ABF1080C706F00011F
:100B7000705101E0358E6E5101E0358C6F5101E00E
:100B8000358A705105E16E5103E16F51D8B41200FE
:100B900012EC80F097EF8CF0000120EE3BF00DD8C6
:100BA000DF8020EE3DF009D867C0DEFF68C0DEFFC1
:100BB00069C0DEFF6AC0DEFF12006551D9266651AA
:100BC000DA22120065C050F266C051F267C07EF1B1
:100BD00068C07FF16DC034F16EC035F16FC036F181
:100BE00001017C6B7D6B286B296B2A6B2B6B1200D0
:100BF000000120EE3BF00DD8DF9020EE41F009D847
:100C000067C0DEFF68C0DEFF69C0DEFF6AC0DEFFCE
:100C100012006551D9266651DA22120096517FECF6
:100C20002BF069EC42F0E750976F050E972796512D
:100C3000D96EDA6ADECF88F0DDCF89F097C08AF00E
:100C4000E1EC8DF0000C01019F51D8A4120020EEC0
:100C50002BF09CEC3DF0DF50D8A4120020EE2BF0DE
:100C60009CEC3DF002D849EF92F0010EDF6E020CD1
:100C7000696B6A6B6B6B0AD06A516525D96E6B51D3
:100C80006621DA6EDF50691B6A4B6B2B67516A5D18
:100C900068516B59F1E369511200D4EC92F00101F3
:100CA0008CEC6DF0F2EC8EF0070EB1EC90F08EEC67
:100CB00068F00201AC6BAD6B040E0001656F65C09E
:100CC000ABF212000101BD5111E007EC92F00009F6
:100CD00001E0010C0101B3A1000C67C065F068C020
:100CE00066F0B5EC8CF0000901E0010C000CD4C0FA
:100CF0007FF0D5C080F0DAEC76F0D4C065F0D5C0D6
:100D000066F079EC8AF00009D8B41200D4C0D2F0B1
:100D1000D5C0D3F0A6EF8CF065C067F066C068F070
:100D200002D0654B662B65C0F6FF66C0F7FF35EC59
:100D300080F0F7E16751655D656F68516659666FD0
:100D40001200F28A0000F29AD6CF0EF1D7CF0FF13F
:100D500021EE10F020C1DEFF21C1DEFF22C1DEFF47
:100D600023C1DEFFF2B4EDD7F28A1200686B696B23
:100D70007051D96EDA6ADF50010ED8B4000E71C01E
:100D8000D9FF72C0DAFFDF6E684B692B68C070F064
:100D900069C071F0120000010CD8DF900AD8DF9210
:100DA00008D8DF9406D8DF9604D8DF9802D8DF9AF7
:100DB000120020EE38F06551D9266651DA22120071
:100DC0008AC056F28BC057F28CC058F28DC059F2CF
:100DD000540E02015A6FF30E5B6F000E5C6F560EDD
:100DE00000018A6F020E8B6F120068C06EF069C03E
:100DF0006FF008D06EC0D9FF6FC0DAFF6AC0DFFFA6
:100E00006E4B6F2B6C07D8A06D076C29F3E16D2931
:100E1000F1E11200320E506010D0970E5124D96EBD
:100E2000DA6A060EDA22DF500F011C6F512A310EEA
:100E3000516401D0516A502A1200A3981200564AF8
:100E4000572A575003E1280E565C01E3558457504A
:100E500003E1780E565C01E35586900E565C010E58
:100E60005758D8B055881200040001017607D8A061
:100E70007707762908E1772906E10E0E776F100EC5
:100E8000766F6BEC7FF0A9EC90F04CEC8CF0010CE1
:100E9000000120EE01F00BD8DECF69F0DDCF6AF063
:100EA00020EE03F004D8DF506B6F99EF90F06C5197
:100EB000D9266D51DA221200CCEC2DF0AF6FAF5174
:100EC00005E1690E0001686F240E04D0840E000154
:100ED000686F240E696F68C065F069C066F0120023
:100EE0007FEC92F00001F46FF451010ED8A4000ED3
:100EF0000BEC6AF0F0C0EAF0F1C0EBF0F2C0ECF0FD
:100F0000F3C0EDF0CCEF78F00001F46FDCEC92F080
:100F10000001F425F56FF551AFEC88F0F0C0EAF070
:100F2000F1C0EBF0F2C0ECF0F3C0EDF0CCEF78F0F4
:100F3000D2C0C9F0D3C0CAF020EE25F0D251D926D4
:100F4000D35104D8010ECD6FB9EF6EF0DA22DECFA7
:100F5000CBF0DDCFCCF012008BC071F08CC072F002
:100F6000ACEC40F0F40EF0EC74F081EC78F071C071
:100F70008BF072C08CF073C08DF074C08EF01200D4
:100F8000000120EE03F09351D9269451DA22C2ECED
:100F900061F02AEC6EF08BC093F08CC094F08DC0A1
:100FA00095F08EC096F01200E4EC92F05D0E000118
:100FB0007A6F240E95EC4CF0F2EC8EF0A80E7A6F5E
:100FC000240E7B6FA0EC4CF0F2EC8EF08EEF68F00C
:100FD0007D6F7DC07EF00AD0400E766F7EC077F0C8
:100FE0007CC078F07B51EEEC8BF07E2B00017E51C3
:100FF0007A5DF2E20000120001A202D09BEF8DF0B8
:101000006EC065F00001676B020E666F70EC8FF0CA
:1010100000016A6B6B6B6C6B6D6B65EC8FF0020C97
:1010200001A202D0A9EF8DF06EC065F00001676BE0
:10103000010E666F70EC8FF000016A6B6B6B6C6B6E
:101040006D6B65EC8FF0020C01A202D0B7EF8DF052
:101050006EC065F00001676B010E666F70EC8FF07B
:1010600000016A6B6B6B6C6B6D6B65EC8FF0040C45
:1010700001A202D0C5EF8DF06EC065F00001676B74
:10108000020E666F70EC8FF000016A6B6B6B6C6B1D
:101090006D6B65EC8FF0040C6A6B6551661109E0AD
:1010A00020EE46F06551D926665105D802E0010EC2
:1010B0006A6F6A511200DA22DE50DE10DE10120072
:1010C00008D00DD8DFB4010C000C09D8DFB2010C38
:1010D000000C6751F6E0010AD8A4000CF6D765C0F1
:1010E000D9FF66C0DAFF12007051D96EDA6A0BD8E8
:1010F00071C067F072C068F0FBEC83F065C070F0FF
:1011000066C071F01200DECF65F0DDCF66F0120030
:10111000FA0E4B600FD0000E4C24D96EDA6A0B0E1B
:10112000DA22DF50AD6E4C2AF90E4C6401D04C6AC5
:101130004B2A12009D98120065C0D9FF66C0DAFFE5
:10114000DF50676F20EE01F06551D9266651DA2233
:10115000DF50686F6751656F68C066F01200656F99
:1011600000016551800A850F03E2FB0E5F6EFB0CE8
:101170006551800A7A0F03E3050E5F6E050C65C0AA
:101180005FF012000A0E8B03F3CF8FF0F4CF90F0D4
:101190008C03F35090278FC08BF090C08CF0000E22
:1011A0008CBFFF0E8D6F8E6F1200A1EC86F00EC10A
:1011B00069F00FC16AF010C16BF011C16CF069C029
:1011C00065F06AC066F06BC067F06CC068F0120032
:1011D0004EC2D9FF4FC2DAFF01D80AD00500FA6E1D
:1011E000DE50FD6EDE50FE6EDE50FF6EFA501200D5
:1011F000010E06EF5EF042C0B0F043C0B1F0700ED9
:10120000B26F020EB36F780EB46F020EB56FD5ECED
:1012100036F0B0C040F0B1C041F01200899E899C08
:10122000000120EE3AF06B51D9266C5103D8000E24
:10123000A7EF8FF0DA22DE04010ED8A4000E696F4A
:10124000120065516703F3CF69F0F4CF6AF065517E
:101250006803F3506A2766516703F3506A2769C031
:1012600065F06AC066F01200845083CF0CF00D6AFE
:101270000CC00DF00C6A0C100E6E0D500F6EFE0EB1
:101280000F120EC007F00FC008F015EF60F087ECEA
:1012900092F0E6EC1BF020EE2AF09CEC3DF0D2EC54
:1012A0006BF0C6EC64F09CEC3DF0DF90000E49EF73
:1012B00092F00001696B0BD069516625D96E000E62
:1012C0006721DA6EDF50CFEC82F00001692B6851A4
:1012D000695DF2E31200676F0AD0656B666B1200FE
:1012E000666B070E656F070C656966691200000181
:1012F0006751F3E0010AF4E0F7D793C36CF094C3AD
:101300006DF082C06EF083C06FF084C070F085C055
:1013100071F086C072F087C073F094EF30F087EC04
:1013200092F0B1EC85F0B1EC90F02CEC70F0F0C0E4
:10133000EAF0F1C0EBF0F2C0ECF0F3C0EDF0CCEF6E
:1013400078F020EE22F01BEC3DF0DF50D8A4120024
:1013500020EE25F01BEC3DF010EE23F04250E1268C
:10136000435044EF1FF0800E0001656F020E666F60
:10137000530E676F686B6A6B070E696F51EC7DF0F7
:10138000800E706F020E716F12000001706B20EE04
:1013900021F007D8C9EC90F075EC5DF002D8C9EFE8
:1013A00090F07251D9267351DA22DF5012000001F9
:1013B000706B07D8D1EC90F0010E706F02D8D1EFAE
:1013C00090F020EE21F07251D9267351DA22DF50CD
:1013D0001200C2EC8EF0D3EC7EF01FEC92F00DEC1C
:1013E0008AF0FBEC89F0DEEC7BF0B4EC7EF0D2EC22
:1013F00060F04BEF5EF0F90E376F386BBA98B98832
:101400001A0E0001656F260E666F010E676F75EC90
:1014100091F07C0E0F01366F7C0CF90E3A6F3B6B2E
:10142000BA94B9841C0E0001656F260E666F010E1A
:10143000676F7CEC91F07C0E0F01396F7C0C676F4D
:1014400000016751656F666B6651D8A4000C655149
:10145000D8B4000C010AD8B4010C030AD8B4020CA9
:10146000000C676F00016751656F666B6651D8A409
:10147000020C6551D8B4000C060AD8B4030C010A5A
:10148000D8B4010C020C736B746B7051D96EDA6AAC
:1014900071C0E1FF72C0E2FFDFCFE7FF734B742B37
:1014A00073C070F074C071F01200000109D8DE043E
:1014B000D8B4010C05D8020EDE1801E1010C000CB5
:1014C00020EE3AF06551D9266651DA221200010168
:1014D0001851676F666B19516613060E07D80AEC30
:1014E0008FF066C167F067C168F012000001656F98
:1014F0000A0C000120EE38F06551D9266651DA2237
:10150000DECF67F0DDCF68F067A167B3000C67A797
:1015100067B5000C010C8F90000120EE3AF06B5182
:10152000D9266C5103D8000E9CEF8FF0DA22DE042E
:10153000010ED8A4000E696F12008F96000120EEF4
:101540003AF06B51D9266C5103D8000E2CEF90F075
:10155000DA22DE04010ED8A4000E696F1200066ABA
:101560000BD0FF0E0224046EFF0E0320056E045004
:10157000021605500316062A02500310F2E1065027
:10158000120048EC85F050EC27F09DEC33F069EC4C
:1015900042F0500EE76E88EC26F0000E49EC92F017
:1015A0002EEF8FF020EE01F06551D9266651DA2238
:1015B000DF50676F0101BB5100016719FE0B67190E
:1015C0000101BB6F120072C0D9FF73C0DAFF70C097
:1015D000DEFF71C0DDFF20EE02F07251D92673519B
:1015E000DA2280C1DFFF1200280E686F030E696FD8
:1015F0006B6B6A696D6B180E6C6FF5EC86F002010F
:101600009F69A069A169A2691200000120EE31F072
:101610006551D9266651DA22010EDBBE000CDB5083
:1016200003E1020EDE5CD8B0010C000C0001655134
:1016300002019F13000166510201A01300016751CE
:101640000201A113000168510201A213120067C038
:1016500065F068C066F0B4EC7DF0000908E120EEAA
:101660003BF06751D9266851DA22DFA2010C000C49
:10167000995106E197C095F098C096F0E9EC7AF0A0
:10168000030E0101BE6F99C0C1F1746B756B87EFDA
:1016900092F0000120EE3BF009D8DA22DF9220EE32
:1016A00045F004D800D0DA22DF6A12006551D9264D
:1016B0006651120020EE4FF06B51D9266C51DA22A0
:1016C000DF826BC065F06CC066F06DC067F06EC005
:1016D00068F09CEF82F0BA98010143514411451122
:1016E000D8B412000500FA6E4351FD6E4451FE6EEF
:1016F0004551FF6EFA501200BA940101465147114C
:101700004811D8B412000500FA6E4651FD6E4751DB
:10171000FE6E4851FF6EFA501200F29401014951D9
:101720004A114B11D8B412000500FA6E4951FD6EF2
:101730004A51FE6E4B51FF6EFA50120070C065F0B8
:1017400071C066F009EC67F0726F0101FF51000192
:10175000721903E072C0FFF1010C000C0101375156
:1017600038113911D8B412000500FA6E3751FD6EE8
:101770003851FE6E3951FF6EFA501200D0EC91F0E4
:1017800065C0D4F066C0D5F06AEC8CF022EC8FF026
:1017900065C0D4F066C0D5F06AEF8CF00AD804E1D9
:1017A000050E745DD8A01200746B756BC06BBE6BB8
:1017B00012000101744B752B755112007B6F0001F3
:1017C0007C6B7AC076F07CC077F0786B7B51EEEC66
:1017D0008BF07C2B170E7C65F4D7170C796FFD0E00
:1017E0000001736F76C074F0795178EC74F077C0B3
:1017F00073F078C074F0795178EF74F001011851EA
:10180000696F686B19516813360E76EC8AF00AEC32
:101810008FF068C167F069C168F012006551661108
:101820006711681102E0800E681B65C065F066C034
:1018300066F067C067F068C068F01200650E4F245C
:10184000D96EDA6A060EDA221DCFDFFF4F2A310E7B
:101850004F6401D04F6A0101D72B120048EC85F08C
:1018600050EC27F09DEC33F069EC42F0510EE76E3E
:1018700088EC26F0000E49EF92F065510101B01995
:1018800006E1000166510101B11901E1000C65C0DA
:10189000B0F166C0B1F1010CBC5102E0020EBC27F0
:1018A000030EBC1902E1F5EF91F0040EBC19D8B497
:1018B000FBEC91F012000101BD510BE0B3A1000C53
:1018C00067C065F068C066F0B5EC8CF0000901E017
:1018D000010C000CD4C065F0D5C066F079EC8AF03C
:1018E0000009D8B41200D4C0D2F0D5C0D3F0A6EF0E
:1018F0008CF022EC8FF065C068F066C069F00001E2
:1019000020EE1BF06851D9266951DA22DF5012000F
:10191000D4C065F0D5C066F079EC8AF00009D8B47F
:101920001200D4C0D2F0D5C0D3F0A6EF8CF00001E5
:101930006D5102E0DAEC92F069C065F06AC066F0C1
:101940006BC067F06CC068F016EF8BF0D2C0C9F0C6
:10195000D3C0CAF0000120EE0DF0D251D926D351E8
:10196000A6EC87F0CD6BB9EF6EF0000106D8DFB8BA
:10197000010C03D8DFBA010C000C20EE38F06551E1
:10198000D9266651DA221200000120EE39F06551A5
:10199000D9266651DA22DFA0000C01018851891195
:1019A00001E0010C000C010E0001656F020100B1A5
:1019B00006D0009301699E969D960AC265F00001CB
:1019C0006551120020EE3BF007D8DF8220EE45F093
:1019D00003D83C0EDF6E3C0C6551D9266651DA22E5
:1019E0001200000120EE38F06551D9266651DA2246
:1019F000DECF67F0DDCF68F067A167B3010C000CA4
:101A0000000E4A24D96EDA6A0C0EDA22AECFDFFF5E
:101A10004A2AF90E4A6401D04A6A482A1200000193
:101A2000656F01019C0506E1020E0001651902E1E6
:101A30000101BB8765C09CF1120070C0D9FF71C065
:101A4000DAFFDF50010ED8B4000E72C0D9FF73C0A8
:101A5000DAFFDF6E12006CC065F06DC066F06EC01C
:101A600067F06FC068F038EC86F00009D8B4010C5C
:101A7000000CDCC1DCF1DDC1DDF1DEC1DEF1DFC176
:101A8000DFF1D5EC84F0BB95140E01EF92F04650D7
:101A9000656F666B6651D8A4010C6551010AD8B414
:101AA000000C030AD8B4020C010C06D8DFB6010CF6
:101AB00003D8DFB4010C000C20EE38F06551D926B4
:101AC0006651DA2212000001986B98512AEC53F00B
:101AD000982B020E9865F9D7886B896B100E68EF0A
:101AE00082F08D0E706F030E716F7AC072F07BC042
:101AF00073F07CC074F07DC075F068EF59F06CBF76
:101B000005D06BC06BF06CC06CF012006B1D6B6F7E
:101B10006C1D6C6F6B4B6C2B12006FC024F170C08E
:101B200025F171C026F172C027F1070EA719D8B4AC
:101B300093EC7DF012000BC002F0046A020E036EFB
:101B4000BDEC8FF0076A086A096A0A6AB2EC8FF086
:101B5000020C0BC002F0046A010E036EBDEC8FF0A4
:101B6000076A086A096A0A6AB2EC8FF0020C0BC0B5
:101B700002F0046A010E036EBDEC8FF0076A086A7A
:101B8000096A0A6AB2EC8FF0040C0BC002F0046A16
:101B9000020E036EBDEC8FF0076A086A096A0A6AD2
:101BA000B2EC8FF0040CB1A407D0B19003C0B3FF26
:101BB00002C0B2FFB180120003C0B3FF02C0B2FF87
:101BC0001200300E8B6F88C08CF089C08DF08AC0F7
:101BD0008EF08B0E95EC41F09EEF55F00001986F62
:101BE00098510BEC6AF0AEEC8BF00001886B896BBE
:101BF000430E68EF82F072C069F073C06AF069C08A
:101C0000D9FF6AC0DAFF70C0DEFF71C0DDFF1200CD
:101C10000101BD5109E067C065F068C066F0B4EC31
:101C20007DF0000901E0010C000CB6EC92F0000917
:101C300008E083B483B201D0030C83B4020C83A206
:101C4000010C000C898E898C000120EE3AF06B515A
:101C5000D9266C511AEC89F0010EA7EF8FF0000124
:101C6000886F8D0E7F6F020E806F870E816F020E60
:101C7000826F885199EF20F0676F00016751656F9F
:101C8000666B6651D8A4000C6551010AD8B4010CEA
:101C9000000C65C037F066C038F067C039F068C026
:101CA00037F169C038F16AC039F112000001986F4C
:101CB00098C088F0896B800E68EC82F09829010149
:101CC000BC6F1200950E656F030E666F70C067F0F3
:101CD00071C068F072C069F040EF62F070C065F0EA
:101CE00071C066F09CEC88F072C0D9FF73C0DAFF57
:101CF0000AEF7DF0F4C0DCF1F5C0DDF1F6C0DEF1F5
:101D0000F7C0DFF1D5EC84F0BB9512000101B3A759
:101D1000000C530E00017A6F240E70EC6AF0F2ECA6
:101D20008EF0010CC4C0B5F0C5C0B6F0C6C0B7F0A7
:101D3000C7C0B8F0C8C0B9F000EF48F08F8000010C
:101D400020EE3AF06B51D9266C5196EC8AF0010ED8
:101D50009CEF8FF08F86000120EE3AF06B51D92670
:101D60006C51A8EC8AF0010E2CEF90F001017C4B35
:101D70007D2B7E517C5D7F517D59D8A012007C6BFC
:101D80007D6B1200D08EA2869F86F184A282D284BF
:101D9000D2889F8AA58A9F98A59812006651030B46
:101DA000636E65C062FF7F9C7F9E7F8000000000A5
:101DB0006150120001A202D009EF91F00087015199
:101DC00001250001656F65C0C9FF030C01A202D0A7
:101DD00011EF91F00087D88001350001656F65C073
:101DE000C9FF050C7AC06DF07BC06EF07CC06FF04F
:101DF0007DC070F07EC071F018EF54F0280E000125
:101E0000686F030E05EC6DF0180E6C6FF5EC86F044
:101E10003EEF91F0666F65C01CF166C01DF165C0B4
:101E20001EF166C01FF1B9880000120007D8D7EC78
:101E30004AF0DECF65F0DDCF66F01200010120EE42
:101E400002F0120007D8D7EC4AF0DECF65F0DDCF04
:101E500066F01200010120EE04F0120020EE2AF0DC
:101E60009CEC3DF0DF6A20EE2BF09CEC3DF0DF6A4D
:101E7000120098C0D9FF99C0DAFFDF50886F020EB8
:101E8000896F450E68EF82F003019B51995D000157
:101E9000656F03019C519A590001666F12000001A1
:101EA000886F900E896F88C08AF0890E95EC41F09A
:101EB0009EEF55F06AC065F06BC066F06CC067F0CD
:101EC0006DC068F0020E7BEF6BF06AC065F06BC00E
:101ED00066F06CC067F06DC068F0000E7BEF6BF0D1
:101EE000020100A5120065C002F266C003F267C0DD
:101EF00004F200951200676F00016751040DF3CFE3
:101F000066F065510C0DF35066251200666F010EE8
:101F10000001656F665103E0660501E0656B655180
:101F20001200930E9B6F8B6B91C08CF092C08DF062
:101F30009B0E8E6F35EF78F06A6F6AC065F069C0EE
:101F400066F0010E0001676F020EC7EF81F06A6F45
:101F50006AC065F069C066F0010E0001676F000E8F
:101F6000C7EF81F007C002F008C003F009C004F019
:101F70000AC005F0000E76EF6CF0020100A5120019
:101F800002C002F203C003F204C004F20095120082
:101F9000810E0001666F210E676F696B050E686F19
:101FA0009DEF77F098C0B9F199C0BAF10001886B44
:101FB000896B830E68EF82F070C0D9FF71C0DAFFC1
:101FC00072C0E1FF73C0E2FF44EF50F000016E6F9A
:101FD0006E51D8B41200368412EC80F097EF8CF07A
:101FE0006E6F00016E51D8B41200368012EC80F092
:101FF00097EF8CF000016E6F6E51D8B41200368AE4
:1020000012EC80F097EF8CF08BC08BF08CC08CF0D2
:10201000000E8CBFFF0E8D6F8E6F1200656F00017A
:10202000655103E0898A89881200899A899812008B
:10203000C5AC04D00001656B652B02D00001656B57
:102040006531120077C06EF078C06FF079C070F023
:102050007AC071F0FFEF4DF06A6F6AC065F069C039
:1020600066F0010E0001676FC7EF81F005A2240042
:102070001C006EAC002EDE0028A300A0CD0070C0B6
:1020800065F071C066F009EC67F00101FF6F1200A6
:1020900028C165F029C166F02AC167F02BC168F03C
:1020A0001200010E0101BE6FC06BBF6BC16B746B80
:1020B000756B120000016F6F6DC069F06EC06AF041
:1020C0006F518FEF81F0C6BA1200C76A280EC66E34
:1020D000C56A090EC86E090C20EE59F06651D92662
:1020E0006751DA22DF50E9EF90F065B5010C65B772
:1020F000020C65B3030C65B1040C000CEBEC55F05D
:102100002FEC7BF0886B896B180E68EF82F0C4ECC3
:1021100060F0D7EC4AF0DECF52F2DDCF53F212007E
:1021200065C043F266C044F267C045F268C046F23B
:10213000120069C065F06AC066F06BC067F03AEFE4
:102140007AF0600E0001886F880E95EC41F09EEFEA
:1021500055F088518911D8B412008807D8A0890792
:1021600012000001696F5E0E676F69C068F053EF7F
:102170004FF02D0E00016525656F000E6621666F1C
:1021800012002B0E00016525656F000E6621666F3B
:102190001200716F71C06DF070C06EF0070E5AEFD3
:1021A00090F0716F71C06DF070C06EF0020E5AEF5A
:1021B00090F0B3A1000CE1EC90F0000901E0010CFB
:1021C000000CA751D8B4010C070EA71901E1010CAE
:1021D000000C656F3D0E000165251AEC81F0DF50A3
:1021E0001200F9EC90F067C065F068C066F009EF86
:1021F00093F001D08E0701018E51800A7F0FFAE221
:10220000120046505AEC6EF065C082F166C083F150
:1022100012000201008701510125026E02C0C9FFB0
:10222000030C02010087D8800135026E02C0C9FF8D
:10223000050C556A586A596A566A576A536A546A4D
:1022400012007E517F1101E11200ECEC75F0FDD718
:102250000101BD51010ED8A4000EBD6F1200000E89
:1022600035EC7EF0B3EC3CF08EEF68F06F6F6EC033
:1022700068F000016F51A7EF7FF000D002019F6B63
:10228000A06BA16BA26B1200666F00016551030D7C
:10229000F3506625120065C058F166C059F167C059
:1022A0005AF1120065C05BF166C05CF167C05DF178
:1022B000120065C055F166C056F167C057F11200B3
:1022C00065C04FF166C050F167C051F1120065C0A2
:1022D00052F166C053F167C054F1120065C04CF171
:1022E00066C04DF167C04EF1120065C043F166C093
:1022F00044F167C045F1120065C046F166C047F180
:1023000067C048F1120065C040F166C041F167C086
:1023100042F1120065C049F166C04AF167C04BF155
:10232000120001A202D0C2EF92F0BCEC92F0090CB4
:1023300001A202D0C5EF92F0BCEC92F00A0C01A20F
:1023400002D0C8EF92F0C59AC588050C01A202D050
:1023500097EF92F00097C586040C01A202D0EEEF31
:1023600092F0DEEC92F0000C01A202D0F0EF92F0BD
:10237000E0EC92F0010C01A202D0F2EF92F0E0EC5E
:1023800092F0020C01A202D0F4EF92F0E0EC92F095
:10239000010C01A202D09BEF92F000910A6B0E0C8F
:1023A000E5EC4AF0DECF65F0DDCF66F01200656F38
:1023B0000101976B65C098F112000001886B896B71
:1023C000840E68EF82F0000E0001656F0A0E666FE2
:1023D00012000001666B010E656F3DEF8CF000018D
:1023E000666B020E656F3DEF8CF0F29EF29CD0881A
:1023F000D092FF001200F29EF29CD088D082FF00A3
:1024000012000001656F655101017013120015EC97
:102410008EF0000901E0010C000CBE0E0001656F9A
:10242000010E666F1200070E0101A719D8B4010C46
:10243000000C0E0E0101896F100E886F100C700ECB
:10244000D36E646A9B6A2A6B120001B29FEF92F00E
:1024500000910A6B0E0C520E0001656F050E666F3F
:102460001200EF0E656F200E666F3DEF92F0FC0ECE
:10247000656F200E666F3DEF92F065C03EF066C05E
:102480003FF087EF90F0202B000E212322232323FF
:10249000000C0001656F65C09FF1120048C065F037
:1024A0000001666B12000001656F65C0B8F1120093
:1024B000000E656F040E666F1200800E656F090EC8
:1024C000666F12000001666B656B3DEF8CF00001DA
:1024D000696F695157EF81F0000168696769F1EF31
:1024E00090F0000E76EC92F0B98412000001656F56
:1024F00065C03BFF1200D2EC92F0A1EF90F0010119
:10250000B3B1010C000C0101B3B9010C000C010EB8
:1025100001018F6F010C01A2050C050C050C01A235
:10252000010C010C010C01A2030C030C030C0201B1
:102530000097C586040C020100910A6B0E0C020183
:1025400000910A6B0E0C0F01229922891200FFFFE5
:1025500010270164B9A4010C000C86B0010C000C1A
:1025600080BE010C000C86B6010C000C83A6010C89
:10257000000C000E06EF65F0C58AC5881200706B6E
:10258000716B1200C58AC588090CC58AC5880A0CFA
:10259000C59AC588050CAB98AB88120056EF12F0AF
:1025A00083EF5DF06CEF71F0F4EF8AF08EEF68F07E
:1025B0008EEF68F03DEF91F05F501200C58412007D
:1025C000C58212009E961200FEEF8EF0456A120040
:1025D000B6EF70F019EF82F08FEF4AF0C584000C6F
:1025E000C582010CC582020CC582010CA1961200A5
:1025F000EAEF4AF0C7EF61F034EF89F01EEF8CF09C
:1026000000EF8DF0120012001200120012001200F2
:102610001200FFD7050C010C030C1200120012006F
:10262000120012001200FFFFFFFFFFFFFFFFFFFF7E
:10263000FFFFFFFFFFFFFFFFFFFFFFFFFFFFFFFFAA
:10264000FFFFFFFFFFFFFFFFFFFFFFFFFFFFFFFF9A
:10265000FFFFFFFFFFFFFFFFFFFFFFFFFFFFFFFF8A
:10266000FFFFFFFFFFFFFFFFFFFFFFFFFFFFFFFF7A
:10267000FFFFFFFFFFFFFFFFFFFFFFFFFFFFFFFF6A
:10268000FFFFFFFFFFFFFFFFFFFFFFFFFFFFFFFF5A
:10269000FFFFFFFFFFFFFFFFFFFFFFFFFFFFFFFF4A
:1026A000FFFFFFFFFFFFFFFFFFFFFFFFFFFFFFFF3A
:1026B000FFFFFFFFFFFFFFFFFFFFFFFFFFFFFFFF2A
:1026C000FFFFFFFFFFFFFFFFFFFFFFFFFFFFFFFF1A
:1026D000FFFFFFFFFFFFFFFFFFFFFFFFFFFFFFFF0A
:1026E000FFFFFFFFFFFFFFFFFFFFFFFFFFFFFFFFFA
:1026F000FFFFFFFFFFFFFFFFFFFFFFFFFFFFFFFFEA
:10270000FFFFFFFFFFFFFFFFFFFFFFFFFFFFFFFFD9
:10271000FFFFFFFFFFFFFFFFFFFFFFFFFFFFFFFFC9
:10272000FFFFFFFFFFFFFFFFFFFFFFFFFFFFFFFFB9
:10273000FFFFFFFFFFFFFFFFFFFFFFFFFFFFFFFFA9
:10274000FFFFFFFFFFFFFFFFFFFFFFFFFFFFFFFF99
:10275000FFFFFFFFFFFFFFFFFFFFFFFFFFFFFFFF89
:10276000FFFFFFFFFFFFFFFFFFFFFFFFFFFFFFFF79
:10277000FFFFFFFFFFFFFFFFFFFFFFFFFFFFFFFF69
:10278000FFFFFFFFFFFFFFFFFFFFFFFFFFFFFFFF59
:10279000FFFFFFFFFFFFFFFFFFFFFFFFFFFFFFFF49
:1027A000FFFFFFFFFFFFFFFFFFFFFFFFFFFFFFFF39
:1027B000FFFFFFFFFFFFFFFFFFFFFFFFFFFFFFFF29
:1027C000FFFFFFFFFFFFFFFFFFFFFFFFFFFFFFFF19
:1027D000FFFFFFFFFFFFFFFFFFFFFFFFFFFFFFFF09
:1027E000FFFFFFFFFFFFFFFFFFFFFFFFFFFFFFFFF9
:1027F000FFFFFFFFFFFFFFFFFFFFFFFFFFFFFFFFE9
:10280000FFFFFFFFFFFFFFFFFFFFFFFFFFFFFFFFD8
:10281000FFFFFFFFFFFFFFFFFFFFFFFFFFFFFFFFC8
:10282000FFFFFFFFFFFFFFFFFFFFFFFFFFFFFFFFB8
:10283000FFFFFFFFFFFFFFFFFFFFFFFFFFFFFFFFA8
:10284000FFFFFFFFFFFFFFFFFFFFFFFFFFFFFFFF98
:10285000FFFFFFFFFFFFFFFFFFFFFFFFFFFFFFFF88
:10286000FFFFFFFFFFFFFFFFFFFFFFFFFFFFFFFF78
:10287000FFFFFFFFFFFFFFFFFFFFFFFFFFFFFFFF68
:10288000FFFFFFFFFFFFFFFFFFFFFFFFFFFFFFFF58
:10289000FFFFFFFFFFFFFFFFFFFFFFFFFFFFFFFF48
:1028A000FFFFFFFFFFFFFFFFFFFFFFFFFFFFFFFF38
:1028B000FFFFFFFFFFFFFFFFFFFFFFFFFFFFFFFF28
:1028C000FFFFFFFFFFFFFFFFFFFFFFFFFFFFFFFF18
:1028D000FFFFFFFFFFFFFFFFFFFFFFFFFFFFFFFF08
:1028E000FFFFFFFFFFFFFFFFFFFFFFFFFFFFFFFFF8
:1028F000FFFFFFFFFFFFFFFFFFFFFFFFFFFFFFFFE8
:10290000FFFFFFFFFFFFFFFFFFFFFFFFFFFFFFFFD7
:10291000FFFFFFFFFFFFFFFFFFFFFFFFFFFFFFFFC7
:10292000FFFFFFFFFFFFFFFFFFFFFFFFFFFFFFFFB7
:10293000FFFFFFFFFFFFFFFFFFFFFFFFFFFFFFFFA7
:10294000FFFFFFFFFFFFFFFFFFFFFFFFFFFFFFFF97
:10295000FFFFFFFFFFFFFFFFFFFFFFFFFFFFFFFF87
:10296000FFFFFFFFFFFFFFFFFFFFFFFFFFFFFFFF77
:10297000FFFFFFFFFFFFFFFFFFFFFFFFFFFFFFFF67
:10298000FFFFFFFFFFFFFFFFFFFFFFFFFFFFFFFF57
:10299000FFFFFFFFFFFFFFFFFFFFFFFFFFFFFFFF47
:1029A000FFFFFFFFFFFFFFFFFFFFFFFFFFFFFFFF37
:1029B000FFFFFFFFFFFFFFFFFFFFFFFFFFFFFFFF27
:1029C000FFFFFFFFFFFFFFFFFFFFFFFFFFFFFFFF17
:1029D000FFFFFFFFFFFFFFFFFFFFFFFFFFFFFFFF07
:1029E000FFFFFFFFFFFFFFFFFFFFFFFFFFFFFFFFF7
:1029F000FFFFFFFFFFFFFFFFFFFFFFFFFFFFFFFFE7
:102A0000FFFFFFFFFFFFFFFFFFFFFFFFFFFFFFFFD6
:102A1000FFFFFFFFFFFFFFFFFFFFFFFFFFFFFFFFC6
:102A2000FFFFFFFFFFFFFFFFFFFFFFFFFFFFFFFFB6
:102A3000FFFFFFFFFFFFFFFFFFFFFFFFFFFFFFFFA6
:102A4000FFFFFFFFFFFFFFFFFFFFFFFFFFFFFFFF96
:102A5000FFFFFFFFFFFFFFFFFFFFFFFFFFFFFFFF86
:102A6000FFFFFFFFFFFFFFFFFFFFFFFFFFFFFFFF76
:102A7000FFFFFFFFFFFFFFFFFFFFFFFFFFFFFFFF66
:102A8000FFFFFFFFFFFFFFFFFFFFFFFFFFFFFFFF56
:102A9000FFFFFFFFFFFFFFFFFFFFFFFFFFFFFFFF46
:102AA000FFFFFFFFFFFFFFFFFFFFFFFFFFFFFFFF36
:102AB000FFFFFFFFFFFFFFFFFFFFFFFFFFFFFFFF26
:102AC000FFFFFFFFFFFFFFFFFFFFFFFFFFFFFFFF16
:102AD000FFFFFFFFFFFFFFFFFFFFFFFFFFFFFFFF06
:102AE000FFFFFFFFFFFFFFFFFFFFFFFFFFFFFFFFF6
:102AF000FFFFFFFFFFFFFFFFFFFFFFFFFFFFFFFFE6
:102B0000FFFFFFFFFFFFFFFFFFFFFFFFFFFFFFFFD5
:102B1000FFFFFFFFFFFFFFFFFFFFFFFFFFFFFFFFC5
:102B2000FFFFFFFFFFFFFFFFFFFFFFFFFFFFFFFFB5
:102B3000FFFFFFFFFFFFFFFFFFFFFFFFFFFFFFFFA5
:102B4000FFFFFFFFFFFFFFFFFFFFFFFFFFFFFFFF95
:102B5000FFFFFFFFFFFFFFFFFFFFFFFFFFFFFFFF85
:102B6000FFFFFFFFFFFFFFFFFFFFFFFFFFFFFFFF75
:102B7000FFFFFFFFFFFFFFFFFFFFFFFFFFFFFFFF65
:102B8000FFFFFFFFFFFFFFFFFFFFFFFFFFFFFFFF55
:102B9000FFFFFFFFFFFFFFFFFFFFFFFFFFFFFFFF45
:102BA000FFFFFFFFFFFFFFFFFFFFFFFFFFFFFFFF35
:102BB000FFFFFFFFFFFFFFFFFFFFFFFFFFFFFFFF25
:102BC000FFFFFFFFFFFFFFFFFFFFFFFFFFFFFFFF15
:102BD000FFFFFFFFFFFFFFFFFFFFFFFFFFFFFFFF05
:102BE000FFFFFFFFFFFFFFFFFFFFFFFFFFFFFFFFF5
:102BF000FFFFFFFFFFFFFFFFFFFFFFFFFFFFFFFFE5
:102C0000FFFFFFFFFFFFFFFFFFFFFFFFFFFFFFFFD4
:102C1000FFFFFFFFFFFFFFFFFFFFFFFFFFFFFFFFC4
:102C2000FFFFFFFFFFFFFFFFFFFFFFFFFFFFFFFFB4
:102C3000FFFFFFFFFFFFFFFFFFFFFFFFFFFFFFFFA4
:102C4000FFFFFFFFFFFFFFFFFFFFFFFFFFFFFFFF94
:102C5000FFFFFFFFFFFFFFFFFFFFFFFFFFFFFFFF84
:102C6000FFFFFFFFFFFFFFFFFFFFFFFFFFFFFFFF74
:102C7000FFFFFFFFFFFFFFFFFFFFFFFFFFFFFFFF64
:102C8000FFFFFFFFFFFFFFFFFFFFFFFFFFFFFFFF54
:102C9000FFFFFFFFFFFFFFFFFFFFFFFFFFFFFFFF44
:102CA000FFFFFFFFFFFFFFFFFFFFFFFFFFFFFFFF34
:102CB000FFFFFFFFFFFFFFFFFFFFFFFFFFFFFFFF24
:102CC000FFFFFFFFFFFFFFFFFFFFFFFFFFFFFFFF14
:102CD000FFFFFFFFFFFFFFFFFFFFFFFFFFFFFFFF04
:102CE000FFFFFFFFFFFFFFFFFFFFFFFFFFFFFFFFF4
:102CF000FFFFFFFFFFFFFFFFFFFFFFFFFFFFFFFFE4
:102D0000FFFFFFFFFFFFFFFFFFFFFFFFFFFFFFFFD3
:102D1000FFFFFFFFFFFFFFFFFFFFFFFFFFFFFFFFC3
:102D2000FFFFFFFFFFFFFFFFFFFFFFFFFFFFFFFFB3
:102D3000FFFFFFFFFFFFFFFFFFFFFFFFFFFFFFFFA3
:102D4000FFFFFFFFFFFFFFFFFFFFFFFFFFFFFFFF93
:102D5000FFFFFFFFFFFFFFFFFFFFFFFFFFFFFFFF83
:102D6000FFFFFFFFFFFFFFFFFFFFFFFFFFFFFFFF73
:102D7000FFFFFFFFFFFFFFFFFFFFFFFFFFFFFFFF63
:102D8000FFFFFFFFFFFFFFFFFFFFFFFFFFFFFFFF53
:102D9000FFFFFFFFFFFFFFFFFFFFFFFFFFFFFFFF43
:102DA000FFFFFFFFFFFFFFFFFFFFFFFFFFFFFFFF33
:102DB000FFFFFFFFFFFFFFFFFFFFFFFFFFFFFFFF23
:102DC000FFFFFFFFFFFFFFFFFFFFFFFFFFFFFFFF13
:102DD000FFFFFFFFFFFFFFFFFFFFFFFFFFFFFFFF03
:102DE000FFFFFFFFFFFFFFFFFFFFFFFFFFFFFFFFF3
:102DF000FFFFFFFFFFFFFFFFFFFFFFFFFFFFFFFFE3
:102E0000FFFFFFFFFFFFFFFFFFFFFFFFFFFFFFFFD2
:102E1000FFFFFFFFFFFFFFFFFFFFFFFFFFFFFFFFC2
:102E2000FFFFFFFFFFFFFFFFFFFFFFFFFFFFFFFFB2
:102E3000FFFFFFFFFFFFFFFFFFFFFFFFFFFFFFFFA2
:102E4000FFFFFFFFFFFFFFFFFFFFFFFFFFFFFFFF92
:102E5000FFFFFFFFFFFFFFFFFFFFFFFFFFFFFFFF82
:102E6000FFFFFFFFFFFFFFFFFFFFFFFFFFFFFFFF72
:102E7000FFFFFFFFFFFFFFFFFFFFFFFFFFFFFFFF62
:102E8000FFFFFFFFFFFFFFFFFFFFFFFFFFFFFFFF52
:102E9000FFFFFFFFFFFFFFFFFFFFFFFFFFFFFFFF42
:102EA000FFFFFFFFFFFFFFFFFFFFFFFFFFFFFFFF32
:102EB000FFFFFFFFFFFFFFFFFFFFFFFFFFFFFFFF22
:102EC000FFFFFFFFFFFFFFFFFFFFFFFFFFFFFFFF12
:102ED000FFFFFFFFFFFFFFFFFFFFFFFFFFFFFFFF02
:102EE000FFFFFFFFFFFFFFFFFFFFFFFFFFFFFFFFF2
:102EF000FFFFFFFFFFFFFFFFFFFFFFFFFFFFFFFFE2
:102F0000FFFFFFFFFFFFFFFFFFFFFFFFFFFFFFFFD1
:102F1000FFFFFFFFFFFFFFFFFFFFFFFFFFFFFFFFC1
:102F2000FFFFFFFFFFFFFFFFFFFFFFFFFFFFFFFFB1
:102F3000FFFFFFFFFFFFFFFFFFFFFFFFFFFFFFFFA1
:102F4000FFFFFFFFFFFFFFFFFFFFFFFFFFFFFFFF91
:102F5000FFFFFFFFFFFFFFFFFFFFFFFFFFFFFFFF81
:102F6000FFFFFFFFFFFFFFFFFFFFFFFFFFFFFFFF71
:102F7000FFFFFFFFFFFFFFFFFFFFFFFFFFFFFFFF61
:102F8000FFFFFFFFFFFFFFFFFFFFFFFFFFFFFFFF51
:102F9000FFFFFFFFFFFFFFFFFFFFFFFFFFFFFFFF41
:102FA000FFFFFFFFFFFFFFFFFFFFFFFFFFFFFFFF31
:102FB000FFFFFFFFFFFFFFFFFFFFFFFFFFFFFFFF21
:102FC000FFFFFFFFFFFFFFFFFFFFFFFFFFFFFFFF11
:102FD000FFFFFFFFFFFFFFFFFFFFFFFFFFFFFFFF01
:102FE000FFFFFFFFFFFFFFFFFFFFFFFFFFFFFFFFF1
:102FF000FFFFFFFFFFFFFFFFFFFFFFFFFFFFFFFFE1
:10300000FFFFFFFFFFFFFFFFFFFFFFFFFFFFFFFFD0
:10301000FFFFFFFFFFFFFFFFFFFFFFFFFFFFFFFFC0
:10302000FFFFFFFFFFFFFFFFFFFFFFFFFFFFFFFFB0
:10303000FFFFFFFFFFFFFFFFFFFFFFFFFFFFFFFFA0
:10304000FFFFFFFFFFFFFFFFFFFFFFFFFFFFFFFF90
:10305000FFFFFFFFFFFFFFFFFFFFFFFFFFFFFFFF80
:10306000FFFFFFFFFFFFFFFFFFFFFFFFFFFFFFFF70
:10307000FFFFFFFFFFFFFFFFFFFFFFFFFFFFFFFF60
:10308000FFFFFFFFFFFFFFFFFFFFFFFFFFFFFFFF50
:10309000FFFFFFFFFFFFFFFFFFFFFFFFFFFFFFFF40
:1030A000FFFFFFFFFFFFFFFFFFFFFFFFFFFFFFFF30
:1030B000FFFFFFFFFFFFFFFFFFFFFFFFFFFFFFFF20
:1030C000FFFFFFFFFFFFFFFFFFFFFFFFFFFFFFFF10
:1030D000FFFFFFFFFFFFFFFFFFFFFFFFFFFFFFFF00
:1030E000FFFFFFFFFFFFFFFFFFFFFFFFFFFFFFFFF0
:1030F000FFFFFFFFFFFFFFFFFFFFFFFFFFFFFFFFE0
:10310000FFFFFFFFFFFFFFFFFFFFFFFFFFFFFFFFCF
:10311000FFFFFFFFFFFFFFFFFFFFFFFFFFFFFFFFBF
:10312000FFFFFFFFFFFFFFFFFFFFFFFFFFFFFFFFAF
:10313000FFFFFFFFFFFFFFFFFFFFFFFFFFFFFFFF9F
:10314000FFFFFFFFFFFFFFFFFFFFFFFFFFFFFFFF8F
:10315000FFFFFFFFFFFFFFFFFFFFFFFFFFFFFFFF7F
:10316000FFFFFFFFFFFFFFFFFFFFFFFFFFFFFFFF6F
:10317000FFFFFFFFFFFFFFFFFFFFFFFFFFFFFFFF5F
:10318000FFFFFFFFFFFFFFFFFFFFFFFFFFFFFFFF4F
:10319000FFFFFFFFFFFFFFFFFFFFFFFFFFFFFFFF3F
:1031A000FFFFFFFFFFFFFFFFFFFFFFFFFFFFFFFF2F
:1031B000FFFFFFFFFFFFFFFFFFFFFFFFFFFFFFFF1F
:1031C000FFFFFFFFFFFFFFFFFFFFFFFFFFFFFFFF0F
:1031D000FFFFFFFFFFFFFFFFFFFFFFFFFFFFFFFFFF
:1031E000FFFFFFFFFFFFFFFFFFFFFFFFFFFFFFFFEF
:1031F000FFFFFFFFFFFFFFFFFFFFFFFFFFFFFFFFDF
:10320000FFFFFFFFFFFFFFFFFFFFFFFFFFFFFFFFCE
:10321000FFFFFFFFFFFFFFFFFFFFFFFFFFFFFFFFBE
:10322000FFFFFFFFFFFFFFFFFFFFFFFFFFFFFFFFAE
:10323000FFFFFFFFFFFFFFFFFFFFFFFFFFFFFFFF9E
:10324000FFFFFFFFFFFFFFFFFFFFFFFFFFFFFFFF8E
:10325000FFFFFFFFFFFFFFFFFFFFFFFFFFFFFFFF7E
:10326000FFFFFFFFFFFFFFFFFFFFFFFFFFFFFFFF6E
:10327000FFFFFFFFFFFFFFFFFFFFFFFFFFFFFFFF5E
:10328000FFFFFFFFFFFFFFFFFFFFFFFFFFFFFFFF4E
:10329000FFFFFFFFFFFFFFFFFFFFFFFFFFFFFFFF3E
:1032A000FFFFFFFFFFFFFFFFFFFFFFFFFFFFFFFF2E
:1032B000FFFFFFFFFFFFFFFFFFFFFFFFFFFFFFFF1E
:1032C000FFFFFFFFFFFFFFFFFFFFFFFFFFFFFFFF0E
:1032D000FFFFFFFFFFFFFFFFFFFFFFFFFFFFFFFFFE
:1032E000FFFFFFFFFFFFFFFFFFFFFFFFFFFFFFFFEE
:1032F000FFFFFFFFFFFFFFFFFFFFFFFFFFFFFFFFDE
:10330000FFFFFFFFFFFFFFFFFFFFFFFFFFFFFFFFCD
:10331000FFFFFFFFFFFFFFFFFFFFFFFFFFFFFFFFBD
:10332000FFFFFFFFFFFFFFFFFFFFFFFFFFFFFFFFAD
:10333000FFFFFFFFFFFFFFFFFFFFFFFFFFFFFFFF9D
:10334000FFFFFFFFFFFFFFFFFFFFFFFFFFFFFFFF8D
:10335000FFFFFFFFFFFFFFFFFFFFFFFFFFFFFFFF7D
:10336000FFFFFFFFFFFFFFFFFFFFFFFFFFFFFFFF6D
:10337000FFFFFFFFFFFFFFFFFFFFFFFFFFFFFFFF5D
:10338000FFFFFFFFFFFFFFFFFFFFFFFFFFFFFFFF4D
:10339000FFFFFFFFFFFFFFFFFFFFFFFFFFFFFFFF3D
:1033A000FFFFFFFFFFFFFFFFFFFFFFFFFFFFFFFF2D
:1033B000FFFFFFFFFFFFFFFFFFFFFFFFFFFFFFFF1D
:1033C000FFFFFFFFFFFFFFFFFFFFFFFFFFFFFFFF0D
:1033D000FFFFFFFFFFFFFFFFFFFFFFFFFFFFFFFFFD
:1033E000FFFFFFFFFFFFFFFFFFFFFFFFFFFFFFFFED
:1033F000FFFFFFFFFFFFFFFFFFFFFFFFFFFFFFFFDD
:10340000FFFFFFFFFFFFFFFFFFFFFFFFFFFFFFFFCC
:10341000FFFFFFFFFFFFFFFFFFFFFFFFFFFFFFFFBC
:10342000FFFFFFFFFFFFFFFFFFFFFFFFFFFFFFFFAC
:10343000FFFFFFFFFFFFFFFFFFFFFFFFFFFFFFFF9C
:10344000FFFFFFFFFFFFFFFFFFFFFFFFFFFFFFFF8C
:10345000FFFFFFFFFFFFFFFFFFFFFFFFFFFFFFFF7C
:10346000FFFFFFFFFFFFFFFFFFFFFFFFFFFFFFFF6C
:10347000FFFFFFFFFFFFFFFFFFFFFFFFFFFFFFFF5C
:10348000FFFFFFFFFFFFFFFFFFFFFFFFFFFFFFFF4C
:10349000FFFFFFFFFFFFFFFFFFFFFFFFFFFFFFFF3C
:1034A000FFFFFFFFFFFFFFFFFFFFFFFFFFFFFFFF2C
:1034B000FFFFFFFFFFFFFFFFFFFFFFFFFFFFFFFF1C
:1034C000FFFFFFFFFFFFFFFFFFFFFFFFFFFFFFFF0C
:1034D000FFFFFFFFFFFFFFFFFFFFFFFFFFFFFFFFFC
:1034E000FFFFFFFFFFFFFFFFFFFFFFFFFFFFFFFFEC
:1034F000FFFFFFFFFFFFFFFFFFFFFFFFFFFFFFFFDC
:10350000FFFFFFFFFFFFFFFFFFFFFFFFFFFFFFFFCB
:10351000FFFFFFFFFFFFFFFFFFFFFFFFFFFFFFFFBB
:10352000FFFFFFFFFFFFFFFFFFFFFFFFFFFFFFFFAB
:10353000FFFFFFFFFFFFFFFFFFFFFFFFFFFFFFFF9B
:10354000FFFFFFFFFFFFFFFFFFFFFFFFFFFFFFFF8B
:10355000FFFFFFFFFFFFFFFFFFFFFFFFFFFFFFFF7B
:10356000FFFFFFFFFFFFFFFFFFFFFFFFFFFFFFFF6B
:10357000FFFFFFFFFFFFFFFFFFFFFFFFFFFFFFFF5B
:10358000FFFFFFFFFFFFFFFFFFFFFFFFFFFFFFFF4B
:10359000FFFFFFFFFFFFFFFFFFFFFFFFFFFFFFFF3B
:1035A000FFFFFFFFFFFFFFFFFFFFFFFFFFFFFFFF2B
:1035B000FFFFFFFFFFFFFFFFFFFFFFFFFFFFFFFF1B
:1035C000FFFFFFFFFFFFFFFFFFFFFFFFFFFFFFFF0B
:1035D000FFFFFFFFFFFFFFFFFFFFFFFFFFFFFFFFFB
:1035E000FFFFFFFFFFFFFFFFFFFFFFFFFFFFFFFFEB
:1035F000FFFFFFFFFFFFFFFFFFFFFFFFFFFFFFFFDB
:10360000FFFFFFFFFFFFFFFFFFFFFFFFFFFFFFFFCA
:10361000FFFFFFFFFFFFFFFFFFFFFFFFFFFFFFFFBA
:10362000FFFFFFFFFFFFFFFFFFFFFFFFFFFFFFFFAA
:10363000FFFFFFFFFFFFFFFFFFFFFFFFFFFFFFFF9A
:10364000FFFFFFFFFFFFFFFFFFFFFFFFFFFFFFFF8A
:10365000FFFFFFFFFFFFFFFFFFFFFFFFFFFFFFFF7A
:10366000FFFFFFFFFFFFFFFFFFFFFFFFFFFFFFFF6A
:10367000FFFFFFFFFFFFFFFFFFFFFFFFFFFFFFFF5A
:10368000FFFFFFFFFFFFFFFFFFFFFFFFFFFFFFFF4A
:10369000FFFFFFFFFFFFFFFFFFFFFFFFFFFFFFFF3A
:1036A000FFFFFFFFFFFFFFFFFFFFFFFFFFFFFFFF2A
:1036B000FFFFFFFFFFFFFFFFFFFFFFFFFFFFFFFF1A
:1036C000FFFFFFFFFFFFFFFFFFFFFFFFFFFFFFFF0A
:1036D000FFFFFFFFFFFFFFFFFFFFFFFFFFFFFFFFFA
:1036E000FFFFFFFFFFFFFFFFFFFFFFFFFFFFFFFFEA
:1036F000FFFFFFFFFFFFFFFFFFFFFFFFFFFFFFFFDA
:10370000FFFFFFFFFFFFFFFFFFFFFFFFFFFFFFFFC9
:10371000FFFFFFFFFFFFFFFFFFFFFFFFFFFFFFFFB9
:10372000FFFFFFFFFFFFFFFFFFFFFFFFFFFFFFFFA9
:10373000FFFFFFFFFFFFFFFFFFFFFFFFFFFFFFFF99
:10374000FFFFFFFFFFFFFFFFFFFFFFFFFFFFFFFF89
:10375000FFFFFFFFFFFFFFFFFFFFFFFFFFFFFFFF79
:10376000FFFFFFFFFFFFFFFFFFFFFFFFFFFFFFFF69
:10377000FFFFFFFFFFFFFFFFFFFFFFFFFFFFFFFF59
:10378000FFFFFFFFFFFFFFFFFFFFFFFFFFFFFFFF49
:10379000FFFFFFFFFFFFFFFFFFFFFFFFFFFFFFFF39
:1037A000FFFFFFFFFFFFFFFFFFFFFFFFFFFFFFFF29
:1037B000FFFFFFFFFFFFFFFFFFFFFFFFFFFFFFFF19
:1037C000FFFFFFFFFFFFFFFFFFFFFFFFFFFFFFFF09
:1037D000FFFFFFFFFFFFFFFFFFFFFFFFFFFFFFFFF9
:1037E000FFFFFFFFFFFFFFFFFFFFFFFFFFFFFFFFE9
:1037F000FFFFFFFFFFFFFFFFFFFFFFFFFFFFFFFFD9
:10380000FFFFFFFFFFFFFFFFFFFFFFFFFFFFFFFFC8
:10381000FFFFFFFFFFFFFFFFFFFFFFFFFFFFFFFFB8
:10382000FFFFFFFFFFFFFFFFFFFFFFFFFFFFFFFFA8
:10383000FFFFFFFFFFFFFFFFFFFFFFFFFFFFFFFF98
:10384000FFFFFFFFFFFFFFFFFFFFFFFFFFFFFFFF88
:10385000FFFFFFFFFFFFFFFFFFFFFFFFFFFFFFFF78
:10386000FFFFFFFFFFFFFFFFFFFFFFFFFFFFFFFF68
:10387000FFFFFFFFFFFFFFFFFFFFFFFFFFFFFFFF58
:10388000FFFFFFFFFFFFFFFFFFFFFFFFFFFFFFFF48
:10389000FFFFFFFFFFFFFFFFFFFFFFFFFFFFFFFF38
:1038A000FFFFFFFFFFFFFFFFFFFFFFFFFFFFFFFF28
:1038B000FFFFFFFFFFFFFFFFFFFFFFFFFFFFFFFF18
:1038C000FFFFFFFFFFFFFFFFFFFFFFFFFFFFFFFF08
:1038D000FFFFFFFFFFFFFFFFFFFFFFFFFFFFFFFFF8
:1038E000FFFFFFFFFFFFFFFFFFFFFFFFFFFFFFFFE8
:1038F000FFFFFFFFFFFFFFFFFFFFFFFFFFFFFFFFD8
:10390000FFFFFFFFFFFFFFFFFFFFFFFFFFFFFFFFC7
:10391000FFFFFFFFFFFFFFFFFFFFFFFFFFFFFFFFB7
:10392000FFFFFFFFFFFFFFFFFFFFFFFFFFFFFFFFA7
:10393000FFFFFFFFFFFFFFFFFFFFFFFFFFFFFFFF97
:10394000FFFFFFFFFFFFFFFFFFFFFFFFFFFFFFFF87
:10395000FFFFFFFFFFFFFFFFFFFFFFFFFFFFFFFF77
:10396000FFFFFFFFFFFFFFFFFFFFFFFFFFFFFFFF67
:10397000FFFFFFFFFFFFFFFFFFFFFFFFFFFFFFFF57
:10398000FFFFFFFFFFFFFFFFFFFFFFFFFFFFFFFF47
:10399000FFFFFFFFFFFFFFFFFFFFFFFFFFFFFFFF37
:1039A000FFFFFFFFFFFFFFFFFFFFFFFFFFFFFFFF27
:1039B000FFFFFFFFFFFFFFFFFFFFFFFFFFFFFFFF17
:1039C000FFFFFFFFFFFFFFFFFFFFFFFFFFFFFFFF07
:1039D000FFFFFFFFFFFFFFFFFFFFFFFFFFFFFFFFF7
:1039E000FFFFFFFFFFFFFFFFFFFFFFFFFFFFFFFFE7
:1039F000FFFFFFFFFFFFFFFFFFFFFFFFFFFFFFFFD7
:103A0000FFFFFFFFFFFFFFFFFFFFFFFFFFFFFFFFC6
:103A1000FFFFFFFFFFFFFFFFFFFFFFFFFFFFFFFFB6
:103A2000FFFFFFFFFFFFFFFFFFFFFFFFFFFFFFFFA6
:103A3000FFFFFFFFFFFFFFFFFFFFFFFFFFFFFFFF96
:103A4000FFFFFFFFFFFFFFFFFFFFFFFFFFFFFFFF86
:103A5000FFFFFFFFFFFFFFFFFFFFFFFFFFFFFFFF76
:103A6000FFFFFFFFFFFFFFFFFFFFFFFFFFFFFFFF66
:103A7000FFFFFFFFFFFFFFFFFFFFFFFFFFFFFFFF56
:103A8000FFFFFFFFFFFFFFFFFFFFFFFFFFFFFFFF46
:103A9000FFFFFFFFFFFFFFFFFFFFFFFFFFFFFFFF36
:103AA000FFFFFFFFFFFFFFFFFFFFFFFFFFFFFFFF26
:103AB000FFFFFFFFFFFFFFFFFFFFFFFFFFFFFFFF16
:103AC000FFFFFFFFFFFFFFFFFFFFFFFFFFFFFFFF06
:103AD000FFFFFFFFFFFFFFFFFFFFFFFFFFFFFFFFF6
:103AE000FFFFFFFFFFFFFFFFFFFFFFFFFFFFFFFFE6
:103AF000FFFFFFFFFFFFFFFFFFFFFFFFFFFFFFFFD6
:103B0000FFFFFFFFFFFFFFFFFFFFFFFFFFFFFFFFC5
:103B1000FFFFFFFFFFFFFFFFFFFFFFFFFFFFFFFFB5
:103B2000FFFFFFFFFFFFFFFFFFFFFFFFFFFFFFFFA5
:103B3000FFFFFFFFFFFFFFFFFFFFFFFFFFFFFFFF95
:103B4000FFFFFFFFFFFFFFFFFFFFFFFFFFFFFFFF85
:103B5000FFFFFFFFFFFFFFFFFFFFFFFFFFFFFFFF75
:103B6000FFFFFFFFFFFFFFFFFFFFFFFFFFFFFFFF65
:103B7000FFFFFFFFFFFFFFFFFFFFFFFFFFFFFFFF55
:103B8000FFFFFFFFFFFFFFFFFFFFFFFFFFFFFFFF45
:103B9000FFFFFFFFFFFFFFFFFFFFFFFFFFFFFFFF35
:103BA000FFFFFFFFFFFFFFFFFFFFFFFFFFFFFFFF25
:103BB000FFFFFFFFFFFFFFFFFFFFFFFFFFFFFFFF15
:103BC000FFFFFFFFFFFFFFFFFFFFFFFFFFFFFFFF05
:103BD000FFFFFFFFFFFFFFFFFFFFFFFFFFFFFFFFF5
:103BE000FFFFFFFFFFFFFFFFFFFFFFFFFFFFFFFFE5
:103BF000FFFFFFFFFFFFFFFFFFFFFFFFFFFFFFFFD5
:103C0000FFFFFFFFFFFFFFFFFFFFFFFFFFFFFFFFC4
:103C1000FFFFFFFFFFFFFFFFFFFFFFFFFFFFFFFFB4
:103C2000FFFFFFFFFFFFFFFFFFFFFFFFFFFFFFFFA4
:103C3000FFFFFFFFFFFFFFFFFFFFFFFFFFFFFFFF94
:103C4000FFFFFFFFFFFFFFFFFFFFFFFFFFFFFFFF84
:103C5000FFFFFFFFFFFFFFFFFFFFFFFFFFFFFFFF74
:103C6000FFFFFFFFFFFFFFFFFFFFFFFFFFFFFFFF64
:103C7000FFFFFFFFFFFFFFFFFFFFFFFFFFFFFFFF54
:103C8000FFFFFFFFFFFFFFFFFFFFFFFFFFFFFFFF44
:103C9000FFFFFFFFFFFFFFFFFFFFFFFFFFFFFFFF34
:103CA000FFFFFFFFFFFFFFFFFFFFFFFFFFFFFFFF24
:103CB000FFFFFFFFFFFFFFFFFFFFFFFFFFFFFFFF14
:103CC000FFFFFFFFFFFFFFFFFFFFFFFFFFFFFFFF04
:103CD000FFFFFFFFFFFFFFFFFFFFFFFFFFFFFFFFF4
:103CE000FFFFFFFFFFFFFFFFFFFFFFFFFFFFFFFFE4
:103CF000FFFFFFFFFFFFFFFFFFFFFFFFFFFFFFFFD4
:103D0000FFFFFFFFFFFFFFFFFFFFFFFFFFFFFFFFC3
:103D1000FFFFFFFFFFFFFFFFFFFFFFFFFFFFFFFFB3
:103D2000FFFFFFFFFFFFFFFFFFFFFFFFFFFFFFFFA3
:103D3000FFFFFFFFFFFFFFFFFFFFFFFFFFFFFFFF93
:103D4000FFFFFFFFFFFFFFFFFFFFFFFFFFFFFFFF83
:103D5000FFFFFFFFFFFFFFFFFFFFFFFFFFFFFFFF73
:103D6000FFFFFFFFFFFFFFFFFFFFFFFFFFFFFFFF63
:103D7000FFFFFFFFFFFFFFFFFFFFFFFFFFFFFFFF53
:103D8000FFFFFFFFFFFFFFFFFFFFFFFFFFFFFFFF43
:103D9000FFFFFFFFFFFFFFFFFFFFFFFFFFFFFFFF33
:103DA000FFFFFFFFFFFFFFFFFFFFFFFFFFFFFFFF23
:103DB000FFFFFFFFFFFFFFFFFFFFFFFFFFFFFFFF13
:103DC000FFFFFFFFFFFFFFFFFFFFFFFFFFFFFFFF03
:103DD000FFFFFFFFFFFFFFFFFFFFFFFFFFFFFFFFF3
:103DE000FFFFFFFFFFFFFFFFFFFFFFFFFFFFFFFFE3
:103DF000FFFFFFFFFFFFFFFFFFFFFFFFFFFFFFFFD3
:103E0000FFFFFFFFFFFFFFFFFFFFFFFFFFFFFFFFC2
:103E1000FFFFFFFFFFFFFFFFFFFFFFFFFFFFFFFFB2
:103E2000FFFFFFFFFFFFFFFFFFFFFFFFFFFFFFFFA2
:103E3000FFFFFFFFFFFFFFFFFFFFFFFFFFFFFFFF92
:103E4000FFFFFFFFFFFFFFFFFFFFFFFFFFFFFFFF82
:103E5000FFFFFFFFFFFFFFFFFFFFFFFFFFFFFFFF72
:103E6000FFFFFFFFFFFFFFFFFFFFFFFFFFFFFFFF62
:103E7000FFFFFFFFFFFFFFFFFFFFFFFFFFFFFFFF52
:103E8000FFFFFFFFFFFFFFFFFFFFFFFFFFFFFFFF42
:103E9000FFFFFFFFFFFFFFFFFFFFFFFFFFFFFFFF32
:103EA000FFFFFFFFFFFFFFFFFFFFFFFFFFFFFFFF22
:103EB000FFFFFFFFFFFFFFFFFFFFFFFFFFFFFFFF12
:103EC000FFFFFFFFFFFFFFFFFFFFFFFFFFFFFFFF02
:103ED000FFFFFFFFFFFFFFFFFFFFFFFFFFFFFFFFF2
:103EE000FFFFFFFFFFFFFFFFFFFFFFFFFFFFFFFFE2
:103EF000FFFFFFFFFFFFFFFFFFFFFFFFFFFFFFFFD2
:103F0000FFFFFFFFFFFFFFFFFFFFFFFFFFFFFFFFC1
:103F1000FFFFFFFFFFFFFFFFFFFFFFFFFFFFFFFFB1
:103F2000FFFFFFFFFFFFFFFFFFFFFFFFFFFFFFFFA1
:103F3000FFFFFFFFFFFFFFFFFFFFFFFFFFFFFFFF91
:103F4000FFFFFFFFFFFFFFFFFFFFFFFFFFFFFFFF81
:103F5000FFFFFFFFFFFFFFFFFFFFFFFFFFFFFFFF71
:103F6000FFFFFFFFFFFFFFFFFFFFFFFFFFFFFFFF61
:103F7000FFFFFFFFFFFFFFFFFFFFFFFFFFFFFFFF51
:103F8000FFFFFFFFFFFFFFFFFFFFFFFFFFFFFFFF41
:103F9000FFFFFFFFFFFFFFFFFFFFFFFFFFFFFFFF31
:103FA000FFFFFFFFFFFFFFFFFFFFFFFFFFFFFFFF21
:103FB000FFFFFFFFFFFFFFFFFFFFFFFFFFFFFFFF11
:103FC000FFFFFFFFFFFFFFFFFFFFFFFFFFFFFFFF01
:103FD000FFFFFFFFFFFFFFFFFFFFFFFFFFFFFFFFF1
:103FE000FFFFFFFFFFFFFFFFFFFFFFFFFFFFFFFFE1
:103FF000FFFFFFFFFFFFFFFFFFFFFFFFFFFFFFFFD1
:10400000FFFFFFFFFFFFFFFFFFFFFFFFFFFFFFFFC0
:10401000FFFFFFFFFFFFFFFFFFFFFFFFFFFFFFFFB0
:10402000FFFFFFFFFFFFFFFFFFFFFFFFFFFFFFFFA0
:10403000FFFFFFFFFFFFFFFFFFFFFFFFFFFFFFFF90
:10404000FFFFFFFFFFFFFFFFFFFFFFFFFFFFFFFF80
:10405000FFFFFFFFFFFFFFFFFFFFFFFFFFFFFFFF70
:10406000FFFFFFFFFFFFFFFFFFFFFFFFFFFFFFFF60
:10407000FFFFFFFFFFFFFFFFFFFFFFFFFFFFFFFF50
:10408000FFFFFFFFFFFFFFFFFFFFFFFFFFFFFFFF40
:10409000FFFFFFFFFFFFFFFFFFFFFFFFFFFFFFFF30
:1040A000FFFFFFFFFFFFFFFFFFFFFFFFFFFFFFFF20
:1040B000FFFFFFFFFFFFFFFFFFFFFFFFFFFFFFFF10
:1040C000FFFFFFFFFFFFFFFFFFFFFFFFFFFFFFFF00
:1040D000FFFFFFFFFFFFFFFFFFFFFFFFFFFFFFFFF0
:1040E000FFFFFFFFFFFFFFFFFFFFFFFFFFFFFFFFE0
:1040F000FFFFFFFFFFFFFFFFFFFFFFFFFFFFFFFFD0
:10410000FFFFFFFFFFFFFFFFFFFFFFFFFFFFFFFFBF
:10411000FFFFFFFFFFFFFFFFFFFFFFFFFFFFFFFFAF
:10412000FFFFFFFFFFFFFFFFFFFFFFFFFFFFFFFF9F
:10413000FFFFFFFFFFFFFFFFFFFFFFFFFFFFFFFF8F
:10414000FFFFFFFFFFFFFFFFFFFFFFFFFFFFFFFF7F
:10415000FFFFFFFFFFFFFFFFFFFFFFFFFFFFFFFF6F
:10416000FFFFFFFFFFFFFFFFFFFFFFFFFFFFFFFF5F
:10417000FFFFFFFFFFFFFFFFFFFFFFFFFFFFFFFF4F
:10418000FFFFFFFFFFFFFFFFFFFFFFFFFFFFFFFF3F
:10419000FFFFFFFFFFFFFFFFFFFFFFFFFFFFFFFF2F
:1041A000FFFFFFFFFFFFFFFFFFFFFFFFFFFFFFFF1F
:1041B000FFFFFFFFFFFFFFFFFFFFFFFFFFFFFFFF0F
:1041C000FFFFFFFFFFFFFFFFFFFFFFFFFFFFFFFFFF
:1041D000FFFFFFFFFFFFFFFFFFFFFFFFFFFFFFFFEF
:1041E000FFFFFFFFFFFFFFFFFFFFFFFFFFFFFFFFDF
:1041F000FFFFFFFFFFFFFFFFFFFFFFFFFFFFFFFFCF
:10420000FFFFFFFFFFFFFFFFFFFFFFFFFFFFFFFFBE
:10421000FFFFFFFFFFFFFFFFFFFFFFFFFFFFFFFFAE
:10422000FFFFFFFFFFFFFFFFFFFFFFFFFFFFFFFF9E
:10423000FFFFFFFFFFFFFFFFFFFFFFFFFFFFFFFF8E
:10424000FFFFFFFFFFFFFFFFFFFFFFFFFFFFFFFF7E
:10425000FFFFFFFFFFFFFFFFFFFFFFFFFFFFFFFF6E
:10426000FFFFFFFFFFFFFFFFFFFFFFFFFFFFFFFF5E
:10427000FFFFFFFFFFFFFFFFFFFFFFFFFFFFFFFF4E
:10428000FFFFFFFFFFFFFFFFFFFFFFFFFFFFFFFF3E
:10429000FFFFFFFFFFFFFFFFFFFFFFFFFFFFFFFF2E
:1042A000FFFFFFFFFFFFFFFFFFFFFFFFFFFFFFFF1E
:1042B000FFFFFFFFFFFFFFFFFFFFFFFFFFFFFFFF0E
:1042C000FFFFFFFFFFFFFFFFFFFFFFFFFFFFFFFFFE
:1042D000FFFFFFFFFFFFFFFFFFFFFFFFFFFFFFFFEE
:1042E000FFFFFFFFFFFFFFFFFFFFFFFFFFFFFFFFDE
:1042F000FFFFFFFFFFFFFFFFFFFFFFFFFFFFFFFFCE
:10430000FFFFFFFFFFFFFFFFFFFFFFFFFFFFFFFFBD
:10431000FFFFFFFFFFFFFFFFFFFFFFFFFFFFFFFFAD
:10432000FFFFFFFFFFFFFFFFFFFFFFFFFFFFFFFF9D
:10433000FFFFFFFFFFFFFFFFFFFFFFFFFFFFFFFF8D
:10434000FFFFFFFFFFFFFFFFFFFFFFFFFFFFFFFF7D
:10435000FFFFFFFFFFFFFFFFFFFFFFFFFFFFFFFF6D
:10436000FFFFFFFFFFFFFFFFFFFFFFFFFFFFFFFF5D
:10437000FFFFFFFFFFFFFFFFFFFFFFFFFFFFFFFF4D
:10438000FFFFFFFFFFFFFFFFFFFFFFFFFFFFFFFF3D
:10439000FFFFFFFFFFFFFFFFFFFFFFFFFFFFFFFF2D
:1043A000FFFFFFFFFFFFFFFFFFFFFFFFFFFFFFFF1D
:1043B000FFFFFFFFFFFFFFFFFFFFFFFFFFFFFFFF0D
:1043C000FFFFFFFFFFFFFFFFFFFFFFFFFFFFFFFFFD
:1043D000FFFFFFFFFFFFFFFFFFFFFFFFFFFFFFFFED
:1043E000FFFFFFFFFFFFFFFFFFFFFFFFFFFFFFFFDD
:1043F000FFFFFFFFFFFFFFFFFFFFFFFFFFFFFFFFCD
:10440000FFFFFFFFFFFFFFFFFFFFFFFFFFFFFFFFBC
:10441000FFFFFFFFFFFFFFFFFFFFFFFFFFFFFFFFAC
:10442000FFFFFFFFFFFFFFFFFFFFFFFFFFFFFFFF9C
:10443000FFFFFFFFFFFFFFFFFFFFFFFFFFFFFFFF8C
:10444000FFFFFFFFFFFFFFFFFFFFFFFFFFFFFFFF7C
:10445000FFFFFFFFFFFFFFFFFFFFFFFFFFFFFFFF6C
:10446000FFFFFFFFFFFFFFFFFFFFFFFFFFFFFFFF5C
:10447000FFFFFFFFFFFFFFFFFFFFFFFFFFFFFFFF4C
:10448000FFFFFFFFFFFFFFFFFFFFFFFFFFFFFFFF3C
:10449000FFFFFFFFFFFFFFFFFFFFFFFFFFFFFFFF2C
:1044A000FFFFFFFFFFFFFFFFFFFFFFFFFFFFFFFF1C
:1044B000FFFFFFFFFFFFFFFFFFFFFFFFFFFFFFFF0C
:1044C000FFFFFFFFFFFFFFFFFFFFFFFFFFFFFFFFFC
:1044D000FFFFFFFFFFFFFFFFFFFFFFFFFFFFFFFFEC
:1044E000FFFFFFFFFFFFFFFFFFFFFFFFFFFFFFFFDC
:1044F000FFFFFFFFFFFFFFFFFFFFFFFFFFFFFFFFCC
:10450000FFFFFFFFFFFFFFFFFFFFFFFFFFFFFFFFBB
:10451000FFFFFFFFFFFFFFFFFFFFFFFFFFFFFFFFAB
:10452000FFFFFFFFFFFFFFFFFFFFFFFFFFFFFFFF9B
:10453000FFFFFFFFFFFFFFFFFFFFFFFFFFFFFFFF8B
:10454000FFFFFFFFFFFFFFFFFFFFFFFFFFFFFFFF7B
:10455000FFFFFFFFFFFFFFFFFFFFFFFFFFFFFFFF6B
:10456000FFFFFFFFFFFFFFFFFFFFFFFFFFFFFFFF5B
:10457000FFFFFFFFFFFFFFFFFFFFFFFFFFFFFFFF4B
:10458000FFFFFFFFFFFFFFFFFFFFFFFFFFFFFFFF3B
:10459000FFFFFFFFFFFFFFFFFFFFFFFFFFFFFFFF2B
:1045A000FFFFFFFFFFFFFFFFFFFFFFFFFFFFFFFF1B
:1045B000FFFFFFFFFFFFFFFFFFFFFFFFFFFFFFFF0B
:1045C000FFFFFFFFFFFFFFFFFFFFFFFFFFFFFFFFFB
:1045D000FFFFFFFFFFFFFFFFFFFFFFFFFFFFFFFFEB
:1045E000FFFFFFFFFFFFFFFFFFFFFFFFFFFFFFFFDB
:1045F000FFFFFFFFFFFFFFFFFFFFFFFFFFFFFFFFCB
:10460000FFFFFFFFFFFFFFFFFFFFFFFFFFFFFFFFBA
:10461000FFFFFFFFFFFFFFFFFFFFFFFFFFFFFFFFAA
:10462000FFFFFFFFFFFFFFFFFFFFFFFFFFFFFFFF9A
:10463000FFFFFFFFFFFFFFFFFFFFFFFFFFFFFFFF8A
:10464000FFFFFFFFFFFFFFFFFFFFFFFFFFFFFFFF7A
:10465000FFFFFFFFFFFFFFFFFFFFFFFFFFFFFFFF6A
:10466000FFFFFFFFFFFFFFFFFFFFFFFFFFFFFFFF5A
:10467000FFFFFFFFFFFFFFFFFFFFFFFFFFFFFFFF4A
:10468000FFFFFFFFFFFFFFFFFFFFFFFFFFFFFFFF3A
:10469000FFFFFFFFFFFFFFFFFFFFFFFFFFFFFFFF2A
:1046A000FFFFFFFFFFFFFFFFFFFFFFFFFFFFFFFF1A
:1046B000FFFFFFFFFFFFFFFFFFFFFFFFFFFFFFFF0A
:1046C000FFFFFFFFFFFFFFFFFFFFFFFFFFFFFFFFFA
:1046D000FFFFFFFFFFFFFFFFFFFFFFFFFFFFFFFFEA
:1046E000FFFFFFFFFFFFFFFFFFFFFFFFFFFFFFFFDA
:1046F000FFFFFFFFFFFFFFFFFFFFFFFFFFFFFFFFCA
:10470000FFFFFFFFFFFFFFFFFFFFFFFFFFFFFFFFB9
:10471000FFFFFFFFFFFFFFFFFFFFFFFFFFFFFFFFA9
:10472000FFFFFFFFFFFFFFFFFFFFFFFFFFFFFFFF99
:10473000FFFFFFFFFFFFFFFFFFFFFFFFFFFFFFFF89
:10474000FFFFFFFFFFFFFFFFFFFFFFFFFFFFFFFF79
:10475000FFFFFFFFFFFFFFFFFFFFFFFFFFFFFFFF69
:10476000FFFFFFFFFFFFFFFFFFFFFFFFFFFFFFFF59
:10477000FFFFFFFFFFFFFFFFFFFFFFFFFFFFFFFF49
:10478000FFFFFFFFFFFFFFFFFFFFFFFFFFFFFFFF39
:10479000FFFFFFFFFFFFFFFFFFFFFFFFFFFFFFFF29
:1047A000FFFFFFFFFFFFFFFFFFFFFFFFFFFFFFFF19
:1047B000FFFFFFFFFFFFFFFFFFFFFFFFFFFFFFFF09
:1047C000FFFFFFFFFFFFFFFFFFFFFFFFFFFFFFFFF9
:1047D000FFFFFFFFFFFFFFFFFFFFFFFFFFFFFFFFE9
:1047E000FFFFFFFFFFFFFFFFFFFFFFFFFFFFFFFFD9
:1047F000FFFFFFFFFFFFFFFFFFFFFFFFFFFFFFFFC9
:10480000FFFFFFFFFFFFFFFFFFFFFFFFFFFFFFFFB8
:10481000FFFFFFFFFFFFFFFFFFFFFFFFFFFFFFFFA8
:10482000FFFFFFFFFFFFFFFFFFFFFFFFFFFFFFFF98
:10483000FFFFFFFFFFFFFFFFFFFFFFFFFFFFFFFF88
:10484000FFFFFFFFFFFFFFFFFFFFFFFFFFFFFFFF78
:10485000FFFFFFFFFFFFFFFFFFFFFFFFFFFFFFFF68
:10486000FFFFFFFFFFFFFFFFFFFFFFFFFFFFFFFF58
:10487000FFFFFFFFFFFFFFFFFFFFFFFFFFFFFFFF48
:10488000FFFFFFFFFFFFFFFFFFFFFFFFFFFFFFFF38
:10489000FFFFFFFFFFFFFFFFFFFFFFFFFFFFFFFF28
:1048A000FFFFFFFFFFFFFFFFFFFFFFFFFFFFFFFF18
:1048B000FFFFFFFFFFFFFFFFFFFFFFFFFFFFFFFF08
:1048C000FFFFFFFFFFFFFFFFFFFFFFFFFFFFFFFFF8
:1048D000FFFFFFFFFFFFFFFFFFFFFFFFFFFFFFFFE8
:1048E000FFFFFFFFFFFFFFFFFFFFFFFFFFFFFFFFD8
:1048F000FFFFFFFFFFFFFFFFFFFFFFFFFFFFFFFFC8
:10490000FFFFFFFFFFFFFFFFFFFFFFFFFFFFFFFFB7
:10491000FFFFFFFFFFFFFFFFFFFFFFFFFFFFFFFFA7
:10492000FFFFFFFFFFFFFFFFFFFFFFFFFFFFFFFF97
:10493000FFFFFFFFFFFFFFFFFFFFFFFFFFFFFFFF87
:10494000FFFFFFFFFFFFFFFFFFFFFFFFFFFFFFFF77
:10495000FFFFFFFFFFFFFFFFFFFFFFFFFFFFFFFF67
:10496000FFFFFFFFFFFFFFFFFFFFFFFFFFFFFFFF57
:10497000FFFFFFFFFFFFFFFFFFFFFFFFFFFFFFFF47
:10498000FFFFFFFFFFFFFFFFFFFFFFFFFFFFFFFF37
:10499000FFFFFFFFFFFFFFFFFFFFFFFFFFFFFFFF27
:1049A000FFFFFFFFFFFFFFFFFFFFFFFFFFFFFFFF17
:1049B000FFFFFFFFFFFFFFFFFFFFFFFFFFFFFFFF07
:1049C000FFFFFFFFFFFFFFFFFFFFFFFFFFFFFFFFF7
:1049D000FFFFFFFFFFFFFFFFFFFFFFFFFFFFFFFFE7
:1049E000FFFFFFFFFFFFFFFFFFFFFFFFFFFFFFFFD7
:1049F000FFFFFFFFFFFFFFFFFFFFFFFFFFFFFFFFC7
:104A0000FFFFFFFFFFFFFFFFFFFFFFFFFFFFFFFFB6
:104A1000FFFFFFFFFFFFFFFFFFFFFFFFFFFFFFFFA6
:104A2000FFFFFFFFFFFFFFFFFFFFFFFFFFFFFFFF96
:104A3000FFFFFFFFFFFFFFFFFFFFFFFFFFFFFFFF86
:104A4000FFFFFFFFFFFFFFFFFFFFFFFFFFFFFFFF76
:104A5000FFFFFFFFFFFFFFFFFFFFFFFFFFFFFFFF66
:104A6000FFFFFFFFFFFFFFFFFFFFFFFFFFFFFFFF56
:104A7000FFFFFFFFFFFFFFFFFFFFFFFFFFFFFFFF46
:104A8000FFFFFFFFFFFFFFFFFFFFFFFFFFFFFFFF36
:104A9000FFFFFFFFFFFFFFFFFFFFFFFFFFFFFFFF26
:104AA000FFFFFFFFFFFFFFFFFFFFFFFFFFFFFFFF16
:104AB000FFFFFFFFFFFFFFFFFFFFFFFFFFFFFFFF06
:104AC000FFFFFFFFFFFFFFFFFFFFFFFFFFFFFFFFF6
:104AD000FFFFFFFFFFFFFFFFFFFFFFFFFFFFFFFFE6
:104AE000FFFFFFFFFFFFFFFFFFFFFFFFFFFFFFFFD6
:104AF000FFFFFFFFFFFFFFFFFFFFFFFFFFFFFFFFC6
:104B0000FFFFFFFFFFFFFFFFFFFFFFFFFFFFFFFFB5
:104B1000FFFFFFFFFFFFFFFFFFFFFFFFFFFFFFFFA5
:104B2000FFFFFFFFFFFFFFFFFFFFFFFFFFFFFFFF95
:104B3000FFFFFFFFFFFFFFFFFFFFFFFFFFFFFFFF85
:104B4000FFFFFFFFFFFFFFFFFFFFFFFFFFFFFFFF75
:104B5000FFFFFFFFFFFFFFFFFFFFFFFFFFFFFFFF65
:104B6000FFFFFFFFFFFFFFFFFFFFFFFFFFFFFFFF55
:104B7000FFFFFFFFFFFFFFFFFFFFFFFFFFFFFFFF45
:104B8000FFFFFFFFFFFFFFFFFFFFFFFFFFFFFFFF35
:104B9000FFFFFFFFFFFFFFFFFFFFFFFFFFFFFFFF25
:104BA000FFFFFFFFFFFFFFFFFFFFFFFFFFFFFFFF15
:104BB000FFFFFFFFFFFFFFFFFFFFFFFFFFFFFFFF05
:104BC000FFFFFFFFFFFFFFFFFFFFFFFFFFFFFFFFF5
:104BD000FFFFFFFFFFFFFFFFFFFFFFFFFFFFFFFFE5
:104BE000FFFFFFFFFFFFFFFFFFFFFFFFFFFFFFFFD5
:104BF000FFFFFFFFFFFFFFFFFFFFFFFFFFFFFFFFC5
:104C0000FFFFFFFFFFFFFFFFFFFFFFFFFFFFFFFFB4
:104C1000FFFFFFFFFFFFFFFFFFFFFFFFFFFFFFFFA4
:104C2000FFFFFFFFFFFFFFFFFFFFFFFFFFFFFFFF94
:104C3000FFFFFFFFFFFFFFFFFFFFFFFFFFFFFFFF84
:104C4000FFFFFFFFFFFFFFFFFFFFFFFFFFFFFFFF74
:104C5000FFFFFFFFFFFFFFFFFFFFFFFFFFFFFFFF64
:104C6000FFFFFFFFFFFFFFFFFFFFFFFFFFFFFFFF54
:104C7000FFFFFFFFFFFFFFFFFFFFFFFFFFFFFFFF44
:104C8000FFFFFFFFFFFFFFFFFFFFFFFFFFFFFFFF34
:104C9000FFFFFFFFFFFFFFFFFFFFFFFFFFFFFFFF24
:104CA000FFFFFFFFFFFFFFFFFFFFFFFFFFFFFFFF14
:104CB000FFFFFFFFFFFFFFFFFFFFFFFFFFFFFFFF04
:104CC000FFFFFFFFFFFFFFFFFFFFFFFFFFFFFFFFF4
:104CD000FFFFFFFFFFFFFFFFFFFFFFFFFFFFFFFFE4
:104CE000FFFFFFFFFFFFFFFFFFFFFFFFFFFFFFFFD4
:104CF000FFFFFFFFFFFFFFFFFFFFFFFFFFFFFFFFC4
:104D0000FFFFFFFFFFFFFFFFFFFFFFFFFFFFFFFFB3
:104D1000FFFFFFFFFFFFFFFFFFFFFFFFFFFFFFFFA3
:104D2000FFFFFFFFFFFFFFFFFFFFFFFFFFFFFFFF93
:104D3000FFFFFFFFFFFFFFFFFFFFFFFFFFFFFFFF83
:104D4000FFFFFFFFFFFFFFFFFFFFFFFFFFFFFFFF73
:104D5000FFFFFFFFFFFFFFFFFFFFFFFFFFFFFFFF63
:104D6000FFFFFFFFFFFFFFFFFFFFFFFFFFFFFFFF53
:104D7000FFFFFFFFFFFFFFFFFFFFFFFFFFFFFFFF43
:104D8000FFFFFFFFFFFFFFFFFFFFFFFFFFFFFFFF33
:104D9000FFFFFFFFFFFFFFFFFFFFFFFFFFFFFFFF23
:104DA000FFFFFFFFFFFFFFFFFFFFFFFFFFFFFFFF13
:104DB000FFFFFFFFFFFFFFFFFFFFFFFFFFFFFFFF03
:104DC000FFFFFFFFFFFFFFFFFFFFFFFFFFFFFFFFF3
:104DD000FFFFFFFFFFFFFFFFFFFFFFFFFFFFFFFFE3
:104DE000FFFFFFFFFFFFFFFFFFFFFFFFFFFFFFFFD3
:104DF000FFFFFFFFFFFFFFFFFFFFFFFFFFFFFFFFC3
:104E0000FFFFFFFFFFFFFFFFFFFFFFFFFFFFFFFFB2
:104E1000FFFFFFFFFFFFFFFFFFFFFFFFFFFFFFFFA2
:104E2000FFFFFFFFFFFFFFFFFFFFFFFFFFFFFFFF92
:104E3000FFFFFFFFFFFFFFFFFFFFFFFFFFFFFFFF82
:104E4000FFFFFFFFFFFFFFFFFFFFFFFFFFFFFFFF72
:104E5000FFFFFFFFFFFFFFFFFFFFFFFFFFFFFFFF62
:104E6000FFFFFFFFFFFFFFFFFFFFFFFFFFFFFFFF52
:104E7000FFFFFFFFFFFFFFFFFFFFFFFFFFFFFFFF42
:104E8000FFFFFFFFFFFFFFFFFFFFFFFFFFFFFFFF32
:104E9000FFFFFFFFFFFFFFFFFFFFFFFFFFFFFFFF22
:104EA000FFFFFFFFFFFFFFFFFFFFFFFFFFFFFFFF12
:104EB000FFFFFFFFFFFFFFFFFFFFFFFFFFFFFFFF02
:104EC000FFFFFFFFFFFFFFFFFFFFFFFFFFFFFFFFF2
:104ED000FFFFFFFFFFFFFFFFFFFFFFFFFFFFFFFFE2
:104EE000FFFFFFFFFFFFFFFFFFFFFFFFFFFFFFFFD2
:104EF000FFFFFFFFFFFFFFFFFFFFFFFFFFFFFFFFC2
:104F0000FFFFFFFFFFFFFFFFFFFFFFFFFFFFFFFFB1
:104F1000FFFFFFFFFFFFFFFFFFFFFFFFFFFFFFFFA1
:104F2000FFFFFFFFFFFFFFFFFFFFFFFFFFFFFFFF91
:104F3000FFFFFFFFFFFFFFFFFFFFFFFFFFFFFFFF81
:104F4000FFFFFFFFFFFFFFFFFFFFFFFFFFFFFFFF71
:104F5000FFFFFFFFFFFFFFFFFFFFFFFFFFFFFFFF61
:104F6000FFFFFFFFFFFFFFFFFFFFFFFFFFFFFFFF51
:104F7000FFFFFFFFFFFFFFFFFFFFFFFFFFFFFFFF41
:104F8000FFFFFFFFFFFFFFFFFFFFFFFFFFFFFFFF31
:104F9000FFFFFFFFFFFFFFFFFFFFFFFFFFFFFFFF21
:104FA000FFFFFFFFFFFFFFFFFFFFFFFFFFFFFFFF11
:104FB000FFFFFFFFFFFFFFFFFFFFFFFFFFFFFFFF01
:104FC000FFFFFFFFFFFFFFFFFFFFFFFFFFFFFFFFF1
:104FD000FFFFFFFFFFFFFFFFFFFFFFFFFFFFFFFFE1
:104FE000FFFFFFFFFFFFFFFFFFFFFFFFFFFFFFFFD1
:104FF000FFFFFFFFFFFFFFFFFFFFFFFFFFFFFFFFC1
:10500000FFFFFFFFFFFFFFFFFFFFFFFFFFFFFFFFB0
:10501000FFFFFFFFFFFFFFFFFFFFFFFFFFFFFFFFA0
:10502000FFFFFFFFFFFFFFFFFFFFFFFFFFFFFFFF90
:10503000FFFFFFFFFFFFFFFFFFFFFFFFFFFFFFFF80
:10504000FFFFFFFFFFFFFFFFFFFFFFFFFFFFFFFF70
:10505000FFFFFFFFFFFFFFFFFFFFFFFFFFFFFFFF60
:10506000FFFFFFFFFFFFFFFFFFFFFFFFFFFFFFFF50
:10507000FFFFFFFFFFFFFFFFFFFFFFFFFFFFFFFF40
:10508000FFFFFFFFFFFFFFFFFFFFFFFFFFFFFFFF30
:10509000FFFFFFFFFFFFFFFFFFFFFFFFFFFFFFFF20
:1050A000FFFFFFFFFFFFFFFFFFFFFFFFFFFFFFFF10
:1050B000FFFFFFFFFFFFFFFFFFFFFFFFFFFFFFFF00
:1050C000FFFFFFFFFFFFFFFFFFFFFFFFFFFFFFFFF0
:1050D000FFFFFFFFFFFFFFFFFFFFFFFFFFFFFFFFE0
:1050E000FFFFFFFFFFFFFFFFFFFFFFFFFFFFFFFFD0
:1050F000FFFFFFFFFFFFFFFFFFFFFFFFFFFFFFFFC0
:10510000FFFFFFFFFFFFFFFFFFFFFFFFFFFFFFFFAF
:10511000FFFFFFFFFFFFFFFFFFFFFFFFFFFFFFFF9F
:10512000FFFFFFFFFFFFFFFFFFFFFFFFFFFFFFFF8F
:10513000FFFFFFFFFFFFFFFFFFFFFFFFFFFFFFFF7F
:10514000FFFFFFFFFFFFFFFFFFFFFFFFFFFFFFFF6F
:10515000FFFFFFFFFFFFFFFFFFFFFFFFFFFFFFFF5F
:10516000FFFFFFFFFFFFFFFFFFFFFFFFFFFFFFFF4F
:10517000FFFFFFFFFFFFFFFFFFFFFFFFFFFFFFFF3F
:10518000FFFFFFFFFFFFFFFFFFFFFFFFFFFFFFFF2F
:10519000FFFFFFFFFFFFFFFFFFFFFFFFFFFFFFFF1F
:1051A000FFFFFFFFFFFFFFFFFFFFFFFFFFFFFFFF0F
:1051B000FFFFFFFFFFFFFFFFFFFFFFFFFFFFFFFFFF
:1051C000FFFFFFFFFFFFFFFFFFFFFFFFFFFFFFFFEF
:1051D000FFFFFFFFFFFFFFFFFFFFFFFFFFFFFFFFDF
:1051E000FFFFFFFFFFFFFFFFFFFFFFFFFFFFFFFFCF
:1051F000FFFFFFFFFFFFFFFFFFFFFFFFFFFFFFFFBF
:10520000FFFFFFFFFFFFFFFFFFFFFFFFFFFFFFFFAE
:10521000FFFFFFFFFFFFFFFFFFFFFFFFFFFFFFFF9E
:10522000FFFFFFFFFFFFFFFFFFFFFFFFFFFFFFFF8E
:10523000FFFFFFFFFFFFFFFFFFFFFFFFFFFFFFFF7E
:10524000FFFFFFFFFFFFFFFFFFFFFFFFFFFFFFFF6E
:10525000FFFFFFFFFFFFFFFFFFFFFFFFFFFFFFFF5E
:10526000FFFFFFFFFFFFFFFFFFFFFFFFFFFFFFFF4E
:10527000FFFFFFFFFFFFFFFFFFFFFFFFFFFFFFFF3E
:10528000FFFFFFFFFFFFFFFFFFFFFFFFFFFFFFFF2E
:10529000FFFFFFFFFFFFFFFFFFFFFFFFFFFFFFFF1E
:1052A000FFFFFFFFFFFFFFFFFFFFFFFFFFFFFFFF0E
:1052B000FFFFFFFFFFFFFFFFFFFFFFFFFFFFFFFFFE
:1052C000FFFFFFFFFFFFFFFFFFFFFFFFFFFFFFFFEE
:1052D000FFFFFFFFFFFFFFFFFFFFFFFFFFFFFFFFDE
:1052E000FFFFFFFFFFFFFFFFFFFFFFFFFFFFFFFFCE
:1052F000FFFFFFFFFFFFFFFFFFFFFFFFFFFFFFFFBE
:10530000FFFFFFFFFFFFFFFFFFFFFFFFFFFFFFFFAD
:10531000FFFFFFFFFFFFFFFFFFFFFFFFFFFFFFFF9D
:10532000FFFFFFFFFFFFFFFFFFFFFFFFFFFFFFFF8D
:10533000FFFFFFFFFFFFFFFFFFFFFFFFFFFFFFFF7D
:10534000FFFFFFFFFFFFFFFFFFFFFFFFFFFFFFFF6D
:10535000FFFFFFFFFFFFFFFFFFFFFFFFFFFFFFFF5D
:10536000FFFFFFFFFFFFFFFFFFFFFFFFFFFFFFFF4D
:10537000FFFFFFFFFFFFFFFFFFFFFFFFFFFFFFFF3D
:10538000FFFFFFFFFFFFFFFFFFFFFFFFFFFFFFFF2D
:10539000FFFFFFFFFFFFFFFFFFFFFFFFFFFFFFFF1D
:1053A000FFFFFFFFFFFFFFFFFFFFFFFFFFFFFFFF0D
:1053B000FFFFFFFFFFFFFFFFFFFFFFFFFFFFFFFFFD
:1053C000FFFFFFFFFFFFFFFFFFFFFFFFFFFFFFFFED
:1053D000FFFFFFFFFFFFFFFFFFFFFFFFFFFFFFFFDD
:1053E000FFFFFFFFFFFFFFFFFFFFFFFFFFFFFFFFCD
:1053F000FFFFFFFFFFFFFFFFFFFFFFFFFFFFFFFFBD
:10540000FFFFFFFFFFFFFFFFFFFFFFFFFFFFFFFFAC
:10541000FFFFFFFFFFFFFFFFFFFFFFFFFFFFFFFF9C
:10542000FFFFFFFFFFFFFFFFFFFFFFFFFFFFFFFF8C
:10543000FFFFFFFFFFFFFFFFFFFFFFFFFFFFFFFF7C
:10544000FFFFFFFFFFFFFFFFFFFFFFFFFFFFFFFF6C
:10545000FFFFFFFFFFFFFFFFFFFFFFFFFFFFFFFF5C
:10546000FFFFFFFFFFFFFFFFFFFFFFFFFFFFFFFF4C
:10547000FFFFFFFFFFFFFFFFFFFFFFFFFFFFFFFF3C
:10548000FFFFFFFFFFFFFFFFFFFFFFFFFFFFFFFF2C
:10549000FFFFFFFFFFFFFFFFFFFFFFFFFFFFFFFF1C
:1054A000FFFFFFFFFFFFFFFFFFFFFFFFFFFFFFFF0C
:1054B000FFFFFFFFFFFFFFFFFFFFFFFFFFFFFFFFFC
:1054C000FFFFFFFFFFFFFFFFFFFFFFFFFFFFFFFFEC
:1054D000FFFFFFFFFFFFFFFFFFFFFFFFFFFFFFFFDC
:1054E000FFFFFFFFFFFFFFFFFFFFFFFFFFFFFFFFCC
:1054F000FFFFFFFFFFFFFFFFFFFFFFFFFFFFFFFFBC
:10550000FFFFFFFFFFFFFFFFFFFFFFFFFFFFFFFFAB
:10551000FFFFFFFFFFFFFFFFFFFFFFFFFFFFFFFF9B
:10552000FFFFFFFFFFFFFFFFFFFFFFFFFFFFFFFF8B
:10553000FFFFFFFFFFFFFFFFFFFFFFFFFFFFFFFF7B
:10554000FFFFFFFFFFFFFFFFFFFFFFFFFFFFFFFF6B
:10555000FFFFFFFFFFFFFFFFFFFFFFFFFFFFFFFF5B
:10556000FFFFFFFFFFFFFFFFFFFFFFFFFFFFFFFF4B
:10557000FFFFFFFFFFFFFFFFFFFFFFFFFFFFFFFF3B
:10558000FFFFFFFFFFFFFFFFFFFFFFFFFFFFFFFF2B
:10559000FFFFFFFFFFFFFFFFFFFFFFFFFFFFFFFF1B
:1055A000FFFFFFFFFFFFFFFFFFFFFFFFFFFFFFFF0B
:1055B000FFFFFFFFFFFFFFFFFFFFFFFFFFFFFFFFFB
:1055C000FFFFFFFFFFFFFFFFFFFFFFFFFFFFFFFFEB
:1055D000FFFFFFFFFFFFFFFFFFFFFFFFFFFFFFFFDB
:1055E000FFFFFFFFFFFFFFFFFFFFFFFFFFFFFFFFCB
:1055F000FFFFFFFFFFFFFFFFFFFFFFFFFFFFFFFFBB
:10560000FFFFFFFFFFFFFFFFFFFFFFFFFFFFFFFFAA
:10561000FFFFFFFFFFFFFFFFFFFFFFFFFFFFFFFF9A
:10562000FFFFFFFFFFFFFFFFFFFFFFFFFFFFFFFF8A
:10563000FFFFFFFFFFFFFFFFFFFFFFFFFFFFFFFF7A
:10564000FFFFFFFFFFFFFFFFFFFFFFFFFFFFFFFF6A
:10565000FFFFFFFFFFFFFFFFFFFFFFFFFFFFFFFF5A
:10566000FFFFFFFFFFFFFFFFFFFFFFFFFFFFFFFF4A
:10567000FFFFFFFFFFFFFFFFFFFFFFFFFFFFFFFF3A
:10568000FFFFFFFFFFFFFFFFFFFFFFFFFFFFFFFF2A
:10569000FFFFFFFFFFFFFFFFFFFFFFFFFFFFFFFF1A
:1056A000FFFFFFFFFFFFFFFFFFFFFFFFFFFFFFFF0A
:1056B000FFFFFFFFFFFFFFFFFFFFFFFFFFFFFFFFFA
:1056C000FFFFFFFFFFFFFFFFFFFFFFFFFFFFFFFFEA
:1056D000FFFFFFFFFFFFFFFFFFFFFFFFFFFFFFFFDA
:1056E000FFFFFFFFFFFFFFFFFFFFFFFFFFFFFFFFCA
:1056F000FFFFFFFFFFFFFFFFFFFFFFFFFFFFFFFFBA
:10570000FFFFFFFFFFFFFFFFFFFFFFFFFFFFFFFFA9
:10571000FFFFFFFFFFFFFFFFFFFFFFFFFFFFFFFF99
:10572000FFFFFFFFFFFFFFFFFFFFFFFFFFFFFFFF89
:10573000FFFFFFFFFFFFFFFFFFFFFFFFFFFFFFFF79
:10574000FFFFFFFFFFFFFFFFFFFFFFFFFFFFFFFF69
:10575000FFFFFFFFFFFFFFFFFFFFFFFFFFFFFFFF59
:10576000FFFFFFFFFFFFFFFFFFFFFFFFFFFFFFFF49
:10577000FFFFFFFFFFFFFFFFFFFFFFFFFFFFFFFF39
:10578000FFFFFFFFFFFFFFFFFFFFFFFFFFFFFFFF29
:10579000FFFFFFFFFFFFFFFFFFFFFFFFFFFFFFFF19
:1057A000FFFFFFFFFFFFFFFFFFFFFFFFFFFFFFFF09
:1057B000FFFFFFFFFFFFFFFFFFFFFFFFFFFFFFFFF9
:1057C000FFFFFFFFFFFFFFFFFFFFFFFFFFFFFFFFE9
:1057D000FFFFFFFFFFFFFFFFFFFFFFFFFFFFFFFFD9
:1057E000FFFFFFFFFFFFFFFFFFFFFFFFFFFFFFFFC9
:1057F000FFFFFFFFFFFFFFFFFFFFFFFFFFFFFFFFB9
:10580000FFFFFFFFFFFFFFFFFFFFFFFFFFFFFFFFA8
:10581000FFFFFFFFFFFFFFFFFFFFFFFFFFFFFFFF98
:10582000FFFFFFFFFFFFFFFFFFFFFFFFFFFFFFFF88
:10583000FFFFFFFFFFFFFFFFFFFFFFFFFFFFFFFF78
:10584000FFFFFFFFFFFFFFFFFFFFFFFFFFFFFFFF68
:10585000FFFFFFFFFFFFFFFFFFFFFFFFFFFFFFFF58
:10586000FFFFFFFFFFFFFFFFFFFFFFFFFFFFFFFF48
:10587000FFFFFFFFFFFFFFFFFFFFFFFFFFFFFFFF38
:10588000FFFFFFFFFFFFFFFFFFFFFFFFFFFFFFFF28
:10589000FFFFFFFFFFFFFFFFFFFFFFFFFFFFFFFF18
:1058A000FFFFFFFFFFFFFFFFFFFFFFFFFFFFFFFF08
:1058B000FFFFFFFFFFFFFFFFFFFFFFFFFFFFFFFFF8
:1058C000FFFFFFFFFFFFFFFFFFFFFFFFFFFFFFFFE8
:1058D000FFFFFFFFFFFFFFFFFFFFFFFFFFFFFFFFD8
:1058E000FFFFFFFFFFFFFFFFFFFFFFFFFFFFFFFFC8
:1058F000FFFFFFFFFFFFFFFFFFFFFFFFFFFFFFFFB8
:10590000FFFFFFFFFFFFFFFFFFFFFFFFFFFFFFFFA7
:10591000FFFFFFFFFFFFFFFFFFFFFFFFFFFFFFFF97
:10592000FFFFFFFFFFFFFFFFFFFFFFFFFFFFFFFF87
:10593000FFFFFFFFFFFFFFFFFFFFFFFFFFFFFFFF77
:10594000FFFFFFFFFFFFFFFFFFFFFFFFFFFFFFFF67
:10595000FFFFFFFFFFFFFFFFFFFFFFFFFFFFFFFF57
:10596000FFFFFFFFFFFFFFFFFFFFFFFFFFFFFFFF47
:10597000FFFFFFFFFFFFFFFFFFFFFFFFFFFFFFFF37
:10598000FFFFFFFFFFFFFFFFFFFFFFFFFFFFFFFF27
:10599000FFFFFFFFFFFFFFFFFFFFFFFFFFFFFFFF17
:1059A000FFFFFFFFFFFFFFFFFFFFFFFFFFFFFFFF07
:1059B000FFFFFFFFFFFFFFFFFFFFFFFFFFFFFFFFF7
:1059C000FFFFFFFFFFFFFFFFFFFFFFFFFFFFFFFFE7
:1059D000FFFFFFFFFFFFFFFFFFFFFFFFFFFFFFFFD7
:1059E000FFFFFFFFFFFFFFFFFFFFFFFFFFFFFFFFC7
:1059F000FFFFFFFFFFFFFFFFFFFFFFFFFFFFFFFFB7
:105A0000FFFFFFFFFFFFFFFFFFFFFFFFFFFFFFFFA6
:105A1000FFFFFFFFFFFFFFFFFFFFFFFFFFFFFFFF96
:105A2000FFFFFFFFFFFFFFFFFFFFFFFFFFFFFFFF86
:105A3000FFFFFFFFFFFFFFFFFFFFFFFFFFFFFFFF76
:105A4000FFFFFFFFFFFFFFFFFFFFFFFFFFFFFFFF66
:105A5000FFFFFFFFFFFFFFFFFFFFFFFFFFFFFFFF56
:105A6000FFFFFFFFFFFFFFFFFFFFFFFFFFFFFFFF46
:105A7000FFFFFFFFFFFFFFFFFFFFFFFFFFFFFFFF36
:105A8000FFFFFFFFFFFFFFFFFFFFFFFFFFFFFFFF26
:105A9000FFFFFFFFFFFFFFFFFFFFFFFFFFFFFFFF16
:105AA000FFFFFFFFFFFFFFFFFFFFFFFFFFFFFFFF06
:105AB000FFFFFFFFFFFFFFFFFFFFFFFFFFFFFFFFF6
:105AC000FFFFFFFFFFFFFFFFFFFFFFFFFFFFFFFFE6
:105AD000FFFFFFFFFFFFFFFFFFFFFFFFFFFFFFFFD6
:105AE000FFFFFFFFFFFFFFFFFFFFFFFFFFFFFFFFC6
:105AF000FFFFFFFFFFFFFFFFFFFFFFFFFFFFFFFFB6
:105B0000FFFFFFFFFFFFFFFFFFFFFFFFFFFFFFFFA5
:105B1000FFFFFFFFFFFFFFFFFFFFFFFFFFFFFFFF95
:105B2000FFFFFFFFFFFFFFFFFFFFFFFFFFFFFFFF85
:105B3000FFFFFFFFFFFFFFFFFFFFFFFFFFFFFFFF75
:105B4000FFFFFFFFFFFFFFFFFFFFFFFFFFFFFFFF65
:105B5000FFFFFFFFFFFFFFFFFFFFFFFFFFFFFFFF55
:105B6000FFFFFFFFFFFFFFFFFFFFFFFFFFFFFFFF45
:105B7000FFFFFFFFFFFFFFFFFFFFFFFFFFFFFFFF35
:105B8000FFFFFFFFFFFFFFFFFFFFFFFFFFFFFFFF25
:105B9000FFFFFFFFFFFFFFFFFFFFFFFFFFFFFFFF15
:105BA000FFFFFFFFFFFFFFFFFFFFFFFFFFFFFFFF05
:105BB000FFFFFFFFFFFFFFFFFFFFFFFFFFFFFFFFF5
:105BC000FFFFFFFFFFFFFFFFFFFFFFFFFFFFFFFFE5
:105BD000FFFFFFFFFFFFFFFFFFFFFFFFFFFFFFFFD5
:105BE000FFFFFFFFFFFFFFFFFFFFFFFFFFFFFFFFC5
:105BF000FFFFFFFFFFFFFFFFFFFFFFFFFFFFFFFFB5
:105C0000FFFFFFFFFFFFFFFFFFFFFFFFFFFFFFFFA4
:105C1000FFFFFFFFFFFFFFFFFFFFFFFFFFFFFFFF94
:105C2000FFFFFFFFFFFFFFFFFFFFFFFFFFFFFFFF84
:105C3000FFFFFFFFFFFFFFFFFFFFFFFFFFFFFFFF74
:105C4000FFFFFFFFFFFFFFFFFFFFFFFFFFFFFFFF64
:105C5000FFFFFFFFFFFFFFFFFFFFFFFFFFFFFFFF54
:105C6000FFFFFFFFFFFFFFFFFFFFFFFFFFFFFFFF44
:105C7000FFFFFFFFFFFFFFFFFFFFFFFFFFFFFFFF34
:105C8000FFFFFFFFFFFFFFFFFFFFFFFFFFFFFFFF24
:105C9000FFFFFFFFFFFFFFFFFFFFFFFFFFFFFFFF14
:105CA000FFFFFFFFFFFFFFFFFFFFFFFFFFFFFFFF04
:105CB000FFFFFFFFFFFFFFFFFFFFFFFFFFFFFFFFF4
:105CC000FFFFFFFFFFFFFFFFFFFFFFFFFFFFFFFFE4
:105CD000FFFFFFFFFFFFFFFFFFFFFFFFFFFFFFFFD4
:105CE000FFFFFFFFFFFFFFFFFFFFFFFFFFFFFFFFC4
:105CF000FFFFFFFFFFFFFFFFFFFFFFFFFFFFFFFFB4
:105D0000FFFFFFFFFFFFFFFFFFFFFFFFFFFFFFFFA3
:105D1000FFFFFFFFFFFFFFFFFFFFFFFFFFFFFFFF93
:105D2000FFFFFFFFFFFFFFFFFFFFFFFFFFFFFFFF83
:105D3000FFFFFFFFFFFFFFFFFFFFFFFFFFFFFFFF73
:105D4000FFFFFFFFFFFFFFFFFFFFFFFFFFFFFFFF63
:105D5000FFFFFFFFFFFFFFFFFFFFFFFFFFFFFFFF53
:105D6000FFFFFFFFFFFFFFFFFFFFFFFFFFFFFFFF43
:105D7000FFFFFFFFFFFFFFFFFFFFFFFFFFFFFFFF33
:105D8000FFFFFFFFFFFFFFFFFFFFFFFFFFFFFFFF23
:105D9000FFFFFFFFFFFFFFFFFFFFFFFFFFFFFFFF13
:105DA000FFFFFFFFFFFFFFFFFFFFFFFFFFFFFFFF03
:105DB000FFFFFFFFFFFFFFFFFFFFFFFFFFFFFFFFF3
:105DC000FFFFFFFFFFFFFFFFFFFFFFFFFFFFFFFFE3
:105DD000FFFFFFFFFFFFFFFFFFFFFFFFFFFFFFFFD3
:105DE000FFFFFFFFFFFFFFFFFFFFFFFFFFFFFFFFC3
:105DF000FFFFFFFFFFFFFFFFFFFFFFFFFFFFFFFFB3
:105E0000FFFFFFFFFFFFFFFFFFFFFFFFFFFFFFFFA2
:105E1000FFFFFFFFFFFFFFFFFFFFFFFFFFFFFFFF92
:105E2000FFFFFFFFFFFFFFFFFFFFFFFFFFFFFFFF82
:105E3000FFFFFFFFFFFFFFFFFFFFFFFFFFFFFFFF72
:105E4000FFFFFFFFFFFFFFFFFFFFFFFFFFFFFFFF62
:105E5000FFFFFFFFFFFFFFFFFFFFFFFFFFFFFFFF52
:105E6000FFFFFFFFFFFFFFFFFFFFFFFFFFFFFFFF42
:105E7000FFFFFFFFFFFFFFFFFFFFFFFFFFFFFFFF32
:105E8000FFFFFFFFFFFFFFFFFFFFFFFFFFFFFFFF22
:105E9000FFFFFFFFFFFFFFFFFFFFFFFFFFFFFFFF12
:105EA000FFFFFFFFFFFFFFFFFFFFFFFFFFFFFFFF02
:105EB000FFFFFFFFFFFFFFFFFFFFFFFFFFFFFFFFF2
:105EC000FFFFFFFFFFFFFFFFFFFFFFFFFFFFFFFFE2
:105ED000FFFFFFFFFFFFFFFFFFFFFFFFFFFFFFFFD2
:105EE000FFFFFFFFFFFFFFFFFFFFFFFFFFFFFFFFC2
:105EF000FFFFFFFFFFFFFFFFFFFFFFFFFFFFFFFFB2
:105F0000FFFFFFFFFFFFFFFFFFFFFFFFFFFFFFFFA1
:105F1000FFFFFFFFFFFFFFFFFFFFFFFFFFFFFFFF91
:105F2000FFFFFFFFFFFFFFFFFFFFFFFFFFFFFFFF81
:105F3000FFFFFFFFFFFFFFFFFFFFFFFFFFFFFFFF71
:105F4000FFFFFFFFFFFFFFFFFFFFFFFFFFFFFFFF61
:105F5000FFFFFFFFFFFFFFFFFFFFFFFFFFFFFFFF51
:105F6000FFFFFFFFFFFFFFFFFFFFFFFFFFFFFFFF41
:105F7000FFFFFFFFFFFFFFFFFFFFFFFFFFFFFFFF31
:105F8000FFFFFFFFFFFFFFFFFFFFFFFFFFFFFFFF21
:105F9000FFFFFFFFFFFFFFFFFFFFFFFFFFFFFFFF11
:105FA000FFFFFFFFFFFFFFFFFFFFFFFFFFFFFFFF01
:105FB000FFFFFFFFFFFFFFFFFFFFFFFFFFFFFFFFF1
:105FC000FFFFFFFFFFFFFFFFFFFFFFFFFFFFFFFFE1
:105FD000FFFFFFFFFFFFFFFFFFFFFFFFFFFFFFFFD1
:105FE000FFFFFFFFFFFFFFFFFFFFFFFFFFFFFFFFC1
:105FF000FFFFFFFFFFFFFFFFFFFFFFFFFFFFFFFFB1
:10600000FFFFFFFFFFFFFFFFFFFFFFFFFFFFFFFFA0
:10601000FFFFFFFFFFFFFFFFFFFFFFFFFFFFFFFF90
:10602000FFFFFFFFFFFFFFFFFFFFFFFFFFFFFFFF80
:10603000FFFFFFFFFFFFFFFFFFFFFFFFFFFFFFFF70
:10604000FFFFFFFFFFFFFFFFFFFFFFFFFFFFFFFF60
:10605000FFFFFFFFFFFFFFFFFFFFFFFFFFFFFFFF50
:10606000FFFFFFFFFFFFFFFFFFFFFFFFFFFFFFFF40
:10607000FFFFFFFFFFFFFFFFFFFFFFFFFFFFFFFF30
:10608000FFFFFFFFFFFFFFFFFFFFFFFFFFFFFFFF20
:10609000FFFFFFFFFFFFFFFFFFFFFFFFFFFFFFFF10
:1060A000FFFFFFFFFFFFFFFFFFFFFFFFFFFFFFFF00
:1060B000FFFFFFFFFFFFFFFFFFFFFFFFFFFFFFFFF0
:1060C000FFFFFFFFFFFFFFFFFFFFFFFFFFFFFFFFE0
:1060D000FFFFFFFFFFFFFFFFFFFFFFFFFFFFFFFFD0
:1060E000FFFFFFFFFFFFFFFFFFFFFFFFFFFFFFFFC0
:1060F000FFFFFFFFFFFFFFFFFFFFFFFFFFFFFFFFB0
:10610000FFFFFFFFFFFFFFFFFFFFFFFFFFFFFFFF9F
:10611000FFFFFFFFFFFFFFFFFFFFFFFFFFFFFFFF8F
:10612000FFFFFFFFFFFFFFFFFFFFFFFFFFFFFFFF7F
:10613000FFFFFFFFFFFFFFFFFFFFFFFFFFFFFFFF6F
:10614000FFFFFFFFFFFFFFFFFFFFFFFFFFFFFFFF5F
:10615000FFFFFFFFFFFFFFFFFFFFFFFFFFFFFFFF4F
:10616000FFFFFFFFFFFFFFFFFFFFFFFFFFFFFFFF3F
:10617000FFFFFFFFFFFFFFFFFFFFFFFFFFFFFFFF2F
:10618000FFFFFFFFFFFFFFFFFFFFFFFFFFFFFFFF1F
:10619000FFFFFFFFFFFFFFFFFFFFFFFFFFFFFFFF0F
:1061A000FFFFFFFFFFFFFFFFFFFFFFFFFFFFFFFFFF
:1061B000FFFFFFFFFFFFFFFFFFFFFFFFFFFFFFFFEF
:1061C000FFFFFFFFFFFFFFFFFFFFFFFFFFFFFFFFDF
:1061D000FFFFFFFFFFFFFFFFFFFFFFFFFFFFFFFFCF
:1061E000FFFFFFFFFFFFFFFFFFFFFFFFFFFFFFFFBF
:1061F000FFFFFFFFFFFFFFFFFFFFFFFFFFFFFFFFAF
:10620000FFFFFFFFFFFFFFFFFFFFFFFFFFFFFFFF9E
:10621000FFFFFFFFFFFFFFFFFFFFFFFFFFFFFFFF8E
:10622000FFFFFFFFFFFFFFFFFFFFFFFFFFFFFFFF7E
:10623000FFFFFFFFFFFFFFFFFFFFFFFFFFFFFFFF6E
:10624000FFFFFFFFFFFFFFFFFFFFFFFFFFFFFFFF5E
:10625000FFFFFFFFFFFFFFFFFFFFFFFFFFFFFFFF4E
:10626000FFFFFFFFFFFFFFFFFFFFFFFFFFFFFFFF3E
:10627000FFFFFFFFFFFFFFFFFFFFFFFFFFFFFFFF2E
:10628000FFFFFFFFFFFFFFFFFFFFFFFFFFFFFFFF1E
:10629000FFFFFFFFFFFFFFFFFFFFFFFFFFFFFFFF0E
:1062A000FFFFFFFFFFFFFFFFFFFFFFFFFFFFFFFFFE
:1062B000FFFFFFFFFFFFFFFFFFFFFFFFFFFFFFFFEE
:1062C000FFFFFFFFFFFFFFFFFFFFFFFFFFFFFFFFDE
:1062D000FFFFFFFFFFFFFFFFFFFFFFFFFFFFFFFFCE
:1062E000FFFFFFFFFFFFFFFFFFFFFFFFFFFFFFFFBE
:1062F000FFFFFFFFFFFFFFFFFFFFFFFFFFFFFFFFAE
:10630000FFFFFFFFFFFFFFFFFFFFFFFFFFFFFFFF9D
:10631000FFFFFFFFFFFFFFFFFFFFFFFFFFFFFFFF8D
:10632000FFFFFFFFFFFFFFFFFFFFFFFFFFFFFFFF7D
:10633000FFFFFFFFFFFFFFFFFFFFFFFFFFFFFFFF6D
:10634000FFFFFFFFFFFFFFFFFFFFFFFFFFFFFFFF5D
:10635000FFFFFFFFFFFFFFFFFFFFFFFFFFFFFFFF4D
:10636000FFFFFFFFFFFFFFFFFFFFFFFFFFFFFFFF3D
:10637000FFFFFFFFFFFFFFFFFFFFFFFFFFFFFFFF2D
:10638000FFFFFFFFFFFFFFFFFFFFFFFFFFFFFFFF1D
:10639000FFFFFFFFFFFFFFFFFFFFFFFFFFFFFFFF0D
:1063A000FFFFFFFFFFFFFFFFFFFFFFFFFFFFFFFFFD
:1063B000FFFFFFFFFFFFFFFFFFFFFFFFFFFFFFFFED
:1063C000FFFFFFFFFFFFFFFFFFFFFFFFFFFFFFFFDD
:1063D000FFFFFFFFFFFFFFFFFFFFFFFFFFFFFFFFCD
:1063E000FFFFFFFFFFFFFFFFFFFFFFFFFFFFFFFFBD
:1063F000FFFFFFFFFFFFFFFFFFFFFFFFFFFFFFFFAD
:10640000FFFFFFFFFFFFFFFFFFFFFFFFFFFFFFFF9C
:10641000FFFFFFFFFFFFFFFFFFFFFFFFFFFFFFFF8C
:10642000FFFFFFFFFFFFFFFFFFFFFFFFFFFFFFFF7C
:10643000FFFFFFFFFFFFFFFFFFFFFFFFFFFFFFFF6C
:10644000FFFFFFFFFFFFFFFFFFFFFFFFFFFFFFFF5C
:10645000FFFFFFFFFFFFFFFFFFFFFFFFFFFFFFFF4C
:10646000FFFFFFFFFFFFFFFFFFFFFFFFFFFFFFFF3C
:10647000FFFFFFFFFFFFFFFFFFFFFFFFFFFFFFFF2C
:10648000FFFFFFFFFFFFFFFFFFFFFFFFFFFFFFFF1C
:10649000FFFFFFFFFFFFFFFFFFFFFFFFFFFFFFFF0C
:1064A000FFFFFFFFFFFFFFFFFFFFFFFFFFFFFFFFFC
:1064B000FFFFFFFFFFFFFFFFFFFFFFFFFFFFFFFFEC
:1064C000FFFFFFFFFFFFFFFFFFFFFFFFFFFFFFFFDC
:1064D000FFFFFFFFFFFFFFFFFFFFFFFFFFFFFFFFCC
:1064E000FFFFFFFFFFFFFFFFFFFFFFFFFFFFFFFFBC
:1064F000FFFFFFFFFFFFFFFFFFFFFFFFFFFFFFFFAC
:10650000FFFFFFFFFFFFFFFFFFFFFFFFFFFFFFFF9B
:10651000FFFFFFFFFFFFFFFFFFFFFFFFFFFFFFFF8B
:10652000FFFFFFFFFFFFFFFFFFFFFFFFFFFFFFFF7B
:10653000FFFFFFFFFFFFFFFFFFFFFFFFFFFFFFFF6B
:10654000FFFFFFFFFFFFFFFFFFFFFFFFFFFFFFFF5B
:10655000FFFFFFFFFFFFFFFFFFFFFFFFFFFFFFFF4B
:10656000FFFFFFFFFFFFFFFFFFFFFFFFFFFFFFFF3B
:10657000FFFFFFFFFFFFFFFFFFFFFFFFFFFFFFFF2B
:10658000FFFFFFFFFFFFFFFFFFFFFFFFFFFFFFFF1B
:10659000FFFFFFFFFFFFFFFFFFFFFFFFFFFFFFFF0B
:1065A000FFFFFFFFFFFFFFFFFFFFFFFFFFFFFFFFFB
:1065B000FFFFFFFFFFFFFFFFFFFFFFFFFFFFFFFFEB
:1065C000FFFFFFFFFFFFFFFFFFFFFFFFFFFFFFFFDB
:1065D000FFFFFFFFFFFFFFFFFFFFFFFFFFFFFFFFCB
:1065E000FFFFFFFFFFFFFFFFFFFFFFFFFFFFFFFFBB
:1065F000FFFFFFFFFFFFFFFFFFFFFFFFFFFFFFFFAB
:10660000FFFFFFFFFFFFFFFFFFFFFFFFFFFFFFFF9A
:10661000FFFFFFFFFFFFFFFFFFFFFFFFFFFFFFFF8A
:10662000FFFFFFFFFFFFFFFFFFFFFFFFFFFFFFFF7A
:10663000FFFFFFFFFFFFFFFFFFFFFFFFFFFFFFFF6A
:10664000FFFFFFFFFFFFFFFFFFFFFFFFFFFFFFFF5A
:10665000FFFFFFFFFFFFFFFFFFFFFFFFFFFFFFFF4A
:10666000FFFFFFFFFFFFFFFFFFFFFFFFFFFFFFFF3A
:10667000FFFFFFFFFFFFFFFFFFFFFFFFFFFFFFFF2A
:10668000FFFFFFFFFFFFFFFFFFFFFFFFFFFFFFFF1A
:10669000FFFFFFFFFFFFFFFFFFFFFFFFFFFFFFFF0A
:1066A000FFFFFFFFFFFFFFFFFFFFFFFFFFFFFFFFFA
:1066B000FFFFFFFFFFFFFFFFFFFFFFFFFFFFFFFFEA
:1066C000FFFFFFFFFFFFFFFFFFFFFFFFFFFFFFFFDA
:1066D000FFFFFFFFFFFFFFFFFFFFFFFFFFFFFFFFCA
:1066E000FFFFFFFFFFFFFFFFFFFFFFFFFFFFFFFFBA
:1066F000FFFFFFFFFFFFFFFFFFFFFFFFFFFFFFFFAA
:10670000FFFFFFFFFFFFFFFFFFFFFFFFFFFFFFFF99
:10671000FFFFFFFFFFFFFFFFFFFFFFFFFFFFFFFF89
:10672000FFFFFFFFFFFFFFFFFFFFFFFFFFFFFFFF79
:10673000FFFFFFFFFFFFFFFFFFFFFFFFFFFFFFFF69
:10674000FFFFFFFFFFFFFFFFFFFFFFFFFFFFFFFF59
:10675000FFFFFFFFFFFFFFFFFFFFFFFFFFFFFFFF49
:10676000FFFFFFFFFFFFFFFFFFFFFFFFFFFFFFFF39
:10677000FFFFFFFFFFFFFFFFFFFFFFFFFFFFFFFF29
:10678000FFFFFFFFFFFFFFFFFFFFFFFFFFFFFFFF19
:10679000FFFFFFFFFFFFFFFFFFFFFFFFFFFFFFFF09
:1067A000FFFFFFFFFFFFFFFFFFFFFFFFFFFFFFFFF9
:1067B000FFFFFFFFFFFFFFFFFFFFFFFFFFFFFFFFE9
:1067C000FFFFFFFFFFFFFFFFFFFFFFFFFFFFFFFFD9
:1067D000FFFFFFFFFFFFFFFFFFFFFFFFFFFFFFFFC9
:1067E000FFFFFFFFFFFFFFFFFFFFFFFFFFFFFFFFB9
:1067F000FFFFFFFFFFFFFFFFFFFFFFFFFFFFFFFFA9
:10680000FFFFFFFFFFFFFFFFFFFFFFFFFFFFFFFF98
:10681000FFFFFFFFFFFFFFFFFFFFFFFFFFFFFFFF88
:10682000FFFFFFFFFFFFFFFFFFFFFFFFFFFFFFFF78
:10683000FFFFFFFFFFFFFFFFFFFFFFFFFFFFFFFF68
:10684000FFFFFFFFFFFFFFFFFFFFFFFFFFFFFFFF58
:10685000FFFFFFFFFFFFFFFFFFFFFFFFFFFFFFFF48
:10686000FFFFFFFFFFFFFFFFFFFFFFFFFFFFFFFF38
:10687000FFFFFFFFFFFFFFFFFFFFFFFFFFFFFFFF28
:10688000FFFFFFFFFFFFFFFFFFFFFFFFFFFFFFFF18
:10689000FFFFFFFFFFFFFFFFFFFFFFFFFFFFFFFF08
:1068A000FFFFFFFFFFFFFFFFFFFFFFFFFFFFFFFFF8
:1068B000FFFFFFFFFFFFFFFFFFFFFFFFFFFFFFFFE8
:1068C000FFFFFFFFFFFFFFFFFFFFFFFFFFFFFFFFD8
:1068D000FFFFFFFFFFFFFFFFFFFFFFFFFFFFFFFFC8
:1068E000FFFFFFFFFFFFFFFFFFFFFFFFFFFFFFFFB8
:1068F000FFFFFFFFFFFFFFFFFFFFFFFFFFFFFFFFA8
:10690000FFFFFFFFFFFFFFFFFFFFFFFFFFFFFFFF97
:10691000FFFFFFFFFFFFFFFFFFFFFFFFFFFFFFFF87
:10692000FFFFFFFFFFFFFFFFFFFFFFFFFFFFFFFF77
:10693000FFFFFFFFFFFFFFFFFFFFFFFFFFFFFFFF67
:10694000FFFFFFFFFFFFFFFFFFFFFFFFFFFFFFFF57
:10695000FFFFFFFFFFFFFFFFFFFFFFFFFFFFFFFF47
:10696000FFFFFFFFFFFFFFFFFFFFFFFFFFFFFFFF37
:10697000FFFFFFFFFFFFFFFFFFFFFFFFFFFFFFFF27
:10698000FFFFFFFFFFFFFFFFFFFFFFFFFFFFFFFF17
:10699000FFFFFFFFFFFFFFFFFFFFFFFFFFFFFFFF07
:1069A000FFFFFFFFFFFFFFFFFFFFFFFFFFFFFFFFF7
:1069B000FFFFFFFFFFFFFFFFFFFFFFFFFFFFFFFFE7
:1069C000FFFFFFFFFFFFFFFFFFFFFFFFFFFFFFFFD7
:1069D000FFFFFFFFFFFFFFFFFFFFFFFFFFFFFFFFC7
:1069E000FFFFFFFFFFFFFFFFFFFFFFFFFFFFFFFFB7
:1069F000FFFFFFFFFFFFFFFFFFFFFFFFFFFFFFFFA7
:106A0000FFFFFFFFFFFFFFFFFFFFFFFFFFFFFFFF96
:106A1000FFFFFFFFFFFFFFFFFFFFFFFFFFFFFFFF86
:106A2000FFFFFFFFFFFFFFFFFFFFFFFFFFFFFFFF76
:106A3000FFFFFFFFFFFFFFFFFFFFFFFFFFFFFFFF66
:106A4000FFFFFFFFFFFFFFFFFFFFFFFFFFFFFFFF56
:106A5000FFFFFFFFFFFFFFFFFFFFFFFFFFFFFFFF46
:106A6000FFFFFFFFFFFFFFFFFFFFFFFFFFFFFFFF36
:106A7000FFFFFFFFFFFFFFFFFFFFFFFFFFFFFFFF26
:106A8000FFFFFFFFFFFFFFFFFFFFFFFFFFFFFFFF16
:106A9000FFFFFFFFFFFFFFFFFFFFFFFFFFFFFFFF06
:106AA000FFFFFFFFFFFFFFFFFFFFFFFFFFFFFFFFF6
:106AB000FFFFFFFFFFFFFFFFFFFFFFFFFFFFFFFFE6
:106AC000FFFFFFFFFFFFFFFFFFFFFFFFFFFFFFFFD6
:106AD000FFFFFFFFFFFFFFFFFFFFFFFFFFFFFFFFC6
:106AE000FFFFFFFFFFFFFFFFFFFFFFFFFFFFFFFFB6
:106AF000FFFFFFFFFFFFFFFFFFFFFFFFFFFFFFFFA6
:106B0000FFFFFFFFFFFFFFFFFFFFFFFFFFFFFFFF95
:106B1000FFFFFFFFFFFFFFFFFFFFFFFFFFFFFFFF85
:106B2000FFFFFFFFFFFFFFFFFFFFFFFFFFFFFFFF75
:106B3000FFFFFFFFFFFFFFFFFFFFFFFFFFFFFFFF65
:106B4000FFFFFFFFFFFFFFFFFFFFFFFFFFFFFFFF55
:106B5000FFFFFFFFFFFFFFFFFFFFFFFFFFFFFFFF45
:106B6000FFFFFFFFFFFFFFFFFFFFFFFFFFFFFFFF35
:106B7000FFFFFFFFFFFFFFFFFFFFFFFFFFFFFFFF25
:106B8000FFFFFFFFFFFFFFFFFFFFFFFFFFFFFFFF15
:106B9000FFFFFFFFFFFFFFFFFFFFFFFFFFFFFFFF05
:106BA000FFFFFFFFFFFFFFFFFFFFFFFFFFFFFFFFF5
:106BB000FFFFFFFFFFFFFFFFFFFFFFFFFFFFFFFFE5
:106BC000FFFFFFFFFFFFFFFFFFFFFFFFFFFFFFFFD5
:106BD000FFFFFFFFFFFFFFFFFFFFFFFFFFFFFFFFC5
:106BE000FFFFFFFFFFFFFFFFFFFFFFFFFFFFFFFFB5
:106BF000FFFFFFFFFFFFFFFFFFFFFFFFFFFFFFFFA5
:106C0000FFFFFFFFFFFFFFFFFFFFFFFFFFFFFFFF94
:106C1000FFFFFFFFFFFFFFFFFFFFFFFFFFFFFFFF84
:106C2000FFFFFFFFFFFFFFFFFFFFFFFFFFFFFFFF74
:106C3000FFFFFFFFFFFFFFFFFFFFFFFFFFFFFFFF64
:106C4000FFFFFFFFFFFFFFFFFFFFFFFFFFFFFFFF54
:106C5000FFFFFFFFFFFFFFFFFFFFFFFFFFFFFFFF44
:106C6000FFFFFFFFFFFFFFFFFFFFFFFFFFFFFFFF34
:106C7000FFFFFFFFFFFFFFFFFFFFFFFFFFFFFFFF24
:106C8000FFFFFFFFFFFFFFFFFFFFFFFFFFFFFFFF14
:106C9000FFFFFFFFFFFFFFFFFFFFFFFFFFFFFFFF04
:106CA000FFFFFFFFFFFFFFFFFFFFFFFFFFFFFFFFF4
:106CB000FFFFFFFFFFFFFFFFFFFFFFFFFFFFFFFFE4
:106CC000FFFFFFFFFFFFFFFFFFFFFFFFFFFFFFFFD4
:106CD000FFFFFFFFFFFFFFFFFFFFFFFFFFFFFFFFC4
:106CE000FFFFFFFFFFFFFFFFFFFFFFFFFFFFFFFFB4
:106CF000FFFFFFFFFFFFFFFFFFFFFFFFFFFFFFFFA4
:106D0000FFFFFFFFFFFFFFFFFFFFFFFFFFFFFFFF93
:106D1000FFFFFFFFFFFFFFFFFFFFFFFFFFFFFFFF83
:106D2000FFFFFFFFFFFFFFFFFFFFFFFFFFFFFFFF73
:106D3000FFFFFFFFFFFFFFFFFFFFFFFFFFFFFFFF63
:106D4000FFFFFFFFFFFFFFFFFFFFFFFFFFFFFFFF53
:106D5000FFFFFFFFFFFFFFFFFFFFFFFFFFFFFFFF43
:106D6000FFFFFFFFFFFFFFFFFFFFFFFFFFFFFFFF33
:106D7000FFFFFFFFFFFFFFFFFFFFFFFFFFFFFFFF23
:106D8000FFFFFFFFFFFFFFFFFFFFFFFFFFFFFFFF13
:106D9000FFFFFFFFFFFFFFFFFFFFFFFFFFFFFFFF03
:106DA000FFFFFFFFFFFFFFFFFFFFFFFFFFFFFFFFF3
:106DB000FFFFFFFFFFFFFFFFFFFFFFFFFFFFFFFFE3
:106DC000FFFFFFFFFFFFFFFFFFFFFFFFFFFFFFFFD3
:106DD000FFFFFFFFFFFFFFFFFFFFFFFFFFFFFFFFC3
:106DE000FFFFFFFFFFFFFFFFFFFFFFFFFFFFFFFFB3
:106DF000FFFFFFFFFFFFFFFFFFFFFFFFFFFFFFFFA3
:106E0000FFFFFFFFFFFFFFFFFFFFFFFFFFFFFFFF92
:106E1000FFFFFFFFFFFFFFFFFFFFFFFFFFFFFFFF82
:106E2000FFFFFFFFFFFFFFFFFFFFFFFFFFFFFFFF72
:106E3000FFFFFFFFFFFFFFFFFFFFFFFFFFFFFFFF62
:106E4000FFFFFFFFFFFFFFFFFFFFFFFFFFFFFFFF52
:106E5000FFFFFFFFFFFFFFFFFFFFFFFFFFFFFFFF42
:106E6000FFFFFFFFFFFFFFFFFFFFFFFFFFFFFFFF32
:106E7000FFFFFFFFFFFFFFFFFFFFFFFFFFFFFFFF22
:106E8000FFFFFFFFFFFFFFFFFFFFFFFFFFFFFFFF12
:106E9000FFFFFFFFFFFFFFFFFFFFFFFFFFFFFFFF02
:106EA000FFFFFFFFFFFFFFFFFFFFFFFFFFFFFFFFF2
:106EB000FFFFFFFFFFFFFFFFFFFFFFFFFFFFFFFFE2
:106EC000FFFFFFFFFFFFFFFFFFFFFFFFFFFFFFFFD2
:106ED000FFFFFFFFFFFFFFFFFFFFFFFFFFFFFFFFC2
:106EE000FFFFFFFFFFFFFFFFFFFFFFFFFFFFFFFFB2
:106EF000FFFFFFFFFFFFFFFFFFFFFFFFFFFFFFFFA2
:106F0000FFFFFFFFFFFFFFFFFFFFFFFFFFFFFFFF91
:106F1000FFFFFFFFFFFFFFFFFFFFFFFFFFFFFFFF81
:106F2000FFFFFFFFFFFFFFFFFFFFFFFFFFFFFFFF71
:106F3000FFFFFFFFFFFFFFFFFFFFFFFFFFFFFFFF61
:106F4000FFFFFFFFFFFFFFFFFFFFFFFFFFFFFFFF51
:106F5000FFFFFFFFFFFFFFFFFFFFFFFFFFFFFFFF41
:106F6000FFFFFFFFFFFFFFFFFFFFFFFFFFFFFFFF31
:106F7000FFFFFFFFFFFFFFFFFFFFFFFFFFFFFFFF21
:106F8000FFFFFFFFFFFFFFFFFFFFFFFFFFFFFFFF11
:106F9000FFFFFFFFFFFFFFFFFFFFFFFFFFFFFFFF01
:106FA000FFFFFFFFFFFFFFFFFFFFFFFFFFFFFFFFF1
:106FB000FFFFFFFFFFFFFFFFFFFFFFFFFFFFFFFFE1
:106FC000FFFFFFFFFFFFFFFFFFFFFFFFFFFFFFFFD1
:106FD000FFFFFFFFFFFFFFFFFFFFFFFFFFFFFFFFC1
:106FE000FFFFFFFFFFFFFFFFFFFFFFFFFFFFFFFFB1
:106FF000FFFFFFFFFFFFFFFFFFFFFFFFFFFFFFFFA1
:10700000FFFFFFFFFFFFFFFFFFFFFFFFFFFFFFFF90
:10701000FFFFFFFFFFFFFFFFFFFFFFFFFFFFFFFF80
:10702000FFFFFFFFFFFFFFFFFFFFFFFFFFFFFFFF70
:10703000FFFFFFFFFFFFFFFFFFFFFFFFFFFFFFFF60
:10704000FFFFFFFFFFFFFFFFFFFFFFFFFFFFFFFF50
:10705000FFFFFFFFFFFFFFFFFFFFFFFFFFFFFFFF40
:10706000FFFFFFFFFFFFFFFFFFFFFFFFFFFFFFFF30
:10707000FFFFFFFFFFFFFFFFFFFFFFFFFFFFFFFF20
:10708000FFFFFFFFFFFFFFFFFFFFFFFFFFFFFFFF10
:10709000FFFFFFFFFFFFFFFFFFFFFFFFFFFFFFFF00
:1070A000FFFFFFFFFFFFFFFFFFFFFFFFFFFFFFFFF0
:1070B000FFFFFFFFFFFFFFFFFFFFFFFFFFFFFFFFE0
:1070C000FFFFFFFFFFFFFFFFFFFFFFFFFFFFFFFFD0
:1070D000FFFFFFFFFFFFFFFFFFFFFFFFFFFFFFFFC0
:1070E000FFFFFFFFFFFFFFFFFFFFFFFFFFFFFFFFB0
:1070F000FFFFFFFFFFFFFFFFFFFFFFFFFFFFFFFFA0
:10710000FFFFFFFFFFFFFFFFFFFFFFFFFFFFFFFF8F
:10711000FFFFFFFFFFFFFFFFFFFFFFFFFFFFFFFF7F
:10712000FFFFFFFFFFFFFFFFFFFFFFFFFFFFFFFF6F
:10713000FFFFFFFFFFFFFFFFFFFFFFFFFFFFFFFF5F
:10714000FFFFFFFFFFFFFFFFFFFFFFFFFFFFFFFF4F
:10715000FFFFFFFFFFFFFFFFFFFFFFFFFFFFFFFF3F
:10716000FFFFFFFFFFFFFFFFFFFFFFFFFFFFFFFF2F
:10717000FFFFFFFFFFFFFFFFFFFFFFFFFFFFFFFF1F
:10718000FFFFFFFFFFFFFFFFFFFFFFFFFFFFFFFF0F
:10719000FFFFFFFFFFFFFFFFFFFFFFFFFFFFFFFFFF
:1071A000FFFFFFFFFFFFFFFFFFFFFFFFFFFFFFFFEF
:1071B000FFFFFFFFFFFFFFFFFFFFFFFFFFFFFFFFDF
:1071C000FFFFFFFFFFFFFFFFFFFFFFFFFFFFFFFFCF
:1071D000FFFFFFFFFFFFFFFFFFFFFFFFFFFFFFFFBF
:1071E000FFFFFFFFFFFFFFFFFFFFFFFFFFFFFFFFAF
:1071F000FFFFFFFFFFFFFFFFFFFFFFFFFFFFFFFF9F
:10720000FFFFFFFFFFFFFFFFFFFFFFFFFFFFFFFF8E
:10721000FFFFFFFFFFFFFFFFFFFFFFFFFFFFFFFF7E
:10722000FFFFFFFFFFFFFFFFFFFFFFFFFFFFFFFF6E
:10723000FFFFFFFFFFFFFFFFFFFFFFFFFFFFFFFF5E
:10724000FFFFFFFFFFFFFFFFFFFFFFFFFFFFFFFF4E
:10725000FFFFFFFFFFFFFFFFFFFFFFFFFFFFFFFF3E
:10726000FFFFFFFFFFFFFFFFFFFFFFFFFFFFFFFF2E
:10727000FFFFFFFFFFFFFFFFFFFFFFFFFFFFFFFF1E
:10728000FFFFFFFFFFFFFFFFFFFFFFFFFFFFFFFF0E
:10729000FFFFFFFFFFFFFFFFFFFFFFFFFFFFFFFFFE
:1072A000FFFFFFFFFFFFFFFFFFFFFFFFFFFFFFFFEE
:1072B000FFFFFFFFFFFFFFFFFFFFFFFFFFFFFFFFDE
:1072C000FFFFFFFFFFFFFFFFFFFFFFFFFFFFFFFFCE
:1072D000FFFFFFFFFFFFFFFFFFFFFFFFFFFFFFFFBE
:1072E000FFFFFFFFFFFFFFFFFFFFFFFFFFFFFFFFAE
:1072F000FFFFFFFFFFFFFFFFFFFFFFFFFFFFFFFF9E
:10730000FFFFFFFFFFFFFFFFFFFFFFFFFFFFFFFF8D
:10731000FFFFFFFFFFFFFFFFFFFFFFFFFFFFFFFF7D
:10732000FFFFFFFFFFFFFFFFFFFFFFFFFFFFFFFF6D
:10733000FFFFFFFFFFFFFFFFFFFFFFFFFFFFFFFF5D
:10734000FFFFFFFFFFFFFFFFFFFFFFFFFFFFFFFF4D
:10735000FFFFFFFFFFFFFFFFFFFFFFFFFFFFFFFF3D
:10736000FFFFFFFFFFFFFFFFFFFFFFFFFFFFFFFF2D
:10737000FFFFFFFFFFFFFFFFFFFFFFFFFFFFFFFF1D
:10738000FFFFFFFFFFFFFFFFFFFFFFFFFFFFFFFF0D
:10739000FFFFFFFFFFFFFFFFFFFFFFFFFFFFFFFFFD
:1073A000FFFFFFFFFFFFFFFFFFFFFFFFFFFFFFFFED
:1073B000FFFFFFFFFFFFFFFFFFFFFFFFFFFFFFFFDD
:1073C000FFFFFFFFFFFFFFFFFFFFFFFFFFFFFFFFCD
:1073D000FFFFFFFFFFFFFFFFFFFFFFFFFFFFFFFFBD
:1073E000FFFFFFFFFFFFFFFFFFFFFFFFFFFFFFFFAD
:1073F000FFFFFFFFFFFFFFFFFFFFFFFFFFFFFFFF9D
:10740000FFFFFFFFFFFFFFFFFFFFFFFFFFFFFFFF8C
:10741000FFFFFFFFFFFFFFFFFFFFFFFFFFFFFFFF7C
:10742000FFFFFFFFFFFFFFFFFFFFFFFFFFFFFFFF6C
:10743000FFFFFFFFFFFFFFFFFFFFFFFFFFFFFFFF5C
:10744000FFFFFFFFFFFFFFFFFFFFFFFFFFFFFFFF4C
:10745000FFFFFFFFFFFFFFFFFFFFFFFFFFFFFFFF3C
:10746000FFFFFFFFFFFFFFFFFFFFFFFFFFFFFFFF2C
:10747000FFFFFFFFFFFFFFFFFFFFFFFFFFFFFFFF1C
:10748000FFFFFFFFFFFFFFFFFFFFFFFFFFFFFFFF0C
:10749000FFFFFFFFFFFFFFFFFFFFFFFFFFFFFFFFFC
:1074A000FFFFFFFFFFFFFFFFFFFFFFFFFFFFFFFFEC
:1074B000FFFFFFFFFFFFFFFFFFFFFFFFFFFFFFFFDC
:1074C000FFFFFFFFFFFFFFFFFFFFFFFFFFFFFFFFCC
:1074D000FFFFFFFFFFFFFFFFFFFFFFFFFFFFFFFFBC
:1074E000FFFFFFFFFFFFFFFFFFFFFFFFFFFFFFFFAC
:1074F000FFFFFFFFFFFFFFFFFFFFFFFFFFFFFFFF9C
:10750000FFFFFFFFFFFFFFFFFFFFFFFFFFFFFFFF8B
:10751000FFFFFFFFFFFFFFFFFFFFFFFFFFFFFFFF7B
:10752000FFFFFFFFFFFFFFFFFFFFFFFFFFFFFFFF6B
:10753000FFFFFFFFFFFFFFFFFFFFFFFFFFFFFFFF5B
:10754000FFFFFFFFFFFFFFFFFFFFFFFFFFFFFFFF4B
:10755000FFFFFFFFFFFFFFFFFFFFFFFFFFFFFFFF3B
:10756000FFFFFFFFFFFFFFFFFFFFFFFFFFFFFFFF2B
:10757000FFFFFFFFFFFFFFFFFFFFFFFFFFFFFFFF1B
:10758000FFFFFFFFFFFFFFFFFFFFFFFFFFFFFFFF0B
:10759000FFFFFFFFFFFFFFFFFFFFFFFFFFFFFFFFFB
:1075A000FFFFFFFFFFFFFFFFFFFFFFFFFFFFFFFFEB
:1075B000FFFFFFFFFFFFFFFFFFFFFFFFFFFFFFFFDB
:1075C000FFFFFFFFFFFFFFFFFFFFFFFFFFFFFFFFCB
:1075D000FFFFFFFFFFFFFFFFFFFFFFFFFFFFFFFFBB
:1075E000FFFFFFFFFFFFFFFFFFFFFFFFFFFFFFFFAB
:1075F000FFFFFFFFFFFFFFFFFFFFFFFFFFFFFFFF9B
:10760000FFFFFFFFFFFFFFFFFFFFFFFFFFFFFFFF8A
:10761000FFFFFFFFFFFFFFFFFFFFFFFFFFFFFFFF7A
:10762000FFFFFFFFFFFFFFFFFFFFFFFFFFFFFFFF6A
:10763000FFFFFFFFFFFFFFFFFFFFFFFFFFFFFFFF5A
:10764000FFFFFFFFFFFFFFFFFFFFFFFFFFFFFFFF4A
:10765000FFFFFFFFFFFFFFFFFFFFFFFFFFFFFFFF3A
:10766000FFFFFFFFFFFFFFFFFFFFFFFFFFFFFFFF2A
:10767000FFFFFFFFFFFFFFFFFFFFFFFFFFFFFFFF1A
:10768000FFFFFFFFFFFFFFFFFFFFFFFFFFFFFFFF0A
:10769000FFFFFFFFFFFFFFFFFFFFFFFFFFFFFFFFFA
:1076A000FFFFFFFFFFFFFFFFFFFFFFFFFFFFFFFFEA
:1076B000FFFFFFFFFFFFFFFFFFFFFFFFFFFFFFFFDA
:1076C000FFFFFFFFFFFFFFFFFFFFFFFFFFFFFFFFCA
:1076D000FFFFFFFFFFFFFFFFFFFFFFFFFFFFFFFFBA
:1076E000FFFFFFFFFFFFFFFFFFFFFFFFFFFFFFFFAA
:1076F000FFFFFFFFFFFFFFFFFFFFFFFFFFFFFFFF9A
:10770000FFFFFFFFFFFFFFFFFFFFFFFFFFFFFFFF89
:10771000FFFFFFFFFFFFFFFFFFFFFFFFFFFFFFFF79
:10772000FFFFFFFFFFFFFFFFFFFFFFFFFFFFFFFF69
:10773000FFFFFFFFFFFFFFFFFFFFFFFFFFFFFFFF59
:10774000FFFFFFFFFFFFFFFFFFFFFFFFFFFFFFFF49
:10775000FFFFFFFFFFFFFFFFFFFFFFFFFFFFFFFF39
:10776000FFFFFFFFFFFFFFFFFFFFFFFFFFFFFFFF29
:10777000FFFFFFFFFFFFFFFFFFFFFFFFFFFFFFFF19
:10778000FFFFFFFFFFFFFFFFFFFFFFFFFFFFFFFF09
:10779000FFFFFFFFFFFFFFFFFFFFFFFFFFFFFFFFF9
:1077A000FFFFFFFFFFFFFFFFFFFFFFFFFFFFFFFFE9
:1077B000FFFFFFFFFFFFFFFFFFFFFFFFFFFFFFFFD9
:1077C000FFFFFFFFFFFFFFFFFFFFFFFFFFFFFFFFC9
:1077D000FFFFFFFFFFFFFFFFFFFFFFFFFFFFFFFFB9
:1077E000FFFFFFFFFFFFFFFFFFFFFFFFFFFFFFFFA9
:1077F000FFFFFFFFFFFFFFFFFFFFFFFFFFFFFFFF99
:10780000FFFFFFFFFFFFFFFFFFFFFFFFFFFFFFFF88
:10781000FFFFFFFFFFFFFFFFFFFFFFFFFFFFFFFF78
:10782000FFFFFFFFFFFFFFFFFFFFFFFFFFFFFFFF68
:10783000FFFFFFFFFFFFFFFFFFFFFFFFFFFFFFFF58
:10784000FFFFFFFFFFFFFFFFFFFFFFFFFFFFFFFF48
:10785000FFFFFFFFFFFFFFFFFFFFFFFFFFFFFFFF38
:10786000FFFFFFFFFFFFFFFFFFFFFFFFFFFFFFFF28
:10787000FFFFFFFFFFFFFFFFFFFFFFFFFFFFFFFF18
:10788000FFFFFFFFFFFFFFFFFFFFFFFFFFFFFFFF08
:10789000FFFFFFFFFFFFFFFFFFFFFFFFFFFFFFFFF8
:1078A000FFFFFFFFFFFFFFFFFFFFFFFFFFFFFFFFE8
:1078B000FFFFFFFFFFFFFFFFFFFFFFFFFFFFFFFFD8
:1078C000FFFFFFFFFFFFFFFFFFFFFFFFFFFFFFFFC8
:1078D000FFFFFFFFFFFFFFFFFFFFFFFFFFFFFFFFB8
:1078E000FFFFFFFFFFFFFFFFFFFFFFFFFFFFFFFFA8
:1078F000FFFFFFFFFFFFFFFFFFFFFFFFFFFFFFFF98
:10790000FFFFFFFFFFFFFFFFFFFFFFFFFFFFFFFF87
:10791000FFFFFFFFFFFFFFFFFFFFFFFFFFFFFFFF77
:10792000FFFFFFFFFFFFFFFFFFFFFFFFFFFFFFFF67
:10793000FFFFFFFFFFFFFFFFFFFFFFFFFFFFFFFF57
:10794000FFFFFFFFFFFFFFFFFFFFFFFFFFFFFFFF47
:10795000FFFFFFFFFFFFFFFFFFFFFFFFFFFFFFFF37
:10796000FFFFFFFFFFFFFFFFFFFFFFFFFFFFFFFF27
:10797000FFFFFFFFFFFFFFFFFFFFFFFFFFFFFFFF17
:10798000FFFFFFFFFFFFFFFFFFFFFFFFFFFFFFFF07
:10799000FFFFFFFFFFFFFFFFFFFFFFFFFFFFFFFFF7
:1079A000FFFFFFFFFFFFFFFFFFFFFFFFFFFFFFFFE7
:1079B000FFFFFFFFFFFFFFFFFFFFFFFFFFFFFFFFD7
:1079C000FFFFFFFFFFFFFFFFFFFFFFFFFFFFFFFFC7
:1079D000FFFFFFFFFFFFFFFFFFFFFFFFFFFFFFFFB7
:1079E000FFFFFFFFFFFFFFFFFFFFFFFFFFFFFFFFA7
:1079F000FFFFFFFFFFFFFFFFFFFFFFFFFFFFFFFF97
:107A0000FFFFFFFFFFFFFFFFFFFFFFFFFFFFFFFF86
:107A1000FFFFFFFFFFFFFFFFFFFFFFFFFFFFFFFF76
:107A2000FFFFFFFFFFFFFFFFFFFFFFFFFFFFFFFF66
:107A3000FFFFFFFFFFFFFFFFFFFFFFFFFFFFFFFF56
:107A4000FFFFFFFFFFFFFFFFFFFFFFFFFFFFFFFF46
:107A5000FFFFFFFFFFFFFFFFFFFFFFFFFFFFFFFF36
:107A6000FFFFFFFFFFFFFFFFFFFFFFFFFFFFFFFF26
:107A7000FFFFFFFFFFFFFFFFFFFFFFFFFFFFFFFF16
:107A8000FFFFFFFFFFFFFFFFFFFFFFFFFFFFFFFF06
:107A9000FFFFFFFFFFFFFFFFFFFFFFFFFFFFFFFFF6
:107AA000FFFFFFFFFFFFFFFFFFFFFFFFFFFFFFFFE6
:107AB000FFFFFFFFFFFFFFFFFFFFFFFFFFFFFFFFD6
:107AC000FFFFFFFFFFFFFFFFFFFFFFFFFFFFFFFFC6
:107AD000FFFFFFFFFFFFFFFFFFFFFFFFFFFFFFFFB6
:107AE000FFFFFFFFFFFFFFFFFFFFFFFFFFFFFFFFA6
:107AF000FFFFFFFFFFFFFFFFFFFFFFFFFFFFFFFF96
:107B0000FFFFFFFFFFFFFFFFFFFFFFFFFFFFFFFF85
:107B1000FFFFFFFFFFFFFFFFFFFFFFFFFFFFFFFF75
:107B2000FFFFFFFFFFFFFFFFFFFFFFFFFFFFFFFF65
:107B3000FFFFFFFFFFFFFFFFFFFFFFFFFFFFFFFF55
:107B4000FFFFFFFFFFFFFFFFFFFFFFFFFFFFFFFF45
:107B5000FFFFFFFFFFFFFFFFFFFFFFFFFFFFFFFF35
:107B6000FFFFFFFFFFFFFFFFFFFFFFFFFFFFFFFF25
:107B7000FFFFFFFFFFFFFFFFFFFFFFFFFFFFFFFF15
:107B8000FFFFFFFFFFFFFFFFFFFFFFFFFFFFFFFF05
:107B9000FFFFFFFFFFFFFFFFFFFFFFFFFFFFFFFFF5
:107BA000FFFFFFFFFFFFFFFFFFFFFFFFFFFFFFFFE5
:107BB000FFFFFFFFFFFFFFFFFFFFFFFFFFFFFFFFD5
:107BC000FFFFFFFFFFFFFFFFFFFFFFFFFFFFFFFFC5
:107BD000FFFFFFFFFFFFFFFFFFFFFFFFFFFFFFFFB5
:107BE000FFFFFFFFFFFFFFFFFFFFFFFFFFFFFFFFA5
:107BF000FFFFFFFFFFFFFFFFFFFFFFFFFFFFFFFF95
:107C0000FFFFFFFFFFFFFFFFFFFFFFFFFFFFFFFF84
:107C1000FFFFFFFFFFFFFFFFFFFFFFFFFFFFFFFF74
:107C2000FFFFFFFFFFFFFFFFFFFFFFFFFFFFFFFF64
:107C3000FFFFFFFFFFFFFFFFFFFFFFFFFFFFFFFF54
:107C4000FFFFFFFFFFFFFFFFFFFFFFFFFFFFFFFF44
:107C5000FFFFFFFFFFFFFFFFFFFFFFFFFFFFFFFF34
:107C6000FFFFFFFFFFFFFFFFFFFFFFFFFFFFFFFF24
:107C7000FFFFFFFFFFFFFFFFFFFFFFFFFFFFFFFF14
:107C8000FFFFFFFFFFFFFFFFFFFFFFFFFFFFFFFF04
:107C9000FFFFFFFFFFFFFFFFFFFFFFFFFFFFFFFFF4
:107CA000FFFFFFFFFFFFFFFFFFFFFFFFFFFFFFFFE4
:107CB000FFFFFFFFFFFFFFFFFFFFFFFFFFFFFFFFD4
:107CC000FFFFFFFFFFFFFFFFFFFFFFFFFFFFFFFFC4
:107CD000FFFFFFFFFFFFFFFFFFFFFFFFFFFFFFFFB4
:107CE000FFFFFFFFFFFFFFFFFFFFFFFFFFFFFFFFA4
:107CF000FFFFFFFFFFFFFFFFFFFFFFFFFFFFFFFF94
:107D0000FFFFFFFFFFFFFFFFFFFFFFFFFFFFFFFF83
:107D1000FFFFFFFFFFFFFFFFFFFFFFFFFFFFFFFF73
:107D2000FFFFFFFFFFFFFFFFFFFFFFFFFFFFFFFF63
:107D3000FFFFFFFFFFFFFFFFFFFFFFFFFFFFFFFF53
:107D4000FFFFFFFFFFFFFFFFFFFFFFFFFFFFFFFF43
:107D5000FFFFFFFFFFFFFFFFFFFFFFFFFFFFFFFF33
:107D6000FFFFFFFFFFFFFFFFFFFFFFFFFFFFFFFF23
:107D7000FFFFFFFFFFFFFFFFFFFFFFFFFFFFFFFF13
:107D8000FFFFFFFFFFFFFFFFFFFFFFFFFFFFFFFF03
:107D9000FFFFFFFFFFFFFFFFFFFFFFFFFFFFFFFFF3
:107DA000FFFFFFFFFFFFFFFFFFFFFFFFFFFFFFFFE3
:107DB000FFFFFFFFFFFFFFFFFFFFFFFFFFFFFFFFD3
:107DC000FFFFFFFFFFFFFFFFFFFFFFFFFFFFFFFFC3
:107DD000FFFFFFFFFFFFFFFFFFFFFFFFFFFFFFFFB3
:107DE000FFFFFFFFFFFFFFFFFFFFFFFFFFFFFFFFA3
:107DF000FFFFFFFFFFFFFFFFFFFFFFFFFFFFFFFF93
:107E0000FFFFFFFFFFFFFFFFFFFFFFFFFFFFFFFF82
:107E1000FFFFFFFFFFFFFFFFFFFFFFFFFFFFFFFF72
:107E2000FFFFFFFFFFFFFFFFFFFFFFFFFFFFFFFF62
:107E3000FFFFFFFFFFFFFFFFFFFFFFFFFFFFFFFF52
:107E4000FFFFFFFFFFFFFFFFFFFFFFFFFFFFFFFF42
:107E5000FFFFFFFFFFFFFFFFFFFFFFFFFFFFFFFF32
:107E6000FFFFFFFFFFFFFFFFFFFFFFFFFFFFFFFF22
:107E7000FFFFFFFFFFFFFFFFFFFFFFFFFFFFFFFF12
:107E8000FFFFFFFFFFFFFFFFFFFFFFFFFFFFFFFF02
:107E9000FFFFFFFFFFFFFFFFFFFFFFFFFFFFFFFFF2
:107EA000FFFFFFFFFFFFFFFFFFFFFFFFFFFFFFFFE2
:107EB000FFFFFFFFFFFFFFFFFFFFFFFFFFFFFFFFD2
:107EC000FFFFFFFFFFFFFFFFFFFFFFFFFFFFFFFFC2
:107ED000FFFFFFFFFFFFFFFFFFFFFFFFFFFFFFFFB2
:107EE000FFFFFFFFFFFFFFFFFFFFFFFFFFFFFFFFA2
:107EF000FFFFFFFFFFFFFFFFFFFFFFFFFFFFFFFF92
:107F0000FFFFFFFFFFFFFFFFFFFFFFFFFFFFFFFF81
:107F1000FFFFFFFFFFFFFFFFFFFFFFFFFFFFFFFF71
:107F2000FFFFFFFFFFFFFFFFFFFFFFFFFFFFFFFF61
:107F3000FFFFFFFFFFFFFFFFFFFFFFFFFFFFFFFF51
:107F4000FFFFFFFFFFFFFFFFFFFFFFFFFFFFFFFF41
:107F5000FFFFFFFFFFFFFFFFFFFFFFFFFFFFFFFF31
:107F6000FFFFFFFFFFFFFFFFFFFFFFFFFFFFFFFF21
:107F7000FFFFFFFFFFFFFFFFFFFFFFFFFFFFFFFF11
:107F8000FFFFFFFFFFFFFFFFFFFFFFFFFFFFFFFF01
:107F9000FFFFFFFFFFFFFFFFFFFFFFFFFFFFFFFFF1
:107FA000FFFFFFFFFFFFFFFFFFFFFFFFFFFFFFFFE1
:107FB000FFFFFFFFFFFFFFFFFFFFFFFFFFFFFFFFD1
:107FC000FFFFFFFFFFFFFFFFFFFFFFFFFFFFFFFFC1
:107FD000FFFFFFFFFFFFFFFFFFFFFFFFFFFFFFFFB1
:107FE000FFFFFFFFFFFFFFFFFFFFFFFFFFFFFFFFA1
:107FF000FFFFFFFFFFFFFFFFFFFFFFFFFFFFFFFF91
:10800000FFFFFFFFFFFFFFFFFFFFFFFFFFFFFFFF80
:10801000FFFFFFFFFFFFFFFFFFFFFFFFFFFFFFFF70
:10802000FFFFFFFFFFFFFFFFFFFFFFFFFFFFFFFF60
:10803000FFFFFFFFFFFFFFFFFFFFFFFFFFFFFFFF50
:10804000FFFFFFFFFFFFFFFFFFFFFFFFFFFFFFFF40
:10805000FFFFFFFFFFFFFFFFFFFFFFFFFFFFFFFF30
:10806000FFFFFFFFFFFFFFFFFFFFFFFFFFFFFFFF20
:10807000FFFFFFFFFFFFFFFFFFFFFFFFFFFFFFFF10
:10808000FFFFFFFFFFFFFFFFFFFFFFFFFFFFFFFF00
:10809000FFFFFFFFFFFFFFFFFFFFFFFFFFFFFFFFF0
:1080A000FFFFFFFFFFFFFFFFFFFFFFFFFFFFFFFFE0
:1080B000FFFFFFFFFFFFFFFFFFFFFFFFFFFFFFFFD0
:1080C000FFFFFFFFFFFFFFFFFFFFFFFFFFFFFFFFC0
:1080D000FFFFFFFFFFFFFFFFFFFFFFFFFFFFFFFFB0
:1080E000FFFFFFFFFFFFFFFFFFFFFFFFFFFFFFFFA0
:1080F000FFFFFFFFFFFFFFFFFFFFFFFFFFFFFFFF90
:10810000FFFFFFFFFFFFFFFFFFFFFFFFFFFFFFFF7F
:10811000FFFFFFFFFFFFFFFFFFFFFFFFFFFFFFFF6F
:10812000FFFFFFFFFFFFFFFFFFFFFFFFFFFFFFFF5F
:10813000FFFFFFFFFFFFFFFFFFFFFFFFFFFFFFFF4F
:10814000FFFFFFFFFFFFFFFFFFFFFFFFFFFFFFFF3F
:10815000FFFFFFFFFFFFFFFFFFFFFFFFFFFFFFFF2F
:10816000FFFFFFFFFFFFFFFFFFFFFFFFFFFFFFFF1F
:10817000FFFFFFFFFFFFFFFFFFFFFFFFFFFFFFFF0F
:10818000FFFFFFFFFFFFFFFFFFFFFFFFFFFFFFFFFF
:10819000FFFFFFFFFFFFFFFFFFFFFFFFFFFFFFFFEF
:1081A000FFFFFFFFFFFFFFFFFFFFFFFFFFFFFFFFDF
:1081B000FFFFFFFFFFFFFFFFFFFFFFFFFFFFFFFFCF
:1081C000FFFFFFFFFFFFFFFFFFFFFFFFFFFFFFFFBF
:1081D000FFFFFFFFFFFFFFFFFFFFFFFFFFFFFFFFAF
:1081E000FFFFFFFFFFFFFFFFFFFFFFFFFFFFFFFF9F
:1081F000FFFFFFFFFFFFFFFFFFFFFFFFFFFFFFFF8F
:10820000FFFFFFFFFFFFFFFFFFFFFFFFFFFFFFFF7E
:10821000FFFFFFFFFFFFFFFFFFFFFFFFFFFFFFFF6E
:10822000FFFFFFFFFFFFFFFFFFFFFFFFFFFFFFFF5E
:10823000FFFFFFFFFFFFFFFFFFFFFFFFFFFFFFFF4E
:10824000FFFFFFFFFFFFFFFFFFFFFFFFFFFFFFFF3E
:10825000FFFFFFFFFFFFFFFFFFFFFFFFFFFFFFFF2E
:10826000FFFFFFFFFFFFFFFFFFFFFFFFFFFFFFFF1E
:10827000FFFFFFFFFFFFFFFFFFFFFFFFFFFFFFFF0E
:10828000FFFFFFFFFFFFFFFFFFFFFFFFFFFFFFFFFE
:10829000FFFFFFFFFFFFFFFFFFFFFFFFFFFFFFFFEE
:1082A000FFFFFFFFFFFFFFFFFFFFFFFFFFFFFFFFDE
:1082B000FFFFFFFFFFFFFFFFFFFFFFFFFFFFFFFFCE
:1082C000FFFFFFFFFFFFFFFFFFFFFFFFFFFFFFFFBE
:1082D000FFFFFFFFFFFFFFFFFFFFFFFFFFFFFFFFAE
:1082E000FFFFFFFFFFFFFFFFFFFFFFFFFFFFFFFF9E
:1082F000FFFFFFFFFFFFFFFFFFFFFFFFFFFFFFFF8E
:10830000FFFFFFFFFFFFFFFFFFFFFFFFFFFFFFFF7D
:10831000FFFFFFFFFFFFFFFFFFFFFFFFFFFFFFFF6D
:10832000FFFFFFFFFFFFFFFFFFFFFFFFFFFFFFFF5D
:10833000FFFFFFFFFFFFFFFFFFFFFFFFFFFFFFFF4D
:10834000FFFFFFFFFFFFFFFFFFFFFFFFFFFFFFFF3D
:10835000FFFFFFFFFFFFFFFFFFFFFFFFFFFFFFFF2D
:10836000FFFFFFFFFFFFFFFFFFFFFFFFFFFFFFFF1D
:10837000FFFFFFFFFFFFFFFFFFFFFFFFFFFFFFFF0D
:10838000FFFFFFFFFFFFFFFFFFFFFFFFFFFFFFFFFD
:10839000FFFFFFFFFFFFFFFFFFFFFFFFFFFFFFFFED
:1083A000FFFFFFFFFFFFFFFFFFFFFFFFFFFFFFFFDD
:1083B000FFFFFFFFFFFFFFFFFFFFFFFFFFFFFFFFCD
:1083C000FFFFFFFFFFFFFFFFFFFFFFFFFFFFFFFFBD
:1083D000FFFFFFFFFFFFFFFFFFFFFFFFFFFFFFFFAD
:1083E000FFFFFFFFFFFFFFFFFFFFFFFFFFFFFFFF9D
:1083F000FFFFFFFFFFFFFFFFFFFFFFFFFFFFFFFF8D
:10840000FFFFFFFFFFFFFFFFFFFFFFFFFFFFFFFF7C
:10841000FFFFFFFFFFFFFFFFFFFFFFFFFFFFFFFF6C
:10842000FFFFFFFFFFFFFFFFFFFFFFFFFFFFFFFF5C
:10843000FFFFFFFFFFFFFFFFFFFFFFFFFFFFFFFF4C
:10844000FFFFFFFFFFFFFFFFFFFFFFFFFFFFFFFF3C
:10845000FFFFFFFFFFFFFFFFFFFFFFFFFFFFFFFF2C
:10846000FFFFFFFFFFFFFFFFFFFFFFFFFFFFFFFF1C
:10847000FFFFFFFFFFFFFFFFFFFFFFFFFFFFFFFF0C
:10848000FFFFFFFFFFFFFFFFFFFFFFFFFFFFFFFFFC
:10849000FFFFFFFFFFFFFFFFFFFFFFFFFFFFFFFFEC
:1084A000FFFFFFFFFFFFFFFFFFFFFFFFFFFFFFFFDC
:1084B000FFFFFFFFFFFFFFFFFFFFFFFFFFFFFFFFCC
:1084C000FFFFFFFFFFFFFFFFFFFFFFFFFFFFFFFFBC
:1084D000FFFFFFFFFFFFFFFFFFFFFFFFFFFFFFFFAC
:1084E000FFFFFFFFFFFFFFFFFFFFFFFFFFFFFFFF9C
:1084F000FFFFFFFFFFFFFFFFFFFFFFFFFFFFFFFF8C
:10850000FFFFFFFFFFFFFFFFFFFFFFFFFFFFFFFF7B
:10851000FFFFFFFFFFFFFFFFFFFFFFFFFFFFFFFF6B
:10852000FFFFFFFFFFFFFFFFFFFFFFFFFFFFFFFF5B
:10853000FFFFFFFFFFFFFFFFFFFFFFFFFFFFFFFF4B
:10854000FFFFFFFFFFFFFFFFFFFFFFFFFFFFFFFF3B
:10855000FFFFFFFFFFFFFFFFFFFFFFFFFFFFFFFF2B
:10856000FFFFFFFFFFFFFFFFFFFFFFFFFFFFFFFF1B
:10857000FFFFFFFFFFFFFFFFFFFFFFFFFFFFFFFF0B
:10858000FFFFFFFFFFFFFFFFFFFFFFFFFFFFFFFFFB
:10859000FFFFFFFFFFFFFFFFFFFFFFFFFFFFFFFFEB
:1085A000FFFFFFFFFFFFFFFFFFFFFFFFFFFFFFFFDB
:1085B000FFFFFFFFFFFFFFFFFFFFFFFFFFFFFFFFCB
:1085C000FFFFFFFFFFFFFFFFFFFFFFFFFFFFFFFFBB
:1085D000FFFFFFFFFFFFFFFFFFFFFFFFFFFFFFFFAB
:1085E000FFFFFFFFFFFFFFFFFFFFFFFFFFFFFFFF9B
:1085F000FFFFFFFFFFFFFFFFFFFFFFFFFFFFFFFF8B
:10860000FFFFFFFFFFFFFFFFFFFFFFFFFFFFFFFF7A
:10861000FFFFFFFFFFFFFFFFFFFFFFFFFFFFFFFF6A
:10862000FFFFFFFFFFFFFFFFFFFFFFFFFFFFFFFF5A
:10863000FFFFFFFFFFFFFFFFFFFFFFFFFFFFFFFF4A
:10864000FFFFFFFFFFFFFFFFFFFFFFFFFFFFFFFF3A
:10865000FFFFFFFFFFFFFFFFFFFFFFFFFFFFFFFF2A
:10866000FFFFFFFFFFFFFFFFFFFFFFFFFFFFFFFF1A
:10867000FFFFFFFFFFFFFFFFFFFFFFFFFFFFFFFF0A
:10868000FFFFFFFFFFFFFFFFFFFFFFFFFFFFFFFFFA
:10869000FFFFFFFFFFFFFFFFFFFFFFFFFFFFFFFFEA
:1086A000FFFFFFFFFFFFFFFFFFFFFFFFFFFFFFFFDA
:1086B000FFFFFFFFFFFFFFFFFFFFFFFFFFFFFFFFCA
:1086C000FFFFFFFFFFFFFFFFFFFFFFFFFFFFFFFFBA
:1086D000FFFFFFFFFFFFFFFFFFFFFFFFFFFFFFFFAA
:1086E000FFFFFFFFFFFFFFFFFFFFFFFFFFFFFFFF9A
:1086F000FFFFFFFFFFFFFFFFFFFFFFFFFFFFFFFF8A
:10870000FFFFFFFFFFFFFFFFFFFFFFFFFFFFFFFF79
:10871000FFFFFFFFFFFFFFFFFFFFFFFFFFFFFFFF69
:10872000FFFFFFFFFFFFFFFFFFFFFFFFFFFFFFFF59
:10873000FFFFFFFFFFFFFFFFFFFFFFFFFFFFFFFF49
:10874000FFFFFFFFFFFFFFFFFFFFFFFFFFFFFFFF39
:10875000FFFFFFFFFFFFFFFFFFFFFFFFFFFFFFFF29
:10876000FFFFFFFFFFFFFFFFFFFFFFFFFFFFFFFF19
:10877000FFFFFFFFFFFFFFFFFFFFFFFFFFFFFFFF09
:10878000FFFFFFFFFFFFFFFFFFFFFFFFFFFFFFFFF9
:10879000FFFFFFFFFFFFFFFFFFFFFFFFFFFFFFFFE9
:1087A000FFFFFFFFFFFFFFFFFFFFFFFFFFFFFFFFD9
:1087B000FFFFFFFFFFFFFFFFFFFFFFFFFFFFFFFFC9
:1087C000FFFFFFFFFFFFFFFFFFFFFFFFFFFFFFFFB9
:1087D000FFFFFFFFFFFFFFFFFFFFFFFFFFFFFFFFA9
:1087E000FFFFFFFFFFFFFFFFFFFFFFFFFFFFFFFF99
:1087F000FFFFFFFFFFFFFFFFFFFFFFFFFFFFFFFF89
:10880000FFFFFFFFFFFFFFFFFFFFFFFFFFFFFFFF78
:10881000FFFFFFFFFFFFFFFFFFFFFFFFFFFFFFFF68
:10882000FFFFFFFFFFFFFFFFFFFFFFFFFFFFFFFF58
:10883000FFFFFFFFFFFFFFFFFFFFFFFFFFFFFFFF48
:10884000FFFFFFFFFFFFFFFFFFFFFFFFFFFFFFFF38
:10885000FFFFFFFFFFFFFFFFFFFFFFFFFFFFFFFF28
:10886000FFFFFFFFFFFFFFFFFFFFFFFFFFFFFFFF18
:10887000FFFFFFFFFFFFFFFFFFFFFFFFFFFFFFFF08
:10888000FFFFFFFFFFFFFFFFFFFFFFFFFFFFFFFFF8
:10889000FFFFFFFFFFFFFFFFFFFFFFFFFFFFFFFFE8
:1088A000FFFFFFFFFFFFFFFFFFFFFFFFFFFFFFFFD8
:1088B000FFFFFFFFFFFFFFFFFFFFFFFFFFFFFFFFC8
:1088C000FFFFFFFFFFFFFFFFFFFFFFFFFFFFFFFFB8
:1088D000FFFFFFFFFFFFFFFFFFFFFFFFFFFFFFFFA8
:1088E000FFFFFFFFFFFFFFFFFFFFFFFFFFFFFFFF98
:1088F000FFFFFFFFFFFFFFFFFFFFFFFFFFFFFFFF88
:10890000FFFFFFFFFFFFFFFFFFFFFFFFFFFFFFFF77
:10891000FFFFFFFFFFFFFFFFFFFFFFFFFFFFFFFF67
:10892000FFFFFFFFFFFFFFFFFFFFFFFFFFFFFFFF57
:10893000FFFFFFFFFFFFFFFFFFFFFFFFFFFFFFFF47
:10894000FFFFFFFFFFFFFFFFFFFFFFFFFFFFFFFF37
:10895000FFFFFFFFFFFFFFFFFFFFFFFFFFFFFFFF27
:10896000FFFFFFFFFFFFFFFFFFFFFFFFFFFFFFFF17
:10897000FFFFFFFFFFFFFFFFFFFFFFFFFFFFFFFF07
:10898000FFFFFFFFFFFFFFFFFFFFFFFFFFFFFFFFF7
:10899000FFFFFFFFFFFFFFFFFFFFFFFFFFFFFFFFE7
:1089A000FFFFFFFFFFFFFFFFFFFFFFFFFFFFFFFFD7
:1089B000FFFFFFFFFFFFFFFFFFFFFFFFFFFFFFFFC7
:1089C000FFFFFFFFFFFFFFFFFFFFFFFFFFFFFFFFB7
:1089D000FFFFFFFFFFFFFFFFFFFFFFFFFFFFFFFFA7
:1089E000FFFFFFFFFFFFFFFFFFFFFFFFFFFFFFFF97
:1089F000FFFFFFFFFFFFFFFFFFFFFFFFFFFFFFFF87
:108A0000FFFFFFFFFFFFFFFFFFFFFFFFFFFFFFFF76
:108A1000FFFFFFFFFFFFFFFFFFFFFFFFFFFFFFFF66
:108A2000FFFFFFFFFFFFFFFFFFFFFFFFFFFFFFFF56
:108A3000FFFFFFFFFFFFFFFFFFFFFFFFFFFFFFFF46
:108A4000FFFFFFFFFFFFFFFFFFFFFFFFFFFFFFFF36
:108A5000FFFFFFFFFFFFFFFFFFFFFFFFFFFFFFFF26
:108A6000FFFFFFFFFFFFFFFFFFFFFFFFFFFFFFFF16
:108A7000FFFFFFFFFFFFFFFFFFFFFFFFFFFFFFFF06
:108A8000FFFFFFFFFFFFFFFFFFFFFFFFFFFFFFFFF6
:108A9000FFFFFFFFFFFFFFFFFFFFFFFFFFFFFFFFE6
:108AA000FFFFFFFFFFFFFFFFFFFFFFFFFFFFFFFFD6
:108AB000FFFFFFFFFFFFFFFFFFFFFFFFFFFFFFFFC6
:108AC000FFFFFFFFFFFFFFFFFFFFFFFFFFFFFFFFB6
:108AD000FFFFFFFFFFFFFFFFFFFFFFFFFFFFFFFFA6
:108AE000FFFFFFFFFFFFFFFFFFFFFFFFFFFFFFFF96
:108AF000FFFFFFFFFFFFFFFFFFFFFFFFFFFFFFFF86
:108B0000FFFFFFFFFFFFFFFFFFFFFFFFFFFFFFFF75
:108B1000FFFFFFFFFFFFFFFFFFFFFFFFFFFFFFFF65
:108B2000FFFFFFFFFFFFFFFFFFFFFFFFFFFFFFFF55
:108B3000FFFFFFFFFFFFFFFFFFFFFFFFFFFFFFFF45
:108B4000FFFFFFFFFFFFFFFFFFFFFFFFFFFFFFFF35
:108B5000FFFFFFFFFFFFFFFFFFFFFFFFFFFFFFFF25
:108B6000FFFFFFFFFFFFFFFFFFFFFFFFFFFFFFFF15
:108B7000FFFFFFFFFFFFFFFFFFFFFFFFFFFFFFFF05
:108B8000FFFFFFFFFFFFFFFFFFFFFFFFFFFFFFFFF5
:108B9000FFFFFFFFFFFFFFFFFFFFFFFFFFFFFFFFE5
:108BA000FFFFFFFFFFFFFFFFFFFFFFFFFFFFFFFFD5
:108BB000FFFFFFFFFFFFFFFFFFFFFFFFFFFFFFFFC5
:108BC000FFFFFFFFFFFFFFFFFFFFFFFFFFFFFFFFB5
:108BD000FFFFFFFFFFFFFFFFFFFFFFFFFFFFFFFFA5
:108BE000FFFFFFFFFFFFFFFFFFFFFFFFFFFFFFFF95
:108BF000FFFFFFFFFFFFFFFFFFFFFFFFFFFFFFFF85
:108C0000FFFFFFFFFFFFFFFFFFFFFFFFFFFFFFFF74
:108C1000FFFFFFFFFFFFFFFFFFFFFFFFFFFFFFFF64
:108C2000FFFFFFFFFFFFFFFFFFFFFFFFFFFFFFFF54
:108C3000FFFFFFFFFFFFFFFFFFFFFFFFFFFFFFFF44
:108C4000FFFFFFFFFFFFFFFFFFFFFFFFFFFFFFFF34
:108C5000FFFFFFFFFFFFFFFFFFFFFFFFFFFFFFFF24
:108C6000FFFFFFFFFFFFFFFFFFFFFFFFFFFFFFFF14
:108C7000FFFFFFFFFFFFFFFFFFFFFFFFFFFFFFFF04
:108C8000FFFFFFFFFFFFFFFFFFFFFFFFFFFFFFFFF4
:108C9000FFFFFFFFFFFFFFFFFFFFFFFFFFFFFFFFE4
:108CA000FFFFFFFFFFFFFFFFFFFFFFFFFFFFFFFFD4
:108CB000FFFFFFFFFFFFFFFFFFFFFFFFFFFFFFFFC4
:108CC000FFFFFFFFFFFFFFFFFFFFFFFFFFFFFFFFB4
:108CD000FFFFFFFFFFFFFFFFFFFFFFFFFFFFFFFFA4
:108CE000FFFFFFFFFFFFFFFFFFFFFFFFFFFFFFFF94
:108CF000FFFFFFFFFFFFFFFFFFFFFFFFFFFFFFFF84
:108D0000FFFFFFFFFFFFFFFFFFFFFFFFFFFFFFFF73
:108D1000FFFFFFFFFFFFFFFFFFFFFFFFFFFFFFFF63
:108D2000FFFFFFFFFFFFFFFFFFFFFFFFFFFFFFFF53
:108D3000FFFFFFFFFFFFFFFFFFFFFFFFFFFFFFFF43
:108D4000FFFFFFFFFFFFFFFFFFFFFFFFFFFFFFFF33
:108D5000FFFFFFFFFFFFFFFFFFFFFFFFFFFFFFFF23
:108D6000FFFFFFFFFFFFFFFFFFFFFFFFFFFFFFFF13
:108D7000FFFFFFFFFFFFFFFFFFFFFFFFFFFFFFFF03
:108D8000FFFFFFFFFFFFFFFFFFFFFFFFFFFFFFFFF3
:108D9000FFFFFFFFFFFFFFFFFFFFFFFFFFFFFFFFE3
:108DA000FFFFFFFFFFFFFFFFFFFFFFFFFFFFFFFFD3
:108DB000FFFFFFFFFFFFFFFFFFFFFFFFFFFFFFFFC3
:108DC000FFFFFFFFFFFFFFFFFFFFFFFFFFFFFFFFB3
:108DD000FFFFFFFFFFFFFFFFFFFFFFFFFFFFFFFFA3
:108DE000FFFFFFFFFFFFFFFFFFFFFFFFFFFFFFFF93
:108DF000FFFFFFFFFFFFFFFFFFFFFFFFFFFFFFFF83
:108E0000FFFFFFFFFFFFFFFFFFFFFFFFFFFFFFFF72
:108E1000FFFFFFFFFFFFFFFFFFFFFFFFFFFFFFFF62
:108E2000FFFFFFFFFFFFFFFFFFFFFFFFFFFFFFFF52
:108E3000FFFFFFFFFFFFFFFFFFFFFFFFFFFFFFFF42
:108E4000FFFFFFFFFFFFFFFFFFFFFFFFFFFFFFFF32
:108E5000FFFFFFFFFFFFFFFFFFFFFFFFFFFFFFFF22
:108E6000FFFFFFFFFFFFFFFFFFFFFFFFFFFFFFFF12
:108E7000FFFFFFFFFFFFFFFFFFFFFFFFFFFFFFFF02
:108E8000FFFFFFFFFFFFFFFFFFFFFFFFFFFFFFFFF2
:108E9000FFFFFFFFFFFFFFFFFFFFFFFFFFFFFFFFE2
:108EA000FFFFFFFFFFFFFFFFFFFFFFFFFFFFFFFFD2
:108EB000FFFFFFFFFFFFFFFFFFFFFFFFFFFFFFFFC2
:108EC000FFFFFFFFFFFFFFFFFFFFFFFFFFFFFFFFB2
:108ED000FFFFFFFFFFFFFFFFFFFFFFFFFFFFFFFFA2
:108EE000FFFFFFFFFFFFFFFFFFFFFFFFFFFFFFFF92
:108EF000FFFFFFFFFFFFFFFFFFFFFFFFFFFFFFFF82
:108F0000FFFFFFFFFFFFFFFFFFFFFFFFFFFFFFFF71
:108F1000FFFFFFFFFFFFFFFFFFFFFFFFFFFFFFFF61
:108F2000FFFFFFFFFFFFFFFFFFFFFFFFFFFFFFFF51
:108F3000FFFFFFFFFFFFFFFFFFFFFFFFFFFFFFFF41
:108F4000FFFFFFFFFFFFFFFFFFFFFFFFFFFFFFFF31
:108F5000FFFFFFFFFFFFFFFFFFFFFFFFFFFFFFFF21
:108F6000FFFFFFFFFFFFFFFFFFFFFFFFFFFFFFFF11
:108F7000FFFFFFFFFFFFFFFFFFFFFFFFFFFFFFFF01
:108F8000FFFFFFFFFFFFFFFFFFFFFFFFFFFFFFFFF1
:108F9000FFFFFFFFFFFFFFFFFFFFFFFFFFFFFFFFE1
:108FA000FFFFFFFFFFFFFFFFFFFFFFFFFFFFFFFFD1
:108FB000FFFFFFFFFFFFFFFFFFFFFFFFFFFFFFFFC1
:108FC000FFFFFFFFFFFFFFFFFFFFFFFFFFFFFFFFB1
:108FD000FFFFFFFFFFFFFFFFFFFFFFFFFFFFFFFFA1
:108FE000FFFFFFFFFFFFFFFFFFFFFFFFFFFFFFFF91
:108FF000FFFFFFFFFFFFFFFFFFFFFFFFFFFFFFFF81
:10900000FFFFFFFFFFFFFFFFFFFFFFFFFFFFFFFF70
:10901000FFFFFFFFFFFFFFFFFFFFFFFFFFFFFFFF60
:10902000FFFFFFFFFFFFFFFFFFFFFFFFFFFFFFFF50
:10903000FFFFFFFFFFFFFFFFFFFFFFFFFFFFFFFF40
:10904000FFFFFFFFFFFFFFFFFFFFFFFFFFFFFFFF30
:10905000FFFFFFFFFFFFFFFFFFFFFFFFFFFFFFFF20
:10906000FFFFFFFFFFFFFFFFFFFFFFFFFFFFFFFF10
:10907000FFFFFFFFFFFFFFFFFFFFFFFFFFFFFFFF00
:10908000FFFFFFFFFFFFFFFFFFFFFFFFFFFFFFFFF0
:10909000FFFFFFFFFFFFFFFFFFFFFFFFFFFFFFFFE0
:1090A000FFFFFFFFFFFFFFFFFFFFFFFFFFFFFFFFD0
:1090B000FFFFFFFFFFFFFFFFFFFFFFFFFFFFFFFFC0
:1090C000FFFFFFFFFFFFFFFFFFFFFFFFFFFFFFFFB0
:1090D000FFFFFFFFFFFFFFFFFFFFFFFFFFFFFFFFA0
:1090E000FFFFFFFFFFFFFFFFFFFFFFFFFFFFFFFF90
:1090F000FFFFFFFFFFFFFFFFFFFFFFFFFFFFFFFF80
:10910000FFFFFFFFFFFFFFFFFFFFFFFFFFFFFFFF6F
:10911000FFFFFFFFFFFFFFFFFFFFFFFFFFFFFFFF5F
:10912000FFFFFFFFFFFFFFFFFFFFFFFFFFFFFFFF4F
:10913000FFFFFFFFFFFFFFFFFFFFFFFFFFFFFFFF3F
:10914000FFFFFFFFFFFFFFFFFFFFFFFFFFFFFFFF2F
:10915000FFFFFFFFFFFFFFFFFFFFFFFFFFFFFFFF1F
:10916000FFFFFFFFFFFFFFFFFFFFFFFFFFFFFFFF0F
:10917000FFFFFFFFFFFFFFFFFFFFFFFFFFFFFFFFFF
:10918000FFFFFFFFFFFFFFFFFFFFFFFFFFFFFFFFEF
:10919000FFFFFFFFFFFFFFFFFFFFFFFFFFFFFFFFDF
:1091A000FFFFFFFFFFFFFFFFFFFFFFFFFFFFFFFFCF
:1091B000FFFFFFFFFFFFFFFFFFFFFFFFFFFFFFFFBF
:1091C000FFFFFFFFFFFFFFFFFFFFFFFFFFFFFFFFAF
:1091D000FFFFFFFFFFFFFFFFFFFFFFFFFFFFFFFF9F
:1091E000FFFFFFFFFFFFFFFFFFFFFFFFFFFFFFFF8F
:1091F000FFFFFFFFFFFFFFFFFFFFFFFFFFFFFFFF7F
:10920000FFFFFFFFFFFFFFFFFFFFFFFFFFFFFFFF6E
:10921000FFFFFFFFFFFFFFFFFFFFFFFFFFFFFFFF5E
:10922000FFFFFFFFFFFFFFFFFFFFFFFFFFFFFFFF4E
:10923000FFFFFFFFFFFFFFFFFFFFFFFFFFFFFFFF3E
:10924000FFFFFFFFFFFFFFFFFFFFFFFFFFFFFFFF2E
:10925000FFFFFFFFFFFFFFFFFFFFFFFFFFFFFFFF1E
:10926000FFFFFFFFFFFFFFFFFFFFFFFFFFFFFFFF0E
:10927000FFFFFFFFFFFFFFFFFFFFFFFFFFFFFFFFFE
:10928000FFFFFFFFFFFFFFFFFFFFFFFFFFFFFFFFEE
:10929000FFFFFFFFFFFFFFFFFFFFFFFFFFFFFFFFDE
:1092A000FFFFFFFFFFFFFFFFFFFFFFFFFFFFFFFFCE
:1092B000FFFFFFFFFFFFFFFFFFFFFFFFFFFFFFFFBE
:1092C000FFFFFFFFFFFFFFFFFFFFFFFFFFFFFFFFAE
:1092D000FFFFFFFFFFFFFFFFFFFFFFFFFFFFFFFF9E
:1092E000FFFFFFFFFFFFFFFFFFFFFFFFFFFFFFFF8E
:1092F000FFFFFFFFFFFFFFFFFFFFFFFFFFFFFFFF7E
:10930000FFFFFFFFFFFFFFFFFFFFFFFFFFFFFFFF6D
:10931000FFFFFFFFFFFFFFFFFFFFFFFFFFFFFFFF5D
:10932000FFFFFFFFFFFFFFFFFFFFFFFFFFFFFFFF4D
:10933000FFFFFFFFFFFFFFFFFFFFFFFFFFFFFFFF3D
:10934000FFFFFFFFFFFFFFFFFFFFFFFFFFFFFFFF2D
:10935000FFFFFFFFFFFFFFFFFFFFFFFFFFFFFFFF1D
:10936000FFFFFFFFFFFFFFFFFFFFFFFFFFFFFFFF0D
:10937000FFFFFFFFFFFFFFFFFFFFFFFFFFFFFFFFFD
:10938000FFFFFFFFFFFFFFFFFFFFFFFFFFFFFFFFED
:10939000FFFFFFFFFFFFFFFFFFFFFFFFFFFFFFFFDD
:1093A000FFFFFFFFFFFFFFFFFFFFFFFFFFFFFFFFCD
:1093B000FFFFFFFFFFFFFFFFFFFFFFFFFFFFFFFFBD
:1093C000FFFFFFFFFFFFFFFFFFFFFFFFFFFFFFFFAD
:1093D000FFFFFFFFFFFFFFFFFFFFFFFFFFFFFFFF9D
:1093E000FFFFFFFFFFFFFFFFFFFFFFFFFFFFFFFF8D
:1093F000FFFFFFFFFFFFFFFFFFFFFFFFFFFFFFFF7D
:10940000FFFFFFFFFFFFFFFFFFFFFFFFFFFFFFFF6C
:10941000FFFFFFFFFFFFFFFFFFFFFFFFFFFFFFFF5C
:10942000FFFFFFFFFFFFFFFFFFFFFFFFFFFFFFFF4C
:10943000FFFFFFFFFFFFFFFFFFFFFFFFFFFFFFFF3C
:10944000FFFFFFFFFFFFFFFFFFFFFFFFFFFFFFFF2C
:10945000FFFFFFFFFFFFFFFFFFFFFFFFFFFFFFFF1C
:10946000FFFFFFFFFFFFFFFFFFFFFFFFFFFFFFFF0C
:10947000FFFFFFFFFFFFFFFFFFFFFFFFFFFFFFFFFC
:10948000FFFFFFFFFFFFFFFFFFFFFFFFFFFFFFFFEC
:10949000FFFFFFFFFFFFFFFFFFFFFFFFFFFFFFFFDC
:1094A000FFFFFFFFFFFFFFFFFFFFFFFFFFFFFFFFCC
:1094B000FFFFFFFFFFFFFFFFFFFFFFFFFFFFFFFFBC
:1094C000FFFFFFFFFFFFFFFFFFFFFFFFFFFFFFFFAC
:1094D000FFFFFFFFFFFFFFFFFFFFFFFFFFFFFFFF9C
:1094E000FFFFFFFFFFFFFFFFFFFFFFFFFFFFFFFF8C
:1094F000FFFFFFFFFFFFFFFFFFFFFFFFFFFFFFFF7C
:10950000FFFFFFFFFFFFFFFFFFFFFFFFFFFFFFFF6B
:10951000FFFFFFFFFFFFFFFFFFFFFFFFFFFFFFFF5B
:10952000FFFFFFFFFFFFFFFFFFFFFFFFFFFFFFFF4B
:10953000FFFFFFFFFFFFFFFFFFFFFFFFFFFFFFFF3B
:10954000FFFFFFFFFFFFFFFFFFFFFFFFFFFFFFFF2B
:10955000FFFFFFFFFFFFFFFFFFFFFFFFFFFFFFFF1B
:10956000FFFFFFFFFFFFFFFFFFFFFFFFFFFFFFFF0B
:10957000FFFFFFFFFFFFFFFFFFFFFFFFFFFFFFFFFB
:10958000FFFFFFFFFFFFFFFFFFFFFFFFFFFFFFFFEB
:10959000FFFFFFFFFFFFFFFFFFFFFFFFFFFFFFFFDB
:1095A000FFFFFFFFFFFFFFFFFFFFFFFFFFFFFFFFCB
:1095B000FFFFFFFFFFFFFFFFFFFFFFFFFFFFFFFFBB
:1095C000FFFFFFFFFFFFFFFFFFFFFFFFFFFFFFFFAB
:1095D000FFFFFFFFFFFFFFFFFFFFFFFFFFFFFFFF9B
:1095E000FFFFFFFFFFFFFFFFFFFFFFFFFFFFFFFF8B
:1095F000FFFFFFFFFFFFFFFFFFFFFFFFFFFFFFFF7B
:10960000FFFFFFFFFFFFFFFFFFFFFFFFFFFFFFFF6A
:10961000FFFFFFFFFFFFFFFFFFFFFFFFFFFFFFFF5A
:10962000FFFFFFFFFFFFFFFFFFFFFFFFFFFFFFFF4A
:10963000FFFFFFFFFFFFFFFFFFFFFFFFFFFFFFFF3A
:10964000FFFFFFFFFFFFFFFFFFFFFFFFFFFFFFFF2A
:10965000FFFFFFFFFFFFFFFFFFFFFFFFFFFFFFFF1A
:10966000FFFFFFFFFFFFFFFFFFFFFFFFFFFFFFFF0A
:10967000FFFFFFFFFFFFFFFFFFFFFFFFFFFFFFFFFA
:10968000FFFFFFFFFFFFFFFFFFFFFFFFFFFFFFFFEA
:10969000FFFFFFFFFFFFFFFFFFFFFFFFFFFFFFFFDA
:1096A000FFFFFFFFFFFFFFFFFFFFFFFFFFFFFFFFCA
:1096B000FFFFFFFFFFFFFFFFFFFFFFFFFFFFFFFFBA
:1096C000FFFFFFFFFFFFFFFFFFFFFFFFFFFFFFFFAA
:1096D000FFFFFFFFFFFFFFFFFFFFFFFFFFFFFFFF9A
:1096E000FFFFFFFFFFFFFFFFFFFFFFFFFFFFFFFF8A
:1096F000FFFFFFFFFFFFFFFFFFFFFFFFFFFFFFFF7A
:10970000FFFFFFFFFFFFFFFFFFFFFFFFFFFFFFFF69
:10971000FFFFFFFFFFFFFFFFFFFFFFFFFFFFFFFF59
:10972000FFFFFFFFFFFFFFFFFFFFFFFFFFFFFFFF49
:10973000FFFFFFFFFFFFFFFFFFFFFFFFFFFFFFFF39
:10974000FFFFFFFFFFFFFFFFFFFFFFFFFFFFFFFF29
:10975000FFFFFFFFFFFFFFFFFFFFFFFFFFFFFFFF19
:10976000FFFFFFFFFFFFFFFFFFFFFFFFFFFFFFFF09
:10977000FFFFFFFFFFFFFFFFFFFFFFFFFFFFFFFFF9
:10978000FFFFFFFFFFFFFFFFFFFFFFFFFFFFFFFFE9
:10979000FFFFFFFFFFFFFFFFFFFFFFFFFFFFFFFFD9
:1097A000FFFFFFFFFFFFFFFFFFFFFFFFFFFFFFFFC9
:1097B000FFFFFFFFFFFFFFFFFFFFFFFFFFFFFFFFB9
:1097C000FFFFFFFFFFFFFFFFFFFFFFFFFFFFFFFFA9
:1097D000FFFFFFFFFFFFFFFFFFFFFFFFFFFFFFFF99
:1097E000FFFFFFFFFFFFFFFFFFFFFFFFFFFFFFFF89
:1097F000FFFFFFFFFFFFFFFFFFFFFFFFFFFFFFFF79
:10980000FFFFFFFFFFFFFFFFFFFFFFFFFFFFFFFF68
:10981000FFFFFFFFFFFFFFFFFFFFFFFFFFFFFFFF58
:10982000FFFFFFFFFFFFFFFFFFFFFFFFFFFFFFFF48
:10983000FFFFFFFFFFFFFFFFFFFFFFFFFFFFFFFF38
:10984000FFFFFFFFFFFFFFFFFFFFFFFFFFFFFFFF28
:10985000FFFFFFFFFFFFFFFFFFFFFFFFFFFFFFFF18
:10986000FFFFFFFFFFFFFFFFFFFFFFFFFFFFFFFF08
:10987000FFFFFFFFFFFFFFFFFFFFFFFFFFFFFFFFF8
:10988000FFFFFFFFFFFFFFFFFFFFFFFFFFFFFFFFE8
:10989000FFFFFFFFFFFFFFFFFFFFFFFFFFFFFFFFD8
:1098A000FFFFFFFFFFFFFFFFFFFFFFFFFFFFFFFFC8
:1098B000FFFFFFFFFFFFFFFFFFFFFFFFFFFFFFFFB8
:1098C000FFFFFFFFFFFFFFFFFFFFFFFFFFFFFFFFA8
:1098D000FFFFFFFFFFFFFFFFFFFFFFFFFFFFFFFF98
:1098E000FFFFFFFFFFFFFFFFFFFFFFFFFFFFFFFF88
:1098F000FFFFFFFFFFFFFFFFFFFFFFFFFFFFFFFF78
:10990000FFFFFFFFFFFFFFFFFFFFFFFFFFFFFFFF67
:10991000FFFFFFFFFFFFFFFFFFFFFFFFFFFFFFFF57
:10992000FFFFFFFFFFFFFFFFFFFFFFFFFFFFFFFF47
:10993000FFFFFFFFFFFFFFFFFFFFFFFFFFFFFFFF37
:10994000FFFFFFFFFFFFFFFFFFFFFFFFFFFFFFFF27
:10995000FFFFFFFFFFFFFFFFFFFFFFFFFFFFFFFF17
:10996000FFFFFFFFFFFFFFFFFFFFFFFFFFFFFFFF07
:10997000FFFFFFFFFFFFFFFFFFFFFFFFFFFFFFFFF7
:10998000FFFFFFFFFFFFFFFFFFFFFFFFFFFFFFFFE7
:10999000FFFFFFFFFFFFFFFFFFFFFFFFFFFFFFFFD7
:1099A000FFFFFFFFFFFFFFFFFFFFFFFFFFFFFFFFC7
:1099B000FFFFFFFFFFFFFFFFFFFFFFFFFFFFFFFFB7
:1099C000FFFFFFFFFFFFFFFFFFFFFFFFFFFFFFFFA7
:1099D000FFFFFFFFFFFFFFFFFFFFFFFFFFFFFFFF97
:1099E000FFFFFFFFFFFFFFFFFFFFFFFFFFFFFFFF87
:1099F000FFFFFFFFFFFFFFFFFFFFFFFFFFFFFFFF77
:109A0000FFFFFFFFFFFFFFFFFFFFFFFFFFFFFFFF66
:109A1000FFFFFFFFFFFFFFFFFFFFFFFFFFFFFFFF56
:109A2000FFFFFFFFFFFFFFFFFFFFFFFFFFFFFFFF46
:109A3000FFFFFFFFFFFFFFFFFFFFFFFFFFFFFFFF36
:109A4000FFFFFFFFFFFFFFFFFFFFFFFFFFFFFFFF26
:109A5000FFFFFFFFFFFFFFFFFFFFFFFFFFFFFFFF16
:109A6000FFFFFFFFFFFFFFFFFFFFFFFFFFFFFFFF06
:109A7000FFFFFFFFFFFFFFFFFFFFFFFFFFFFFFFFF6
:109A8000FFFFFFFFFFFFFFFFFFFFFFFFFFFFFFFFE6
:109A9000FFFFFFFFFFFFFFFFFFFFFFFFFFFFFFFFD6
:109AA000FFFFFFFFFFFFFFFFFFFFFFFFFFFFFFFFC6
:109AB000FFFFFFFFFFFFFFFFFFFFFFFFFFFFFFFFB6
:109AC000FFFFFFFFFFFFFFFFFFFFFFFFFFFFFFFFA6
:109AD000FFFFFFFFFFFFFFFFFFFFFFFFFFFFFFFF96
:109AE000FFFFFFFFFFFFFFFFFFFFFFFFFFFFFFFF86
:109AF000FFFFFFFFFFFFFFFFFFFFFFFFFFFFFFFF76
:109B0000FFFFFFFFFFFFFFFFFFFFFFFFFFFFFFFF65
:109B1000FFFFFFFFFFFFFFFFFFFFFFFFFFFFFFFF55
:109B2000FFFFFFFFFFFFFFFFFFFFFFFFFFFFFFFF45
:109B3000FFFFFFFFFFFFFFFFFFFFFFFFFFFFFFFF35
:109B4000FFFFFFFFFFFFFFFFFFFFFFFFFFFFFFFF25
:109B5000FFFFFFFFFFFFFFFFFFFFFFFFFFFFFFFF15
:109B6000FFFFFFFFFFFFFFFFFFFFFFFFFFFFFFFF05
:109B7000FFFFFFFFFFFFFFFFFFFFFFFFFFFFFFFFF5
:109B8000FFFFFFFFFFFFFFFFFFFFFFFFFFFFFFFFE5
:109B9000FFFFFFFFFFFFFFFFFFFFFFFFFFFFFFFFD5
:109BA000FFFFFFFFFFFFFFFFFFFFFFFFFFFFFFFFC5
:109BB000FFFFFFFFFFFFFFFFFFFFFFFFFFFFFFFFB5
:109BC000FFFFFFFFFFFFFFFFFFFFFFFFFFFFFFFFA5
:109BD000FFFFFFFFFFFFFFFFFFFFFFFFFFFFFFFF95
:109BE000FFFFFFFFFFFFFFFFFFFFFFFFFFFFFFFF85
:109BF000FFFFFFFFFFFFFFFFFFFFFFFFFFFFFFFF75
:109C0000FFFFFFFFFFFFFFFFFFFFFFFFFFFFFFFF64
:109C1000FFFFFFFFFFFFFFFFFFFFFFFFFFFFFFFF54
:109C2000FFFFFFFFFFFFFFFFFFFFFFFFFFFFFFFF44
:109C3000FFFFFFFFFFFFFFFFFFFFFFFFFFFFFFFF34
:109C4000FFFFFFFFFFFFFFFFFFFFFFFFFFFFFFFF24
:109C5000FFFFFFFFFFFFFFFFFFFFFFFFFFFFFFFF14
:109C6000FFFFFFFFFFFFFFFFFFFFFFFFFFFFFFFF04
:109C7000FFFFFFFFFFFFFFFFFFFFFFFFFFFFFFFFF4
:109C8000FFFFFFFFFFFFFFFFFFFFFFFFFFFFFFFFE4
:109C9000FFFFFFFFFFFFFFFFFFFFFFFFFFFFFFFFD4
:109CA000FFFFFFFFFFFFFFFFFFFFFFFFFFFFFFFFC4
:109CB000FFFFFFFFFFFFFFFFFFFFFFFFFFFFFFFFB4
:109CC000FFFFFFFFFFFFFFFFFFFFFFFFFFFFFFFFA4
:109CD000FFFFFFFFFFFFFFFFFFFFFFFFFFFFFFFF94
:109CE000FFFFFFFFFFFFFFFFFFFFFFFFFFFFFFFF84
:109CF000FFFFFFFFFFFFFFFFFFFFFFFFFFFFFFFF74
:109D0000FFFFFFFFFFFFFFFFFFFFFFFFFFFFFFFF63
:109D1000FFFFFFFFFFFFFFFFFFFFFFFFFFFFFFFF53
:109D2000FFFFFFFFFFFFFFFFFFFFFFFFFFFFFFFF43
:109D3000FFFFFFFFFFFFFFFFFFFFFFFFFFFFFFFF33
:109D4000FFFFFFFFFFFFFFFFFFFFFFFFFFFFFFFF23
:109D5000FFFFFFFFFFFFFFFFFFFFFFFFFFFFFFFF13
:109D6000FFFFFFFFFFFFFFFFFFFFFFFFFFFFFFFF03
:109D7000FFFFFFFFFFFFFFFFFFFFFFFFFFFFFFFFF3
:109D8000FFFFFFFFFFFFFFFFFFFFFFFFFFFFFFFFE3
:109D9000FFFFFFFFFFFFFFFFFFFFFFFFFFFFFFFFD3
:109DA000FFFFFFFFFFFFFFFFFFFFFFFFFFFFFFFFC3
:109DB000FFFFFFFFFFFFFFFFFFFFFFFFFFFFFFFFB3
:109DC000FFFFFFFFFFFFFFFFFFFFFFFFFFFFFFFFA3
:109DD000FFFFFFFFFFFFFFFFFFFFFFFFFFFFFFFF93
:109DE000FFFFFFFFFFFFFFFFFFFFFFFFFFFFFFFF83
:109DF000FFFFFFFFFFFFFFFFFFFFFFFFFFFFFFFF73
:109E0000FFFFFFFFFFFFFFFFFFFFFFFFFFFFFFFF62
:109E1000FFFFFFFFFFFFFFFFFFFFFFFFFFFFFFFF52
:109E2000FFFFFFFFFFFFFFFFFFFFFFFFFFFFFFFF42
:109E3000FFFFFFFFFFFFFFFFFFFFFFFFFFFFFFFF32
:109E4000FFFFFFFFFFFFFFFFFFFFFFFFFFFFFFFF22
:109E5000FFFFFFFFFFFFFFFFFFFFFFFFFFFFFFFF12
:109E6000FFFFFFFFFFFFFFFFFFFFFFFFFFFFFFFF02
:109E7000FFFFFFFFFFFFFFFFFFFFFFFFFFFFFFFFF2
:109E8000FFFFFFFFFFFFFFFFFFFFFFFFFFFFFFFFE2
:109E9000FFFFFFFFFFFFFFFFFFFFFFFFFFFFFFFFD2
:109EA000FFFFFFFFFFFFFFFFFFFFFFFFFFFFFFFFC2
:109EB000FFFFFFFFFFFFFFFFFFFFFFFFFFFFFFFFB2
:109EC000FFFFFFFFFFFFFFFFFFFFFFFFFFFFFFFFA2
:109ED000FFFFFFFFFFFFFFFFFFFFFFFFFFFFFFFF92
:109EE000FFFFFFFFFFFFFFFFFFFFFFFFFFFFFFFF82
:109EF000FFFFFFFFFFFFFFFFFFFFFFFFFFFFFFFF72
:109F0000FFFFFFFFFFFFFFFFFFFFFFFFFFFFFFFF61
:109F1000FFFFFFFFFFFFFFFFFFFFFFFFFFFFFFFF51
:109F2000FFFFFFFFFFFFFFFFFFFFFFFFFFFFFFFF41
:109F3000FFFFFFFFFFFFFFFFFFFFFFFFFFFFFFFF31
:109F4000FFFFFFFFFFFFFFFFFFFFFFFFFFFFFFFF21
:109F5000FFFFFFFFFFFFFFFFFFFFFFFFFFFFFFFF11
:109F6000FFFFFFFFFFFFFFFFFFFFFFFFFFFFFFFF01
:109F7000FFFFFFFFFFFFFFFFFFFFFFFFFFFFFFFFF1
:109F8000FFFFFFFFFFFFFFFFFFFFFFFFFFFFFFFFE1
:109F9000FFFFFFFFFFFFFFFFFFFFFFFFFFFFFFFFD1
:109FA000FFFFFFFFFFFFFFFFFFFFFFFFFFFFFFFFC1
:109FB000FFFFFFFFFFFFFFFFFFFFFFFFFFFFFFFFB1
:109FC000FFFFFFFFFFFFFFFFFFFFFFFFFFFFFFFFA1
:109FD000FFFFFFFFFFFFFFFFFFFFFFFFFFFFFFFF91
:109FE000FFFFFFFFFFFFFFFFFFFFFFFFFFFFFFFF81
:109FF000FFFFFFFFFFFFFFFFFFFFFFFFFFFFFFFF71
:10A00000FFFFFFFFFFFFFFFFFFFFFFFFFFFFFFFF60
:10A01000FFFFFFFFFFFFFFFFFFFFFFFFFFFFFFFF50
:10A02000FFFFFFFFFFFFFFFFFFFFFFFFFFFFFFFF40
:10A03000FFFFFFFFFFFFFFFFFFFFFFFFFFFFFFFF30
:10A04000FFFFFFFFFFFFFFFFFFFFFFFFFFFFFFFF20
:10A05000FFFFFFFFFFFFFFFFFFFFFFFFFFFFFFFF10
:10A06000FFFFFFFFFFFFFFFFFFFFFFFFFFFFFFFF00
:10A07000FFFFFFFFFFFFFFFFFFFFFFFFFFFFFFFFF0
:10A08000FFFFFFFFFFFFFFFFFFFFFFFFFFFFFFFFE0
:10A09000FFFFFFFFFFFFFFFFFFFFFFFFFFFFFFFFD0
:10A0A000FFFFFFFFFFFFFFFFFFFFFFFFFFFFFFFFC0
:10A0B000FFFFFFFFFFFFFFFFFFFFFFFFFFFFFFFFB0
:10A0C000FFFFFFFFFFFFFFFFFFFFFFFFFFFFFFFFA0
:10A0D000FFFFFFFFFFFFFFFFFFFFFFFFFFFFFFFF90
:10A0E000FFFFFFFFFFFFFFFFFFFFFFFFFFFFFFFF80
:10A0F000FFFFFFFFFFFFFFFFFFFFFFFFFFFFFFFF70
:10A10000FFFFFFFFFFFFFFFFFFFFFFFFFFFFFFFF5F
:10A11000FFFFFFFFFFFFFFFFFFFFFFFFFFFFFFFF4F
:10A12000FFFFFFFFFFFFFFFFFFFFFFFFFFFFFFFF3F
:10A13000FFFFFFFFFFFFFFFFFFFFFFFFFFFFFFFF2F
:10A14000FFFFFFFFFFFFFFFFFFFFFFFFFFFFFFFF1F
:10A15000FFFFFFFFFFFFFFFFFFFFFFFFFFFFFFFF0F
:10A16000FFFFFFFFFFFFFFFFFFFFFFFFFFFFFFFFFF
:10A17000FFFFFFFFFFFFFFFFFFFFFFFFFFFFFFFFEF
:10A18000FFFFFFFFFFFFFFFFFFFFFFFFFFFFFFFFDF
:10A19000FFFFFFFFFFFFFFFFFFFFFFFFFFFFFFFFCF
:10A1A000FFFFFFFFFFFFFFFFFFFFFFFFFFFFFFFFBF
:10A1B000FFFFFFFFFFFFFFFFFFFFFFFFFFFFFFFFAF
:10A1C000FFFFFFFFFFFFFFFFFFFFFFFFFFFFFFFF9F
:10A1D000FFFFFFFFFFFFFFFFFFFFFFFFFFFFFFFF8F
:10A1E000FFFFFFFFFFFFFFFFFFFFFFFFFFFFFFFF7F
:10A1F000FFFFFFFFFFFFFFFFFFFFFFFFFFFFFFFF6F
:10A20000FFFFFFFFFFFFFFFFFFFFFFFFFFFFFFFF5E
:10A21000FFFFFFFFFFFFFFFFFFFFFFFFFFFFFFFF4E
:10A22000FFFFFFFFFFFFFFFFFFFFFFFFFFFFFFFF3E
:10A23000FFFFFFFFFFFFFFFFFFFFFFFFFFFFFFFF2E
:10A24000FFFFFFFFFFFFFFFFFFFFFFFFFFFFFFFF1E
:10A25000FFFFFFFFFFFFFFFFFFFFFFFFFFFFFFFF0E
:10A26000FFFFFFFFFFFFFFFFFFFFFFFFFFFFFFFFFE
:10A27000FFFFFFFFFFFFFFFFFFFFFFFFFFFFFFFFEE
:10A28000FFFFFFFFFFFFFFFFFFFFFFFFFFFFFFFFDE
:10A29000FFFFFFFFFFFFFFFFFFFFFFFFFFFFFFFFCE
:10A2A000FFFFFFFFFFFFFFFFFFFFFFFFFFFFFFFFBE
:10A2B000FFFFFFFFFFFFFFFFFFFFFFFFFFFFFFFFAE
:10A2C000FFFFFFFFFFFFFFFFFFFFFFFFFFFFFFFF9E
:10A2D000FFFFFFFFFFFFFFFFFFFFFFFFFFFFFFFF8E
:10A2E000FFFFFFFFFFFFFFFFFFFFFFFFFFFFFFFF7E
:10A2F000FFFFFFFFFFFFFFFFFFFFFFFFFFFFFFFF6E
:10A30000FFFFFFFFFFFFFFFFFFFFFFFFFFFFFFFF5D
:10A31000FFFFFFFFFFFFFFFFFFFFFFFFFFFFFFFF4D
:10A32000FFFFFFFFFFFFFFFFFFFFFFFFFFFFFFFF3D
:10A33000FFFFFFFFFFFFFFFFFFFFFFFFFFFFFFFF2D
:10A34000FFFFFFFFFFFFFFFFFFFFFFFFFFFFFFFF1D
:10A35000FFFFFFFFFFFFFFFFFFFFFFFFFFFFFFFF0D
:10A36000FFFFFFFFFFFFFFFFFFFFFFFFFFFFFFFFFD
:10A37000FFFFFFFFFFFFFFFFFFFFFFFFFFFFFFFFED
:10A38000FFFFFFFFFFFFFFFFFFFFFFFFFFFFFFFFDD
:10A39000FFFFFFFFFFFFFFFFFFFFFFFFFFFFFFFFCD
:10A3A000FFFFFFFFFFFFFFFFFFFFFFFFFFFFFFFFBD
:10A3B000FFFFFFFFFFFFFFFFFFFFFFFFFFFFFFFFAD
:10A3C000FFFFFFFFFFFFFFFFFFFFFFFFFFFFFFFF9D
:10A3D000FFFFFFFFFFFFFFFFFFFFFFFFFFFFFFFF8D
:10A3E000FFFFFFFFFFFFFFFFFFFFFFFFFFFFFFFF7D
:10A3F000FFFFFFFFFFFFFFFFFFFFFFFFFFFFFFFF6D
:10A40000FFFFFFFFFFFFFFFFFFFFFFFFFFFFFFFF5C
:10A41000FFFFFFFFFFFFFFFFFFFFFFFFFFFFFFFF4C
:10A42000FFFFFFFFFFFFFFFFFFFFFFFFFFFFFFFF3C
:10A43000FFFFFFFFFFFFFFFFFFFFFFFFFFFFFFFF2C
:10A44000FFFFFFFFFFFFFFFFFFFFFFFFFFFFFFFF1C
:10A45000FFFFFFFFFFFFFFFFFFFFFFFFFFFFFFFF0C
:10A46000FFFFFFFFFFFFFFFFFFFFFFFFFFFFFFFFFC
:10A47000FFFFFFFFFFFFFFFFFFFFFFFFFFFFFFFFEC
:10A48000FFFFFFFFFFFFFFFFFFFFFFFFFFFFFFFFDC
:10A49000FFFFFFFFFFFFFFFFFFFFFFFFFFFFFFFFCC
:10A4A000FFFFFFFFFFFFFFFFFFFFFFFFFFFFFFFFBC
:10A4B000FFFFFFFFFFFFFFFFFFFFFFFFFFFFFFFFAC
:10A4C000FFFFFFFFFFFFFFFFFFFFFFFFFFFFFFFF9C
:10A4D000FFFFFFFFFFFFFFFFFFFFFFFFFFFFFFFF8C
:10A4E000FFFFFFFFFFFFFFFFFFFFFFFFFFFFFFFF7C
:10A4F000FFFFFFFFFFFFFFFFFFFFFFFFFFFFFFFF6C
:10A50000FFFFFFFFFFFFFFFFFFFFFFFFFFFFFFFF5B
:10A51000FFFFFFFFFFFFFFFFFFFFFFFFFFFFFFFF4B
:10A52000FFFFFFFFFFFFFFFFFFFFFFFFFFFFFFFF3B
:10A53000FFFFFFFFFFFFFFFFFFFFFFFFFFFFFFFF2B
:10A54000FFFFFFFFFFFFFFFFFFFFFFFFFFFFFFFF1B
:10A55000FFFFFFFFFFFFFFFFFFFFFFFFFFFFFFFF0B
:10A56000FFFFFFFFFFFFFFFFFFFFFFFFFFFFFFFFFB
:10A57000FFFFFFFFFFFFFFFFFFFFFFFFFFFFFFFFEB
:10A58000FFFFFFFFFFFFFFFFFFFFFFFFFFFFFFFFDB
:10A59000FFFFFFFFFFFFFFFFFFFFFFFFFFFFFFFFCB
:10A5A000FFFFFFFFFFFFFFFFFFFFFFFFFFFFFFFFBB
:10A5B000FFFFFFFFFFFFFFFFFFFFFFFFFFFFFFFFAB
:10A5C000FFFFFFFFFFFFFFFFFFFFFFFFFFFFFFFF9B
:10A5D000FFFFFFFFFFFFFFFFFFFFFFFFFFFFFFFF8B
:10A5E000FFFFFFFFFFFFFFFFFFFFFFFFFFFFFFFF7B
:10A5F000FFFFFFFFFFFFFFFFFFFFFFFFFFFFFFFF6B
:10A60000FFFFFFFFFFFFFFFFFFFFFFFFFFFFFFFF5A
:10A61000FFFFFFFFFFFFFFFFFFFFFFFFFFFFFFFF4A
:10A62000FFFFFFFFFFFFFFFFFFFFFFFFFFFFFFFF3A
:10A63000FFFFFFFFFFFFFFFFFFFFFFFFFFFFFFFF2A
:10A64000FFFFFFFFFFFFFFFFFFFFFFFFFFFFFFFF1A
:10A65000FFFFFFFFFFFFFFFFFFFFFFFFFFFFFFFF0A
:10A66000FFFFFFFFFFFFFFFFFFFFFFFFFFFFFFFFFA
:10A67000FFFFFFFFFFFFFFFFFFFFFFFFFFFFFFFFEA
:10A68000FFFFFFFFFFFFFFFFFFFFFFFFFFFFFFFFDA
:10A69000FFFFFFFFFFFFFFFFFFFFFFFFFFFFFFFFCA
:10A6A000FFFFFFFFFFFFFFFFFFFFFFFFFFFFFFFFBA
:10A6B000FFFFFFFFFFFFFFFFFFFFFFFFFFFFFFFFAA
:10A6C000FFFFFFFFFFFFFFFFFFFFFFFFFFFFFFFF9A
:10A6D000FFFFFFFFFFFFFFFFFFFFFFFFFFFFFFFF8A
:10A6E000FFFFFFFFFFFFFFFFFFFFFFFFFFFFFFFF7A
:10A6F000FFFFFFFFFFFFFFFFFFFFFFFFFFFFFFFF6A
:10A70000FFFFFFFFFFFFFFFFFFFFFFFFFFFFFFFF59
:10A71000FFFFFFFFFFFFFFFFFFFFFFFFFFFFFFFF49
:10A72000FFFFFFFFFFFFFFFFFFFFFFFFFFFFFFFF39
:10A73000FFFFFFFFFFFFFFFFFFFFFFFFFFFFFFFF29
:10A74000FFFFFFFFFFFFFFFFFFFFFFFFFFFFFFFF19
:10A75000FFFFFFFFFFFFFFFFFFFFFFFFFFFFFFFF09
:10A76000FFFFFFFFFFFFFFFFFFFFFFFFFFFFFFFFF9
:10A77000FFFFFFFFFFFFFFFFFFFFFFFFFFFFFFFFE9
:10A78000FFFFFFFFFFFFFFFFFFFFFFFFFFFFFFFFD9
:10A79000FFFFFFFFFFFFFFFFFFFFFFFFFFFFFFFFC9
:10A7A000FFFFFFFFFFFFFFFFFFFFFFFFFFFFFFFFB9
:10A7B000FFFFFFFFFFFFFFFFFFFFFFFFFFFFFFFFA9
:10A7C000FFFFFFFFFFFFFFFFFFFFFFFFFFFFFFFF99
:10A7D000FFFFFFFFFFFFFFFFFFFFFFFFFFFFFFFF89
:10A7E000FFFFFFFFFFFFFFFFFFFFFFFFFFFFFFFF79
:10A7F000FFFFFFFFFFFFFFFFFFFFFFFFFFFFFFFF69
:10A80000FFFFFFFFFFFFFFFFFFFFFFFFFFFFFFFF58
:10A81000FFFFFFFFFFFFFFFFFFFFFFFFFFFFFFFF48
:10A82000FFFFFFFFFFFFFFFFFFFFFFFFFFFFFFFF38
:10A83000FFFFFFFFFFFFFFFFFFFFFFFFFFFFFFFF28
:10A84000FFFFFFFFFFFFFFFFFFFFFFFFFFFFFFFF18
:10A85000FFFFFFFFFFFFFFFFFFFFFFFFFFFFFFFF08
:10A86000FFFFFFFFFFFFFFFFFFFFFFFFFFFFFFFFF8
:10A87000FFFFFFFFFFFFFFFFFFFFFFFFFFFFFFFFE8
:10A88000FFFFFFFFFFFFFFFFFFFFFFFFFFFFFFFFD8
:10A89000FFFFFFFFFFFFFFFFFFFFFFFFFFFFFFFFC8
:10A8A000FFFFFFFFFFFFFFFFFFFFFFFFFFFFFFFFB8
:10A8B000FFFFFFFFFFFFFFFFFFFFFFFFFFFFFFFFA8
:10A8C000FFFFFFFFFFFFFFFFFFFFFFFFFFFFFFFF98
:10A8D000FFFFFFFFFFFFFFFFFFFFFFFFFFFFFFFF88
:10A8E000FFFFFFFFFFFFFFFFFFFFFFFFFFFFFFFF78
:10A8F000FFFFFFFFFFFFFFFFFFFFFFFFFFFFFFFF68
:10A90000FFFFFFFFFFFFFFFFFFFFFFFFFFFFFFFF57
:10A91000FFFFFFFFFFFFFFFFFFFFFFFFFFFFFFFF47
:10A92000FFFFFFFFFFFFFFFFFFFFFFFFFFFFFFFF37
:10A93000FFFFFFFFFFFFFFFFFFFFFFFFFFFFFFFF27
:10A94000FFFFFFFFFFFFFFFFFFFFFFFFFFFFFFFF17
:10A95000FFFFFFFFFFFFFFFFFFFFFFFFFFFFFFFF07
:10A96000FFFFFFFFFFFFFFFFFFFFFFFFFFFFFFFFF7
:10A97000FFFFFFFFFFFFFFFFFFFFFFFFFFFFFFFFE7
:10A98000FFFFFFFFFFFFFFFFFFFFFFFFFFFFFFFFD7
:10A99000FFFFFFFFFFFFFFFFFFFFFFFFFFFFFFFFC7
:10A9A000FFFFFFFFFFFFFFFFFFFFFFFFFFFFFFFFB7
:10A9B000FFFFFFFFFFFFFFFFFFFFFFFFFFFFFFFFA7
:10A9C000FFFFFFFFFFFFFFFFFFFFFFFFFFFFFFFF97
:10A9D000FFFFFFFFFFFFFFFFFFFFFFFFFFFFFFFF87
:10A9E000FFFFFFFFFFFFFFFFFFFFFFFFFFFFFFFF77
:10A9F000FFFFFFFFFFFFFFFFFFFFFFFFFFFFFFFF67
:10AA0000FFFFFFFFFFFFFFFFFFFFFFFFFFFFFFFF56
:10AA1000FFFFFFFFFFFFFFFFFFFFFFFFFFFFFFFF46
:10AA2000FFFFFFFFFFFFFFFFFFFFFFFFFFFFFFFF36
:10AA3000FFFFFFFFFFFFFFFFFFFFFFFFFFFFFFFF26
:10AA4000FFFFFFFFFFFFFFFFFFFFFFFFFFFFFFFF16
:10AA5000FFFFFFFFFFFFFFFFFFFFFFFFFFFFFFFF06
:10AA6000FFFFFFFFFFFFFFFFFFFFFFFFFFFFFFFFF6
:10AA7000FFFFFFFFFFFFFFFFFFFFFFFFFFFFFFFFE6
:10AA8000FFFFFFFFFFFFFFFFFFFFFFFFFFFFFFFFD6
:10AA9000FFFFFFFFFFFFFFFFFFFFFFFFFFFFFFFFC6
:10AAA000FFFFFFFFFFFFFFFFFFFFFFFFFFFFFFFFB6
:10AAB000FFFFFFFFFFFFFFFFFFFFFFFFFFFFFFFFA6
:10AAC000FFFFFFFFFFFFFFFFFFFFFFFFFFFFFFFF96
:10AAD000FFFFFFFFFFFFFFFFFFFFFFFFFFFFFFFF86
:10AAE000FFFFFFFFFFFFFFFFFFFFFFFFFFFFFFFF76
:10AAF000FFFFFFFFFFFFFFFFFFFFFFFFFFFFFFFF66
:10AB0000FFFFFFFFFFFFFFFFFFFFFFFFFFFFFFFF55
:10AB1000FFFFFFFFFFFFFFFFFFFFFFFFFFFFFFFF45
:10AB2000FFFFFFFFFFFFFFFFFFFFFFFFFFFFFFFF35
:10AB3000FFFFFFFFFFFFFFFFFFFFFFFFFFFFFFFF25
:10AB4000FFFFFFFFFFFFFFFFFFFFFFFFFFFFFFFF15
:10AB5000FFFFFFFFFFFFFFFFFFFFFFFFFFFFFFFF05
:10AB6000FFFFFFFFFFFFFFFFFFFFFFFFFFFFFFFFF5
:10AB7000FFFFFFFFFFFFFFFFFFFFFFFFFFFFFFFFE5
:10AB8000FFFFFFFFFFFFFFFFFFFFFFFFFFFFFFFFD5
:10AB9000FFFFFFFFFFFFFFFFFFFFFFFFFFFFFFFFC5
:10ABA000FFFFFFFFFFFFFFFFFFFFFFFFFFFFFFFFB5
:10ABB000FFFFFFFFFFFFFFFFFFFFFFFFFFFFFFFFA5
:10ABC000FFFFFFFFFFFFFFFFFFFFFFFFFFFFFFFF95
:10ABD000FFFFFFFFFFFFFFFFFFFFFFFFFFFFFFFF85
:10ABE000FFFFFFFFFFFFFFFFFFFFFFFFFFFFFFFF75
:10ABF000FFFFFFFFFFFFFFFFFFFFFFFFFFFFFFFF65
:10AC0000FFFFFFFFFFFFFFFFFFFFFFFFFFFFFFFF54
:10AC1000FFFFFFFFFFFFFFFFFFFFFFFFFFFFFFFF44
:10AC2000FFFFFFFFFFFFFFFFFFFFFFFFFFFFFFFF34
:10AC3000FFFFFFFFFFFFFFFFFFFFFFFFFFFFFFFF24
:10AC4000FFFFFFFFFFFFFFFFFFFFFFFFFFFFFFFF14
:10AC5000FFFFFFFFFFFFFFFFFFFFFFFFFFFFFFFF04
:10AC6000FFFFFFFFFFFFFFFFFFFFFFFFFFFFFFFFF4
:10AC7000FFFFFFFFFFFFFFFFFFFFFFFFFFFFFFFFE4
:10AC8000FFFFFFFFFFFFFFFFFFFFFFFFFFFFFFFFD4
:10AC9000FFFFFFFFFFFFFFFFFFFFFFFFFFFFFFFFC4
:10ACA000FFFFFFFFFFFFFFFFFFFFFFFFFFFFFFFFB4
:10ACB000FFFFFFFFFFFFFFFFFFFFFFFFFFFFFFFFA4
:10ACC000FFFFFFFFFFFFFFFFFFFFFFFFFFFFFFFF94
:10ACD000FFFFFFFFFFFFFFFFFFFFFFFFFFFFFFFF84
:10ACE000FFFFFFFFFFFFFFFFFFFFFFFFFFFFFFFF74
:10ACF000FFFFFFFFFFFFFFFFFFFFFFFFFFFFFFFF64
:10AD0000FFFFFFFFFFFFFFFFFFFFFFFFFFFFFFFF53
:10AD1000FFFFFFFFFFFFFFFFFFFFFFFFFFFFFFFF43
:10AD2000FFFFFFFFFFFFFFFFFFFFFFFFFFFFFFFF33
:10AD3000FFFFFFFFFFFFFFFFFFFFFFFFFFFFFFFF23
:10AD4000FFFFFFFFFFFFFFFFFFFFFFFFFFFFFFFF13
:10AD5000FFFFFFFFFFFFFFFFFFFFFFFFFFFFFFFF03
:10AD6000FFFFFFFFFFFFFFFFFFFFFFFFFFFFFFFFF3
:10AD7000FFFFFFFFFFFFFFFFFFFFFFFFFFFFFFFFE3
:10AD8000FFFFFFFFFFFFFFFFFFFFFFFFFFFFFFFFD3
:10AD9000FFFFFFFFFFFFFFFFFFFFFFFFFFFFFFFFC3
:10ADA000FFFFFFFFFFFFFFFFFFFFFFFFFFFFFFFFB3
:10ADB000FFFFFFFFFFFFFFFFFFFFFFFFFFFFFFFFA3
:10ADC000FFFFFFFFFFFFFFFFFFFFFFFFFFFFFFFF93
:10ADD000FFFFFFFFFFFFFFFFFFFFFFFFFFFFFFFF83
:10ADE000FFFFFFFFFFFFFFFFFFFFFFFFFFFFFFFF73
:10ADF000FFFFFFFFFFFFFFFFFFFFFFFFFFFFFFFF63
:10AE0000FFFFFFFFFFFFFFFFFFFFFFFFFFFFFFFF52
:10AE1000FFFFFFFFFFFFFFFFFFFFFFFFFFFFFFFF42
:10AE2000FFFFFFFFFFFFFFFFFFFFFFFFFFFFFFFF32
:10AE3000FFFFFFFFFFFFFFFFFFFFFFFFFFFFFFFF22
:10AE4000FFFFFFFFFFFFFFFFFFFFFFFFFFFFFFFF12
:10AE5000FFFFFFFFFFFFFFFFFFFFFFFFFFFFFFFF02
:10AE6000FFFFFFFFFFFFFFFFFFFFFFFFFFFFFFFFF2
:10AE7000FFFFFFFFFFFFFFFFFFFFFFFFFFFFFFFFE2
:10AE8000FFFFFFFFFFFFFFFFFFFFFFFFFFFFFFFFD2
:10AE9000FFFFFFFFFFFFFFFFFFFFFFFFFFFFFFFFC2
:10AEA000FFFFFFFFFFFFFFFFFFFFFFFFFFFFFFFFB2
:10AEB000FFFFFFFFFFFFFFFFFFFFFFFFFFFFFFFFA2
:10AEC000FFFFFFFFFFFFFFFFFFFFFFFFFFFFFFFF92
:10AED000FFFFFFFFFFFFFFFFFFFFFFFFFFFFFFFF82
:10AEE000FFFFFFFFFFFFFFFFFFFFFFFFFFFFFFFF72
:10AEF000FFFFFFFFFFFFFFFFFFFFFFFFFFFFFFFF62
:10AF0000FFFFFFFFFFFFFFFFFFFFFFFFFFFFFFFF51
:10AF1000FFFFFFFFFFFFFFFFFFFFFFFFFFFFFFFF41
:10AF2000FFFFFFFFFFFFFFFFFFFFFFFFFFFFFFFF31
:10AF3000FFFFFFFFFFFFFFFFFFFFFFFFFFFFFFFF21
:10AF4000FFFFFFFFFFFFFFFFFFFFFFFFFFFFFFFF11
:10AF5000FFFFFFFFFFFFFFFFFFFFFFFFFFFFFFFF01
:10AF6000FFFFFFFFFFFFFFFFFFFFFFFFFFFFFFFFF1
:10AF7000FFFFFFFFFFFFFFFFFFFFFFFFFFFFFFFFE1
:10AF8000FFFFFFFFFFFFFFFFFFFFFFFFFFFFFFFFD1
:10AF9000FFFFFFFFFFFFFFFFFFFFFFFFFFFFFFFFC1
:10AFA000FFFFFFFFFFFFFFFFFFFFFFFFFFFFFFFFB1
:10AFB000FFFFFFFFFFFFFFFFFFFFFFFFFFFFFFFFA1
:10AFC000FFFFFFFFFFFFFFFFFFFFFFFFFFFFFFFF91
:10AFD000FFFFFFFFFFFFFFFFFFFFFFFFFFFFFFFF81
:10AFE000FFFFFFFFFFFFFFFFFFFFFFFFFFFFFFFF71
:10AFF000FFFFFFFFFFFFFFFFFFFFFFFFFFFFFFFF61
:10B00000FFFFFFFFFFFFFFFFFFFFFFFFFFFFFFFF50
:10B01000FFFFFFFFFFFFFFFFFFFFFFFFFFFFFFFF40
:10B02000FFFFFFFFFFFFFFFFFFFFFFFFFFFFFFFF30
:10B03000FFFFFFFFFFFFFFFFFFFFFFFFFFFFFFFF20
:10B04000FFFFFFFFFFFFFFFFFFFFFFFFFFFFFFFF10
:10B05000FFFFFFFFFFFFFFFFFFFFFFFFFFFFFFFF00
:10B06000FFFFFFFFFFFFFFFFFFFFFFFFFFFFFFFFF0
:10B07000FFFFFFFFFFFFFFFFFFFFFFFFFFFFFFFFE0
:10B08000FFFFFFFFFFFFFFFFFFFFFFFFFFFFFFFFD0
:10B09000FFFFFFFFFFFFFFFFFFFFFFFFFFFFFFFFC0
:10B0A000FFFFFFFFFFFFFFFFFFFFFFFFFFFFFFFFB0
:10B0B000FFFFFFFFFFFFFFFFFFFFFFFFFFFFFFFFA0
:10B0C000FFFFFFFFFFFFFFFFFFFFFFFFFFFFFFFF90
:10B0D000FFFFFFFFFFFFFFFFFFFFFFFFFFFFFFFF80
:10B0E000FFFFFFFFFFFFFFFFFFFFFFFFFFFFFFFF70
:10B0F000FFFFFFFFFFFFFFFFFFFFFFFFFFFFFFFF60
:10B10000FFFFFFFFFFFFFFFFFFFFFFFFFFFFFFFF4F
:10B11000FFFFFFFFFFFFFFFFFFFFFFFFFFFFFFFF3F
:10B12000FFFFFFFFFFFFFFFFFFFFFFFFFFFFFFFF2F
:10B13000FFFFFFFFFFFFFFFFFFFFFFFFFFFFFFFF1F
:10B14000FFFFFFFFFFFFFFFFFFFFFFFFFFFFFFFF0F
:10B15000FFFFFFFFFFFFFFFFFFFFFFFFFFFFFFFFFF
:10B16000FFFFFFFFFFFFFFFFFFFFFFFFFFFFFFFFEF
:10B17000FFFFFFFFFFFFFFFFFFFFFFFFFFFFFFFFDF
:10B18000FFFFFFFFFFFFFFFFFFFFFFFFFFFFFFFFCF
:10B19000FFFFFFFFFFFFFFFFFFFFFFFFFFFFFFFFBF
:10B1A000FFFFFFFFFFFFFFFFFFFFFFFFFFFFFFFFAF
:10B1B000FFFFFFFFFFFFFFFFFFFFFFFFFFFFFFFF9F
:10B1C000FFFFFFFFFFFFFFFFFFFFFFFFFFFFFFFF8F
:10B1D000FFFFFFFFFFFFFFFFFFFFFFFFFFFFFFFF7F
:10B1E000FFFFFFFFFFFFFFFFFFFFFFFFFFFFFFFF6F
:10B1F000FFFFFFFFFFFFFFFFFFFFFFFFFFFFFFFF5F
:10B20000FFFFFFFFFFFFFFFFFFFFFFFFFFFFFFFF4E
:10B21000FFFFFFFFFFFFFFFFFFFFFFFFFFFFFFFF3E
:10B22000FFFFFFFFFFFFFFFFFFFFFFFFFFFFFFFF2E
:10B23000FFFFFFFFFFFFFFFFFFFFFFFFFFFFFFFF1E
:10B24000FFFFFFFFFFFFFFFFFFFFFFFFFFFFFFFF0E
:10B25000FFFFFFFFFFFFFFFFFFFFFFFFFFFFFFFFFE
:10B26000FFFFFFFFFFFFFFFFFFFFFFFFFFFFFFFFEE
:10B27000FFFFFFFFFFFFFFFFFFFFFFFFFFFFFFFFDE
:10B28000FFFFFFFFFFFFFFFFFFFFFFFFFFFFFFFFCE
:10B29000FFFFFFFFFFFFFFFFFFFFFFFFFFFFFFFFBE
:10B2A000FFFFFFFFFFFFFFFFFFFFFFFFFFFFFFFFAE
:10B2B000FFFFFFFFFFFFFFFFFFFFFFFFFFFFFFFF9E
:10B2C000FFFFFFFFFFFFFFFFFFFFFFFFFFFFFFFF8E
:10B2D000FFFFFFFFFFFFFFFFFFFFFFFFFFFFFFFF7E
:10B2E000FFFFFFFFFFFFFFFFFFFFFFFFFFFFFFFF6E
:10B2F000FFFFFFFFFFFFFFFFFFFFFFFFFFFFFFFF5E
:10B30000FFFFFFFFFFFFFFFFFFFFFFFFFFFFFFFF4D
:10B31000FFFFFFFFFFFFFFFFFFFFFFFFFFFFFFFF3D
:10B32000FFFFFFFFFFFFFFFFFFFFFFFFFFFFFFFF2D
:10B33000FFFFFFFFFFFFFFFFFFFFFFFFFFFFFFFF1D
:10B34000FFFFFFFFFFFFFFFFFFFFFFFFFFFFFFFF0D
:10B35000FFFFFFFFFFFFFFFFFFFFFFFFFFFFFFFFFD
:10B36000FFFFFFFFFFFFFFFFFFFFFFFFFFFFFFFFED
:10B37000FFFFFFFFFFFFFFFFFFFFFFFFFFFFFFFFDD
:10B38000FFFFFFFFFFFFFFFFFFFFFFFFFFFFFFFFCD
:10B39000FFFFFFFFFFFFFFFFFFFFFFFFFFFFFFFFBD
:10B3A000FFFFFFFFFFFFFFFFFFFFFFFFFFFFFFFFAD
:10B3B000FFFFFFFFFFFFFFFFFFFFFFFFFFFFFFFF9D
:10B3C000FFFFFFFFFFFFFFFFFFFFFFFFFFFFFFFF8D
:10B3D000FFFFFFFFFFFFFFFFFFFFFFFFFFFFFFFF7D
:10B3E000FFFFFFFFFFFFFFFFFFFFFFFFFFFFFFFF6D
:10B3F000FFFFFFFFFFFFFFFFFFFFFFFFFFFFFFFF5D
:10B40000FFFFFFFFFFFFFFFFFFFFFFFFFFFFFFFF4C
:10B41000FFFFFFFFFFFFFFFFFFFFFFFFFFFFFFFF3C
:10B42000FFFFFFFFFFFFFFFFFFFFFFFFFFFFFFFF2C
:10B43000FFFFFFFFFFFFFFFFFFFFFFFFFFFFFFFF1C
:10B44000FFFFFFFFFFFFFFFFFFFFFFFFFFFFFFFF0C
:10B45000FFFFFFFFFFFFFFFFFFFFFFFFFFFFFFFFFC
:10B46000FFFFFFFFFFFFFFFFFFFFFFFFFFFFFFFFEC
:10B47000FFFFFFFFFFFFFFFFFFFFFFFFFFFFFFFFDC
:10B48000FFFFFFFFFFFFFFFFFFFFFFFFFFFFFFFFCC
:10B49000FFFFFFFFFFFFFFFFFFFFFFFFFFFFFFFFBC
:10B4A000FFFFFFFFFFFFFFFFFFFFFFFFFFFFFFFFAC
:10B4B000FFFFFFFFFFFFFFFFFFFFFFFFFFFFFFFF9C
:10B4C000FFFFFFFFFFFFFFFFFFFFFFFFFFFFFFFF8C
:10B4D000FFFFFFFFFFFFFFFFFFFFFFFFFFFFFFFF7C
:10B4E000FFFFFFFFFFFFFFFFFFFFFFFFFFFFFFFF6C
:10B4F000FFFFFFFFFFFFFFFFFFFFFFFFFFFFFFFF5C
:10B50000FFFFFFFFFFFFFFFFFFFFFFFFFFFFFFFF4B
:10B51000FFFFFFFFFFFFFFFFFFFFFFFFFFFFFFFF3B
:10B52000FFFFFFFFFFFFFFFFFFFFFFFFFFFFFFFF2B
:10B53000FFFFFFFFFFFFFFFFFFFFFFFFFFFFFFFF1B
:10B54000FFFFFFFFFFFFFFFFFFFFFFFFFFFFFFFF0B
:10B55000FFFFFFFFFFFFFFFFFFFFFFFFFFFFFFFFFB
:10B56000FFFFFFFFFFFFFFFFFFFFFFFFFFFFFFFFEB
:10B57000FFFFFFFFFFFFFFFFFFFFFFFFFFFFFFFFDB
:10B58000FFFFFFFFFFFFFFFFFFFFFFFFFFFFFFFFCB
:10B59000FFFFFFFFFFFFFFFFFFFFFFFFFFFFFFFFBB
:10B5A000FFFFFFFFFFFFFFFFFFFFFFFFFFFFFFFFAB
:10B5B000FFFFFFFFFFFFFFFFFFFFFFFFFFFFFFFF9B
:10B5C000FFFFFFFFFFFFFFFFFFFFFFFFFFFFFFFF8B
:10B5D000FFFFFFFFFFFFFFFFFFFFFFFFFFFFFFFF7B
:10B5E000FFFFFFFFFFFFFFFFFFFFFFFFFFFFFFFF6B
:10B5F000FFFFFFFFFFFFFFFFFFFFFFFFFFFFFFFF5B
:10B60000FFFFFFFFFFFFFFFFFFFFFFFFFFFFFFFF4A
:10B61000FFFFFFFFFFFFFFFFFFFFFFFFFFFFFFFF3A
:10B62000FFFFFFFFFFFFFFFFFFFFFFFFFFFFFFFF2A
:10B63000FFFFFFFFFFFFFFFFFFFFFFFFFFFFFFFF1A
:10B64000FFFFFFFFFFFFFFFFFFFFFFFFFFFFFFFF0A
:10B65000FFFFFFFFFFFFFFFFFFFFFFFFFFFFFFFFFA
:10B66000FFFFFFFFFFFFFFFFFFFFFFFFFFFFFFFFEA
:10B67000FFFFFFFFFFFFFFFFFFFFFFFFFFFFFFFFDA
:10B68000FFFFFFFFFFFFFFFFFFFFFFFFFFFFFFFFCA
:10B69000FFFFFFFFFFFFFFFFFFFFFFFFFFFFFFFFBA
:10B6A000FFFFFFFFFFFFFFFFFFFFFFFFFFFFFFFFAA
:10B6B000FFFFFFFFFFFFFFFFFFFFFFFFFFFFFFFF9A
:10B6C000FFFFFFFFFFFFFFFFFFFFFFFFFFFFFFFF8A
:10B6D000FFFFFFFFFFFFFFFFFFFFFFFFFFFFFFFF7A
:10B6E000FFFFFFFFFFFFFFFFFFFFFFFFFFFFFFFF6A
:10B6F000FFFFFFFFFFFFFFFFFFFFFFFFFFFFFFFF5A
:10B70000FFFFFFFFFFFFFFFFFFFFFFFFFFFFFFFF49
:10B71000FFFFFFFFFFFFFFFFFFFFFFFFFFFFFFFF39
:10B72000FFFFFFFFFFFFFFFFFFFFFFFFFFFFFFFF29
:10B73000FFFFFFFFFFFFFFFFFFFFFFFFFFFFFFFF19
:10B74000FFFFFFFFFFFFFFFFFFFFFFFFFFFFFFFF09
:10B75000FFFFFFFFFFFFFFFFFFFFFFFFFFFFFFFFF9
:10B76000FFFFFFFFFFFFFFFFFFFFFFFFFFFFFFFFE9
:10B77000FFFFFFFFFFFFFFFFFFFFFFFFFFFFFFFFD9
:10B78000FFFFFFFFFFFFFFFFFFFFFFFFFFFFFFFFC9
:10B79000FFFFFFFFFFFFFFFFFFFFFFFFFFFFFFFFB9
:10B7A000FFFFFFFFFFFFFFFFFFFFFFFFFFFFFFFFA9
:10B7B000FFFFFFFFFFFFFFFFFFFFFFFFFFFFFFFF99
:10B7C000FFFFFFFFFFFFFFFFFFFFFFFFFFFFFFFF89
:10B7D000FFFFFFFFFFFFFFFFFFFFFFFFFFFFFFFF79
:10B7E000FFFFFFFFFFFFFFFFFFFFFFFFFFFFFFFF69
:10B7F000FFFFFFFFFFFFFFFFFFFFFFFFFFFFFFFF59
:10B80000FFFFFFFFFFFFFFFFFFFFFFFFFFFFFFFF48
:10B81000FFFFFFFFFFFFFFFFFFFFFFFFFFFFFFFF38
:10B82000FFFFFFFFFFFFFFFFFFFFFFFFFFFFFFFF28
:10B83000FFFFFFFFFFFFFFFFFFFFFFFFFFFFFFFF18
:10B84000FFFFFFFFFFFFFFFFFFFFFFFFFFFFFFFF08
:10B85000FFFFFFFFFFFFFFFFFFFFFFFFFFFFFFFFF8
:10B86000FFFFFFFFFFFFFFFFFFFFFFFFFFFFFFFFE8
:10B87000FFFFFFFFFFFFFFFFFFFFFFFFFFFFFFFFD8
:10B88000FFFFFFFFFFFFFFFFFFFFFFFFFFFFFFFFC8
:10B89000FFFFFFFFFFFFFFFFFFFFFFFFFFFFFFFFB8
:10B8A000FFFFFFFFFFFFFFFFFFFFFFFFFFFFFFFFA8
:10B8B000FFFFFFFFFFFFFFFFFFFFFFFFFFFFFFFF98
:10B8C000FFFFFFFFFFFFFFFFFFFFFFFFFFFFFFFF88
:10B8D000FFFFFFFFFFFFFFFFFFFFFFFFFFFFFFFF78
:10B8E000FFFFFFFFFFFFFFFFFFFFFFFFFFFFFFFF68
:10B8F000FFFFFFFFFFFFFFFFFFFFFFFFFFFFFFFF58
:10B90000FFFFFFFFFFFFFFFFFFFFFFFFFFFFFFFF47
:10B91000FFFFFFFFFFFFFFFFFFFFFFFFFFFFFFFF37
:10B92000FFFFFFFFFFFFFFFFFFFFFFFFFFFFFFFF27
:10B93000FFFFFFFFFFFFFFFFFFFFFFFFFFFFFFFF17
:10B94000FFFFFFFFFFFFFFFFFFFFFFFFFFFFFFFF07
:10B95000FFFFFFFFFFFFFFFFFFFFFFFFFFFFFFFFF7
:10B96000FFFFFFFFFFFFFFFFFFFFFFFFFFFFFFFFE7
:10B97000FFFFFFFFFFFFFFFFFFFFFFFFFFFFFFFFD7
:10B98000FFFFFFFFFFFFFFFFFFFFFFFFFFFFFFFFC7
:10B99000FFFFFFFFFFFFFFFFFFFFFFFFFFFFFFFFB7
:10B9A000FFFFFFFFFFFFFFFFFFFFFFFFFFFFFFFFA7
:10B9B000FFFFFFFFFFFFFFFFFFFFFFFFFFFFFFFF97
:10B9C000FFFFFFFFFFFFFFFFFFFFFFFFFFFFFFFF87
:10B9D000FFFFFFFFFFFFFFFFFFFFFFFFFFFFFFFF77
:10B9E000FFFFFFFFFFFFFFFFFFFFFFFFFFFFFFFF67
:10B9F000FFFFFFFFFFFFFFFFFFFFFFFFFFFFFFFF57
:10BA0000FFFFFFFFFFFFFFFFFFFFFFFFFFFFFFFF46
:10BA1000FFFFFFFFFFFFFFFFFFFFFFFFFFFFFFFF36
:10BA2000FFFFFFFFFFFFFFFFFFFFFFFFFFFFFFFF26
:10BA3000FFFFFFFFFFFFFFFFFFFFFFFFFFFFFFFF16
:10BA4000FFFFFFFFFFFFFFFFFFFFFFFFFFFFFFFF06
:10BA5000FFFFFFFFFFFFFFFFFFFFFFFFFFFFFFFFF6
:10BA6000FFFFFFFFFFFFFFFFFFFFFFFFFFFFFFFFE6
:10BA7000FFFFFFFFFFFFFFFFFFFFFFFFFFFFFFFFD6
:10BA8000FFFFFFFFFFFFFFFFFFFFFFFFFFFFFFFFC6
:10BA9000FFFFFFFFFFFFFFFFFFFFFFFFFFFFFFFFB6
:10BAA000FFFFFFFFFFFFFFFFFFFFFFFFFFFFFFFFA6
:10BAB000FFFFFFFFFFFFFFFFFFFFFFFFFFFFFFFF96
:10BAC000FFFFFFFFFFFFFFFFFFFFFFFFFFFFFFFF86
:10BAD000FFFFFFFFFFFFFFFFFFFFFFFFFFFFFFFF76
:10BAE000FFFFFFFFFFFFFFFFFFFFFFFFFFFFFFFF66
:10BAF000FFFFFFFFFFFFFFFFFFFFFFFFFFFFFFFF56
:10BB0000FFFFFFFFFFFFFFFFFFFFFFFFFFFFFFFF45
:10BB1000FFFFFFFFFFFFFFFFFFFFFFFFFFFFFFFF35
:10BB2000FFFFFFFFFFFFFFFFFFFFFFFFFFFFFFFF25
:10BB3000FFFFFFFFFFFFFFFFFFFFFFFFFFFFFFFF15
:10BB4000FFFFFFFFFFFFFFFFFFFFFFFFFFFFFFFF05
:10BB5000FFFFFFFFFFFFFFFFFFFFFFFFFFFFFFFFF5
:10BB6000FFFFFFFFFFFFFFFFFFFFFFFFFFFFFFFFE5
:10BB7000FFFFFFFFFFFFFFFFFFFFFFFFFFFFFFFFD5
:10BB8000FFFFFFFFFFFFFFFFFFFFFFFFFFFFFFFFC5
:10BB9000FFFFFFFFFFFFFFFFFFFFFFFFFFFFFFFFB5
:10BBA000FFFFFFFFFFFFFFFFFFFFFFFFFFFFFFFFA5
:10BBB000FFFFFFFFFFFFFFFFFFFFFFFFFFFFFFFF95
:10BBC000FFFFFFFFFFFFFFFFFFFFFFFFFFFFFFFF85
:10BBD000FFFFFFFFFFFFFFFFFFFFFFFFFFFFFFFF75
:10BBE000FFFFFFFFFFFFFFFFFFFFFFFFFFFFFFFF65
:10BBF000FFFFFFFFFFFFFFFFFFFFFFFFFFFFFFFF55
:10BC0000FFFFFFFFFFFFFFFFFFFFFFFFFFFFFFFF44
:10BC1000FFFFFFFFFFFFFFFFFFFFFFFFFFFFFFFF34
:10BC2000FFFFFFFFFFFFFFFFFFFFFFFFFFFFFFFF24
:10BC3000FFFFFFFFFFFFFFFFFFFFFFFFFFFFFFFF14
:10BC4000FFFFFFFFFFFFFFFFFFFFFFFFFFFFFFFF04
:10BC5000FFFFFFFFFFFFFFFFFFFFFFFFFFFFFFFFF4
:10BC6000FFFFFFFFFFFFFFFFFFFFFFFFFFFFFFFFE4
:10BC7000FFFFFFFFFFFFFFFFFFFFFFFFFFFFFFFFD4
:10BC8000FFFFFFFFFFFFFFFFFFFFFFFFFFFFFFFFC4
:10BC9000FFFFFFFFFFFFFFFFFFFFFFFFFFFFFFFFB4
:10BCA000FFFFFFFFFFFFFFFFFFFFFFFFFFFFFFFFA4
:10BCB000FFFFFFFFFFFFFFFFFFFFFFFFFFFFFFFF94
:10BCC000FFFFFFFFFFFFFFFFFFFFFFFFFFFFFFFF84
:10BCD000FFFFFFFFFFFFFFFFFFFFFFFFFFFFFFFF74
:10BCE000FFFFFFFFFFFFFFFFFFFFFFFFFFFFFFFF64
:10BCF000FFFFFFFFFFFFFFFFFFFFFFFFFFFFFFFF54
:10BD0000FFFFFFFFFFFFFFFFFFFFFFFFFFFFFFFF43
:10BD1000FFFFFFFFFFFFFFFFFFFFFFFFFFFFFFFF33
:10BD2000FFFFFFFFFFFFFFFFFFFFFFFFFFFFFFFF23
:10BD3000FFFFFFFFFFFFFFFFFFFFFFFFFFFFFFFF13
:10BD4000FFFFFFFFFFFFFFFFFFFFFFFFFFFFFFFF03
:10BD5000FFFFFFFFFFFFFFFFFFFFFFFFFFFFFFFFF3
:10BD6000FFFFFFFFFFFFFFFFFFFFFFFFFFFFFFFFE3
:10BD7000FFFFFFFFFFFFFFFFFFFFFFFFFFFFFFFFD3
:10BD8000FFFFFFFFFFFFFFFFFFFFFFFFFFFFFFFFC3
:10BD9000FFFFFFFFFFFFFFFFFFFFFFFFFFFFFFFFB3
:10BDA000FFFFFFFFFFFFFFFFFFFFFFFFFFFFFFFFA3
:10BDB000FFFFFFFFFFFFFFFFFFFFFFFFFFFFFFFF93
:10BDC000FFFFFFFFFFFFFFFFFFFFFFFFFFFFFFFF83
:10BDD000FFFFFFFFFFFFFFFFFFFFFFFFFFFFFFFF73
:10BDE000FFFFFFFFFFFFFFFFFFFFFFFFFFFFFFFF63
:10BDF000FFFFFFFFFFFFFFFFFFFFFFFFFFFFFFFF53
:10BE0000FFFFFFFFFFFFFFFFFFFFFFFFFFFFFFFF42
:10BE1000FFFFFFFFFFFFFFFFFFFFFFFFFFFFFFFF32
:10BE2000FFFFFFFFFFFFFFFFFFFFFFFFFFFFFFFF22
:10BE3000FFFFFFFFFFFFFFFFFFFFFFFFFFFFFFFF12
:10BE4000FFFFFFFFFFFFFFFFFFFFFFFFFFFFFFFF02
:10BE5000FFFFFFFFFFFFFFFFFFFFFFFFFFFFFFFFF2
:10BE6000FFFFFFFFFFFFFFFFFFFFFFFFFFFFFFFFE2
:10BE7000FFFFFFFFFFFFFFFFFFFFFFFFFFFFFFFFD2
:10BE8000FFFFFFFFFFFFFFFFFFFFFFFFFFFFFFFFC2
:10BE9000FFFFFFFFFFFFFFFFFFFFFFFFFFFFFFFFB2
:10BEA000FFFFFFFFFFFFFFFFFFFFFFFFFFFFFFFFA2
:10BEB000FFFFFFFFFFFFFFFFFFFFFFFFFFFFFFFF92
:10BEC000FFFFFFFFFFFFFFFFFFFFFFFFFFFFFFFF82
:10BED000FFFFFFFFFFFFFFFFFFFFFFFFFFFFFFFF72
:10BEE000FFFFFFFFFFFFFFFFFFFFFFFFFFFFFFFF62
:10BEF000FFFFFFFFFFFFFFFFFFFFFFFFFFFFFFFF52
:10BF0000FFFFFFFFFFFFFFFFFFFFFFFFFFFFFFFF41
:10BF1000FFFFFFFFFFFFFFFFFFFFFFFFFFFFFFFF31
:10BF2000FFFFFFFFFFFFFFFFFFFFFFFFFFFFFFFF21
:10BF3000FFFFFFFFFFFFFFFFFFFFFFFFFFFFFFFF11
:10BF4000FFFFFFFFFFFFFFFFFFFFFFFFFFFFFFFF01
:10BF5000FFFFFFFFFFFFFFFFFFFFFFFFFFFFFFFFF1
:10BF6000FFFFFFFFFFFFFFFFFFFFFFFFFFFFFFFFE1
:10BF7000FFFFFFFFFFFFFFFFFFFFFFFFFFFFFFFFD1
:10BF8000FFFFFFFFFFFFFFFFFFFFFFFFFFFFFFFFC1
:10BF9000FFFFFFFFFFFFFFFFFFFFFFFFFFFFFFFFB1
:10BFA000FFFFFFFFFFFFFFFFFFFFFFFFFFFFFFFFA1
:10BFB000FFFFFFFFFFFFFFFFFFFFFFFFFFFFFFFF91
:10BFC000FFFFFFFFFFFFFFFFFFFFFFFFFFFFFFFF81
:10BFD000FFFFFFFFFFFFFFFFFFFFFFFFFFFFFFFF71
:10BFE000FFFFFFFFFFFFFFFFFFFFFFFFFFFFFFFF61
:10BFF000FFFFFFFFFFFFFFFFFFFFFFFFFFFFFFFF51
:10C00000FFFFFFFFFFFFFFFFFFFFFFFFFFFFFFFF40
:10C01000FFFFFFFFFFFFFFFFFFFFFFFFFFFFFFFF30
:10C02000FFFFFFFFFFFFFFFFFFFFFFFFFFFFFFFF20
:10C03000FFFFFFFFFFFFFFFFFFFFFFFFFFFFFFFF10
:10C04000FFFFFFFFFFFFFFFFFFFFFFFFFFFFFFFF00
:10C05000FFFFFFFFFFFFFFFFFFFFFFFFFFFFFFFFF0
:10C06000FFFFFFFFFFFFFFFFFFFFFFFFFFFFFFFFE0
:10C07000FFFFFFFFFFFFFFFFFFFFFFFFFFFFFFFFD0
:10C08000FFFFFFFFFFFFFFFFFFFFFFFFFFFFFFFFC0
:10C09000FFFFFFFFFFFFFFFFFFFFFFFFFFFFFFFFB0
:10C0A000FFFFFFFFFFFFFFFFFFFFFFFFFFFFFFFFA0
:10C0B000FFFFFFFFFFFFFFFFFFFFFFFFFFFFFFFF90
:10C0C000FFFFFFFFFFFFFFFFFFFFFFFFFFFFFFFF80
:10C0D000FFFFFFFFFFFFFFFFFFFFFFFFFFFFFFFF70
:10C0E000FFFFFFFFFFFFFFFFFFFFFFFFFFFFFFFF60
:10C0F000FFFFFFFFFFFFFFFFFFFFFFFFFFFFFFFF50
:10C10000FFFFFFFFFFFFFFFFFFFFFFFFFFFFFFFF3F
:10C11000FFFFFFFFFFFFFFFFFFFFFFFFFFFFFFFF2F
:10C12000FFFFFFFFFFFFFFFFFFFFFFFFFFFFFFFF1F
:10C13000FFFFFFFFFFFFFFFFFFFFFFFFFFFFFFFF0F
:10C14000FFFFFFFFFFFFFFFFFFFFFFFFFFFFFFFFFF
:10C15000FFFFFFFFFFFFFFFFFFFFFFFFFFFFFFFFEF
:10C16000FFFFFFFFFFFFFFFFFFFFFFFFFFFFFFFFDF
:10C17000FFFFFFFFFFFFFFFFFFFFFFFFFFFFFFFFCF
:10C18000FFFFFFFFFFFFFFFFFFFFFFFFFFFFFFFFBF
:10C19000FFFFFFFFFFFFFFFFFFFFFFFFFFFFFFFFAF
:10C1A000FFFFFFFFFFFFFFFFFFFFFFFFFFFFFFFF9F
:10C1B000FFFFFFFFFFFFFFFFFFFFFFFFFFFFFFFF8F
:10C1C000FFFFFFFFFFFFFFFFFFFFFFFFFFFFFFFF7F
:10C1D000FFFFFFFFFFFFFFFFFFFFFFFFFFFFFFFF6F
:10C1E000FFFFFFFFFFFFFFFFFFFFFFFFFFFFFFFF5F
:10C1F000FFFFFFFFFFFFFFFFFFFFFFFFFFFFFFFF4F
:10C20000FFFFFFFFFFFFFFFFFFFFFFFFFFFFFFFF3E
:10C21000FFFFFFFFFFFFFFFFFFFFFFFFFFFFFFFF2E
:10C22000FFFFFFFFFFFFFFFFFFFFFFFFFFFFFFFF1E
:10C23000FFFFFFFFFFFFFFFFFFFFFFFFFFFFFFFF0E
:10C24000FFFFFFFFFFFFFFFFFFFFFFFFFFFFFFFFFE
:10C25000FFFFFFFFFFFFFFFFFFFFFFFFFFFFFFFFEE
:10C26000FFFFFFFFFFFFFFFFFFFFFFFFFFFFFFFFDE
:10C27000FFFFFFFFFFFFFFFFFFFFFFFFFFFFFFFFCE
:10C28000FFFFFFFFFFFFFFFFFFFFFFFFFFFFFFFFBE
:10C29000FFFFFFFFFFFFFFFFFFFFFFFFFFFFFFFFAE
:10C2A000FFFFFFFFFFFFFFFFFFFFFFFFFFFFFFFF9E
:10C2B000FFFFFFFFFFFFFFFFFFFFFFFFFFFFFFFF8E
:10C2C000FFFFFFFFFFFFFFFFFFFFFFFFFFFFFFFF7E
:10C2D000FFFFFFFFFFFFFFFFFFFFFFFFFFFFFFFF6E
:10C2E000FFFFFFFFFFFFFFFFFFFFFFFFFFFFFFFF5E
:10C2F000FFFFFFFFFFFFFFFFFFFFFFFFFFFFFFFF4E
:10C30000FFFFFFFFFFFFFFFFFFFFFFFFFFFFFFFF3D
:10C31000FFFFFFFFFFFFFFFFFFFFFFFFFFFFFFFF2D
:10C32000FFFFFFFFFFFFFFFFFFFFFFFFFFFFFFFF1D
:10C33000FFFFFFFFFFFFFFFFFFFFFFFFFFFFFFFF0D
:10C34000FFFFFFFFFFFFFFFFFFFFFFFFFFFFFFFFFD
:10C35000FFFFFFFFFFFFFFFFFFFFFFFFFFFFFFFFED
:10C36000FFFFFFFFFFFFFFFFFFFFFFFFFFFFFFFFDD
:10C37000FFFFFFFFFFFFFFFFFFFFFFFFFFFFFFFFCD
:10C38000FFFFFFFFFFFFFFFFFFFFFFFFFFFFFFFFBD
:10C39000FFFFFFFFFFFFFFFFFFFFFFFFFFFFFFFFAD
:10C3A000FFFFFFFFFFFFFFFFFFFFFFFFFFFFFFFF9D
:10C3B000FFFFFFFFFFFFFFFFFFFFFFFFFFFFFFFF8D
:10C3C000FFFFFFFFFFFFFFFFFFFFFFFFFFFFFFFF7D
:10C3D000FFFFFFFFFFFFFFFFFFFFFFFFFFFFFFFF6D
:10C3E000FFFFFFFFFFFFFFFFFFFFFFFFFFFFFFFF5D
:10C3F000FFFFFFFFFFFFFFFFFFFFFFFFFFFFFFFF4D
:10C40000FFFFFFFFFFFFFFFFFFFFFFFFFFFFFFFF3C
:10C41000FFFFFFFFFFFFFFFFFFFFFFFFFFFFFFFF2C
:10C42000FFFFFFFFFFFFFFFFFFFFFFFFFFFFFFFF1C
:10C43000FFFFFFFFFFFFFFFFFFFFFFFFFFFFFFFF0C
:10C44000FFFFFFFFFFFFFFFFFFFFFFFFFFFFFFFFFC
:10C45000FFFFFFFFFFFFFFFFFFFFFFFFFFFFFFFFEC
:10C46000FFFFFFFFFFFFFFFFFFFFFFFFFFFFFFFFDC
:10C47000FFFFFFFFFFFFFFFFFFFFFFFFFFFFFFFFCC
:10C48000FFFFFFFFFFFFFFFFFFFFFFFFFFFFFFFFBC
:10C49000FFFFFFFFFFFFFFFFFFFFFFFFFFFFFFFFAC
:10C4A000FFFFFFFFFFFFFFFFFFFFFFFFFFFFFFFF9C
:10C4B000FFFFFFFFFFFFFFFFFFFFFFFFFFFFFFFF8C
:10C4C000FFFFFFFFFFFFFFFFFFFFFFFFFFFFFFFF7C
:10C4D000FFFFFFFFFFFFFFFFFFFFFFFFFFFFFFFF6C
:10C4E000FFFFFFFFFFFFFFFFFFFFFFFFFFFFFFFF5C
:10C4F000FFFFFFFFFFFFFFFFFFFFFFFFFFFFFFFF4C
:10C50000FFFFFFFFFFFFFFFFFFFFFFFFFFFFFFFF3B
:10C51000FFFFFFFFFFFFFFFFFFFFFFFFFFFFFFFF2B
:10C52000FFFFFFFFFFFFFFFFFFFFFFFFFFFFFFFF1B
:10C53000FFFFFFFFFFFFFFFFFFFFFFFFFFFFFFFF0B
:10C54000FFFFFFFFFFFFFFFFFFFFFFFFFFFFFFFFFB
:10C55000FFFFFFFFFFFFFFFFFFFFFFFFFFFFFFFFEB
:10C56000FFFFFFFFFFFFFFFFFFFFFFFFFFFFFFFFDB
:10C57000FFFFFFFFFFFFFFFFFFFFFFFFFFFFFFFFCB
:10C58000FFFFFFFFFFFFFFFFFFFFFFFFFFFFFFFFBB
:10C59000FFFFFFFFFFFFFFFFFFFFFFFFFFFFFFFFAB
:10C5A000FFFFFFFFFFFFFFFFFFFFFFFFFFFFFFFF9B
:10C5B000FFFFFFFFFFFFFFFFFFFFFFFFFFFFFFFF8B
:10C5C000FFFFFFFFFFFFFFFFFFFFFFFFFFFFFFFF7B
:10C5D000FFFFFFFFFFFFFFFFFFFFFFFFFFFFFFFF6B
:10C5E000FFFFFFFFFFFFFFFFFFFFFFFFFFFFFFFF5B
:10C5F000FFFFFFFFFFFFFFFFFFFFFFFFFFFFFFFF4B
:10C60000FFFFFFFFFFFFFFFFFFFFFFFFFFFFFFFF3A
:10C61000FFFFFFFFFFFFFFFFFFFFFFFFFFFFFFFF2A
:10C62000FFFFFFFFFFFFFFFFFFFFFFFFFFFFFFFF1A
:10C63000FFFFFFFFFFFFFFFFFFFFFFFFFFFFFFFF0A
:10C64000FFFFFFFFFFFFFFFFFFFFFFFFFFFFFFFFFA
:10C65000FFFFFFFFFFFFFFFFFFFFFFFFFFFFFFFFEA
:10C66000FFFFFFFFFFFFFFFFFFFFFFFFFFFFFFFFDA
:10C67000FFFFFFFFFFFFFFFFFFFFFFFFFFFFFFFFCA
:10C68000FFFFFFFFFFFFFFFFFFFFFFFFFFFFFFFFBA
:10C69000FFFFFFFFFFFFFFFFFFFFFFFFFFFFFFFFAA
:10C6A000FFFFFFFFFFFFFFFFFFFFFFFFFFFFFFFF9A
:10C6B000FFFFFFFFFFFFFFFFFFFFFFFFFFFFFFFF8A
:10C6C000FFFFFFFFFFFFFFFFFFFFFFFFFFFFFFFF7A
:10C6D000FFFFFFFFFFFFFFFFFFFFFFFFFFFFFFFF6A
:10C6E000FFFFFFFFFFFFFFFFFFFFFFFFFFFFFFFF5A
:10C6F000FFFFFFFFFFFFFFFFFFFFFFFFFFFFFFFF4A
:10C70000FFFFFFFFFFFFFFFFFFFFFFFFFFFFFFFF39
:10C71000FFFFFFFFFFFFFFFFFFFFFFFFFFFFFFFF29
:10C72000FFFFFFFFFFFFFFFFFFFFFFFFFFFFFFFF19
:10C73000FFFFFFFFFFFFFFFFFFFFFFFFFFFFFFFF09
:10C74000FFFFFFFFFFFFFFFFFFFFFFFFFFFFFFFFF9
:10C75000FFFFFFFFFFFFFFFFFFFFFFFFFFFFFFFFE9
:10C76000FFFFFFFFFFFFFFFFFFFFFFFFFFFFFFFFD9
:10C77000FFFFFFFFFFFFFFFFFFFFFFFFFFFFFFFFC9
:10C78000FFFFFFFFFFFFFFFFFFFFFFFFFFFFFFFFB9
:10C79000FFFFFFFFFFFFFFFFFFFFFFFFFFFFFFFFA9
:10C7A000FFFFFFFFFFFFFFFFFFFFFFFFFFFFFFFF99
:10C7B000FFFFFFFFFFFFFFFFFFFFFFFFFFFFFFFF89
:10C7C000FFFFFFFFFFFFFFFFFFFFFFFFFFFFFFFF79
:10C7D000FFFFFFFFFFFFFFFFFFFFFFFFFFFFFFFF69
:10C7E000FFFFFFFFFFFFFFFFFFFFFFFFFFFFFFFF59
:10C7F000FFFFFFFFFFFFFFFFFFFFFFFFFFFFFFFF49
:10C80000FFFFFFFFFFFFFFFFFFFFFFFFFFFFFFFF38
:10C81000FFFFFFFFFFFFFFFFFFFFFFFFFFFFFFFF28
:10C82000FFFFFFFFFFFFFFFFFFFFFFFFFFFFFFFF18
:10C83000FFFFFFFFFFFFFFFFFFFFFFFFFFFFFFFF08
:10C84000FFFFFFFFFFFFFFFFFFFFFFFFFFFFFFFFF8
:10C85000FFFFFFFFFFFFFFFFFFFFFFFFFFFFFFFFE8
:10C86000FFFFFFFFFFFFFFFFFFFFFFFFFFFFFFFFD8
:10C87000FFFFFFFFFFFFFFFFFFFFFFFFFFFFFFFFC8
:10C88000FFFFFFFFFFFFFFFFFFFFFFFFFFFFFFFFB8
:10C89000FFFFFFFFFFFFFFFFFFFFFFFFFFFFFFFFA8
:10C8A000FFFFFFFFFFFFFFFFFFFFFFFFFFFFFFFF98
:10C8B000FFFFFFFFFFFFFFFFFFFFFFFFFFFFFFFF88
:10C8C000FFFFFFFFFFFFFFFFFFFFFFFFFFFFFFFF78
:10C8D000FFFFFFFFFFFFFFFFFFFFFFFFFFFFFFFF68
:10C8E000FFFFFFFFFFFFFFFFFFFFFFFFFFFFFFFF58
:10C8F000FFFFFFFFFFFFFFFFFFFFFFFFFFFFFFFF48
:10C90000FFFFFFFFFFFFFFFFFFFFFFFFFFFFFFFF37
:10C91000FFFFFFFFFFFFFFFFFFFFFFFFFFFFFFFF27
:10C92000FFFFFFFFFFFFFFFFFFFFFFFFFFFFFFFF17
:10C93000FFFFFFFFFFFFFFFFFFFFFFFFFFFFFFFF07
:10C94000FFFFFFFFFFFFFFFFFFFFFFFFFFFFFFFFF7
:10C95000FFFFFFFFFFFFFFFFFFFFFFFFFFFFFFFFE7
:10C96000FFFFFFFFFFFFFFFFFFFFFFFFFFFFFFFFD7
:10C97000FFFFFFFFFFFFFFFFFFFFFFFFFFFFFFFFC7
:10C98000FFFFFFFFFFFFFFFFFFFFFFFFFFFFFFFFB7
:10C99000FFFFFFFFFFFFFFFFFFFFFFFFFFFFFFFFA7
:10C9A000FFFFFFFFFFFFFFFFFFFFFFFFFFFFFFFF97
:10C9B000FFFFFFFFFFFFFFFFFFFFFFFFFFFFFFFF87
:10C9C000FFFFFFFFFFFFFFFFFFFFFFFFFFFFFFFF77
:10C9D000FFFFFFFFFFFFFFFFFFFFFFFFFFFFFFFF67
:10C9E000FFFFFFFFFFFFFFFFFFFFFFFFFFFFFFFF57
:10C9F000FFFFFFFFFFFFFFFFFFFFFFFFFFFFFFFF47
:10CA0000FFFFFFFFFFFFFFFFFFFFFFFFFFFFFFFF36
:10CA1000FFFFFFFFFFFFFFFFFFFFFFFFFFFFFFFF26
:10CA2000FFFFFFFFFFFFFFFFFFFFFFFFFFFFFFFF16
:10CA3000FFFFFFFFFFFFFFFFFFFFFFFFFFFFFFFF06
:10CA4000FFFFFFFFFFFFFFFFFFFFFFFFFFFFFFFFF6
:10CA5000FFFFFFFFFFFFFFFFFFFFFFFFFFFFFFFFE6
:10CA6000FFFFFFFFFFFFFFFFFFFFFFFFFFFFFFFFD6
:10CA7000FFFFFFFFFFFFFFFFFFFFFFFFFFFFFFFFC6
:10CA8000FFFFFFFFFFFFFFFFFFFFFFFFFFFFFFFFB6
:10CA9000FFFFFFFFFFFFFFFFFFFFFFFFFFFFFFFFA6
:10CAA000FFFFFFFFFFFFFFFFFFFFFFFFFFFFFFFF96
:10CAB000FFFFFFFFFFFFFFFFFFFFFFFFFFFFFFFF86
:10CAC000FFFFFFFFFFFFFFFFFFFFFFFFFFFFFFFF76
:10CAD000FFFFFFFFFFFFFFFFFFFFFFFFFFFFFFFF66
:10CAE000FFFFFFFFFFFFFFFFFFFFFFFFFFFFFFFF56
:10CAF000FFFFFFFFFFFFFFFFFFFFFFFFFFFFFFFF46
:10CB0000FFFFFFFFFFFFFFFFFFFFFFFFFFFFFFFF35
:10CB1000FFFFFFFFFFFFFFFFFFFFFFFFFFFFFFFF25
:10CB2000FFFFFFFFFFFFFFFFFFFFFFFFFFFFFFFF15
:10CB3000FFFFFFFFFFFFFFFFFFFFFFFFFFFFFFFF05
:10CB4000FFFFFFFFFFFFFFFFFFFFFFFFFFFFFFFFF5
:10CB5000FFFFFFFFFFFFFFFFFFFFFFFFFFFFFFFFE5
:10CB6000FFFFFFFFFFFFFFFFFFFFFFFFFFFFFFFFD5
:10CB7000FFFFFFFFFFFFFFFFFFFFFFFFFFFFFFFFC5
:10CB8000FFFFFFFFFFFFFFFFFFFFFFFFFFFFFFFFB5
:10CB9000FFFFFFFFFFFFFFFFFFFFFFFFFFFFFFFFA5
:10CBA000FFFFFFFFFFFFFFFFFFFFFFFFFFFFFFFF95
:10CBB000FFFFFFFFFFFFFFFFFFFFFFFFFFFFFFFF85
:10CBC000FFFFFFFFFFFFFFFFFFFFFFFFFFFFFFFF75
:10CBD000FFFFFFFFFFFFFFFFFFFFFFFFFFFFFFFF65
:10CBE000FFFFFFFFFFFFFFFFFFFFFFFFFFFFFFFF55
:10CBF000FFFFFFFFFFFFFFFFFFFFFFFFFFFFFFFF45
:10CC0000FFFFFFFFFFFFFFFFFFFFFFFFFFFFFFFF34
:10CC1000FFFFFFFFFFFFFFFFFFFFFFFFFFFFFFFF24
:10CC2000FFFFFFFFFFFFFFFFFFFFFFFFFFFFFFFF14
:10CC3000FFFFFFFFFFFFFFFFFFFFFFFFFFFFFFFF04
:10CC4000FFFFFFFFFFFFFFFFFFFFFFFFFFFFFFFFF4
:10CC5000FFFFFFFFFFFFFFFFFFFFFFFFFFFFFFFFE4
:10CC6000FFFFFFFFFFFFFFFFFFFFFFFFFFFFFFFFD4
:10CC7000FFFFFFFFFFFFFFFFFFFFFFFFFFFFFFFFC4
:10CC8000FFFFFFFFFFFFFFFFFFFFFFFFFFFFFFFFB4
:10CC9000FFFFFFFFFFFFFFFFFFFFFFFFFFFFFFFFA4
:10CCA000FFFFFFFFFFFFFFFFFFFFFFFFFFFFFFFF94
:10CCB000FFFFFFFFFFFFFFFFFFFFFFFFFFFFFFFF84
:10CCC000FFFFFFFFFFFFFFFFFFFFFFFFFFFFFFFF74
:10CCD000FFFFFFFFFFFFFFFFFFFFFFFFFFFFFFFF64
:10CCE000FFFFFFFFFFFFFFFFFFFFFFFFFFFFFFFF54
:10CCF000FFFFFFFFFFFFFFFFFFFFFFFFFFFFFFFF44
:10CD0000FFFFFFFFFFFFFFFFFFFFFFFFFFFFFFFF33
:10CD1000FFFFFFFFFFFFFFFFFFFFFFFFFFFFFFFF23
:10CD2000FFFFFFFFFFFFFFFFFFFFFFFFFFFFFFFF13
:10CD3000FFFFFFFFFFFFFFFFFFFFFFFFFFFFFFFF03
:10CD4000FFFFFFFFFFFFFFFFFFFFFFFFFFFFFFFFF3
:10CD5000FFFFFFFFFFFFFFFFFFFFFFFFFFFFFFFFE3
:10CD6000FFFFFFFFFFFFFFFFFFFFFFFFFFFFFFFFD3
:10CD7000FFFFFFFFFFFFFFFFFFFFFFFFFFFFFFFFC3
:10CD8000FFFFFFFFFFFFFFFFFFFFFFFFFFFFFFFFB3
:10CD9000FFFFFFFFFFFFFFFFFFFFFFFFFFFFFFFFA3
:10CDA000FFFFFFFFFFFFFFFFFFFFFFFFFFFFFFFF93
:10CDB000FFFFFFFFFFFFFFFFFFFFFFFFFFFFFFFF83
:10CDC000FFFFFFFFFFFFFFFFFFFFFFFFFFFFFFFF73
:10CDD000FFFFFFFFFFFFFFFFFFFFFFFFFFFFFFFF63
:10CDE000FFFFFFFFFFFFFFFFFFFFFFFFFFFFFFFF53
:10CDF000FFFFFFFFFFFFFFFFFFFFFFFFFFFFFFFF43
:10CE0000FFFFFFFFFFFFFFFFFFFFFFFFFFFFFFFF32
:10CE1000FFFFFFFFFFFFFFFFFFFFFFFFFFFFFFFF22
:10CE2000FFFFFFFFFFFFFFFFFFFFFFFFFFFFFFFF12
:10CE3000FFFFFFFFFFFFFFFFFFFFFFFFFFFFFFFF02
:10CE4000FFFFFFFFFFFFFFFFFFFFFFFFFFFFFFFFF2
:10CE5000FFFFFFFFFFFFFFFFFFFFFFFFFFFFFFFFE2
:10CE6000FFFFFFFFFFFFFFFFFFFFFFFFFFFFFFFFD2
:10CE7000FFFFFFFFFFFFFFFFFFFFFFFFFFFFFFFFC2
:10CE8000FFFFFFFFFFFFFFFFFFFFFFFFFFFFFFFFB2
:10CE9000FFFFFFFFFFFFFFFFFFFFFFFFFFFFFFFFA2
:10CEA000FFFFFFFFFFFFFFFFFFFFFFFFFFFFFFFF92
:10CEB000FFFFFFFFFFFFFFFFFFFFFFFFFFFFFFFF82
:10CEC000FFFFFFFFFFFFFFFFFFFFFFFFFFFFFFFF72
:10CED000FFFFFFFFFFFFFFFFFFFFFFFFFFFFFFFF62
:10CEE000FFFFFFFFFFFFFFFFFFFFFFFFFFFFFFFF52
:10CEF000FFFFFFFFFFFFFFFFFFFFFFFFFFFFFFFF42
:10CF0000FFFFFFFFFFFFFFFFFFFFFFFFFFFFFFFF31
:10CF1000FFFFFFFFFFFFFFFFFFFFFFFFFFFFFFFF21
:10CF2000FFFFFFFFFFFFFFFFFFFFFFFFFFFFFFFF11
:10CF3000FFFFFFFFFFFFFFFFFFFFFFFFFFFFFFFF01
:10CF4000FFFFFFFFFFFFFFFFFFFFFFFFFFFFFFFFF1
:10CF5000FFFFFFFFFFFFFFFFFFFFFFFFFFFFFFFFE1
:10CF6000FFFFFFFFFFFFFFFFFFFFFFFFFFFFFFFFD1
:10CF7000FFFFFFFFFFFFFFFFFFFFFFFFFFFFFFFFC1
:10CF8000FFFFFFFFFFFFFFFFFFFFFFFFFFFFFFFFB1
:10CF9000FFFFFFFFFFFFFFFFFFFFFFFFFFFFFFFFA1
:10CFA000FFFFFFFFFFFFFFFFFFFFFFFFFFFFFFFF91
:10CFB000FFFFFFFFFFFFFFFFFFFFFFFFFFFFFFFF81
:10CFC000FFFFFFFFFFFFFFFFFFFFFFFFFFFFFFFF71
:10CFD000FFFFFFFFFFFFFFFFFFFFFFFFFFFFFFFF61
:10CFE000FFFFFFFFFFFFFFFFFFFFFFFFFFFFFFFF51
:10CFF000FFFFFFFFFFFFFFFFFFFFFFFFFFFFFFFF41
:10D00000FFFFFFFFFFFFFFFFFFFFFFFFFFFFFFFF30
:10D01000FFFFFFFFFFFFFFFFFFFFFFFFFFFFFFFF20
:10D02000FFFFFFFFFFFFFFFFFFFFFFFFFFFFFFFF10
:10D03000FFFFFFFFFFFFFFFFFFFFFFFFFFFFFFFF00
:10D04000FFFFFFFFFFFFFFFFFFFFFFFFFFFFFFFFF0
:10D05000FFFFFFFFFFFFFFFFFFFFFFFFFFFFFFFFE0
:10D06000FFFFFFFFFFFFFFFFFFFFFFFFFFFFFFFFD0
:10D07000FFFFFFFFFFFFFFFFFFFFFFFFFFFFFFFFC0
:10D08000FFFFFFFFFFFFFFFFFFFFFFFFFFFFFFFFB0
:10D09000FFFFFFFFFFFFFFFFFFFFFFFFFFFFFFFFA0
:10D0A000FFFFFFFFFFFFFFFFFFFFFFFFFFFFFFFF90
:10D0B000FFFFFFFFFFFFFFFFFFFFFFFFFFFFFFFF80
:10D0C000FFFFFFFFFFFFFFFFFFFFFFFFFFFFFFFF70
:10D0D000FFFFFFFFFFFFFFFFFFFFFFFFFFFFFFFF60
:10D0E000FFFFFFFFFFFFFFFFFFFFFFFFFFFFFFFF50
:10D0F000FFFFFFFFFFFFFFFFFFFFFFFFFFFFFFFF40
:10D10000FFFFFFFFFFFFFFFFFFFFFFFFFFFFFFFF2F
:10D11000FFFFFFFFFFFFFFFFFFFFFFFFFFFFFFFF1F
:10D12000FFFFFFFFFFFFFFFFFFFFFFFFFFFFFFFF0F
:10D13000FFFFFFFFFFFFFFFFFFFFFFFFFFFFFFFFFF
:10D14000FFFFFFFFFFFFFFFFFFFFFFFFFFFFFFFFEF
:10D15000FFFFFFFFFFFFFFFFFFFFFFFFFFFFFFFFDF
:10D16000FFFFFFFFFFFFFFFFFFFFFFFFFFFFFFFFCF
:10D17000FFFFFFFFFFFFFFFFFFFFFFFFFFFFFFFFBF
:10D18000FFFFFFFFFFFFFFFFFFFFFFFFFFFFFFFFAF
:10D19000FFFFFFFFFFFFFFFFFFFFFFFFFFFFFFFF9F
:10D1A000FFFFFFFFFFFFFFFFFFFFFFFFFFFFFFFF8F
:10D1B000FFFFFFFFFFFFFFFFFFFFFFFFFFFFFFFF7F
:10D1C000FFFFFFFFFFFFFFFFFFFFFFFFFFFFFFFF6F
:10D1D000FFFFFFFFFFFFFFFFFFFFFFFFFFFFFFFF5F
:10D1E000FFFFFFFFFFFFFFFFFFFFFFFFFFFFFFFF4F
:10D1F000FFFFFFFFFFFFFFFFFFFFFFFFFFFFFFFF3F
:10D20000FFFFFFFFFFFFFFFFFFFFFFFFFFFFFFFF2E
:10D21000FFFFFFFFFFFFFFFFFFFFFFFFFFFFFFFF1E
:10D22000FFFFFFFFFFFFFFFFFFFFFFFFFFFFFFFF0E
:10D23000FFFFFFFFFFFFFFFFFFFFFFFFFFFFFFFFFE
:10D24000FFFFFFFFFFFFFFFFFFFFFFFFFFFFFFFFEE
:10D25000FFFFFFFFFFFFFFFFFFFFFFFFFFFFFFFFDE
:10D26000FFFFFFFFFFFFFFFFFFFFFFFFFFFFFFFFCE
:10D27000FFFFFFFFFFFFFFFFFFFFFFFFFFFFFFFFBE
:10D28000FFFFFFFFFFFFFFFFFFFFFFFFFFFFFFFFAE
:10D29000FFFFFFFFFFFFFFFFFFFFFFFFFFFFFFFF9E
:10D2A000FFFFFFFFFFFFFFFFFFFFFFFFFFFFFFFF8E
:10D2B000FFFFFFFFFFFFFFFFFFFFFFFFFFFFFFFF7E
:10D2C000FFFFFFFFFFFFFFFFFFFFFFFFFFFFFFFF6E
:10D2D000FFFFFFFFFFFFFFFFFFFFFFFFFFFFFFFF5E
:10D2E000FFFFFFFFFFFFFFFFFFFFFFFFFFFFFFFF4E
:10D2F000FFFFFFFFFFFFFFFFFFFFFFFFFFFFFFFF3E
:10D30000FFFFFFFFFFFFFFFFFFFFFFFFFFFFFFFF2D
:10D31000FFFFFFFFFFFFFFFFFFFFFFFFFFFFFFFF1D
:10D32000FFFFFFFFFFFFFFFFFFFFFFFFFFFFFFFF0D
:10D33000FFFFFFFFFFFFFFFFFFFFFFFFFFFFFFFFFD
:10D34000FFFFFFFFFFFFFFFFFFFFFFFFFFFFFFFFED
:10D35000FFFFFFFFFFFFFFFFFFFFFFFFFFFFFFFFDD
:10D36000FFFFFFFFFFFFFFFFFFFFFFFFFFFFFFFFCD
:10D37000FFFFFFFFFFFFFFFFFFFFFFFFFFFFFFFFBD
:10D38000FFFFFFFFFFFFFFFFFFFFFFFFFFFFFFFFAD
:10D39000FFFFFFFFFFFFFFFFFFFFFFFFFFFFFFFF9D
:10D3A000FFFFFFFFFFFFFFFFFFFFFFFFFFFFFFFF8D
:10D3B000FFFFFFFFFFFFFFFFFFFFFFFFFFFFFFFF7D
:10D3C000FFFFFFFFFFFFFFFFFFFFFFFFFFFFFFFF6D
:10D3D000FFFFFFFFFFFFFFFFFFFFFFFFFFFFFFFF5D
:10D3E000FFFFFFFFFFFFFFFFFFFFFFFFFFFFFFFF4D
:10D3F000FFFFFFFFFFFFFFFFFFFFFFFFFFFFFFFF3D
:10D40000FFFFFFFFFFFFFFFFFFFFFFFFFFFFFFFF2C
:10D41000FFFFFFFFFFFFFFFFFFFFFFFFFFFFFFFF1C
:10D42000FFFFFFFFFFFFFFFFFFFFFFFFFFFFFFFF0C
:10D43000FFFFFFFFFFFFFFFFFFFFFFFFFFFFFFFFFC
:10D44000FFFFFFFFFFFFFFFFFFFFFFFFFFFFFFFFEC
:10D45000FFFFFFFFFFFFFFFFFFFFFFFFFFFFFFFFDC
:10D46000FFFFFFFFFFFFFFFFFFFFFFFFFFFFFFFFCC
:10D47000FFFFFFFFFFFFFFFFFFFFFFFFFFFFFFFFBC
:10D48000FFFFFFFFFFFFFFFFFFFFFFFFFFFFFFFFAC
:10D49000FFFFFFFFFFFFFFFFFFFFFFFFFFFFFFFF9C
:10D4A000FFFFFFFFFFFFFFFFFFFFFFFFFFFFFFFF8C
:10D4B000FFFFFFFFFFFFFFFFFFFFFFFFFFFFFFFF7C
:10D4C000FFFFFFFFFFFFFFFFFFFFFFFFFFFFFFFF6C
:10D4D000FFFFFFFFFFFFFFFFFFFFFFFFFFFFFFFF5C
:10D4E000FFFFFFFFFFFFFFFFFFFFFFFFFFFFFFFF4C
:10D4F000FFFFFFFFFFFFFFFFFFFFFFFFFFFFFFFF3C
:10D50000FFFFFFFFFFFFFFFFFFFFFFFFFFFFFFFF2B
:10D51000FFFFFFFFFFFFFFFFFFFFFFFFFFFFFFFF1B
:10D52000FFFFFFFFFFFFFFFFFFFFFFFFFFFFFFFF0B
:10D53000FFFFFFFFFFFFFFFFFFFFFFFFFFFFFFFFFB
:10D54000FFFFFFFFFFFFFFFFFFFFFFFFFFFFFFFFEB
:10D55000FFFFFFFFFFFFFFFFFFFFFFFFFFFFFFFFDB
:10D56000FFFFFFFFFFFFFFFFFFFFFFFFFFFFFFFFCB
:10D57000FFFFFFFFFFFFFFFFFFFFFFFFFFFFFFFFBB
:10D58000FFFFFFFFFFFFFFFFFFFFFFFFFFFFFFFFAB
:10D59000FFFFFFFFFFFFFFFFFFFFFFFFFFFFFFFF9B
:10D5A000FFFFFFFFFFFFFFFFFFFFFFFFFFFFFFFF8B
:10D5B000FFFFFFFFFFFFFFFFFFFFFFFFFFFFFFFF7B
:10D5C000FFFFFFFFFFFFFFFFFFFFFFFFFFFFFFFF6B
:10D5D000FFFFFFFFFFFFFFFFFFFFFFFFFFFFFFFF5B
:10D5E000FFFFFFFFFFFFFFFFFFFFFFFFFFFFFFFF4B
:10D5F000FFFFFFFFFFFFFFFFFFFFFFFFFFFFFFFF3B
:10D60000FFFFFFFFFFFFFFFFFFFFFFFFFFFFFFFF2A
:10D61000FFFFFFFFFFFFFFFFFFFFFFFFFFFFFFFF1A
:10D62000FFFFFFFFFFFFFFFFFFFFFFFFFFFFFFFF0A
:10D63000FFFFFFFFFFFFFFFFFFFFFFFFFFFFFFFFFA
:10D64000FFFFFFFFFFFFFFFFFFFFFFFFFFFFFFFFEA
:10D65000FFFFFFFFFFFFFFFFFFFFFFFFFFFFFFFFDA
:10D66000FFFFFFFFFFFFFFFFFFFFFFFFFFFFFFFFCA
:10D67000FFFFFFFFFFFFFFFFFFFFFFFFFFFFFFFFBA
:10D68000FFFFFFFFFFFFFFFFFFFFFFFFFFFFFFFFAA
:10D69000FFFFFFFFFFFFFFFFFFFFFFFFFFFFFFFF9A
:10D6A000FFFFFFFFFFFFFFFFFFFFFFFFFFFFFFFF8A
:10D6B000FFFFFFFFFFFFFFFFFFFFFFFFFFFFFFFF7A
:10D6C000FFFFFFFFFFFFFFFFFFFFFFFFFFFFFFFF6A
:10D6D000FFFFFFFFFFFFFFFFFFFFFFFFFFFFFFFF5A
:10D6E000FFFFFFFFFFFFFFFFFFFFFFFFFFFFFFFF4A
:10D6F000FFFFFFFFFFFFFFFFFFFFFFFFFFFFFFFF3A
:10D70000FFFFFFFFFFFFFFFFFFFFFFFFFFFFFFFF29
:10D71000FFFFFFFFFFFFFFFFFFFFFFFFFFFFFFFF19
:10D72000FFFFFFFFFFFFFFFFFFFFFFFFFFFFFFFF09
:10D73000FFFFFFFFFFFFFFFFFFFFFFFFFFFFFFFFF9
:10D74000FFFFFFFFFFFFFFFFFFFFFFFFFFFFFFFFE9
:10D75000FFFFFFFFFFFFFFFFFFFFFFFFFFFFFFFFD9
:10D76000FFFFFFFFFFFFFFFFFFFFFFFFFFFFFFFFC9
:10D77000FFFFFFFFFFFFFFFFFFFFFFFFFFFFFFFFB9
:10D78000FFFFFFFFFFFFFFFFFFFFFFFFFFFFFFFFA9
:10D79000FFFFFFFFFFFFFFFFFFFFFFFFFFFFFFFF99
:10D7A000FFFFFFFFFFFFFFFFFFFFFFFFFFFFFFFF89
:10D7B000FFFFFFFFFFFFFFFFFFFFFFFFFFFFFFFF79
:10D7C000FFFFFFFFFFFFFFFFFFFFFFFFFFFFFFFF69
:10D7D000FFFFFFFFFFFFFFFFFFFFFFFFFFFFFFFF59
:10D7E000FFFFFFFFFFFFFFFFFFFFFFFFFFFFFFFF49
:10D7F000FFFFFFFFFFFFFFFFFFFFFFFFFFFFFFFF39
:10D80000FFFFFFFFFFFFFFFFFFFFFFFFFFFFFFFF28
:10D81000FFFFFFFFFFFFFFFFFFFFFFFFFFFFFFFF18
:10D82000FFFFFFFFFFFFFFFFFFFFFFFFFFFFFFFF08
:10D83000FFFFFFFFFFFFFFFFFFFFFFFFFFFFFFFFF8
:10D84000FFFFFFFFFFFFFFFFFFFFFFFFFFFFFFFFE8
:10D85000FFFFFFFFFFFFFFFFFFFFFFFFFFFFFFFFD8
:10D86000FFFFFFFFFFFFFFFFFFFFFFFFFFFFFFFFC8
:10D87000FFFFFFFFFFFFFFFFFFFFFFFFFFFFFFFFB8
:10D88000FFFFFFFFFFFFFFFFFFFFFFFFFFFFFFFFA8
:10D89000FFFFFFFFFFFFFFFFFFFFFFFFFFFFFFFF98
:10D8A000FFFFFFFFFFFFFFFFFFFFFFFFFFFFFFFF88
:10D8B000FFFFFFFFFFFFFFFFFFFFFFFFFFFFFFFF78
:10D8C000FFFFFFFFFFFFFFFFFFFFFFFFFFFFFFFF68
:10D8D000FFFFFFFFFFFFFFFFFFFFFFFFFFFFFFFF58
:10D8E000FFFFFFFFFFFFFFFFFFFFFFFFFFFFFFFF48
:10D8F000FFFFFFFFFFFFFFFFFFFFFFFFFFFFFFFF38
:10D90000FFFFFFFFFFFFFFFFFFFFFFFFFFFFFFFF27
:10D91000FFFFFFFFFFFFFFFFFFFFFFFFFFFFFFFF17
:10D92000FFFFFFFFFFFFFFFFFFFFFFFFFFFFFFFF07
:10D93000FFFFFFFFFFFFFFFFFFFFFFFFFFFFFFFFF7
:10D94000FFFFFFFFFFFFFFFFFFFFFFFFFFFFFFFFE7
:10D95000FFFFFFFFFFFFFFFFFFFFFFFFFFFFFFFFD7
:10D96000FFFFFFFFFFFFFFFFFFFFFFFFFFFFFFFFC7
:10D97000FFFFFFFFFFFFFFFFFFFFFFFFFFFFFFFFB7
:10D98000FFFFFFFFFFFFFFFFFFFFFFFFFFFFFFFFA7
:10D99000FFFFFFFFFFFFFFFFFFFFFFFFFFFFFFFF97
:10D9A000FFFFFFFFFFFFFFFFFFFFFFFFFFFFFFFF87
:10D9B000FFFFFFFFFFFFFFFFFFFFFFFFFFFFFFFF77
:10D9C000FFFFFFFFFFFFFFFFFFFFFFFFFFFFFFFF67
:10D9D000FFFFFFFFFFFFFFFFFFFFFFFFFFFFFFFF57
:10D9E000FFFFFFFFFFFFFFFFFFFFFFFFFFFFFFFF47
:10D9F000FFFFFFFFFFFFFFFFFFFFFFFFFFFFFFFF37
:10DA0000FFFFFFFFFFFFFFFFFFFFFFFFFFFFFFFF26
:10DA1000FFFFFFFFFFFFFFFFFFFFFFFFFFFFFFFF16
:10DA2000FFFFFFFFFFFFFFFFFFFFFFFFFFFFFFFF06
:10DA3000FFFFFFFFFFFFFFFFFFFFFFFFFFFFFFFFF6
:10DA4000FFFFFFFFFFFFFFFFFFFFFFFFFFFFFFFFE6
:10DA5000FFFFFFFFFFFFFFFFFFFFFFFFFFFFFFFFD6
:10DA6000FFFFFFFFFFFFFFFFFFFFFFFFFFFFFFFFC6
:10DA7000FFFFFFFFFFFFFFFFFFFFFFFFFFFFFFFFB6
:10DA8000FFFFFFFFFFFFFFFFFFFFFFFFFFFFFFFFA6
:10DA9000FFFFFFFFFFFFFFFFFFFFFFFFFFFFFFFF96
:10DAA000FFFFFFFFFFFFFFFFFFFFFFFFFFFFFFFF86
:10DAB000FFFFFFFFFFFFFFFFFFFFFFFFFFFFFFFF76
:10DAC000FFFFFFFFFFFFFFFFFFFFFFFFFFFFFFFF66
:10DAD000FFFFFFFFFFFFFFFFFFFFFFFFFFFFFFFF56
:10DAE000FFFFFFFFFFFFFFFFFFFFFFFFFFFFFFFF46
:10DAF000FFFFFFFFFFFFFFFFFFFFFFFFFFFFFFFF36
:10DB0000FFFFFFFFFFFFFFFFFFFFFFFFFFFFFFFF25
:10DB1000FFFFFFFFFFFFFFFFFFFFFFFFFFFFFFFF15
:10DB2000FFFFFFFFFFFFFFFFFFFFFFFFFFFFFFFF05
:10DB3000FFFFFFFFFFFFFFFFFFFFFFFFFFFFFFFFF5
:10DB4000FFFFFFFFFFFFFFFFFFFFFFFFFFFFFFFFE5
:10DB5000FFFFFFFFFFFFFFFFFFFFFFFFFFFFFFFFD5
:10DB6000FFFFFFFFFFFFFFFFFFFFFFFFFFFFFFFFC5
:10DB7000FFFFFFFFFFFFFFFFFFFFFFFFFFFFFFFFB5
:10DB8000FFFFFFFFFFFFFFFFFFFFFFFFFFFFFFFFA5
:10DB9000FFFFFFFFFFFFFFFFFFFFFFFFFFFFFFFF95
:10DBA000FFFFFFFFFFFFFFFFFFFFFFFFFFFFFFFF85
:10DBB000FFFFFFFFFFFFFFFFFFFFFFFFFFFFFFFF75
:10DBC000FFFFFFFFFFFFFFFFFFFFFFFFFFFFFFFF65
:10DBD000FFFFFFFFFFFFFFFFFFFFFFFFFFFFFFFF55
:10DBE000FFFFFFFFFFFFFFFFFFFFFFFFFFFFFFFF45
:10DBF000FFFFFFFFFFFFFFFFFFFFFFFFFFFFFFFF35
:10DC0000FFFFFFFFFFFFFFFFFFFFFFFFFFFFFFFF24
:10DC1000FFFFFFFFFFFFFFFFFFFFFFFFFFFFFFFF14
:10DC2000FFFFFFFFFFFFFFFFFFFFFFFFFFFFFFFF04
:10DC3000FFFFFFFFFFFFFFFFFFFFFFFFFFFFFFFFF4
:10DC4000FFFFFFFFFFFFFFFFFFFFFFFFFFFFFFFFE4
:10DC5000FFFFFFFFFFFFFFFFFFFFFFFFFFFFFFFFD4
:10DC6000FFFFFFFFFFFFFFFFFFFFFFFFFFFFFFFFC4
:10DC7000FFFFFFFFFFFFFFFFFFFFFFFFFFFFFFFFB4
:10DC8000FFFFFFFFFFFFFFFFFFFFFFFFFFFFFFFFA4
:10DC9000FFFFFFFFFFFFFFFFFFFFFFFFFFFFFFFF94
:10DCA000FFFFFFFFFFFFFFFFFFFFFFFFFFFFFFFF84
:10DCB000FFFFFFFFFFFFFFFFFFFFFFFFFFFFFFFF74
:10DCC000FFFFFFFFFFFFFFFFFFFFFFFFFFFFFFFF64
:10DCD000FFFFFFFFFFFFFFFFFFFFFFFFFFFFFFFF54
:10DCE000FFFFFFFFFFFFFFFFFFFFFFFFFFFFFFFF44
:10DCF000FFFFFFFFFFFFFFFFFFFFFFFFFFFFFFFF34
:10DD0000FFFFFFFFFFFFFFFFFFFFFFFFFFFFFFFF23
:10DD1000FFFFFFFFFFFFFFFFFFFFFFFFFFFFFFFF13
:10DD2000FFFFFFFFFFFFFFFFFFFFFFFFFFFFFFFF03
:10DD3000FFFFFFFFFFFFFFFFFFFFFFFFFFFFFFFFF3
:10DD4000FFFFFFFFFFFFFFFFFFFFFFFFFFFFFFFFE3
:10DD5000FFFFFFFFFFFFFFFFFFFFFFFFFFFFFFFFD3
:10DD6000FFFFFFFFFFFFFFFFFFFFFFFFFFFFFFFFC3
:10DD7000FFFFFFFFFFFFFFFFFFFFFFFFFFFFFFFFB3
:10DD8000FFFFFFFFFFFFFFFFFFFFFFFFFFFFFFFFA3
:10DD9000FFFFFFFFFFFFFFFFFFFFFFFFFFFFFFFF93
:10DDA000FFFFFFFFFFFFFFFFFFFFFFFFFFFFFFFF83
:10DDB000FFFFFFFFFFFFFFFFFFFFFFFFFFFFFFFF73
:10DDC000FFFFFFFFFFFFFFFFFFFFFFFFFFFFFFFF63
:10DDD000FFFFFFFFFFFFFFFFFFFFFFFFFFFFFFFF53
:10DDE000FFFFFFFFFFFFFFFFFFFFFFFFFFFFFFFF43
:10DDF000FFFFFFFFFFFFFFFFFFFFFFFFFFFFFFFF33
:10DE0000FFFFFFFFFFFFFFFFFFFFFFFFFFFFFFFF22
:10DE1000FFFFFFFFFFFFFFFFFFFFFFFFFFFFFFFF12
:10DE2000FFFFFFFFFFFFFFFFFFFFFFFFFFFFFFFF02
:10DE3000FFFFFFFFFFFFFFFFFFFFFFFFFFFFFFFFF2
:10DE4000FFFFFFFFFFFFFFFFFFFFFFFFFFFFFFFFE2
:10DE5000FFFFFFFFFFFFFFFFFFFFFFFFFFFFFFFFD2
:10DE6000FFFFFFFFFFFFFFFFFFFFFFFFFFFFFFFFC2
:10DE7000FFFFFFFFFFFFFFFFFFFFFFFFFFFFFFFFB2
:10DE8000FFFFFFFFFFFFFFFFFFFFFFFFFFFFFFFFA2
:10DE9000FFFFFFFFFFFFFFFFFFFFFFFFFFFFFFFF92
:10DEA000FFFFFFFFFFFFFFFFFFFFFFFFFFFFFFFF82
:10DEB000FFFFFFFFFFFFFFFFFFFFFFFFFFFFFFFF72
:10DEC000FFFFFFFFFFFFFFFFFFFFFFFFFFFFFFFF62
:10DED000FFFFFFFFFFFFFFFFFFFFFFFFFFFFFFFF52
:10DEE000FFFFFFFFFFFFFFFFFFFFFFFFFFFFFFFF42
:10DEF000FFFFFFFFFFFFFFFFFFFFFFFFFFFFFFFF32
:10DF0000FFFFFFFFFFFFFFFFFFFFFFFFFFFFFFFF21
:10DF1000FFFFFFFFFFFFFFFFFFFFFFFFFFFFFFFF11
:10DF2000FFFFFFFFFFFFFFFFFFFFFFFFFFFFFFFF01
:10DF3000FFFFFFFFFFFFFFFFFFFFFFFFFFFFFFFFF1
:10DF4000FFFFFFFFFFFFFFFFFFFFFFFFFFFFFFFFE1
:10DF5000FFFFFFFFFFFFFFFFFFFFFFFFFFFFFFFFD1
:10DF6000FFFFFFFFFFFFFFFFFFFFFFFFFFFFFFFFC1
:10DF7000FFFFFFFFFFFFFFFFFFFFFFFFFFFFFFFFB1
:10DF8000FFFFFFFFFFFFFFFFFFFFFFFFFFFFFFFFA1
:10DF9000FFFFFFFFFFFFFFFFFFFFFFFFFFFFFFFF91
:10DFA000FFFFFFFFFFFFFFFFFFFFFFFFFFFFFFFF81
:10DFB000FFFFFFFFFFFFFFFFFFFFFFFFFFFFFFFF71
:10DFC000FFFFFFFFFFFFFFFFFFFFFFFFFFFFFFFF61
:10DFD000FFFFFFFFFFFFFFFFFFFFFFFFFFFFFFFF51
:10DFE000FFFFFFFFFFFFFFFFFFFFFFFFFFFFFFFF41
:10DFF000FFFFFFFFFFFFFFFFFFFFFFFFFFFFFFFF31
:10E00000FFFFFFFFFFFFFFFFFFFFFFFFFFFFFFFF20
:10E01000FFFFFFFFFFFFFFFFFFFFFFFFFFFFFFFF10
:10E02000FFFFFFFFFFFFFFFFFFFFFFFFFFFFFFFF00
:10E03000FFFFFFFFFFFFFFFFFFFFFFFFFFFFFFFFF0
:10E04000FFFFFFFFFFFFFFFFFFFFFFFFFFFFFFFFE0
:10E05000FFFFFFFFFFFFFFFFFFFFFFFFFFFFFFFFD0
:10E06000FFFFFFFFFFFFFFFFFFFFFFFFFFFFFFFFC0
:10E07000FFFFFFFFFFFFFFFFFFFFFFFFFFFFFFFFB0
:10E08000FFFFFFFFFFFFFFFFFFFFFFFFFFFFFFFFA0
:10E09000FFFFFFFFFFFFFFFFFFFFFFFFFFFFFFFF90
:10E0A000FFFFFFFFFFFFFFFFFFFFFFFFFFFFFFFF80
:10E0B000FFFFFFFFFFFFFFFFFFFFFFFFFFFFFFFF70
:10E0C000FFFFFFFFFFFFFFFFFFFFFFFFFFFFFFFF60
:10E0D000FFFFFFFFFFFFFFFFFFFFFFFFFFFFFFFF50
:10E0E000FFFFFFFFFFFFFFFFFFFFFFFFFFFFFFFF40
:10E0F000FFFFFFFFFFFFFFFFFFFFFFFFFFFFFFFF30
:10E10000FFFFFFFFFFFFFFFFFFFFFFFFFFFFFFFF1F
:10E11000FFFFFFFFFFFFFFFFFFFFFFFFFFFFFFFF0F
:10E12000FFFFFFFFFFFFFFFFFFFFFFFFFFFFFFFFFF
:10E13000FFFFFFFFFFFFFFFFFFFFFFFFFFFFFFFFEF
:10E14000FFFFFFFFFFFFFFFFFFFFFFFFFFFFFFFFDF
:10E15000FFFFFFFFFFFFFFFFFFFFFFFFFFFFFFFFCF
:10E16000FFFFFFFFFFFFFFFFFFFFFFFFFFFFFFFFBF
:10E17000FFFFFFFFFFFFFFFFFFFFFFFFFFFFFFFFAF
:10E18000FFFFFFFFFFFFFFFFFFFFFFFFFFFFFFFF9F
:10E19000FFFFFFFFFFFFFFFFFFFFFFFFFFFFFFFF8F
:10E1A000FFFFFFFFFFFFFFFFFFFFFFFFFFFFFFFF7F
:10E1B000FFFFFFFFFFFFFFFFFFFFFFFFFFFFFFFF6F
:10E1C000FFFFFFFFFFFFFFFFFFFFFFFFFFFFFFFF5F
:10E1D000FFFFFFFFFFFFFFFFFFFFFFFFFFFFFFFF4F
:10E1E000FFFFFFFFFFFFFFFFFFFFFFFFFFFFFFFF3F
:10E1F000FFFFFFFFFFFFFFFFFFFFFFFFFFFFFFFF2F
:10E20000FFFFFFFFFFFFFFFFFFFFFFFFFFFFFFFF1E
:10E21000FFFFFFFFFFFFFFFFFFFFFFFFFFFFFFFF0E
:10E22000FFFFFFFFFFFFFFFFFFFFFFFFFFFFFFFFFE
:10E23000FFFFFFFFFFFFFFFFFFFFFFFFFFFFFFFFEE
:10E24000FFFFFFFFFFFFFFFFFFFFFFFFFFFFFFFFDE
:10E25000FFFFFFFFFFFFFFFFFFFFFFFFFFFFFFFFCE
:10E26000FFFFFFFFFFFFFFFFFFFFFFFFFFFFFFFFBE
:10E27000FFFFFFFFFFFFFFFFFFFFFFFFFFFFFFFFAE
:10E28000FFFFFFFFFFFFFFFFFFFFFFFFFFFFFFFF9E
:10E29000FFFFFFFFFFFFFFFFFFFFFFFFFFFFFFFF8E
:10E2A000FFFFFFFFFFFFFFFFFFFFFFFFFFFFFFFF7E
:10E2B000FFFFFFFFFFFFFFFFFFFFFFFFFFFFFFFF6E
:10E2C000FFFFFFFFFFFFFFFFFFFFFFFFFFFFFFFF5E
:10E2D000FFFFFFFFFFFFFFFFFFFFFFFFFFFFFFFF4E
:10E2E000FFFFFFFFFFFFFFFFFFFFFFFFFFFFFFFF3E
:10E2F000FFFFFFFFFFFFFFFFFFFFFFFFFFFFFFFF2E
:10E30000FFFFFFFFFFFFFFFFFFFFFFFFFFFFFFFF1D
:10E31000FFFFFFFFFFFFFFFFFFFFFFFFFFFFFFFF0D
:10E32000FFFFFFFFFFFFFFFFFFFFFFFFFFFFFFFFFD
:10E33000FFFFFFFFFFFFFFFFFFFFFFFFFFFFFFFFED
:10E34000FFFFFFFFFFFFFFFFFFFFFFFFFFFFFFFFDD
:10E35000FFFFFFFFFFFFFFFFFFFFFFFFFFFFFFFFCD
:10E36000FFFFFFFFFFFFFFFFFFFFFFFFFFFFFFFFBD
:10E37000FFFFFFFFFFFFFFFFFFFFFFFFFFFFFFFFAD
:10E38000FFFFFFFFFFFFFFFFFFFFFFFFFFFFFFFF9D
:10E39000FFFFFFFFFFFFFFFFFFFFFFFFFFFFFFFF8D
:10E3A000FFFFFFFFFFFFFFFFFFFFFFFFFFFFFFFF7D
:10E3B000FFFFFFFFFFFFFFFFFFFFFFFFFFFFFFFF6D
:10E3C000FFFFFFFFFFFFFFFFFFFFFFFFFFFFFFFF5D
:10E3D000FFFFFFFFFFFFFFFFFFFFFFFFFFFFFFFF4D
:10E3E000FFFFFFFFFFFFFFFFFFFFFFFFFFFFFFFF3D
:10E3F000FFFFFFFFFFFFFFFFFFFFFFFFFFFFFFFF2D
:10E40000FFFFFFFFFFFFFFFFFFFFFFFFFFFFFFFF1C
:10E41000FFFFFFFFFFFFFFFFFFFFFFFFFFFFFFFF0C
:10E42000FFFFFFFFFFFFFFFFFFFFFFFFFFFFFFFFFC
:10E43000FFFFFFFFFFFFFFFFFFFFFFFFFFFFFFFFEC
:10E44000FFFFFFFFFFFFFFFFFFFFFFFFFFFFFFFFDC
:10E45000FFFFFFFFFFFFFFFFFFFFFFFFFFFFFFFFCC
:10E46000FFFFFFFFFFFFFFFFFFFFFFFFFFFFFFFFBC
:10E47000FFFFFFFFFFFFFFFFFFFFFFFFFFFFFFFFAC
:10E48000FFFFFFFFFFFFFFFFFFFFFFFFFFFFFFFF9C
:10E49000FFFFFFFFFFFFFFFFFFFFFFFFFFFFFFFF8C
:10E4A000FFFFFFFFFFFFFFFFFFFFFFFFFFFFFFFF7C
:10E4B000FFFFFFFFFFFFFFFFFFFFFFFFFFFFFFFF6C
:10E4C000FFFFFFFFFFFFFFFFFFFFFFFFFFFFFFFF5C
:10E4D000FFFFFFFFFFFFFFFFFFFFFFFFFFFFFFFF4C
:10E4E000FFFFFFFFFFFFFFFFFFFFFFFFFFFFFFFF3C
:10E4F000FFFFFFFFFFFFFFFFFFFFFFFFFFFFFFFF2C
:10E50000FFFFFFFFFFFFFFFFFFFFFFFFFFFFFFFF1B
:10E51000FFFFFFFFFFFFFFFFFFFFFFFFFFFFFFFF0B
:10E52000FFFFFFFFFFFFFFFFFFFFFFFFFFFFFFFFFB
:10E53000FFFFFFFFFFFFFFFFFFFFFFFFFFFFFFFFEB
:10E54000FFFFFFFFFFFFFFFFFFFFFFFFFFFFFFFFDB
:10E55000FFFFFFFFFFFFFFFFFFFFFFFFFFFFFFFFCB
:10E56000FFFFFFFFFFFFFFFFFFFFFFFFFFFFFFFFBB
:10E57000FFFFFFFFFFFFFFFFFFFFFFFFFFFFFFFFAB
:10E58000FFFFFFFFFFFFFFFFFFFFFFFFFFFFFFFF9B
:10E59000FFFFFFFFFFFFFFFFFFFFFFFFFFFFFFFF8B
:10E5A000FFFFFFFFFFFFFFFFFFFFFFFFFFFFFFFF7B
:10E5B000FFFFFFFFFFFFFFFFFFFFFFFFFFFFFFFF6B
:10E5C000FFFFFFFFFFFFFFFFFFFFFFFFFFFFFFFF5B
:10E5D000FFFFFFFFFFFFFFFFFFFFFFFFFFFFFFFF4B
:10E5E000FFFFFFFFFFFFFFFFFFFFFFFFFFFFFFFF3B
:10E5F000FFFFFFFFFFFFFFFFFFFFFFFFFFFFFFFF2B
:10E60000FFFFFFFFFFFFFFFFFFFFFFFFFFFFFFFF1A
:10E61000FFFFFFFFFFFFFFFFFFFFFFFFFFFFFFFF0A
:10E62000FFFFFFFFFFFFFFFFFFFFFFFFFFFFFFFFFA
:10E63000FFFFFFFFFFFFFFFFFFFFFFFFFFFFFFFFEA
:10E64000FFFFFFFFFFFFFFFFFFFFFFFFFFFFFFFFDA
:10E65000FFFFFFFFFFFFFFFFFFFFFFFFFFFFFFFFCA
:10E66000FFFFFFFFFFFFFFFFFFFFFFFFFFFFFFFFBA
:10E67000FFFFFFFFFFFFFFFFFFFFFFFFFFFFFFFFAA
:10E68000FFFFFFFFFFFFFFFFFFFFFFFFFFFFFFFF9A
:10E69000FFFFFFFFFFFFFFFFFFFFFFFFFFFFFFFF8A
:10E6A000FFFFFFFFFFFFFFFFFFFFFFFFFFFFFFFF7A
:10E6B000FFFFFFFFFFFFFFFFFFFFFFFFFFFFFFFF6A
:10E6C000FFFFFFFFFFFFFFFFFFFFFFFFFFFFFFFF5A
:10E6D000FFFFFFFFFFFFFFFFFFFFFFFFFFFFFFFF4A
:10E6E000FFFFFFFFFFFFFFFFFFFFFFFFFFFFFFFF3A
:10E6F000FFFFFFFFFFFFFFFFFFFFFFFFFFFFFFFF2A
:10E70000FFFFFFFFFFFFFFFFFFFFFFFFFFFFFFFF19
:10E71000FFFFFFFFFFFFFFFFFFFFFFFFFFFFFFFF09
:10E72000FFFFFFFFFFFFFFFFFFFFFFFFFFFFFFFFF9
:10E73000FFFFFFFFFFFFFFFFFFFFFFFFFFFFFFFFE9
:10E74000FFFFFFFFFFFFFFFFFFFFFFFFFFFFFFFFD9
:10E75000FFFFFFFFFFFFFFFFFFFFFFFFFFFFFFFFC9
:10E76000FFFFFFFFFFFFFFFFFFFFFFFFFFFFFFFFB9
:10E77000FFFFFFFFFFFFFFFFFFFFFFFFFFFFFFFFA9
:10E78000FFFFFFFFFFFFFFFFFFFFFFFFFFFFFFFF99
:10E79000FFFFFFFFFFFFFFFFFFFFFFFFFFFFFFFF89
:10E7A000FFFFFFFFFFFFFFFFFFFFFFFFFFFFFFFF79
:10E7B000FFFFFFFFFFFFFFFFFFFFFFFFFFFFFFFF69
:10E7C000FFFFFFFFFFFFFFFFFFFFFFFFFFFFFFFF59
:10E7D000FFFFFFFFFFFFFFFFFFFFFFFFFFFFFFFF49
:10E7E000FFFFFFFFFFFFFFFFFFFFFFFFFFFFFFFF39
:10E7F000FFFFFFFFFFFFFFFFFFFFFFFFFFFFFFFF29
:10E80000FFFFFFFFFFFFFFFFFFFFFFFFFFFFFFFF18
:10E81000FFFFFFFFFFFFFFFFFFFFFFFFFFFFFFFF08
:10E82000FFFFFFFFFFFFFFFFFFFFFFFFFFFFFFFFF8
:10E83000FFFFFFFFFFFFFFFFFFFFFFFFFFFFFFFFE8
:10E84000FFFFFFFFFFFFFFFFFFFFFFFFFFFFFFFFD8
:10E85000FFFFFFFFFFFFFFFFFFFFFFFFFFFFFFFFC8
:10E86000FFFFFFFFFFFFFFFFFFFFFFFFFFFFFFFFB8
:10E87000FFFFFFFFFFFFFFFFFFFFFFFFFFFFFFFFA8
:10E88000FFFFFFFFFFFFFFFFFFFFFFFFFFFFFFFF98
:10E89000FFFFFFFFFFFFFFFFFFFFFFFFFFFFFFFF88
:10E8A000FFFFFFFFFFFFFFFFFFFFFFFFFFFFFFFF78
:10E8B000FFFFFFFFFFFFFFFFFFFFFFFFFFFFFFFF68
:10E8C000FFFFFFFFFFFFFFFFFFFFFFFFFFFFFFFF58
:10E8D000FFFFFFFFFFFFFFFFFFFFFFFFFFFFFFFF48
:10E8E000FFFFFFFFFFFFFFFFFFFFFFFFFFFFFFFF38
:10E8F000FFFFFFFFFFFFFFFFFFFFFFFFFFFFFFFF28
:10E90000FFFFFFFFFFFFFFFFFFFFFFFFFFFFFFFF17
:10E91000FFFFFFFFFFFFFFFFFFFFFFFFFFFFFFFF07
:10E92000FFFFFFFFFFFFFFFFFFFFFFFFFFFFFFFFF7
:10E93000FFFFFFFFFFFFFFFFFFFFFFFFFFFFFFFFE7
:10E94000FFFFFFFFFFFFFFFFFFFFFFFFFFFFFFFFD7
:10E95000FFFFFFFFFFFFFFFFFFFFFFFFFFFFFFFFC7
:10E96000FFFFFFFFFFFFFFFFFFFFFFFFFFFFFFFFB7
:10E97000FFFFFFFFFFFFFFFFFFFFFFFFFFFFFFFFA7
:10E98000FFFFFFFFFFFFFFFFFFFFFFFFFFFFFFFF97
:10E99000FFFFFFFFFFFFFFFFFFFFFFFFFFFFFFFF87
:10E9A000FFFFFFFFFFFFFFFFFFFFFFFFFFFFFFFF77
:10E9B000FFFFFFFFFFFFFFFFFFFFFFFFFFFFFFFF67
:10E9C000FFFFFFFFFFFFFFFFFFFFFFFFFFFFFFFF57
:10E9D000FFFFFFFFFFFFFFFFFFFFFFFFFFFFFFFF47
:10E9E000FFFFFFFFFFFFFFFFFFFFFFFFFFFFFFFF37
:10E9F000FFFFFFFFFFFFFFFFFFFFFFFFFFFFFFFF27
:10EA0000FFFFFFFFFFFFFFFFFFFFFFFFFFFFFFFF16
:10EA1000FFFFFFFFFFFFFFFFFFFFFFFFFFFFFFFF06
:10EA2000FFFFFFFFFFFFFFFFFFFFFFFFFFFFFFFFF6
:10EA3000FFFFFFFFFFFFFFFFFFFFFFFFFFFFFFFFE6
:10EA4000FFFFFFFFFFFFFFFFFFFFFFFFFFFFFFFFD6
:10EA5000FFFFFFFFFFFFFFFFFFFFFFFFFFFFFFFFC6
:10EA6000FFFFFFFFFFFFFFFFFFFFFFFFFFFFFFFFB6
:10EA7000FFFFFFFFFFFFFFFFFFFFFFFFFFFFFFFFA6
:10EA8000FFFFFFFFFFFFFFFFFFFFFFFFFFFFFFFF96
:10EA9000FFFFFFFFFFFFFFFFFFFFFFFFFFFFFFFF86
:10EAA000FFFFFFFFFFFFFFFFFFFFFFFFFFFFFFFF76
:10EAB000FFFFFFFFFFFFFFFFFFFFFFFFFFFFFFFF66
:10EAC000FFFFFFFFFFFFFFFFFFFFFFFFFFFFFFFF56
:10EAD000FFFFFFFFFFFFFFFFFFFFFFFFFFFFFFFF46
:10EAE000FFFFFFFFFFFFFFFFFFFFFFFFFFFFFFFF36
:10EAF000FFFFFFFFFFFFFFFFFFFFFFFFFFFFFFFF26
:10EB0000FFFFFFFFFFFFFFFFFFFFFFFFFFFFFFFF15
:10EB1000FFFFFFFFFFFFFFFFFFFFFFFFFFFFFFFF05
:10EB2000FFFFFFFFFFFFFFFFFFFFFFFFFFFFFFFFF5
:10EB3000FFFFFFFFFFFFFFFFFFFFFFFFFFFFFFFFE5
:10EB4000FFFFFFFFFFFFFFFFFFFFFFFFFFFFFFFFD5
:10EB5000FFFFFFFFFFFFFFFFFFFFFFFFFFFFFFFFC5
:10EB6000FFFFFFFFFFFFFFFFFFFFFFFFFFFFFFFFB5
:10EB7000FFFFFFFFFFFFFFFFFFFFFFFFFFFFFFFFA5
:10EB8000FFFFFFFFFFFFFFFFFFFFFFFFFFFFFFFF95
:10EB9000FFFFFFFFFFFFFFFFFFFFFFFFFFFFFFFF85
:10EBA000FFFFFFFFFFFFFFFFFFFFFFFFFFFFFFFF75
:10EBB000FFFFFFFFFFFFFFFFFFFFFFFFFFFFFFFF65
:10EBC000FFFFFFFFFFFFFFFFFFFFFFFFFFFFFFFF55
:10EBD000FFFFFFFFFFFFFFFFFFFFFFFFFFFFFFFF45
:10EBE000FFFFFFFFFFFFFFFFFFFFFFFFFFFFFFFF35
:10EBF000FFFFFFFFFFFFFFFFFFFFFFFFFFFFFFFF25
:10EC0000FFFFFFFFFFFFFFFFFFFFFFFFFFFFFFFF14
:10EC1000FFFFFFFFFFFFFFFFFFFFFFFFFFFFFFFF04
:10EC2000FFFFFFFFFFFFFFFFFFFFFFFFFFFFFFFFF4
:10EC3000FFFFFFFFFFFFFFFFFFFFFFFFFFFFFFFFE4
:10EC4000FFFFFFFFFFFFFFFFFFFFFFFFFFFFFFFFD4
:10EC5000FFFFFFFFFFFFFFFFFFFFFFFFFFFFFFFFC4
:10EC6000FFFFFFFFFFFFFFFFFFFFFFFFFFFFFFFFB4
:10EC7000FFFFFFFFFFFFFFFFFFFFFFFFFFFFFFFFA4
:10EC8000FFFFFFFFFFFFFFFFFFFFFFFFFFFFFFFF94
:10EC9000FFFFFFFFFFFFFFFFFFFFFFFFFFFFFFFF84
:10ECA000FFFFFFFFFFFFFFFFFFFFFFFFFFFFFFFF74
:10ECB000FFFFFFFFFFFFFFFFFFFFFFFFFFFFFFFF64
:10ECC000FFFFFFFFFFFFFFFFFFFFFFFFFFFFFFFF54
:10ECD000FFFFFFFFFFFFFFFFFFFFFFFFFFFFFFFF44
:10ECE000FFFFFFFFFFFFFFFFFFFFFFFFFFFFFFFF34
:10ECF000FFFFFFFFFFFFFFFFFFFFFFFFFFFFFFFF24
:10ED0000FFFFFFFFFFFFFFFFFFFFFFFFFFFFFFFF13
:10ED1000FFFFFFFFFFFFFFFFFFFFFFFFFFFFFFFF03
:10ED2000FFFFFFFFFFFFFFFFFFFFFFFFFFFFFFFFF3
:10ED3000FFFFFFFFFFFFFFFFFFFFFFFFFFFFFFFFE3
:10ED4000FFFFFFFFFFFFFFFFFFFFFFFFFFFFFFFFD3
:10ED5000FFFFFFFFFFFFFFFFFFFFFFFFFFFFFFFFC3
:10ED6000FFFFFFFFFFFFFFFFFFFFFFFFFFFFFFFFB3
:10ED7000FFFFFFFFFFFFFFFFFFFFFFFFFFFFFFFFA3
:10ED8000FFFFFFFFFFFFFFFFFFFFFFFFFFFFFFFF93
:10ED9000FFFFFFFFFFFFFFFFFFFFFFFFFFFFFFFF83
:10EDA000FFFFFFFFFFFFFFFFFFFFFFFFFFFFFFFF73
:10EDB000FFFFFFFFFFFFFFFFFFFFFFFFFFFFFFFF63
:10EDC000FFFFFFFFFFFFFFFFFFFFFFFFFFFFFFFF53
:10EDD000FFFFFFFFFFFFFFFFFFFFFFFFFFFFFFFF43
:10EDE000FFFFFFFFFFFFFFFFFFFFFFFFFFFFFFFF33
:10EDF000FFFFFFFFFFFFFFFFFFFFFFFFFFFFFFFF23
:10EE0000FFFFFFFFFFFFFFFFFFFFFFFFFFFFFFFF12
:10EE1000FFFFFFFFFFFFFFFFFFFFFFFFFFFFFFFF02
:10EE2000FFFFFFFFFFFFFFFFFFFFFFFFFFFFFFFFF2
:10EE3000FFFFFFFFFFFFFFFFFFFFFFFFFFFFFFFFE2
:10EE4000FFFFFFFFFFFFFFFFFFFFFFFFFFFFFFFFD2
:10EE5000FFFFFFFFFFFFFFFFFFFFFFFFFFFFFFFFC2
:10EE6000FFFFFFFFFFFFFFFFFFFFFFFFFFFFFFFFB2
:10EE7000FFFFFFFFFFFFFFFFFFFFFFFFFFFFFFFFA2
:10EE8000FFFFFFFFFFFFFFFFFFFFFFFFFFFFFFFF92
:10EE9000FFFFFFFFFFFFFFFFFFFFFFFFFFFFFFFF82
:10EEA000FFFFFFFFFFFFFFFFFFFFFFFFFFFFFFFF72
:10EEB000FFFFFFFFFFFFFFFFFFFFFFFFFFFFFFFF62
:10EEC000FFFFFFFFFFFFFFFFFFFFFFFFFFFFFFFF52
:10EED000FFFFFFFFFFFFFFFFFFFFFFFFFFFFFFFF42
:10EEE000FFFFFFFFFFFFFFFFFFFFFFFFFFFFFFFF32
:10EEF000FFFFFFFFFFFFFFFFFFFFFFFFFFFFFFFF22
:10EF0000FFFFFFFFFFFFFFFFFFFFFFFFFFFFFFFF11
:10EF1000FFFFFFFFFFFFFFFFFFFFFFFFFFFFFFFF01
:10EF2000FFFFFFFFFFFFFFFFFFFFFFFFFFFFFFFFF1
:10EF3000FFFFFFFFFFFFFFFFFFFFFFFFFFFFFFFFE1
:10EF4000FFFFFFFFFFFFFFFFFFFFFFFFFFFFFFFFD1
:10EF5000FFFFFFFFFFFFFFFFFFFFFFFFFFFFFFFFC1
:10EF6000FFFFFFFFFFFFFFFFFFFFFFFFFFFFFFFFB1
:10EF7000FFFFFFFFFFFFFFFFFFFFFFFFFFFFFFFFA1
:10EF8000FFFFFFFFFFFFFFFFFFFFFFFFFFFFFFFF91
:10EF9000FFFFFFFFFFFFFFFFFFFFFFFFFFFFFFFF81
:10EFA000FFFFFFFFFFFFFFFFFFFFFFFFFFFFFFFF71
:10EFB000FFFFFFFFFFFFFFFFFFFFFFFFFFFFFFFF61
:10EFC000FFFFFFFFFFFFFFFFFFFFFFFFFFFFFFFF51
:10EFD000FFFFFFFFFFFFFFFFFFFFFFFFFFFFFFFF41
:10EFE000FFFFFFFFFFFFFFFFFFFFFFFFFFFFFFFF31
:10EFF000FFFFFFFFFFFFFFFFFFFFFFFFFFFFFFFF21
:10F00000FFFFFFFFFFFFFFFFFFFFFFFFFFFFFFFF10
:10F01000FFFFFFFFFFFFFFFFFFFFFFFFFFFFFFFF00
:10F02000FFFFFFFFFFFFFFFFFFFFFFFFFFFFFFFFF0
:10F03000FFFFFFFFFFFFFFFFFFFFFFFFFFFFFFFFE0
:10F04000FFFFFFFFFFFFFFFFFFFFFFFFFFFFFFFFD0
:10F05000FFFFFFFFFFFFFFFFFFFFFFFFFFFFFFFFC0
:10F06000FFFFFFFFFFFFFFFFFFFFFFFFFFFFFFFFB0
:10F07000FFFFFFFFFFFFFFFFFFFFFFFFFFFFFFFFA0
:10F08000FFFFFFFFFFFFFFFFFFFFFFFFFFFFFFFF90
:10F09000FFFFFFFFFFFFFFFFFFFFFFFFFFFFFFFF80
:10F0A000FFFFFFFFFFFFFFFFFFFFFFFFFFFFFFFF70
:10F0B000FFFFFFFFFFFFFFFFFFFFFFFFFFFFFFFF60
:10F0C000FFFFFFFFFFFFFFFFFFFFFFFFFFFFFFFF50
:10F0D000FFFFFFFFFFFFFFFFFFFFFFFFFFFFFFFF40
:10F0E000FFFFFFFFFFFFFFFFFFFFFFFFFFFFFFFF30
:10F0F000FFFFFFFFFFFFFFFFFFFFFFFFFFFFFFFF20
:10F10000FFFFFFFFFFFFFFFFFFFFFFFFFFFFFFFF0F
:10F11000FFFFFFFFFFFFFFFFFFFFFFFFFFFFFFFFFF
:10F12000FFFFFFFFFFFFFFFFFFFFFFFFFFFFFFFFEF
:10F13000FFFFFFFFFFFFFFFFFFFFFFFFFFFFFFFFDF
:10F14000FFFFFFFFFFFFFFFFFFFFFFFFFFFFFFFFCF
:10F15000FFFFFFFFFFFFFFFFFFFFFFFFFFFFFFFFBF
:10F16000FFFFFFFFFFFFFFFFFFFFFFFFFFFFFFFFAF
:10F17000FFFFFFFFFFFFFFFFFFFFFFFFFFFFFFFF9F
:10F18000FFFFFFFFFFFFFFFFFFFFFFFFFFFFFFFF8F
:10F19000FFFFFFFFFFFFFFFFFFFFFFFFFFFFFFFF7F
:10F1A000FFFFFFFFFFFFFFFFFFFFFFFFFFFFFFFF6F
:10F1B000FFFFFFFFFFFFFFFFFFFFFFFFFFFFFFFF5F
:10F1C000FFFFFFFFFFFFFFFFFFFFFFFFFFFFFFFF4F
:10F1D000FFFFFFFFFFFFFFFFFFFFFFFFFFFFFFFF3F
:10F1E000FFFFFFFFFFFFFFFFFFFFFFFFFFFFFFFF2F
:10F1F000FFFFFFFFFFFFFFFFFFFFFFFFFFFFFFFF1F
:10F20000FFFFFFFFFFFFFFFFFFFFFFFFFFFFFFFF0E
:10F21000FFFFFFFFFFFFFFFFFFFFFFFFFFFFFFFFFE
:10F22000FFFFFFFFFFFFFFFFFFFFFFFFFFFFFFFFEE
:10F23000FFFFFFFFFFFFFFFFFFFFFFFFFFFFFFFFDE
:10F24000FFFFFFFFFFFFFFFFFFFFFFFFFFFFFFFFCE
:10F25000FFFFFFFFFFFFFFFFFFFFFFFFFFFFFFFFBE
:10F26000FFFFFFFFFFFFFFFFFFFFFFFFFFFFFFFFAE
:10F27000FFFFFFFFFFFFFFFFFFFFFFFFFFFFFFFF9E
:10F28000FFFFFFFFFFFFFFFFFFFFFFFFFFFFFFFF8E
:10F29000FFFFFFFFFFFFFFFFFFFFFFFFFFFFFFFF7E
:10F2A000FFFFFFFFFFFFFFFFFFFFFFFFFFFFFFFF6E
:10F2B000FFFFFFFFFFFFFFFFFFFFFFFFFFFFFFFF5E
:10F2C000FFFFFFFFFFFFFFFFFFFFFFFFFFFFFFFF4E
:10F2D000FFFFFFFFFFFFFFFFFFFFFFFFFFFFFFFF3E
:10F2E000FFFFFFFFFFFFFFFFFFFFFFFFFFFFFFFF2E
:10F2F000FFFFFFFFFFFFFFFFFFFFFFFFFFFFFFFF1E
:10F30000FFFFFFFFFFFFFFFFFFFFFFFFFFFFFFFF0D
:10F31000FFFFFFFFFFFFFFFFFFFFFFFFFFFFFFFFFD
:10F32000FFFFFFFFFFFFFFFFFFFFFFFFFFFFFFFFED
:10F33000FFFFFFFFFFFFFFFFFFFFFFFFFFFFFFFFDD
:10F34000FFFFFFFFFFFFFFFFFFFFFFFFFFFFFFFFCD
:10F35000FFFFFFFFFFFFFFFFFFFFFFFFFFFFFFFFBD
:10F36000FFFFFFFFFFFFFFFFFFFFFFFFFFFFFFFFAD
:10F37000FFFFFFFFFFFFFFFFFFFFFFFFFFFFFFFF9D
:10F38000FFFFFFFFFFFFFFFFFFFFFFFFFFFFFFFF8D
:10F39000FFFFFFFFFFFFFFFFFFFFFFFFFFFFFFFF7D
:10F3A000FFFFFFFFFFFFFFFFFFFFFFFFFFFFFFFF6D
:10F3B000FFFFFFFFFFFFFFFFFFFFFFFFFFFFFFFF5D
:10F3C000FFFFFFFFFFFFFFFFFFFFFFFFFFFFFFFF4D
:10F3D000FFFFFFFFFFFFFFFFFFFFFFFFFFFFFFFF3D
:10F3E000FFFFFFFFFFFFFFFFFFFFFFFFFFFFFFFF2D
:10F3F000FFFFFFFFFFFFFFFFFFFFFFFFFFFFFFFF1D
:10F40000FFFFFFFFFFFFFFFFFFFFFFFFFFFFFFFF0C
:10F41000FFFFFFFFFFFFFFFFFFFFFFFFFFFFFFFFFC
:10F42000FFFFFFFFFFFFFFFFFFFFFFFFFFFFFFFFEC
:10F43000FFFFFFFFFFFFFFFFFFFFFFFFFFFFFFFFDC
:10F44000FFFFFFFFFFFFFFFFFFFFFFFFFFFFFFFFCC
:10F45000FFFFFFFFFFFFFFFFFFFFFFFFFFFFFFFFBC
:10F46000FFFFFFFFFFFFFFFFFFFFFFFFFFFFFFFFAC
:10F47000FFFFFFFFFFFFFFFFFFFFFFFFFFFFFFFF9C
:10F48000FFFFFFFFFFFFFFFFFFFFFFFFFFFFFFFF8C
:10F49000FFFFFFFFFFFFFFFFFFFFFFFFFFFFFFFF7C
:10F4A000FFFFFFFFFFFFFFFFFFFFFFFFFFFFFFFF6C
:10F4B000FFFFFFFFFFFFFFFFFFFFFFFFFFFFFFFF5C
:10F4C000FFFFFFFFFFFFFFFFFFFFFFFFFFFFFFFF4C
:10F4D000FFFFFFFFFFFFFFFFFFFFFFFFFFFFFFFF3C
:10F4E000FFFFFFFFFFFFFFFFFFFFFFFFFFFFFFFF2C
:10F4F000FFFFFFFFFFFFFFFFFFFFFFFFFFFFFFFF1C
:10F50000FFFFFFFFFFFFFFFFFFFFFFFFFFFFFFFF0B
:10F51000FFFFFFFFFFFFFFFFFFFFFFFFFFFFFFFFFB
:10F52000FFFFFFFFFFFFFFFFFFFFFFFFFFFFFFFFEB
:10F53000FFFFFFFFFFFFFFFFFFFFFFFFFFFFFFFFDB
:10F54000FFFFFFFFFFFFFFFFFFFFFFFFFFFFFFFFCB
:10F55000FFFFFFFFFFFFFFFFFFFFFFFFFFFFFFFFBB
:10F56000FFFFFFFFFFFFFFFFFFFFFFFFFFFFFFFFAB
:10F57000FFFFFFFFFFFFFFFFFFFFFFFFFFFFFFFF9B
:10F58000FFFFFFFFFFFFFFFFFFFFFFFFFFFFFFFF8B
:10F59000FFFFFFFFFFFFFFFFFFFFFFFFFFFFFFFF7B
:10F5A000FFFFFFFFFFFFFFFFFFFFFFFFFFFFFFFF6B
:10F5B000FFFFFFFFFFFFFFFFFFFFFFFFFFFFFFFF5B
:10F5C000FFFFFFFFFFFFFFFFFFFFFFFFFFFFFFFF4B
:10F5D000FFFFFFFFFFFFFFFFFFFFFFFFFFFFFFFF3B
:10F5E000FFFFFFFFFFFFFFFFFFFFFFFFFFFFFFFF2B
:10F5F000FFFFFFFFFFFFFFFFFFFFFFFFFFFFFFFF1B
:10F60000FFFFFFFFFFFFFFFFFFFFFFFFFFFFFFFF0A
:10F61000FFFFFFFFFFFFFFFFFFFFFFFFFFFFFFFFFA
:10F62000FFFFFFFFFFFFFFFFFFFFFFFFFFFFFFFFEA
:10F63000FFFFFFFFFFFFFFFFFFFFFFFFFFFFFFFFDA
:10F64000FFFFFFFFFFFFFFFFFFFFFFFFFFFFFFFFCA
:10F65000FFFFFFFFFFFFFFFFFFFFFFFFFFFFFFFFBA
:10F66000FFFFFFFFFFFFFFFFFFFFFFFFFFFFFFFFAA
:10F67000FFFFFFFFFFFFFFFFFFFFFFFFFFFFFFFF9A
:10F68000FFFFFFFFFFFFFFFFFFFFFFFFFFFFFFFF8A
:10F69000FFFFFFFFFFFFFFFFFFFFFFFFFFFFFFFF7A
:10F6A000FFFFFFFFFFFFFFFFFFFFFFFFFFFFFFFF6A
:10F6B000FFFFFFFFFFFFFFFFFFFFFFFFFFFFFFFF5A
:10F6C000FFFFFFFFFFFFFFFFFFFFFFFFFFFFFFFF4A
:10F6D000FFFFFFFFFFFFFFFFFFFFFFFFFFFFFFFF3A
:10F6E000FFFFFFFFFFFFFFFFFFFFFFFFFFFFFFFF2A
:10F6F000FFFFFFFFFFFFFFFFFFFFFFFFFFFFFFFF1A
:10F70000FFFFFFFFFFFFFFFFFFFFFFFFFFFFFFFF09
:10F71000FFFFFFFFFFFFFFFFFFFFFFFFFFFFFFFFF9
:10F72000FFFFFFFFFFFFFFFFFFFFFFFFFFFFFFFFE9
:10F73000FFFFFFFFFFFFFFFFFFFFFFFFFFFFFFFFD9
:10F74000FFFFFFFFFFFFFFFFFFFFFFFFFFFFFFFFC9
:10F75000FFFFFFFFFFFFFFFFFFFFFFFFFFFFFFFFB9
:10F76000FFFFFFFFFFFFFFFFFFFFFFFFFFFFFFFFA9
:10F77000FFFFFFFFFFFFFFFFFFFFFFFFFFFFFFFF99
:10F78000FFFFFFFFFFFFFFFFFFFFFFFFFFFFFFFF89
:10F79000FFFFFFFFFFFFFFFFFFFFFFFFFFFFFFFF79
:10F7A000FFFFFFFFFFFFFFFFFFFFFFFFFFFFFFFF69
:10F7B000FFFFFFFFFFFFFFFFFFFFFFFFFFFFFFFF59
:10F7C000FFFFFFFFFFFFFFFFFFFFFFFFFFFFFFFF49
:10F7D000FFFFFFFFFFFFFFFFFFFFFFFFFFFFFFFF39
:10F7E000FFFFFFFFFFFFFFFFFFFFFFFFFFFFFFFF29
:10F7F000FFFFFFFFFFFFFFFFFFFFFFFFFFFFFFFF19
:10F80000FFFFFFFFFFFFFFFFFFFFFFFFFFFFFFFF08
:10F81000FFFFFFFFFFFFFFFFFFFFFFFFFFFFFFFFF8
:10F82000FFFFFFFFFFFFFFFFFFFFFFFFFFFFFFFFE8
:10F83000FFFFFFFFFFFFFFFFFFFFFFFFFFFFFFFFD8
:10F84000FFFFFFFFFFFFFFFFFFFFFFFFFFFFFFFFC8
:10F85000FFFFFFFFFFFFFFFFFFFFFFFFFFFFFFFFB8
:10F86000FFFFFFFFFFFFFFFFFFFFFFFFFFFFFFFFA8
:10F87000FFFFFFFFFFFFFFFFFFFFFFFFFFFFFFFF98
:10F88000FFFFFFFFFFFFFFFFFFFFFFFFFFFFFFFF88
:10F89000FFFFFFFFFFFFFFFFFFFFFFFFFFFFFFFF78
:10F8A000FFFFFFFFFFFFFFFFFFFFFFFFFFFFFFFF68
:10F8B000FFFFFFFFFFFFFFFFFFFFFFFFFFFFFFFF58
:10F8C000FFFFFFFFFFFFFFFFFFFFFFFFFFFFFFFF48
:10F8D000FFFFFFFFFFFFFFFFFFFFFFFFFFFFFFFF38
:10F8E000FFFFFFFFFFFFFFFFFFFFFFFFFFFFFFFF28
:10F8F000FFFFFFFFFFFFFFFFFFFFFFFFFFFFFFFF18
:10F90000FFFFFFFFFFFFFFFFFFFFFFFFFFFFFFFF07
:10F91000FFFFFFFFFFFFFFFFFFFFFFFFFFFFFFFFF7
:10F92000FFFFFFFFFFFFFFFFFFFFFFFFFFFFFFFFE7
:10F93000FFFFFFFFFFFFFFFFFFFFFFFFFFFFFFFFD7
:10F94000FFFFFFFFFFFFFFFFFFFFFFFFFFFFFFFFC7
:10F95000FFFFFFFFFFFFFFFFFFFFFFFFFFFFFFFFB7
:10F96000FFFFFFFFFFFFFFFFFFFFFFFFFFFFFFFFA7
:10F97000FFFFFFFFFFFFFFFFFFFFFFFFFFFFFFFF97
:10F98000FFFFFFFFFFFFFFFFFFFFFFFFFFFFFFFF87
:10F99000FFFFFFFFFFFFFFFFFFFFFFFFFFFFFFFF77
:10F9A000FFFFFFFFFFFFFFFFFFFFFFFFFFFFFFFF67
:10F9B000FFFFFFFFFFFFFFFFFFFFFFFFFFFFFFFF57
:10F9C000FFFFFFFFFFFFFFFFFFFFFFFFFFFFFFFF47
:10F9D000FFFFFFFFFFFFFFFFFFFFFFFFFFFFFFFF37
:10F9E000FFFFFFFFFFFFFFFFFFFFFFFFFFFFFFFF27
:10F9F000FFFFFFFFFFFFFFFFFFFFFFFFFFFFFFFF17
:10FA0000FFFFFFFFFFFFFFFFFFFFFFFFFFFFFFFF06
:10FA1000FFFFFFFFFFFFFFFFFFFFFFFFFFFFFFFFF6
:10FA2000FFFFFFFFFFFFFFFFFFFFFFFFFFFFFFFFE6
:10FA3000FFFFFFFFFFFFFFFFFFFFFFFFFFFFFFFFD6
:10FA4000FFFFFFFFFFFFFFFFFFFFFFFFFFFFFFFFC6
:10FA5000FFFFFFFFFFFFFFFFFFFFFFFFFFFFFFFFB6
:10FA6000FFFFFFFFFFFFFFFFFFFFFFFFFFFFFFFFA6
:10FA7000FFFFFFFFFFFFFFFFFFFFFFFFFFFFFFFF96
:10FA8000FFFFFFFFFFFFFFFFFFFFFFFFFFFFFFFF86
:10FA9000FFFFFFFFFFFFFFFFFFFFFFFFFFFFFFFF76
:10FAA000FFFFFFFFFFFFFFFFFFFFFFFFFFFFFFFF66
:10FAB000FFFFFFFFFFFFFFFFFFFFFFFFFFFFFFFF56
:10FAC000FFFFFFFFFFFFFFFFFFFFFFFFFFFFFFFF46
:10FAD000FFFFFFFFFFFFFFFFFFFFFFFFFFFFFFFF36
:10FAE000FFFFFFFFFFFFFFFFFFFFFFFFFFFFFFFF26
:10FAF000FFFFFFFFFFFFFFFFFFFFFFFFFFFFFFFF16
:10FB0000FFFFFFFFFFFFFFFFFFFFFFFFFFFFFFFF05
:10FB1000FFFFFFFFFFFFFFFFFFFFFFFFFFFFFFFFF5
:10FB2000FFFFFFFFFFFFFFFFFFFFFFFFFFFFFFFFE5
:10FB3000FFFFFFFFFFFFFFFFFFFFFFFFFFFFFFFFD5
:10FB4000FFFFFFFFFFFFFFFFFFFFFFFFFFFFFFFFC5
:10FB5000FFFFFFFFFFFFFFFFFFFFFFFFFFFFFFFFB5
:10FB6000FFFFFFFFFFFFFFFFFFFFFFFFFFFFFFFFA5
:10FB7000FFFFFFFFFFFFFFFFFFFFFFFFFFFFFFFF95
:10FB8000FFFFFFFFFFFFFFFFFFFFFFFFFFFFFFFF85
:10FB9000FFFFFFFFFFFFFFFFFFFFFFFFFFFFFFFF75
:10FBA000FFFFFFFFFFFFFFFFFFFFFFFFFFFFFFFF65
:10FBB000FFFFFFFFFFFFFFFFFFFFFFFFFFFFFFFF55
:10FBC000FFFFFFFFFFFFFFFFFFFFFFFFFFFFFFFF45
:10FBD000FFFFFFFFFFFFFFFFFFFFFFFFFFFFFFFF35
:10FBE000FFFFFFFFFFFFFFFFFFFFFFFFFFFFFFFF25
:10FBF000FFFFFFFFFFFFFFFFFFFFFFFFFFFFFFFF15
:10FC0000FFFFFFFFFFFFFFFFFFFFFFFFFFFFFFFF04
:10FC1000FFFFFFFFFFFFFFFFFFFFFFFFFFFFFFFFF4
:10FC2000FFFFFFFFFFFFFFFFFFFFFFFFFFFFFFFFE4
:10FC3000FFFFFFFFFFFFFFFFFFFFFFFFFFFFFFFFD4
:10FC4000FFFFFFFFFFFFFFFFFFFFFFFFFFFFFFFFC4
:10FC5000FFFFFFFFFFFFFFFFFFFFFFFFFFFFFFFFB4
:10FC6000FFFFFFFFFFFFFFFFFFFFFFFFFFFFFFFFA4
:10FC7000FFFFFFFFFFFFFFFFFFFFFFFFFFFFFFFF94
:10FC8000FFFFFFFFFFFFFFFFFFFFFFFFFFFFFFFF84
:10FC9000FFFFFFFFFFFFFFFFFFFFFFFFFFFFFFFF74
:10FCA000FFFFFFFFFFFFFFFFFFFFFFFFFFFFFFFF64
:10FCB000FFFFFFFFFFFFFFFFFFFFFFFFFFFFFFFF54
:10FCC000FFFFFFFFFFFFFFFFFFFFFFFFFFFFFFFF44
:10FCD000FFFFFFFFFFFFFFFFFFFFFFFFFFFFFFFF34
:10FCE000FFFFFFFFFFFFFFFFFFFFFFFFFFFFFFFF24
:10FCF000FFFFFFFFFFFFFFFFFFFFFFFFFFFFFFFF14
:10FD0000FFFFFFFFFFFFFFFFFFFFFFFFFFFFFFFF03
:10FD1000FFFFFFFFFFFFFFFFFFFFFFFFFFFFFFFFF3
:10FD2000FFFFFFFFFFFFFFFFFFFFFFFFFFFFFFFFE3
:10FD3000FFFFFFFFFFFFFFFFFFFFFFFFFFFFFFFFD3
:10FD4000FFFFFFFFFFFFFFFFFFFFFFFFFFFFFFFFC3
:10FD5000FFFFFFFFFFFFFFFFFFFFFFFFFFFFFFFFB3
:10FD6000FFFFFFFFFFFFFFFFFFFFFFFFFFFFFFFFA3
:10FD7000FFFFFFFFFFFFFFFFFFFFFFFFFFFFFFFF93
:10FD8000FFFFFFFFFFFFFFFFFFFFFFFFFFFFFFFF83
:10FD9000FFFFFFFFFFFFFFFFFFFFFFFFFFFFFFFF73
:10FDA000FFFFFFFFFFFFFFFFFFFFFFFFFFFFFFFF63
:10FDB000FFFFFFFFFFFFFFFFFFFFFFFFFFFFFFFF53
:10FDC000FFFFFFFFFFFFFFFFFFFFFFFFFFFFFFFF43
:10FDD000FFFFFFFFFFFFFFFFFFFFFFFFFFFFFFFF33
:10FDE000FFFFFFFFFFFFFFFFFFFFFFFFFFFFFFFF23
:10FDF000FFFFFFFFFFFFFFFFFFFFFFFFFFFFFFFF13
:10FE0000FFFFFFFFFFFFFFFFFFFFFFFFFFFFFFFF02
:10FE1000FFFFFFFFFFFFFFFFFFFFFFFFFFFFFFFFF2
:10FE2000FFFFFFFFFFFFFFFFFFFFFFFFFFFFFFFFE2
:10FE3000FFFFFFFFFFFFFFFFFFFFFFFFFFFFFFFFD2
:10FE4000FFFFFFFFFFFFFFFFFFFFFFFFFFFFFFFFC2
:10FE5000FFFFFFFFFFFFFFFFFFFFFFFFFFFFFFFFB2
:10FE6000FFFFFFFFFFFFFFFFFFFFFFFFFFFFFFFFA2
:10FE7000FFFFFFFFFFFFFFFFFFFFFFFFFFFFFFFF92
:10FE8000FFFFFFFFFFFFFFFFFFFFFFFFFFFFFFFF82
:10FE9000FFFFFFFFFFFFFFFFFFFFFFFFFFFFFFFF72
:10FEA000FFFFFFFFFFFFFFFFFFFFFFFFFFFFFFFF62
:10FEB000FFFFFFFFFFFFFFFFFFFFFFFFFFFFFFFF52
:10FEC000FFFFFFFFFFFFFFFFFFFFFFFFFFFFFFFF42
:10FED000FFFFFFFFFFFFFFFFFFFFFFFFFFFFFFFF32
:10FEE000FFFFFFFFFFFFFFFFFFFFFFFFFFFFFFFF22
:10FEF000FFFFFFFFFFFFFFFFFFFFFFFFFFFFFFFF12
:10FF0000FFFFFFFFFFFFFFFFFFFFFFFFFFFFFFFF01
:10FF1000FFFFFFFFFFFFFFFFFFFFFFFFFFFFFFFFF1
:10FF2000FFFFFFFFFFFFFFFFFFFFFFFFFFFFFFFFE1
:10FF3000FFFFFFFFFFFFFFFFFFFFFFFFFFFFFFFFD1
:10FF4000FFFFFFFFFFFFFFFFFFFFFFFFFFFFFFFFC1
:10FF5000FFFFFFFFFFFFFFFFFFFFFFFFFFFFFFFFB1
:10FF6000FFFFFFFFFFFFFFFFFFFFFFFFFFFFFFFFA1
:10FF7000FFFFFFFFFFFFFFFFFFFFFFFFFFFFFFFF91
:10FF8000FFFFFFFFFFFFFFFFFFFFFFFFFFFFFFFF81
:10FF9000FFFFFFFFFFFFFFFFFFFFFFFFFFFFFFFF71
:10FFA000FFFFFFFFFFFFFFFFFFFFFFFFFFFFFFFF61
:10FFB000FFFFFFFFFFFFFFFFFFFFFFFFFFFFFFFF51
:10FFC000FFFFFFFFFFFFFFFFFFFFFFFFFFFFFFFF41
:10FFD000FFFFFFFFFFFFFFFFFFFFFFFFFFFFFFFF31
:10FFE000FFFFFFFFFFFFFFFFFFFFFFFFFFFFFFFF21
:10FFF000FFFFFFFFFFFFFFFFFFFFFFFFFFFFE531F9
:020000040020DA
:080000000F06000000000000E3
:020000040030CA
:0E0000001D187F7C018991FF00C0FFE0FF40CA
:0200000400F00A
:10000000C8006E00B400B4000100580201000E0FD9
:100010002C0164009600FA000000580200001E1F28
:100020008A023002440244020100580202002E2FCC
:10003000000406000000003700000000F89B0200EA
:100040000864FDFF000000000014004B4C4D4E4FB3
:1000500000000000000000000000000000000000A0
:100060000000000000000000000000000000000090
:100070000000000000000000000000000000647F9D
:10008000000000000000000001000000000000006F
:00000001FF
