:102000002DEF10F0FFFFFFFF0182ADEF43F0FFFF68
:10201000FFFFFFFFFFFFFFFF0180D8CF60F0E8CF99
:1020200061F0E0CF62F0D9CF63F0DACF64F09DB811
:102030009EA802D082EC88F0A3B8A4A802D004EC39
:1020400087F064C0DAFF63C0D9FF62C0E0FF61C0FF
:10205000E8FF60C0D8FF019010002FEF2FF0007450
:102060002301C01D01A81D018AAA00A4C7002E23B8
:1020700001D6DB006623015823014A23013C2301DA
:102080002023011223010423012C2401C4EA007738
:102090007C585E79716F760600003800545C7300DE
:1020A000506D781C0000006E00777C395E79716F8E
:1020B000760600003800373F7300506D783E000010
:1020C000006E00303132333435363738396162636F
:1020D000646566003F065B4F666D7D077F67051090
:1020E0002030406080A0FF6E67C579DD61021A5420
:1020F00021010A00060E0A003C00000064210100D4
:1021000000580201000A005824000000000000E608
:102110008C00D02F00B22501382001FA640054074A
:1021200001AE250100000082DF0032990044240145
:10213000000000D6E700908A00502401000000D67D
:10214000E700908A00B62501000000402201A87F28
:102150000000000000000084E600F0A9000000007C
:102160000000006AD8008E9A000000000000009273
:102170002501BACB000000000000008E2501F8A464
:1021800000AA02019138616C6C506F6442756666FA
:102190006572735B504F445F4255464645525F52ED
:1021A000585D20213D204E554C4C00616C6C506FA9
:1021B00064427566666572735B504F445F42554674
:1021C0004645525F54585D20213D204E554C4C00F1
:1021D0006F75744361706163697479203E20444176
:1021E00054414752414D5F4D494E5F4F564552480D
:1021F00045414400417373657274696F6E20666176
:10220000696C65643A202573202825733A2025736C
:102210003A202564290A00636F6E6669672D3E7354
:1022200061766553657474696E677320213D204E35
:10223000554C4C00636F6E6669672D3E70726F7609
:1022400069646553697A6520213D204E554C4C00E8
:102250007372632F447269766572732F506F647363
:10226000436861696E556172742E6300636F6E66B8
:1022700069672D3E777269746542797465732021B0
:102280003D204E554C4C00636F6E6669672D3E7263
:10229000656164427974657320213D204E554C4C34
:1022A000007372632F506F6473436861696E2F50BF
:1022B0006F6473436861696E2E6300777269746539
:1022C000506572696F64203E207461736B50657253
:1022D000696F6400636F6D6D756E696361746557D6
:1022E000697468506F6473436861696E00696E70E9
:1022F000757453697A65203E3D2076616C7565532F
:10230000697A6500736574506F6473436F6D6D73A4
:1023100041747472696275746573007372632F54CB
:1023200061736B732F526164696F5461736B2E63B9
:10233000007372632F526164696F2F566172496E28
:10234000742E63007372632F526164696F2F526140
:1023500064696F2E630070726F636573735261649A
:10236000696F427974657300706F6473556172743C
:1023700020213D204E554C4C00526164696F5461E0
:10238000736B5F496E697400636861696E20213DFB
:10239000204E554C4C00696E6974506F64734368ED
:1023A00061696E006465636F6465566172496E743D
:1023B00000382E382E382E382E00302E324C4F005A
:1023C000414C2E484900414C2E4C4F0048454C5042
:1023D00000303030300031313131003232323200B1
:1023E0003333333300343434340035353535002D50
:1023F0002D2D2D006572723100657272320065728A
:1024000072330065727234006572725500446174F3
:102410006100636F6E6E0050726F7500504831300E
:1024200000504820340050482037004641494C00B5
:102430004F4F4F4F0050415353004550742D004EA5
:1024400047452E002D41434300436F6E66006E6387
:102450006E6F006275737900636F6E7400372E3192
:102460000046414300644546006F66660043414CA8
:102470000043484100506F6400457272004F464669
:10248000002575006F6E00627200454C004F5200CF
:102490005552006E63004943007264007048002A80
:1024A00043002A4600454300380000FF01018A51DD
:1024B0008B1170E1680E00019C6F230E9D6F500E12
:1024C0009E6F220E9F6F010EA16F7C0EA06FD40E27
:1024D000A26F220EA36F88EC84F05CD08AC1A1F0B9
:1024E0008BC1A2F000013EDADFA005D001D003D0FD
:1024F00039DADF904FD0A1C06CF0A2C06DF0000EB1
:10250000C8EC91F06CC068F06DC069F0000120EE7D
:10251000CCF06C51D9266D51DA22DF50050F6A6F6D
:10252000FBEC82F0E3EC79F0A1C065F0A2C066F0AC
:10253000000120EECCF0A151D926A251DA22DECF43
:1025400067F0DDCF68F06D6B050E67256B6F000ED1
:1025500068216C6F11D06B516525D96E6C51662165
:10256000DA6E6D516525E16E000E6621E26EDFCFF9
:10257000E7FF6D2B6B4B6C2BEED9DF50696F6A6BED
:1025800069516B5D6A516C59E6E301D0E4D7E3D938
:102590006DC0DFFF8AC179F08BC17AF033D020EEB5
:1025A000CFF07951D9267A51DA2201D80AD0050024
:1025B000FA6EDE50FD6EDE50FE6EDE50FF6EFA509B
:1025C00012007B6FD6D9DF507C6F7C517925D96E94
:1025D000000E7A21DA6E7BC0DFFFCBD910EE64F0FB
:1025E0007951E1267A51E222E7507B6F7B29656FB2
:1025F000666B000E6623686B640E676F38EC6BF0D9
:102600006551DF6E79C065F07AC066F0000120EE9A
:10261000CAF06551D9266651DA22DECF67F0DDCFE8
:1026200068F067C0D9FF68C0DAFFDF500009B7E182
:1026300001D0B5D779C065F07AC066F016D0696B65
:102640000CD05AD969516525E16E000E6621E26E03
:10265000DFCFE7FF51D9DF6A692B5AD9DE50695DB8
:10266000F0E301D0EED754D9DF0665C0D9FF66C0CC
:10267000DAFF1B0EDE1807E001D005D049D9DF5084
:10268000DEE101D0DCD779C072F07AC073F020EEC1
:1026900064F02DD9030EDF6004D001D002D0000E0B
:1026A000AFD072C0D9FF73C0DAFF1B0EDE1803E093
:1026B000F6D701D0F4D720EE02F019D9DF50746FAD
:1026C00020EE01F014D9DF50766F7451756F08D980
:1026D00075C0DEFF76C0DDFF03D9DECF74F0DDCF3D
:1026E00075F0060E7425776F000E7521786F20EE59
:1026F00064F0FDD8DF50746F756B7751745D78515D
:10270000755903E2CCD701D0CAD7EAD8010EDB5005
:1027100005E15D0EDE5C10E301D00ED036D900017C
:10272000676BA1EC3BF0672B630E6765FAD701D0AE
:10273000F8D7A9EC3BF0B3D772C06CF073C06DF062
:10274000CFD8DF50050F6E6F706B716B010E6F6F1E
:1027500039D0700E656F6F516C25D96E000E6D21EA
:10276000DA6EDF50666F6651676F686B67C068F03E
:10277000676B6551D96EDA6A6751DE1A6851DD1AE6
:10278000080E6B6FE0D868AF14D001D012D0DBD840
:10279000D89067376837210E6719696F100E68196E
:1027A0006A6F6551D96EDA6A69C0DEFF6AC0DDFF03
:1027B00003D0655162EC27F06B076B51E3E101D068
:1027C000E1D76F2B6E516F5DC4E301D0C2D770515A
:1027D000711101E002D0010E01D0000E00090FE1DD
:1027E00001D00DD0D2D80001676BA1EC3BF0672B74
:1027F000630E6765FAD79DD7F8D79BD750D7010EE0
:10280000000901E06BD68AC165F08BC166F087D8FC
:10281000DFA213D001D011D020EECEF087D8DFCFC9
:1028200067F0DF2A0F0E676508D001D006D077D891
:10283000DF9220EECEF07AD8DF6A71D8DFB201D015
:1028400002D0010E01D0000E000949E11DEC86F016
:102850000101A45142E042EC85F000016C6B16D0FE
:10286000000E6C25D96EDA6A070EDA226C5101016E
:102870008A2500016A6F84D86B6F650E6A25E16E48
:10288000000E6B21E26EDFCFE7FF6C2B47506C5DD3
:10289000E7E301D0E5D753D89CEC3BF047C0DFFF1E
:1028A000650E8A250001666F6BD8676F47C068F0B8
:1028B00042D89CEC3BF001D80AD00500FA6EDE50FD
:1028C000FD6EDE50FE6EDE50FF6EFA50120037D8FD
:1028D0009CEC3BF0DF6AA46B010C97EC73F0010CED
:1028E00020EECCF07251D9267351DA2212007251C7
:1028F000D9267351DA22120069516525676F000EDF
:102900006621686F6729D96E000E6821DA6E1200A1
:1029100020EE64F06551D9266651DA22120020EECD
:10292000D2F06551D9266651DA2212006551D926B6
:102930006651DA221200010120EED3F012000101EB
:1029400020EEC9F012006551D96EDA6ADECF67F069
:10295000DDCF68F0120020EE64F06551D926665193
:10296000DA22120020EED2F0A151D926A251DA22A9
:10297000120020EE64F07951D9267A51DA22120041
:10298000000E01018B210001120072C065F073C0BE
:1029900066F01200826B836B7A51D96EDA6ADECFF1
:1029A000F6FFDDCFF7FF000EF86E0800F550250AA0
:1029B00001E09AD17A51D96EDA6ADE2A000EDD2260
:1029C0007A51D96EDA6ADECF84F0DDCF85F084C02B
:1029D000F6FF85C0F7FF000EF86E0800F550640A98
:1029E0000AE084C0F6FF85C0F7FF000EF86E08000D
:1029F000F550690A72E17BC0D9FF7CC0DAFF020E94
:102A0000DF26DF5CD96EDA6ADECF86F0DECF87F0B4
:102A100084297D6F000E85217E6F7A51D96EDA6A26
:102A20007DC0DEFF7EC0DDFF200E8A6F010E87AF06
:102A3000000E816F8A07320E8A25D96EDA6A050E7A
:102A4000DA2286C065F087C066F0686B0A0E676F91
:102A500038EC6BF065C06BF066C06CF079EC8DF013
:102A60006B51300FDF6E86C071F087C072F0746BEF
:102A70000A0E736FE5EC62F071C086F072C087F0E9
:102A8000824B832B8651871102E08A51D3E18A5110
:102A90001CE081511AE08A07320E8A25D96EDA6A63
:102AA000050EDA222D0EDF6E824B832B0ED0320EF6
:102AB0008A25D96EDA6A050EDA22DF50656F666BF9
:102AC00079C067F048EC64F08A2B200E8A19EFE198
:102AD00082C079F083C07AF0120084C0F6FF85C00E
:102AE000F7FF000EF86E0800F550750A60E17BC034
:102AF000D9FF7CC0DAFF020EDF26DF5CD96EDA6A0E
:102B0000DECF86F0DECF87F084297D6F000E852131
:102B10007E6F7A51D96EDA6A7DC0DEFF7EC0DDFF3E
:102B20003CD0200E8A6F8A07320E8A25D96EDA6A67
:102B3000050EDA2286C065F087C066F0686B0A0E63
:102B4000676F07EC7FF06551300FDF6E86C065F070
:102B500087C066F0686B0A0E676F51EC79F065C04C
:102B600086F066C087F0824B832B8651871111E077
:102B70008A510FE0D8D7320E8A25D96EDA6A050E4F
:102B8000DA22DF50656F666B79C067F048EC64F05D
:102B90008A2B200E8A199CE0EED784C0F6FF85C0F0
:102BA000F7FF000EF86E0800F550750ABAE0816B69
:102BB0007A51D96EDA6ADECFF6FFDDCFF7FF000E6D
:102BC000F86E0800F550730A09E17A51D96EDA6A95
:102BD000DE2A000EDD22010E816F3CD07A51D96EC3
:102BE000DA6ADECFF6FFDDCFF7FF000EF86E0800E1
:102BF000F5506C0A2FE17A51D96EDA6ADECF7DF09A
:102C0000DDCF7EF07D2B000E7E237DC0F6FF7EC0E3
:102C1000F7FF000EF86E0800F5506C0A1BE17A51C0
:102C2000D96EDA6ADECF7DF0DDCF7EF0020E7D2731
:102C3000000E7E237DC0F6FF7EC0F7FF000EF86E0B
:102C40000800F550730A06E17A51D96EDA6A030E6C
:102C5000DE26BFD781513FE07BC0D9FF7CC0DAFFC1
:102C6000020EDF26DF5CD96EDA6ADECF7FF0DECFC0
:102C700080F01CD07FC0F6FF80C0F7FF000EF86E1A
:102C80000F0EF76403D00800F55005D0F6CFE9FF2A
:102C9000F7CFEAFFEF500001656F666B79C067F010
:102CA00048EC64F0824B832B7F4B802B7FC0F6FF78
:102CB00080C0F7FF000EF86E0F0EF76403D0080017
:102CC000F55005D0F6CFE9FFF7CFEAFFEF50000946
:102CD00001E1FED6CFD77A51D96EDA6ADE2A000E2C
:102CE000DD22796B7A6B12007A51D96EDA6ADECF07
:102CF000F6FFDDCFF7FF000EF86E0800F550656FA8
:102D0000666B79C067F048EC64F07A51D96EDA6A84
:102D1000DE2A000EDD227A6B010E796F010C4AC2A9
:102D2000D9FF4BC2DAFF01D80AD00500FA6EDE5097
:102D3000FD6EDE50FE6EDE50FF6EFA50120065C072
:102D4000CEF366C0CFF30301CE51CF1138E00101BD
:102D50006E510301CE1933E101016F510301CF1907
:102D60002EE1800E0001676F080E686F6A6B800E9F
:102D7000696F020120EE03F01BD901D80AD00500CB
:102D8000FA6EDE50FD6EDE50FE6EDE50FF6EFA50C3
:102D9000120067C0CCF368C0CDF3800E0101DA6F7A
:102DA000080EDB6FCCC3DCF1CDC3DDF1000EDE6FAE
:102DB000080EDF6FE16B800EE06FF0EC37F0CEC3F2
:102DC0006EF1CFC36FF127C26EF028C26FF029C237
:102DD00070F02AC271F00201272B000E282329234C
:102DE0002A236EC065F06FC066F070C067F071C0D6
:102DF00068F02BC269F02CC26AF02DC26BF02EC2B3
:102E00006CF0D1EC6BF0655166116711681101E04F
:102E100002D0010E01D0000E00093CE0000E0301BB
:102E2000D06F080ED16FD00E0001826F030E836F3A
:102E3000856B800E846FD20E866F030E876F77ECE2
:102E400089F0D0C366F0D1C367F0D2C368F0D3C3B2
:102E500069F0020120EE06F0ABD801D80AD00500D7
:102E6000FA6EDE50FD6EDE50FE6EDE50FF6EFA50E2
:102E70001200010191D8DFA606D001D004D08CD871
:102E8000DF968AD8DF8A705104E001D002D07181C8
:102E900001D07191010180D8DFAA20D001D01ED0CD
:102EA00020EE02F080D88FD8DD22DD52DD52030EF5
:102EB000DB500BE1020EDB5008E1010EDB5005E1B7
:102EC0000A0EDE5C0BE301D009D066D8DF8864D837
:102ED000DF9A20EE02F067D80BEC75F00001656B0D
:102EE0000101705109E001D007D071A105D001D0D6
:102EF00003D0010E0001656F0001655100094BE030
:102F000001D0010C5AD8040EB8653AD001D038D09F
:102F1000010170A706D001D004D0C3EC92F00101EA
:102F2000709770A10CD001D00AD0BBB101D002D0F3
:102F3000010E01D0000E91EC83F00101709170A39D
:102F400006D001D004D092EC90F00101709370A5EE
:102F500006D001D004D0C1EC92F00101709570A9A7
:102F60000CD001D00AD0BBB501D002D0010E01D0E7
:102F7000000E49EC8FF0010170997191010E7117EB
:102F80001CD8B82BB837010171510001B819010BD9
:102F9000B8190101716F010C20EE01F07251D926B0
:102FA0007351DA2212007251D9267351DA221200BB
:102FB0004A51D9264B51DA221200010171317F0B9F
:102FC0000001B86F1200DE2A000EDE22DE22000CA5
:102FD000EAC173F0EBC174F0ECC175F0EDC176F0AD
:102FE00034EC81F0000901E01200ADEC89F070C012
:102FF000EDF171C0EEF124D9DF50030B030A03E1B8
:10300000010E0101A06F0101A0050CE119D9DF50EB
:10301000030B030A07E014D9DF50EC6F700EEC17B6
:1030200001E1A06BA00501E0DFD0D4EC91F065C018
:10303000EFF166C0F0F104D9DFA822D0EFC165F04E
:10304000F0C166F0F4D8C6EC85F0EFC16BF0F0C1CA
:103050006CF0010120EE46F005D901D80AD0050038
:10306000FA6EDE50FD6EDE50FE6EDE50FF6EFA50E0
:103070001200010E0001656F000E18EC81F01ED0E9
:10308000EFC165F0F0C166F0C9D8F2EC85F0EFC190
:103090006BF0F0C16CF0010120EE49F0E3D801D8EB
:1030A0000AD00500FA6EDE50FD6EDE50FE6EDE5078
:1030B000FF6EFA501200E0D818EC81F049EC92F063
:1030C00065C0F1F166C0F2F1BBD8DFAA21D0F1C131
:1030D00065F0F2C166F0ABD8C6EC85F0F1C16BF0DB
:1030E000F2C16CF0010120EE46F0C1D801D80AD03F
:1030F0000500FA6EDE50FD6EDE50FE6EDE50FF6E95
:10310000FA501200010E0001656F18EC81F020D01A
:10311000F1C165F0F2C166F081D8F2EC85F0F1C141
:103120006BF0F2C16CF0010120EE49F0A0D801D89B
:103130000AD00500FA6EDE50FD6EDE50FE6EDE50E7
:10314000FF6EFA5012000001656B010E18EC81F061
:103150004EEC92F065C0F3F166C0F4F171D8DFACCB
:1031600022D0F3C165F0F4C166F061D8C6EC85F0F9
:10317000F3C16BF0F4C16CF0010120EE46F06DD8A4
:1031800001D80AD00500FA6EDE50FD6EDE50FE6EEC
:10319000DE50FF6EFA501200010E0001656F020E44
:1031A00018EC81F030D0F3C165F0F4C166F036D888
:1031B000F2EC85F0F3C16BF0F4C16CF0010120EE8C
:1031C00049F04BD801D80AD00500FA6EDE50FD6EEA
:1031D000DE50FE6EDE50FF6EFA5012000001656B8D
:1031E000020E18EC81F00FD0899E899C8F968F90EB
:1031F00043D818EC81F0656B010E18EC81F0656B1B
:10320000020E18EC81F0EAC1DAF1EBC1DBF1ECC19E
:10321000DCF1EDC1DDF119D830EF36F0EAC167F02D
:10322000EBC168F0ECC169F0EDC16AF01200EAC1CF
:1032300067F0EBC168F0ECC169F0EDC16AF0120013
:10324000EDC1D9FFEEC1DAFF1200010E0101DE6F00
:10325000DF6BE06BE16BE26B010CF351D926F451AB
:10326000DA221200EF51D926F051DA221200F15180
:10327000D926F251DA2212000001656B000CC1EC74
:1032800091F065C073F066C074F0290E00012BD96F
:10329000696B020E6B6FDCEC83F0270E24D9020EF3
:1032A000696F6B6FDCEC83F0230E1DD9040E2AD9F5
:1032B000DCEC83F0250E17D9060E24D9DCEC83F064
:1032C0002B0E11D9080E1ED9DCEC83F02D0E0BD974
:1032D0000A0E18D9DCEC83F03A0E05D90C0E16D97B
:1032E000DCEC83F017D90D0E11D9DCEC83F002D998
:1032F00007EC60F010EC8FF065C073F066C074F0FE
:10330000290E0001F0D8100EFDD8DCEC83F0270E5A
:10331000EAD8120EF7D8DCEC83F0230EE4D8140EB2
:10332000F1D8DCEC83F0250EDED8160EEBD8DCEC01
:1033300083F02B0ED8D8180EE5D8DCEC83F02D0ED8
:10334000D2D81A0EDFD8DCEC83F03A0ECCD81C0EA3
:10335000DDD8DCEC83F0DED81D0ED8D8DCEC83F0B1
:10336000C9D807EC60F01CEC8FF065C073F066C044
:1033700074F0290E0001B7D8200EC4D8DCEC83F01D
:10338000270EB1D8220EBED8DCEC83F0230EABD8CA
:10339000240EB8D8DCEC83F0250EA5D8260EB2D8C2
:1033A000DCEC83F02B0E9FD8280EACD8DCEC83F03D
:1033B0002D0E99D82A0EA6D8DCEC83F03A0E93D8BD
:1033C0002C0EA4D8DCEC83F0A5D82D0E9FD8DCEC15
:1033D00083F090D807EC60F0380E85D8440E92D870
:1033E000DCEC83F0A70E676F010E686F6A6B300E1E
:1033F0008DD8DCEC83F0B20E676F010E686F6A6BDC
:10340000310E84D8DCEC83F0B30E676F010E686F69
:103410006A6B320E7BD8DCEC83F00101B397C20EED
:103420000001676F010E686F6A6B330E78D8DCECB1
:1034300083F05A0E676F686B6A6B380E70D8DCECDD
:1034400083F0CA0E676F010E686F6A6B3C0E67D817
:10345000DCEC83F0C60E676F010E686F6A6B400E7E
:103460005ED8DCEC83F05F0E676F686B6A6B460EAC
:103470004DD8DCEC83F0CE0E676F010E686F6A6B7F
:10348000470E40D8DCEC83F0D40E676F010E686FF6
:103490006A6B490E37D8DCEC83F01CEC92F065299E
:1034A0006E6F000E66216F6F6EC067F06FC068F0C0
:1034B0006A6B500E2BD8DCEC83F0706B702B0E0E09
:1034C0007065FCD7710E676F686B6A6B880E1ED8CB
:1034D000DCEC83F071B103D00101BB9102D001019A
:1034E000BB81000012007325676F000E7421686FA6
:1034F0006A6B120073C065F074C066F072C067F04A
:10350000686B1200696F020E6B6F020C696F010E1F
:103510006B6F010C720E676F686B6A6B1200696FDC
:10352000040E6B6F040C0550800B0E6E05500524C5
:10353000146E04BE1480145008E0142804E1026ADA
:10354000036A046A056A048E04D0026A036A046A84
:10355000056A0950800B0E1A095009240F6E08BE27
:103560000F800F5008E00F2804E1066A076A086A16
:10357000096A088E04D0066A076A086A096A0F5049
:1035800002E0145005E1026A036A046A056A120047
:1035900008500202F3CF19F0F4CF1AF01950106E50
:1035A000116A126A136A1A50156E166A176A186A37
:1035B00007500302F3CF19F0F4CF1AF01950102678
:1035C000000E1122122213221A501526000E162266
:1035D0001722182206500402F3CF19F0F4CF1AF084
:1035E00019501026000E1122122213221A501526ED
:1035F000000E16221722182212C013F011C012F06A
:1036000010C011F0106A06500302F3CF19F0F4CF86
:103610001AF0195010261A501122000E12221322ED
:1036200007500202F3CF19F0F4CF1AF01950102608
:103630001A501122000E1222132212C013F011C0D0
:1036400012F010C011F0106A06500202F3CF19F008
:10365000F4CF1AF0195010261A501122000E12221F
:10366000132208500302F3CF19F0F4CF1AF01950C7
:1036700015261A501622000E17221822075004028F
:10368000F3CF19F0F4CF1AF0195015261A5016225C
:10369000000E1722182208500402F3CF19F0F4CFBD
:1036A0001AF019500A6E1A500B6E0C6A0D6A080E49
:1036B000D8900A360B360C360D36E82EF9D70A505C
:1036C00015260B5016220C5017220D50182213509D
:1036D0001526000E16221722182212C013F011C050
:1036E00012F010C011F0106A0F5014C00AF00B6AEB
:1036F0000A26000E0B22820E0A24196EFF0E0B20E2
:103700001A6E0FD0D890153616361736183613BEE7
:103710001580D89010361136123613361906D8A0F7
:103720001A0617AEEFD70F6A13AE13D010500A6EF9
:1037300011500B6E12500C6E7F0E13140D6E0A504A
:103740000B100C100D1003E0010E0F6E02D015B01F
:10375000FBD70F500EE0152A000E16221722182252
:1037600018A007D018341832173216321532194AF9
:103770001A2A1ABE0AD01A5002E1192806E3156A5D
:10378000166A800E176E7F0E15D01ABE04D01A501E
:1037900008E1190406E2156A166A176A186A0E6AC1
:1037A0000AD019C014F07F0E1716186A14B0178EBD
:1037B000D8901430186E0E50181215C002F016C0B2
:1037C00003F017C004F018C005F012008F0501E0E7
:1037D00028D1C1EC91F065C076F066C077F0290E73
:1037E000000123D96B6B020E6D6F2DEC76F0270E66
:1037F0001CD9020E6B6F6D6F2DEC76F0230E15D970
:10380000040E1AD92DEC76F0250E0FD9060E14D918
:103810002DEC76F02B0E09D9080E0ED92DEC76F092
:103820002D0E03D90A0E08D92DEC76F03A0EFDD8EC
:103830000C0E06D92DEC76F0350EF7D80D0E00D90A
:103840002DEC76F010EC8FF065C076F066C077F066
:10385000290E0001EAD8100EEFD82DEC76F0270ED5
:10386000E4D8120EE9D82DEC76F0230EDED8140E33
:10387000E3D82DEC76F0250ED8D8160EDDD82DEC39
:1038800076F02B0ED2D8180ED7D82DEC76F02D0E60
:10389000CCD81A0ED1D82DEC76F03A0EC6D81C0E24
:1038A000CFD82DEC76F0350EC0D81D0EC9D82DEC32
:1038B00076F01CEC8FF065C076F066C077F0290ECC
:1038C0000001B3D8200EB8D82DEC76F0270EADD875
:1038D000220EB2D82DEC76F0230EA7D8240EACD849
:1038E0002DEC76F0250EA1D8260EA6D82DEC76F07C
:1038F0002B0E9BD8280EA0D82DEC76F02D0E95D847
:103900002A0E9AD82DEC76F03A0E8FD82C0E98D835
:103910002DEC76F0350E89D82D0E92D82DEC76F060
:10392000380E83D8440E88D82DEC76F0A70E696F38
:10393000010E6A6F6C6B300E83D82DEC76F0B20EF0
:10394000696F010E6A6F6C6B310E7AD82DEC76F0D0
:10395000B30E696F010E6A6F6C6B320E71D82DEC6D
:1039600076F0C20E696F010E6A6F6C6B330E6CD805
:103970002DEC76F05A0E696F6A6B6C6B380E64D85A
:103980002DEC76F0CA0E696F010E6A6F6C6B3C0EFF
:103990005BD82DEC76F0C60E696F010E6A6F6C6B0A
:1039A000400E52D82DEC76F05F0E696F6A6B6C6B2F
:1039B000460E46D82DEC76F0CE0E696F010E6A6F7A
:1039C0006C6B470E39D82DEC76F0D40E696F010E72
:1039D0006A6F6C6B490E30D82DEC76F01CEC92F0CF
:1039E0006529726F000E6621736F72C069F073C033
:1039F0006AF06C6B500E24D82DEC76F0756B752B3D
:103A00000E0E7565FCD70101010EBBA1000E000171
:103A1000746F740E696F6A6B6C6B880E11D82DEC25
:103A200076F001018F6B000012007625696F000EA1
:103A300077216A6F6C6B12006B6F020E6D6F020C58
:103A40006B6F010E6D6F010C6B6F040E6D6F040CCC
:103A50006851800B716F68516825736F67BF738100
:103A6000735105E0732901E106D9678F03D0656BB7
:103A7000666B676B686B6C51800B726F711901E03C
:103A8000718D6C516C25726F6BBF7281725108E041
:103A9000722904E1696B6A6B6B6B6C6B6B8F03D083
:103AA000696B6A6B6B6B6C6B7351725D22E271AD0B
:103AB00002D0800E711B73C074F072C073F074C0BA
:103AC00072F065C074F069C065F074C069F066C0DA
:103AD00074F06AC066F074C06AF067C074F06BC0BE
:103AE00067F074C06BF068C074F06CC068F074C0AC
:103AF0006CF0746B735172C06DF06E6B6D5F000E85
:103B00006E5B6EBF15D06E5103E11A0E6D5D10E352
:103B1000C7D8010ED8B4000E746FADD872C073F060
:103B20000AD074A102D0B7D802D0D89074339AD8F2
:103B30007251735DF6E371BD15D0735101E1A6D0EA
:103B4000695165276A5166236B5167236C5168235D
:103B500068A153D074A102D09ED802D0D8907433FB
:103B600081D84BD06951655D6A5166596B5167596F
:103B70006851800A6D6F6C51800A6D591FE2655162
:103B8000695D6D6F66516A596E6F67516B596F6FE2
:103B900068516C59706FFF0E6D25656FFF0E6E21B9
:103BA000666FFF0E6F21676FFF0E7021686F800ECA
:103BB000711B746D74510AE163D808D06951655F57
:103BC0006A51665B6B51675B6C51685B69D813E146
:103BD000745111E15BD0D890653766376737683725
:103BE00074BF658174A102D0D88001D0D890743799
:103BF000735101E0730767AFEED7726B74AF0AD0F1
:103C000074C06DF07F0E6D1703E0010E726F02D06D
:103C100065B1FBD772510BE033D868A108D0683585
:103C20006833673366336533732901E0732B732977
:103C300002E0735104E11FD8735101E1716B73A16C
:103C400002D0678F01D0679FD8907331686F71BFC2
:103C5000688F65C065F066C066F067C067F068C0D1
:103C600068F0120065B1748F683568336733663366
:103C70006533732B1200656B666B676B686B1200A4
:103C8000652B000E662367236823000C656B666B4B
:103C9000676B686B1200D89074310109746F120061
:103CA000655166116711681112009B6F00019B51ED
:103CB00007EC79F068C09CF069C09DF000019C5150
:103CC0009D11D8B412009CC065F09DC066F046EC12
:103CD00088F00009D8B41200250E9E6F9F0E916FD8
:103CE000926B91C0D9FF92C0DAFF9BC0DFFF20EE3C
:103CF00001F09151D9269251DA2210EE3AF0F1D822
:103D0000E222E75019EC8AF0DF6E9E0E89EC41F05A
:103D100092EC55F020EE22F0BDD8DF501FE1260EC8
:103D20009E6F9F0E936F946B93C0D9FF94C0DAFF80
:103D3000C8D8B0D810EE01F09351E1269451A4D820
:103D400020EE1FF0A7D810EE03F09351E126945116
:103D5000B3D889EC41F092EC55F04CD0270E9E6F11
:103D60009F0E976F986B97C0D9FF98C0DAFFA9D8BC
:103D700091D810EE23F0B5D85FEC46F096D8D8A0D5
:103D800020EE23F087D8DECF8DF0DDCF8EF020EE51
:103D900001F0ABD88DC0DEFF8EC0DDFF20EE1FF03E
:103DA00079D810EE03F09751E1269851E222DFCF47
:103DB000E7FF20EE23F06ED810EE25F092D85FECEE
:103DC00046F073D8D8A020EE23F064D8DECF8FF071
:103DD000DDCF90F020EE04F088D88FC0DEFF90C0D9
:103DE000DDFF20EE1FF056D810EE06F09751E126C9
:103DF0009851AED7290E9E6F9F0E956F966B6AD81D
:103E000020EE2BF047D84BD83FD89E0E89EC41F0DE
:103E100092EC55F02A0E9E6F5DD820EE2DF03AD828
:103E20003ED832D89E0E89EC41F092EC55F02B0E24
:103E30009E6F9F0E996F9A6B99C0D9FF9AC0DAFF57
:103E40009BC0DFFF20EE27F025D810EE01F03ED812
:103E50001BD820EE1FF01ED810EE03F037D8E22258
:103E6000DFCFE7FF20EE29F015D810EE04F02ED8B2
:103E70000BD820EE1FF00ED810EE06F027D81CD875
:103E800089EC41F092EF55F0E222DECFE6FFDDCF84
:103E9000E5FF12009C51D9269D51DA22120010EE46
:103EA00001F09551E126965112008C6FDE50800A88
:103EB0008C5920EE25F01200E222DFCFE7FF9E0EA4
:103EC00012009BC0DFFF20EE25F012009951E12681
:103ED0009A51120095C0D9FF96C0DAFF9BC0DFFF50
:103EE00012009C51E1269D5112009751D9269851FC
:103EF000DA221200B7EC71F007D90FD972EC78F022
:103F0000F4D8A9EC62F07DC0E6F07EC0E7F07FC097
:103F1000E8F080C0E9F0E2C0D6F0E3C0D7F0E4C03A
:103F2000D8F0E5C0D9F0E6C0DAF0E7C0DBF0E8C0D1
:103F3000DCF0E9C0DDF0EB0EDE6F020EDF6FE20EAB
:103F4000E06F020EE16FB6EC68F0D6C040F3D7C068
:103F500041F3DAD8320EE8D872EC78F0C6D8A9EC82
:103F600062F07DC0EAF07EC0EBF07FC0ECF080C074
:103F7000EDF0CAD8D2D872EC78F0B7D8A9EC62F0DC
:103F80007DC0EEF07EC0EFF07FC0F0F080C0F1F0B9
:103F9000EAC0C2F0EBC0C3F0ECC0C4F0EDC0C5F0A5
:103FA000EEC0C6F0EFC0C7F0F0C0C8F0F1C0C9F075
:103FB000B80ECA6F030ECB6F1CEC2DF0C2C042F3DB
:103FC000C3C043F3A1D8640EAFD872EC78F08DD89B
:103FD000A9EC62F07DC08AF07EC08BF07FC08CF0CF
:103FE00080C08DF0DAEC86F08AC044F38BC045F3D4
:103FF0008BD8640E99D872EC78F077D8A9EC62F07F
:104000007DC0F2F07EC0F3F07FC0F4F080C0F5F028
:10401000E2C08AF0E3C08BF0E4C08CF0E5C08DF024
:10402000F2C08EF0F3C08FF0F4C090F0F5C091F0C4
:104030003EEC61F08AC046F38BC047F365D86DD87B
:1040400072EC78F052D8A9EC62F07DC08AF07EC0A4
:104050008BF07FC08CF080C08DF0FDEC84F08AC0C6
:1040600048F38BC049F350D858D872EC78F03DD85B
:10407000A9EC62F07DC08AF07EC08BF07FC08CF02E
:1040800080C08DF07CEC82F08AC04AF38BC04BF389
:104090003BD83C0E49D872EC78F027D8A9EC62F0F6
:1040A0007DC0ABF07EC0ACF07FC0ADF080C0AEF0A4
:1040B000ADEC7BF0ABC04CF3ACC04DF3400E656F84
:1040C000030E666F686B070E676FE2C069F0E3C0AE
:1040D0006AF0E4C06BF0E5C06CF09E0E6D6F110EDF
:1040E0006E6F010E6F6FDCEF85F071C07DF072C0F6
:1040F0007EF073C07FF074C080F0E80E816F030E15
:10410000826F836B846B030CE2C071F0E3C072F0CA
:10411000E4C073F0E5C074F01200E80E756F030E92
:10412000766F776B786B030C756F766B776B786B4C
:104130001200866F0001876B070E86190FE186EC6F
:1041400080F0FDD8E2EC87F082EC80F0F8D8E2EC69
:1041500087F07EEC80F0F3D8E2EF87F0090E861945
:10416000D8B41200856BA5D081C0D9FF82C0DAFF18
:104170007FC0E1FF80C0E2FFDE50E61801E1B3D06E
:104180008751220F7A6F300E7B6F7FC0D9FF80C0BE
:10419000DAFFDF507C6F87511B0FE2EC87F0A3D072
:1041A00020EE01F0D4D810EE01F07F51E1268051CD
:1041B000E222DE50E61801E196D08751770F7A6F40
:1041C000300E7B6F20EE01F0A6D8700FE2EC87F086
:1041D0008AD020EE02F0BBD810EE02F07F51E1262B
:1041E0008051E222DE50E6187EE08751470F9BD8CF
:1041F00092D8440FE2EC87F0B3D895D88CD84B0F07
:10420000E2EC87F0A9D88FD886D84B0FE2EC87F084
:104210006AD020EE03F09BD810EE03F07F51E12628
:104220008051E222DE50E6185EE08751220F7A6F5D
:10423000370E7B6F20EE03F06ED81B0FE2EC87F099
:1042400052D020EE04F083D810EE04F07F51E12626
:104250008051E222DE50E61846E08751770F7A6FF0
:10426000370E7B6F20EE04F056D8700FE2EC87F02B
:104270003AD020EE05F06BD810EE05F07F51E12624
:104280008051E222DE50E6182EE08751470F51D8C8
:1042900042D8440FE2EC87F063D84BD83CD84B0FA0
:1042A000E2EC87F059D845D836D84B0FE2EC87F0CE
:1042B0001AD08651836F846B845115E1835101E1DB
:1042C00053D7010A01E16CD7030A83E0010AA1E098
:1042D000070AB7E0010ACDE0030A05E0010A03E09E
:1042E0000F0AD8A4010A0B0E00018727852B030EA5
:1042F0008565DFD7060E8661060C86517F25D96E4F
:10430000000E8021DA6E86518125E16E000E822139
:10431000E26E38EF50F07F51D9268051DA22DF501B
:104320007C6F875112007A6F300E7B6F20EE02F0A7
:10433000300C7A6F370E7B6F20EE05F0370C7B6FF9
:104340007FC0D9FF80C0DAFFDF507C6F180C81512D
:10435000D9268251DA221200000187514E0F120035
:10436000000187514B0F12007651800B7F6F765101
:104370007625816F75BF8181815105E0812901E139
:1043800003D9758F01D000D97A51800B7F1B7A51E8
:104390007A25806F79BF8081805105E0802901E115
:1043A000EED8798F01D0EBD8805102E0815105E140
:1043B000736B746B756B766B120079517303B2D8A3
:1043C000826F836B846B856B8B51866F876B886B79
:1043D000896B78517403A6D8B3D877517503A2D8E6
:1043E000AFD8A6D8775174039DD8B6D87851730347
:1043F00099D8B2D89DD87751730394D8ADD8795154
:10440000740390D8B5D8785175038CD8B1D8795148
:10441000750388D87B6F8B517C6F7D6B7E6B080E2C
:10442000D8907B377C377D377E37E82EF9D77B51A4
:1044300086277C5187237D5188237E51892385518E
:10444000862791D875D8805181C07BF07C6B7B2703
:10445000000E7C23820E7B258A6FFF0E7C218B6FE2
:104460000FD0D890863787378837893785BF8681C0
:10447000D89082378337843785378A07D8A08B074F
:1044800088AFEFD7806B85AF13D082517B6F83519C
:104490007C6F84517D6F7F0E85157E6F7B517C1103
:1044A0007D117E1103E0010E806F02D086B1FBD733
:1044B00080510BE0862B57D889A107D089358933E5
:1044C0008833873386338A4B8B2B8BBF0AD08B5133
:1044D00002E18A2906E3866B876B800E886F7F0E68
:1044E00015D08BBF04D08B5108E18A0506E2866B9C
:1044F000876B886B896B7F6B0AD08AC081F07F0ED7
:104500008817896B81B1888FD8908131896F7F51ED
:10451000891386C073F087C074F088C075F089C0B5
:1045200076F01200F3CF8AF0F4CF8BF08A511200AC
:1045300084C085F083C084F082C083F0826B120057
:104540008227000E8323842385238B518627000E28
:10455000872388238923000C82278B518323000E15
:1045600084238523000C000E872388238923000CD5
:1045700086278B518723000E88238923000C776BB5
:10458000786B796B7A6B1200736B746B756B766BEF
:10459000120023C290F024C291F025C292F026C2EC
:1045A00093F07DC090F07EC091F07FC092F080C00B
:1045B00093F090C081F091C082F092C083F093C0DC
:1045C00084F083358435816F826B836B846B823793
:1045D00081518D6F8E6B8EBF0ED08E5103E1960E82
:1045E0008D5D09E37DC07DF07EC07EF07FC07FF0F1
:1045F00080C080F01200010E93AF000E8F6F8F51BC
:1046000012E07DC065F07EC066F07FC067F080C0BC
:1046100068F008EC8CF065C07DF066C07EF067C085
:104620007FF068C080F08EBF05D08E5108E17E0E0D
:104630008D5D05E27D6B7E6B7F6B806B1200696B1D
:104640006A6B6B6B4B0E6C6F7DC065F07EC066F065
:104650007FC067F080C068F028EC1DF091D8696BCE
:104660006A6B6B6BCB0E6C6F94D828EC1DF065C039
:1046700085F066C086F067C087F068C088F085C0A6
:1046800075F086C076F087C077F088C078F07DC07E
:1046900079F07EC07AF07FC07BF080C07CF0C3EC04
:1046A00080F075C098F076C099F077C09AF078C025
:1046B0009BF0896B8A6B8B6B8C6B656B666B676B26
:1046C0003F0E54D899EC5BF003E26CD8BF0E0AD0D1
:1046D000656B666B676BBF0E49D899EC5BF003E3C3
:1046E00061D83F0E8C6F7DC069F07EC06AF07FC0DC
:1046F0006BF080C06CF098C065F099C066F09AC00D
:1047000067F09BC068F028EC1DF03AD842D889C009
:1047100069F08AC06AF08BC06BF08CC06CF028EC3A
:104720001DF065C098F066C099F067C09AF068C047
:104730009BF08F5112E098C065F099C066F09AC066
:1047400067F09BC068F008EC8CF065C098F066C01C
:1047500099F067C09AF068C09BF098C07DF099C04E
:104760007EF09AC07FF09BC080F01200686F98C006
:1047700069F099C06AF09AC06BF09BC06CF01200AF
:1047800065C094F066C095F067C096F068C097F079
:10479000120094C065F095C066F096C067F097C0AF
:1047A00068F01200896B8A6B800E8B6F800CD5ECE1
:1047B00092F07FEC68F000018E6B8F6B906B916BC9
:1047C0008D6BB10ED5D87E6BECEC8EF07FEC68F083
:1047D000680E00018C6FE40EE82EFED78C2FFCD7FC
:1047E0000000B10E0001C4D87E6FECEC8EF07FECBF
:1047F00068F0680E00018C6FE40EE82EFED78C2F57
:10480000FCD7000000018D2B020E8D65DAD78E815A
:104810008E0E896FE7EC74F000018E838E0E896F27
:10482000E7EC74F000018E858E0E896FE7EC74F072
:1048300000018E878E0E896FE7EC74F000018E897F
:104840008E0E896FE7EC74F000018E8B8E0E896FEF
:10485000E7EC74F000018E8D8E0E896FE7EC74F03A
:1048600000018E8F8E0E896FE7EC74F000018F8B44
:104870008E0E896FE7EC74F000018F898E0E896FC0
:10488000E7EC74F000018F878E0E896FE7EC74F00F
:1048900000018F858E0E896FE7EC74F000018F8325
:1048A0008E0E896FE7EC74F000018F818E0E896F98
:1048B000E7EC74F000018F8F8E0E896FE7EC74F0D7
:1048C000000190818E0E896FE7EC74F000018F8DEE
:1048D0008E0E896FE7EC74F0000190838E0E896F65
:1048E000E7EC74F0000190878E0E896FE7EC74F0AE
:1048F000000190858E0E896FE7EC74F000019089BD
:104900008E0E896FE7EC74F0000191898E0E896F2D
:10491000E7EC74F0000191838E0E896FE7EC74F080
:104920000001908B8E0E896FE7EC74F00001908F80
:104930008E0E896FE7EC74F00001908D8E0E896FFA
:10494000E7EC74F0000191818E0E896FE7EC74F052
:104950000001918B8E0E896FE7EC74F00001918558
:104960008E0E896FE7EC74F0D5EC92F07FEF68F073
:104970007A6F230E7B6F010E7C6F8DC07DF0010C72
:10498000A26BA36BA46BA56B9E0EA26FEF0EA36F21
:10499000E10EA46F410EA56FA3D826EC3AF0CED855
:1049A0005C0E776FFE0E786FE80E796F3A0E7A6FB5
:1049B000B4EC21F073C09EF07CD828EC1DF0ACD88C
:1049C0008FD826EC3AF0BAD88BD826EC3AF0ADD88E
:1049D000B4EC21F09CD88ED8ED0E776F450E786F31
:1049E000DE0E796FB20E7A6FB4EC21F073C09EF0D8
:1049F00060D828EC1DF090D873D826EC3AF09ED8F9
:104A00006FD826EC3AF091D8B4EC21F080D872D867
:104A100067D826EC3AF089D8B4EC21F078D86AD877
:104A20003A0E776F6D0E786FA00E796F2B0E7A6F3E
:104A3000B4EC21F073C09EF03CD828EC1DF06CD88B
:104A4000A2C073F0A3C074F0A4C075F0A5C076F046
:104A5000776B786B200E796F410E7A6FB4EC21F092
:104A600073C0A2F074C0A3F075C0A4F076C0A5F026
:104A7000A2C07DF0A3C07EF0A4C07FF0A5C080F0EE
:104A8000C9EC22F07DC0A2F07EC0A3F07FC0A4F0EC
:104A900080C0A5F0A2C065F0A3C066F0A4C067F016
:104AA000A5C068F076EC56F065C09CF066C09DF03D
:104AB000120074C09FF075C0A0F076C0A1F0A2C033
:104AC00065F0A3C066F0A4C067F0A5C068F09EC002
:104AD00069F09FC06AF0A0C06BF0A1C06CF012003A
:104AE0009CC065F09DC066F0000E66BFFF0E676F4C
:104AF000686F010C75C0A0F076C0A1F09EC073F085
:104B00009FC074F0A0C075F0A1C076F0120073C011
:104B10009EF074C09FF0120065C0A2F066C0A3F0C2
:104B200067C0A4F068C0A5F0120065C077F066C049
:104B300078F067C079F068C07AF0120065C073F051
:104B400066C074F067C075F068C076F01200686FD8
:104B50007BD0600E656F250E666F010E676F1200C9
:104B6000020E656FBD0E666F000E676F12007A0E43
:104B7000656F140E666F010E676F1200DC0E656FB5
:104B8000100E666F010E676F1200B20E656FDD0EBC
:104B9000666F000E676F12008A0E656FB50E666F46
:104BA000000E676F12002A0E656FF80E666F000E1A
:104BB000676F1200600E656F0D0E666F010E676FF6
:104BC0001200140E656FF70E666F000E676F12000D
:104BD0003A0E656FF90E666F000E676F1200F60EE3
:104BE000656FF80E666F000E676F1200CE0E656F70
:104BF000F60E666F000E676F1200B20E656FF80E4C
:104C0000666F000E676F1200D00E656FE40E666F60
:104C1000000E676F1200260E656FE90E666F000EBC
:104C2000676F12006E0E656FF80E666F000E676F8D
:104C30001200F20E656FE00E666F000E676F1200D5
:104C4000656B666B676B12000001685189E0020AB0
:104C5000E9E0010A8CE0070A91E0010A8FE0030A0B
:104C6000C5E0010A8BE00F0AB3E0020A80E0010A06
:104C700001E17DD71B0AD6E0010A87E0090AD2E0EC
:104C8000010A8AE0030A8FE03A0ACCE0010A01E156
:104C90006ED7030A01E16BD7010A8CE0070A91E0A5
:104CA000010A9DE0030AA9E0010AAEE00E0AB3E0A2
:104CB000030AB1E0010AA8E01B0ABBE0710AB2E0F6
:104CC000030AB0E0010AAEE0070AACE0010AAAE07C
:104CD000030AA8E0010AA6E00E0AA4E0030AA2E083
:104CE000010AA0E02B0A01E134D7110A01E169D7DA
:104CF000F10A98E0030A96E0070A94E0140A01E139
:104D000059D7010A01E125D7030A01E122D798D733
:104D1000C7D8DA22DECF77F0DDCF78F0C1D891ECBA
:104D200033F05DEC42F0E75000017A6FB9D8BED89D
:104D30005DEC42F0E750796F3CC07BF03DC07CF009
:104D4000770E746FE2EC82F0000901E093D0770EE9
:104D50006C6F726B736B6C517FEC2BF05DEC42F0FF
:104D6000E750030F706F000EC8EC91F000016C511A
:104D7000D96EDA6ADECF68F0DDCF69F070C06AF014
:104D8000FBEC82F0010E716F3FD0720E656F6C51BB
:104D9000D96EDA6ADECF6DF0DDCF6EF071516D2520
:104DA000D96E000E6E21DA6EDF50666F6651676F46
:104DB000686B67C068F0676B6551D96EDA6A6751D6
:104DC000DE1A6851DD1A080E6B6F74D868AF14D004
:104DD00001D012D06FD8D89067376837210E671985
:104DE000696F100E68196A6F6551D96EDA6A69C009
:104DF000DEFF6AC0DDFF02D0655164D86B076B51DE
:104E0000E4E101D0E2D7712B7051715DBEE301D0B6
:104E1000BCD76C5143EC2BF033D873C0DFFF6C511F
:104E200043EC2BF0DF2A6C5143EC2BF029D872C0F5
:104E3000DFFF6C5143EC2BF0DF2A6C5143EC2BF07D
:104E40001FD80D0EDF6E6C5143EC2BF0DF2A77C0BC
:104E500066F078C067F079C068F001D80BD0050023
:104E6000FA6E01013A51FD6E3B51FE6E3C51FF6EF0
:104E7000FA50120015D81AD85DEC42F0E76A120019
:104E8000DF506D6F6C51D96EDA6ADECF6EF0DDCF18
:104E90006FF06D516E25D96E000E6F21DA6E120023
:104EA00020EE02F03A50D9263B501200DA2210EEE2
:104EB00064F012006551D96EDA6ADECF67F0DDCF9B
:104EC00068F01200D96EDA6AD890DE36DD3612004C
:104ED000C1EC91F065C079F066C07AF0ADD88ED89B
:104EE000C80EDE6EDD6A20EE27F088D86E0EAFD8D1
:104EF00085D8B40EDE6EB9D881D8B40EADD87ED8C0
:104F0000010EDE6E80D87AD882D878D8010EDF6E96
:104F100097D807EC60F010EC8FF065C079F066C0B0
:104F20007AF08AD86BD82C0EDE6E010E9AD866D82D
:104F3000640E8DD863D8960EDE6E97D85FD8FA0EC1
:104F40008BD85CD8DE6A5FD859D861D857D8DF6A69
:104F500077D807EC60F01CEC8FF065C079F066C084
:104F60007AF06AD84BD88A0EDE6E020E7AD846D80E
:104F7000300EDE6E020EDD6E20EE23F03FD87ED8BE
:104F800020EE25F03BD87AD820EE2BF037D8010E52
:104F9000DE6E39D833D83BD831D8020EDF6E50D808
:104FA00007EC60F020EE38F029D8DE6ADD6A0101F6
:104FB000A76B040EB26F060EB36F5BD816EC7BF0D6
:104FC0002DD85F6ACE6BCF6B1CEC92F065C068F099
:104FD00066C069F06B6B6A6B6D6B570E6C6FEFECB4
:104FE00086F0786B782B0E0E7865FCD70101BB81BB
:104FF000010E8F6FE6EC1BF0000012007951D926EC
:105000007A51DA221200DD6A20EE2DF01200580EDD
:10501000DE6E020EDD6E20EE3AF0020C020ECC6F58
:10502000CD6B080EC66F640EC76FFD0EC86FC969E1
:10503000D56B140ED46F140C000120EE29F0120071
:1050400079C065F07AC066F0686B676B1200DE6E3F
:10505000DD6A20EE23F01200DE6EDD6A20EE2BF01A
:105060001200DD6E20EE27F01200DD6A20EE25F042
:1050700012005A6A5B6A5C6A5D6AF80C440EDE6E66
:10508000020EDD6E020C70D0C6D844EF92F0C3D889
:1050900017EF73F0C0D858EF85F0BDD8E8EF8DF06A
:1050A000D8290001DE6FBFD8DF6FA4EF65F0D829E3
:1050B0000001986FB8D8996F33EF8FF0D8290001AD
:1050C000986FB1D8996F95EF47F0D8290001986F84
:1050D000AAD8996FF6EF29F0D8290001986FA3D8C4
:1050E000996FF5EF61F0D8290001986F9CD8996FFE
:1050F000EEEF59F0D8290001986F95D8996FDCEF41
:105100002FF089D850EF8EF020EE01F091D8DECF4D
:1051100098F0DDCF99F0CCEF8FF020EE01F088D839
:10512000DECF98F0DDCF99F0CEEF91F0D8290001D5
:10513000656F79D8666F44EF7FF0D8290001656FFD
:1051400072D8666FCCEF8AF0D8290001956F6BD8C2
:10515000966F6CEF92F0D8C16CF0D9C16DF042EF50
:1051600087F059D809EF8DF0D8C1D9FFD9C1DAFF3E
:10517000DF5002E15DEF71F0010AD8B41200030ABA
:1051800002E123EF41F0010AECE0070A01E17CD7DC
:10519000140A02E15DEF8DF0080A02E16FEF90F072
:1051A000380A02E177EF5DF0100AD5E0710A01E1FB
:1051B0006ED7030A01E16ED7010A01E16ED7070A33
:1051C00001E16ED7010A01E172D7030A01E176D746
:1051D000010A01E17AD70E0A01E17ED7030A83E0D2
:1051E000010A88E01A0AD8B41200310AD8B41200B1
:1051F000010AA3E0100AD8B41200F10A82E0030AFF
:1052000083E0070A8AE0140AD8B41200010A9CE07D
:10521000030A8CE0120020EE01F0D851D926D951B2
:10522000DA22DF501200000E0101D9210001120024
:10523000D851D926D951DA2212000001786F78515D
:105240001FE0816B826B000E716F030E726FD8903E
:105250008135D96E8235DA6ED890D936DA36715109
:10526000D9267251DA22B9D8814B822B82BFEBD773
:10527000825103E10B0E815DE6E30101996B000CA5
:1052800001019951040D000EF324D96E030EF42090
:10529000DA6EA3D86DC079F06EC07AF06FC07BF083
:1052A00070C07CF06DC07DF06EC07EF06FC07FF08E
:1052B00070C080F0992B090E996501D0996B00019F
:1052C000876B886B79D8DE50795DDE507A59DE5075
:1052D0007B597C51800A776FDE50800A775909E24A
:1052E0006BD8DECF79F0DECF7AF0DECF7BF0DECF89
:1052F0007CF062D87D51DE5C7E51DE587F51DE58F5
:10530000DE50800A776F8051800A775909E254D8BD
:10531000DECF7DF0DECF7EF0DECF7FF0DECF80F01F
:10532000874B882B88BFCED7885103E10A0E875D53
:10533000C9E37D51795D656F7E517A59666F7F5102
:105340007B59676F80517C59686FE2EC78F065C0DB
:1053500083F066C084F067C085F068C086F086BFC1
:1053600009D08651851105E1C00E835D5D0E84591B
:1053700001E3000C86BF09D08651851105E1E00EDE
:10538000835D2E0E845901E3010C86BF09D086513E
:10539000851105E1700E835D170E845901E3020C3F
:1053A00086BF040C8651851105E1B80E835D0B0E96
:1053B000845901E3030C040C000E716F030E726F2D
:1053C000D8908735D96E8835DA6ED890D936DA36E6
:1053D0007151D9267251DA2212006DC0DEFF6EC003
:1053E000DEFF6FC0DEFF70C0DEFF1200C0D807EC2A
:1053F00079F068C0A4F069C0A5F00001A451A5111E
:1054000004E1B5D8886F020E4FD0040E9825A0D8BD
:10541000F3EC4EF07FC0A0F080C0A1F0982998D89E
:10542000F3EC4EF07FC0A2F080C0A3F0A2C06DF0FC
:10543000A3C06EF0A0C06FF0A1C070F0A4C071F066
:10544000A5C072F0746B7AEC30F028E201D026D05F
:1054500071EC30F06C6B5ED808E301D006D069D8EF
:1054600004E301D002D0010E6C6F6C51000916E00C
:1054700001D014D068EC30F06C6B4CD808E301D04C
:1054800006D057D804E301D002D0010E6C6F6C51E6
:10549000000904E001D002D0010E746F74510009BC
:1054A00005E165D8886F030E896F31D020EE3AF0A0
:1054B00064D8020EDE18010ED8A4000E9F6F9F5113
:1054C00005E1A2C09BF0A3C09CF004D0A0C09BF05B
:1054D000A1C09CF020EE23F050D89BC0DEFF9CC002
:1054E000DDFF9F5105E1A0C09DF0A1C09EF004D05A
:1054F000A2C09DF0A3C09EF020EE25F03ED89DC036
:10550000DEFF9EC0DDFFA8EC8BF031D83BD8470E04
:1055100062EF82F020EE13F06751D9266851DA224B
:10552000DE50655D6651800A6B6FDE50800A6B59F4
:10553000120020EE15F06751D9266851DA22655124
:10554000DE5CDE50800A6B6F6651800A6B59120078
:105550007F6F000E9921806F20EE1FF0A451D92695
:10556000A551DA22DECF81F0DDCF82F0120098C0A3
:10557000D9FF99C0DAFFDF501200A451D926A551F6
:10558000DA2212000001886F896B120070517BD8FB
:10559000030EDF6E7051D96EDA6ADECF71F0DDCFA7
:1055A00072F071C0D9FF72C0DAFF1B0EDF6E56D8E1
:1055B000500EDF6E705167D8DF2A50D8DF6A705105
:1055C00062D8DF2A4BD8DF6870515DD858EC34F0D0
:1055D00070C06BF0A5D8686B9BD803E008D001D0F1
:1055E00006D0682B050E6865F7D701D0F5D76F6B2D
:1055F00067D86F2B050E6F65FBD701D0F9D76B51BC
:1056000042D846D840D848D857D83DD8DF2A6B5121
:105610003AD842D879D837D8DF2A20D8010EDF6EA1
:10562000705131D8DF2A1AD8640EDF6E70512BD832
:10563000DF2A705153EC34F05DEC42F0E76A7051B0
:105640005ED85DEC42F070511ED8DF50FD0FE76E62
:10565000705119D8640EDF60010C000C7051D96EC6
:10566000DA6A020ED926DF50716F7051D96EDA6A8C
:10567000DECF72F0DDCF73F071517225D96E000E5E
:105680007321DA6E1200D96EDA6A020ED926020C84
:10569000060EDF266B511200DF506C6F6B51D96E16
:1056A000DA6ADECF6DF0DDCF6EF06C516D25D96E0C
:1056B000000E6E21DA6E1200CA0EDF6E6B51120000
:1056C0006F516925D96E000E6A21DA6E6B51E16E59
:1056D000E26AE6CF6CF0E5CF6DF06B51E16EE26A05
:1056E000020EE126E7506C27000E6D236F516C25EA
:1056F000E16E000E6D21E26EDFCFE7FF1200D96E82
:10570000DA6A10EE02F01200FE0EDF6E6B5112002C
:1057100068516525D96E000E6621DA6EDE2812000A
:1057200069C065F06AC066F01200939A8A9A1A0EF0
:1057300000017D6FF80EE82EFED77D2FFCD700000C
:105740008A8A200E00017D6F290EE82EFED77D2F5C
:10575000FCD700D0C00E0001A0D8300EE8EC8BF0D2
:10576000C00E9BD8370EE8EC8BF0C00E96D8360EE4
:10577000E8EC8BF0A3D83F0E786F300EE8EC8BF09E
:105780009DD83F0E786F370EE8EC8BF097D8280E37
:10579000786F360EE8EC8BF06DD8300EE8EC8BF0BD
:1057A00069D8370EE8EC8BF065D8360EE8EC8BF054
:1057B0006ED8300EE8EC8BF06AD8370EE8EC8BF040
:1057C00066D8360EE8EC8BF06ED8300EE8EC8BF035
:1057D0006AD8370EE8EC8BF066D8360EE8EC8BF022
:1057E000010E7A6F300ED8EC8BF0010E7A6F370E07
:1057F000D8EC8BF0010E7A6F360ED8EC8BF033D8E4
:10580000300EE8EC8BF02FD8370EE8EC8BF02BD86D
:10581000360EE8EC8BF07E6B34D8300EE8EC8BF073
:1058200030D8370EE8EC8BF02CD8360EE8EC8BF045
:105830007E2B170E7E65F0D7180E7E6F400E39D87E
:10584000300EE8EC8BF0400E34D8370EE8EC8BF0DD
:10585000400E2FD8360EE8EC8BF07E2B9B0E7E652B
:10586000EDD700009B0CC00E766F090E776F030E0C
:10587000786F030CC00E766F040E776FEB0E786FA7
:10588000EB0C400E766F7EC077F0786B400CC00E4C
:10589000766F010E776F786B010C766F060E776F5F
:1058A000020E786F020CC00E766F776B400E786F29
:1058B000400C766F7EC077F078691200C00E766F6C
:1058C000050E776F050CE4C1D9FFE5C1DAFFDECF25
:1058D000F7F0DDCFF8F0AF5105E1ABD827EC91F050
:1058E0007FEC68F00001666B080E656F97D8655114
:1058F000671906E16651681901E002D0010E01D076
:10590000000E000914E06E6B010E27EC91F0840E7E
:105910007A6F240E7B6F78D8ECEC8EF0010E0201CA
:10592000AF6F0201AC6BAD6B7FEC68F058D0666B6B
:10593000040E656F73D86551671906E166516819E1
:1059400001E002D0010E01D0000E000911E06E6BE3
:10595000010E27EC91F0690E7A6F240E7B6F54D8FC
:10596000ECEC8EF00201AF6B64D827EC91F0D9D744
:10597000010E666F656B52D86551671906E1665175
:10598000681901E002D0010E01D0000E000927E0E5
:105990004AD8AF190EE0AFB103D00101BB9102D0DC
:1059A0000101BB81010EF2EC91F078EC92F0E6EC93
:1059B0001BF0E0C1DCF1E1C1DDF1E2C1DEF1E3C1E8
:1059C000DFF122EECAF001D80AD00500FA6EDE50EF
:1059D000FD6EDE50FE6EDE50FF6EFA5012000201C8
:1059E000AF51D8B41200AE510101B819D8B41200A9
:1059F00020D827EC91F062EC7FF00BD814EC3DF04E
:105A0000ECEC8EF07FEF68F0010E7C6F7D6F7E6BAB
:105A1000010C65C07AF066C07BF01200F7C067F039
:105A2000F8C068F012000101010EBBA1000E0201D6
:105A3000120000016E6B020CC651C25DC751C35902
:105A4000C851C459C951C55908E3BB0E9C6F220EF9
:105A500092D82F0E97D888EC84F0CAC0D9FFCBC05B
:105A6000DAFFDE50DE10DE1009E1340E00019C6F1B
:105A7000220E81D8300E86D888EC84F0000120EE0A
:105A800003F086D808E1870E9C6F220E74D8310E81
:105A900079D888EC84F0000120EE06F079D808E18E
:105AA0006C0E9C6F220E67D8320E6CD888EC84F096
:105AB000000120EE09F06CD808E1170E9C6F220E51
:105AC0005AD8330E5FD888EC84F0C2C05BF3C3C0F1
:105AD0005CF3C4C05DF3C5C05EF31E0E03015F6FCF
:105AE0002D0E606F000E616FC6C07DF0C7C07EF0E6
:105AF000C8C07FF0C9C080F0C2C081F0C3C082F0CE
:105B0000C4C083F0C5C084F0A9EC62F07DC02BF264
:105B10007EC02CF27FC02DF280C02EF2CAC04AF2A5
:105B2000CBC04BF201016E6B6F6B0201276B286BD0
:105B3000296B2A6B4F0E0101B425726F000EB5213F
:105B4000736F000E0001BB6F080EBC6FBE6B800E42
:105B5000BD6F020120EE09F0D8EC17F0DECFBFF0E8
:105B6000DECFC0F0DDCFC1F021EC7BF05B0EC26F69
:105B7000030EC36F12009D6F1B0E9E6F230E9F6F4F
:105B8000A16B1200A06F790EA26F230EA36F1200FB
:105B9000CA51D926CB51DA22DE50DE10DE101200B7
:105BA0000001F251070ED8A4090E3E240101D86F5E
:105BB000000E3F20D96FD8C1F6FFD9C1F7FF000E04
:105BC000F86E0900F5CFE1F10A00F5CFE2F152C21B
:105BD00065F053C266F090D801D80DD00500FA6E7A
:105BE0000900F550FD6E0900F550FE6E0900F550F4
:105BF000FF6EFA50120065C0E3F166C0E4F10101E6
:105C0000E1510001F003F3CFD8F1F4CFD9F1F10362
:105C1000F3500101D927E2510001F0030101F350D3
:105C2000D92765D8DECFDAF1DDCFDBF1DA51D8251F
:105C3000E56FD951DB21E66FE86AE836D9BFE8069F
:105C4000E76FE86AE7BFE806E86F030E37D848D881
:105C5000DC51E55DDD51E659DE51E759E851800A36
:105C6000E06FDF51800AE05902E2030E11D0050E09
:105C700025D836D8E551DC5DE651DD59E751DE59CE
:105C8000DF51800AE06FE851800AE05908E2050E12
:105C900015D8DAC1E5F1DBC1E6F1E76BE86B27D88F
:105CA000E5C1DEFFE6C1DDFFF3C0EAF0F4C0EBF0D2
:105CB000F5C0ECF0F6C0EDF0BDEF78F03E24D86F03
:105CC000000E3F20D96FD8C1F6FFD9C1F7FF000EF3
:105CD000F86E0900F5CFDAF10900F5CFDBF112001B
:105CE000DA51DC6FDB51DD6FDE6BDF6B1200E3C17D
:105CF000D9FFE4C1DAFF12003EC0F6FF3FC0F7FF54
:105D0000120020EE38F097D8DFAE16D020EE39F032
:105D100092D8DFB211D077D8CA5D9CD8CB5990D831
:105D2000CC5993D8CD597BD891C0C6F192C0C7F158
:105D300093C0C8F194C0C9F120EE39F07CD8DFA23D
:105D400016D020EE38F077D8DFBE11D05CD8C65D13
:105D500081D8C75975D8C85978D8C95960D891C061
:105D6000CAF192C0CBF193C0CCF194C0CDF15A509E
:105D70000101CA5D306F5B50CB59316F5C50CC591B
:105D8000326F5D50CD59336F30C17DF031C17EF03F
:105D900032C17FF033C180F02C0E0001816F010E03
:105DA000D0EC3FF0B2EC48F07DC030F17EC031F174
:105DB0007FC032F180C033F15A500101C65D2C6FB3
:105DC0005B50C7592D6F5C50C8592E6F5D50C95933
:105DD0002F6F2CC17DF02DC17EF02EC17FF02FC121
:105DE00080F0D40E0001816FFE0E826F836984699A
:105DF000B2EC48F07DC02CF17EC02DF17FC02EF1B9
:105E000080C02FF11200D8905A348D6F5B348E6FA2
:105E10005C348F6F5D34906F8D5101011200000171
:105E2000946F911F921F931F941F912B000E92232A
:105E300093239423000C8B51D9268C51DA22120023
:105E40000001926F8F51010112000001936F905178
:105E5000010112000001916F8E5101011200360EF6
:105E6000F66EF30EF76E000EF86E05EE95F010EE7E
:105E700048F00900F5CFEEFFE550E150FAE1F00EF1
:105E8000F66E030EF76E010EF86E04EE72F010EE71
:105E900036F00900F5CFEEFFE550E150FAE1400E93
:105EA000F66E090EF76E010EF86E03EE9DF010EE21
:105EB0002FF00900F5CFEEFFE550E150FAE1DA0EE0
:105EC000F66EE60EF76E000EF86E02EEABF010EE18
:105ED00054F00900F5CFEEFFE550E150FAE1300E45
:105EE000F66E250EF76E010EF86E01EEFAF010EE6A
:105EF00006F00900F5CFEEFFE550E150FAE10DEEB6
:105F000000F0D60EEE6AE806FDE10CEE00F0FA0EA7
:105F1000EE6AE806FDE10BEE00F0FA0EEE6AE80626
:105F2000FDE10AEE00F0B40EEE6AE806FDE109EECE
:105F300000F0FA0EEE6AE806FDE108EE00F011EE60
:105F400000F0EE6AE550E150FCE1E250FAE107EEC4
:105F500000F0C90EEE6AE806FDE106EE00F0BB0EA9
:105F6000EE6AE806FDE105EE00F0950EEE6AE80641
:105F7000FDE104EE00F0720EEE6AE806FDE103EECC
:105F800000F09D0EEE6AE806FDE102EE00F0AB0EB9
:105F9000EE6AE806FDE101EE00F0D80EEE6AE806D2
:105FA000FDE100EE33F02D0EEE6AE806FDE1019012
:105FB0000192000142EF4CF085D807EC79F068C0FF
:105FC0009EF069C09FF000019E519F1104E17AD8B4
:105FD000886F020E50D0982966D8F3EC4EF07FC03F
:105FE0009AF080C09BF0040E98255DD8F3EC4EF03B
:105FF0007FC09CF080C09DF09AC06DF09BC06EF099
:106000009CC06FF09DC070F09EC071F09FC072F098
:10601000746B70D82AE201D028D063D86C6B8AECFC
:106020002AF009E301D007D099EC2AF004E301D06B
:1060300002D0010E6C6F6C51000917E001D015D031
:1060400047D86C6B8AEC2AF009E301D007D099ECB1
:106050002AF004E301D002D0010E6C6F6C510009EC
:1060600004E001D002D0010E746F7451000905E103
:1060700029D8886F030E896F13D020EE27F043D8FC
:106080009AC0DEFF9BC0DDFF20EE29F03CD89CC00B
:10609000DEFF9DC0DDFFA8EC8BF014D8C2EC2AF027
:1060A0004B0E62EF82F07F6F000E9921806F20EE21
:1060B0001FF09E51D9269F51DA22DECF81F0DDCF2D
:1060C00082F0120098C0D9FF99C0DAFFDF501200A9
:1060D0006FC065F070C066F071C067F072C068F0A4
:1060E00012006DC065F06EC066F071C067F072C0DE
:1060F00068F012006F516D5D6E51800A736F7051C0
:10610000800A735912009E51D9269F51DA2212003B
:10611000A0D8DE6ADD6A6CC065F06DC066F07B0EEB
:10612000676FE4EC71F065C080F066C081F080C0FC
:1061300065F081C066F06CC067F06DC068F07CD817
:1061400065C079F066C07AF07951705D7A51715905
:1061500001E21200030E746F756B8051745F815100
:10616000755B7CD87451DE267551DD2272D8DFCF85
:1061700074F0DE2ADFCF75F0000EDD226FD8DECF9F
:1061800076F0DDCF77F074517625D96E7551772191
:10619000DA6EAA0EDF6E7E6B7F6B20D07E517B0F96
:1061A000D96EDA6A72C0E1FF73C0E2FFE7CF74F024
:1061B000E62AE7CF75F0000EE5226EC0E1FF6FC062
:1061C000E2FFE6CF76F0E5CF77F074517625E16E09
:1061D00075517721A3EC70F07E4B7F2B80517E5D53
:1061E00081517F59DBE335D86C51DE266D51DD22BC
:1061F00035D8DECF65F0DDCF66F02BD8DECF67F087
:10620000DDCF68F032EC86F0746F23D8DECF75F006
:10621000DDCF76F023D8DECF77F0DDCF78F0755183
:106220007725D96E76517821DA6E74C0DFFF11D8E8
:10623000DE2A000EDD22000C67516525696F68516A
:1062400066216A6F020E6925656F000E6A21666F0E
:10625000120072C0D9FF73C0DAFF12006EC0D9FFFE
:106260006FC0DAFF12000001686F66D0E60E656F3E
:10627000250E666F010E676F1200560E656FDA0EFF
:10628000666F000E676F1200AC0E656F1F0E666FB3
:10629000010E676F12002E0E656F1A0E666F010EEB
:1062A000676F1200E40E656FF40E666F000E676F85
:1062B00012008C0E656F060E666F010E676F12007E
:1062C000F80E656F010E666F010E676F1200F60E15
:1062D000656FD90E666F000E676F1200060E656F50
:1062E000FA0E666F000E676F1200D00E656F1C0EFF
:1062F000666F010E676F1200EA0E656F1B0E666F08
:10630000010E676F1200C00E656F010E666F010E01
:10631000676F1200DC0E656F9F0E666F000E676F71
:106320001200BA0E656F150E666F010E676F1200D0
:10633000656B666B676B12000001685197E0010A9C
:106340009CE0030A93E0010A9FE0070A9DE0140A1B
:106350008DE0080A8BE0380A89E0100AE2E0710A51
:1063600093E0030A91E0010A96E0070A9BE0010A24
:10637000A0E0030AA5E0010AAAE00E0AAFE0030AC2
:10638000ADE0010AA4E01A0AC5E0310ABCE0010A46
:1063900089E0100AB8E0F10A01E176D7030AA5E026
:1063A000070AA3E0140AAFE0010AADE0030AA4E083
:1063B000BFD7F0C0D9FFF1C0DAFFDFAE000C42C09A
:1063C00065F043C066F073EC8AF000097EE0000ED1
:1063D0004BEC6EF065C0DEF166C0DFF120EE33F00D
:1063E0000FEC3DF010EE04F05DEC42F0E6CFE0F192
:1063F000E5CFE1F10101E66BE76B3ED020EE0DF059
:106400000FEC3DF071D8DE51E65DDA6FDF51E759F0
:10641000DB6FE051DA03F3CFDCF1F4CFDDF1DB0326
:10642000F350DD27E151DA03F350DD27D851DC25A5
:10643000E26FD951DD21E36F52D8E2C1A7F0E3C189
:10644000A8F0B4EC40F0A5C0E4F1A6C0E5F1780EE8
:10645000E1EC34F0E6C175F0E7C176F0E4C177F025
:10646000E5C178F07A6B000E796FF5EC34F015EC3D
:1064700044F00101E64BE72B29D8C0E3E66BE76B5C
:1064800018D0D6EC34F035D8C0EC34F095EC3DF0B3
:10649000D89001012ED8DA6E700ED926020EDA22BB
:1064A00023D8D8C1D9FFD9C1DAFFDCEC34F0E64BF0
:1064B000E72B0CD8E6E3F2C0EAF0F3C0EBF0F4C04F
:1064C000ECF0F5C0EDF0BDEC78F0010C4050E65D6D
:1064D000E751800AD86F4150800AD859120042C053
:1064E000A5F043C0A6F01200DECFD8F1DDCFD9F180
:1064F0001200E635D96EE7351200010E4AEC7EF047
:1065000080EC8EF0000902E07FEF68F074EC92F00E
:10651000000904E0F1EC5CF07FEF68F00001E66B4D
:10652000E76B76D0D890E635D96EE73592EC5BF024
:10653000DECFE8F0DDCFE9F0000120EE33F076D8D1
:10654000DECFE4F0DDCFE5F0E4C0D9FFE5C0DAFF4F
:10655000DF50EFEC6FF0E8C065F0E9C066F073EC77
:106560008AF0000943E0E8C067F0E9C068F05CEC3D
:1065700086F0000907E0E8C084F0E9C085F06DEC22
:1065800049F043D0000120EE3CF050D8DFA212D0F9
:1065900020EE3BF04BD8DFB60DD00101BD5135E107
:1065A000E8C0D2F0E9C0D3F0A0EC8CF044D8A4EC61
:1065B00076F02BD0E8C067F0E9C068F002EC8EF00E
:1065C000000907E0E8C084F0E9C085F092EC50F0E3
:1065D0001CD0000120EE3BF029D8DFA2E1D7E8C0B3
:1065E000D4F0E9C0D5F03FEC74F00FD0E8C065F00E
:1065F000E9C066F04FEC8AF0000904E11CD8A4EC75
:1066000076F003D00101BD51B6E10001E64BE72B66
:106610000101AE510001E65DE751800AE46FD8EC5C
:1066200075F0E45901E27ED77FEF68F0E851D92692
:10663000E951DA221200E8C0D4F0E9C0D5F0120026
:1066400020EE33F072D810EE09F05DEC42F0E65027
:10665000E610E61044E020EE0BF067D872D865D85B
:1066600087D876D85ED85DEC42F0E7509F6FA06B7C
:1066700020EE33F05AD810EE09F05DEC42F001D86C
:106680000AD00500FA6EE650FD6EE650FE6EE6504A
:10669000FF6EFA50120020EE0DF047D864D820EEBD
:1066A0000BF043D84ED841D863D8A06B020E9F6F31
:1066B00020EE33F03AD810EE09F05DEC42F001D84C
:1066C0000AD00500FA6EE650FD6EE650FE6EE6500A
:1066D000FF6EFA50120020EE0FF027D844D020EEC3
:1066E0000BF023D827D821D848D832D81AD85DEC57
:1066F00042F0E7507D6F7E6BA5EC59F020EE0DF077
:1067000014D82CD820EE0BF010D814D80ED835D8C9
:106710007E6B020E7D6FA5EC59F020EE0FF005D8D0
:106720001DD0DA2210EE03F01200A351D926A45195
:10673000DA221200DECF79F0DDCF7AF020EE1FF002
:106740001200DECF9BF0DDCF9CF020EE1FF0120098
:1067500020EE36F0A351D926A451120079C0DEFFF5
:106760007AC0DDFF12009BC0DEFF9CC0DDFF12007F
:10677000DECF9DF0DDCF9EF01200DECF7BF0DDCFCF
:106780007CF01200705143EC2BF0030EDF6E705161
:10679000D96EDA6ADECF71F0DDCF72F071C0D9FF49
:1067A00072C0DAFF1B0EDF6E69D8510EDF6E7051BA
:1067B00043EC2BF0DF2A62D8DF6A705143EC2BF0F8
:1067C000DF2A5CD8DF68705143EC2BF071D870C0C1
:1067D0006BF090EC2BF0686B88EC2BF003E008D0AA
:1067E00001D006D0682B050E6865F6D701D0F4D726
:1067F0006F6B60EC2BF06F2B050E6F65FAD701D035
:10680000F8D76B5143EC2BF048EC2BF043EC2BF01A
:106810004CEC2BF05CEC2BF043EC2BF0DF2A6B51B3
:1068200043EC2BF04CEC2BF084EC2BF043EC2BF0F6
:10683000DF2A24D8010EDF6E705143EC2BF0DF2AE3
:106840001DD8FFC1DFFF705143EC2BF0DF2A7051E0
:106850002AD85DEC42F0E76A70517FEC2BF05DECDA
:1068600042F0705143EC2BF0DF50FD0FE76E70519A
:1068700043EC2BF0640EDF60010C000C7051D96EFC
:10688000DA6A020ED926DF50716F7051D96EDA6A5A
:10689000DECF72F0DDCF73F071517225D96E000E2C
:1068A0007321DA6E1200D96EDA6A10EE01F012006E
:1068B000DF2AB6C169F0B7C16AF01200B4EC77F014
:1068C000B0C0D8F1B1C0D9F184D8780ED926020E63
:1068D000DA22DECFF6F0DDCFF7F00001F051F62539
:1068E0000101DA6F0001F151F7210101DB6F780E30
:1068F000000167D882C175F083C176F0DAC177F004
:10690000DBC178F0D8C179F0D9C17AF06ED815EC36
:1069100044F00101DC6FDC510DE148D88235D96EBD
:1069200083352ED895EC3DF054D8700E33D8000145
:1069300043D81AD0DD6BDE6B0DD038D851D820D8B3
:1069400095EC3DF0D8904CD8DA6E700E23D834D840
:10695000DD4BDE2B4050DD5DDE51800A0001F66F1D
:106960004150800AF659E9E39BEC89F0F2C0EAF065
:10697000F3C0EBF0F4C0ECF0F5C0EDF0BDEF78F053
:10698000DA6E780ED926020EDA22DECFA9F0DDCF3C
:10699000AAF01200D926020EDA22DECFF6F0DDCF01
:1069A000F7F0F6C0D9FFF7C0DAFF120042C0A7F037
:1069B00043C0A8F0D8901200A7C0DEFFA8C0DDFF3A
:1069C0001200716F020E726F40C073F041C074F01C
:1069D0001200D89001018235D96E8335DA6E12002B
:1069E0000101DD35D96EDE35120084C17BF085C131
:1069F0007CF01200256A266A276A25C002F026C0AC
:106A000003F0000E2724D96EDA6A010EDA22DF5075
:106A1000046ED0EC7BF002C025F003C026F0272ADC
:106A20000D0E2764EAD7255026107AE101C128F01F
:106A300004C101F128C004F102C128F003C102F130
:106A400028C003F101C102F002C103F003C104F048
:106A500004C105F02BEC7AF002C001F103C002F191
:106A600004C003F105C004F1066A076AC80E086E87
:106A7000420E096E01C102F002C103F003C104F02D
:106A800004C105F093EC1AF002C01BF003C01CF027
:106A900004C01DF005C01EF00CEC57F01BC06CF1DB
:106AA0001CC06DF106C128F009C106F128C009F12A
:106AB00007C128F008C107F128C008F106C102F09B
:106AC00007C103F008C104F009C105F02BEC7AF00E
:106AD00002C006F103C007F104C008F105C009F1C6
:106AE000066A076AC80E086E420E096E06C102F0F9
:106AF00007C103F008C104F009C105F093EC1AF0D6
:106B000002C01BF003C01CF004C01DF005C01EF045
:106B10000CEC57F01BC06AF11CC06BF1966B04D0F3
:106B2000010E0101966F00000000120068C065F0C0
:106B300069C066F0AFEC8CF06E6F736B0101B3A5AA
:106B40000BD0000120EE3BF06851D9266951DA22C2
:106B5000DFA602D0010E736F00017351010ED8B48D
:106B6000000E6F6F68C065F069C066F04FEC8DF085
:106B7000706F6FD8DFA0000E716F6BD8DFA2000EB0
:106B8000726F746B756B44D0D8907435D96E75354F
:106B900092EC5BF0DECF76F0DDCF77F076C065F07B
:106BA00077C066F04FEC8AF0000930E06F5112E0D8
:106BB0003BD8DFA80FD06A5174190BE16B517519DE
:106BC00008E120EE3CF07651D9267751DA22DF80B9
:106BD00001D037D868C065F069C066F04FEC8AF024
:106BE000000914E06E5103E01FD8DFB02AD87051BD
:106BF00003E01AD8DFB225D8715103E015D8DFB40D
:106C000020D8725103E010D8DFB61BD8744B752B17
:106C10000101AE510001745D7551800A6C6FD8ECB2
:106C200075F06C59B1E312006A5176256C6F6B51A7
:106C300077216D6F500E6C25D96E000E6D21DA6EC6
:106C4000120020EE3CF07651D9267751DA22DF820D
:106C5000120020EE38F06851D9266951DA22010C71
:106C6000E50E0001736F010E746F93EC6FF073C04B
:106C7000E6F174C0E7F1010177D8DFA00AD0DAC1EC
:106C800065F0DBC166F0DCC167F0DDC168F081EC66
:106C900090F00101DF51E01108E0DFC1D9FFE0C150
:106CA000DAFFE6C1DEFFE7C1DDFFE151E21106E0F8
:106CB000E1C1D9FFE2C1DAFFE5C1DFFF5CD8DE50F8
:106CC00015E1DE0413E1E55111E04ED8DFB40ED03A
:106CD0004BD8DFB60BD0DAC1F0F0DBC1F1F0DCC18C
:106CE000F2F0DDC1F3F084EC85F0010C44D8DE0451
:106CF000DE1005E040D8020EDE18DE101CE1E55182
:106D000003E132D8DFA4010C2FD8DFB2010C33D855
:106D1000DE04DE1005E134D8FF0EF8EC7FF0010C44
:106D20002AD8020EDE18DE10D8A4010C29D8010ED4
:106D3000F8EC7FF0010C1FD8800EDE18DE1013E196
:106D4000DE5111E0E551D8B4010C0ED8DFB2010CD0
:106D5000DAC1F0F0DBC1F1F0DCC1F2F0DDC1F3F03B
:106D60006AEC87F0010C000C20EE02F0E651D92607
:106D7000E751DA221200E6C1D9FFE7C1DAFF1200BB
:106D8000DAC1F5F0DBC1F6F0DCC1F7F0DDC1F8F0F7
:106D90001200270E7DD8B2C0D9FFB3C0DAFF7ED86B
:106DA000250EB025B66F6ED864D8BD6B030EBC6FD0
:106DB00020EE22F07ED8DF5015E0BD6B040EBC6FD4
:106DC00020EE3AF076D8020EDE1802E1230E06D04D
:106DD000230EB025B66F56D84CD8250E59D820EEC4
:106DE00004F047D8290E54D8BCC0B8F0BDC0B9F0E3
:106DF000D890B837B937B851B225BA6FB951B32165
:106E0000BB6FFE0EBA25D96EFF0EBB21DA6E46D8D7
:106E1000BE6BBF6B20D0B0C0A5F0B1C0A6F043D808
:106E2000B251D926B351DA22DECFB6F0DDCFB7F0BA
:106E3000B6C0D9FFB7C0DAFF9BEC3CF0B4EC40F031
:106E400032D8B451D926B551DA22A5C0DEFFA6C08A
:106E5000DDFFBE4BBF2BBC51BE5DBF51800AB66F7C
:106E6000BD51800AB659D7E3BCC0B0F0BDC0B1F087
:106E70001200B251D926B351DA22B6C0DEFFB7C034
:106E8000DDFF1200000EB121B76F20EE02F01200FC
:106E9000B025B66F000EB121B76F1200B6C0DEFF8D
:106EA000B7C0DDFF1200D890BE35D96EBF35DA6E9F
:106EB0001200B051D926B151DA221200726B706BF8
:106EC0007FD8D96E6A516821DA6E72516525E16EFC
:106ED000000E6621E26EE7506B6FD8906B37D8904A
:106EE0006B37D8906B35DF6E6BD86B6F6A5168214A
:106EF0006C6F6B2959D86D6F050E6E6FD8906D331E
:106F00006E2FFCD76D51DF6E722B702B030E7065E8
:106F1000D7D76F6B5ED86F513BD8100E6B25E16EE3
:106F2000000E6C21E26EDFCFE7FF722B6F2B030E9A
:106F30006F65F0D7716B71512BD8080E6B2534D863
:106F40000F0BDF6E46D8DF50696F693B0F0E691774
:106F500069A10AD071511CD8080E6B25D96E000E9C
:106F60006C21DA6E000EDB8E715112D8090E6B2582
:106F70001BD86D6F050E6E6FD8906D336E2FFCD7DA
:106F80006D51DF6E722B712B030E7165D4D7030C1C
:106F9000696F6A6BD89069376A37695167256B6F7B
:106FA0006A5168216C6F1200D96E000E6C21DA6E86
:106FB00072516525E16E000E6621E26EE750120007
:106FC0007051020DF3CF69F0F4CF6AF06951672573
:106FD000120072516525D96E000E6621DA6E12001C
:106FE000E15115E1040EE05D12E2D00E00019C6F4C
:106FF000210E9D6F440E9E6F230E9F6FA16B2E0E70
:10700000A06F560EA26F230EA36F88EC84F0DAC136
:10701000B3F0DBC1B4F0DCC1B5F0DDC1B6F069ECB2
:107020005CF0000901E012000101E86BE96BDAC1D4
:10703000ADF0DBC1AEF0E80E0001AF6F010EB06F36
:1070400078EC83F0ADC0E2F1AEC0E3F1E8C165F0E9
:10705000E9C166F06529656F000E6621666F65C03F
:10706000E4F166C0E5F1950E656F030E666F0101F0
:10707000E451DA250001676F0101E551DB210001D0
:10708000686FE2C169F0E3C16AF007EC7AF034D8C6
:107090000101DE250001676F000E0101DF21000103
:1070A000686FFB0E0101E0250001696FFF0E010111
:1070B000E12100016A6F94EC72F006D0E6C1D8F1CC
:1070C000E7C1D9F143EC28F0B80E0001796F1C0E2E
:1070D0007A6F010E7B6F3EEC8FF065C07CF066C06E
:1070E0007DF0D9EC42F079C0E6F17AC0E7F1010118
:1070F000E651E711E3E112008D0E656F030E666F36
:10710000040C0101BBA1120000016E6B010E27EC03
:1071100091F06E6B020E27EC91F0000E6E6B27EC77
:1071200091F0170E7A6F240E89EC4CF0ECEC8EF097
:10713000890E656FB9C168F0BAC169F06CD867C0D3
:1071400066F0676B663B0F0E6617661753D8D96EED
:10715000DA6A0800F5CFDFFF69510F0BC30FF66E37
:10716000200ED8B0010FF76EF86A000EF8226551B4
:10717000D96EDA6AD92A0800F5CFDFFF4CD8040EA1
:10718000D89067336633E82EFBD70F0E661732D8D8
:1071900043EC2BF00800F5CFDFFF0F0E6815666F8C
:1071A00029D834D80800F5CFDFFF0101BBB106D0E4
:1071B000EF0E00018D6F230E8E6F04D0890E00013B
:1071C0008D6F8E6B8DC07AF08EC07BF004EC2DF04D
:1071D000ECEC8EF07FEC68F00201AC6BAD6B030E53
:1071E0000001656F65C0ABF20101BB97BB85100E56
:1071F000F2EF91F0676BC30E6625F66E200E6721E5
:10720000F76EF86A000EF82265511200D96EDA6A3C
:10721000030ED926030C68C066F069C067F012003F
:10722000C1EC91F065C0C5F066C0C6F01CEC8FF0F3
:1072300065C0C8F066C0C9F010EC8FF065C0CAF038
:1072400066C0CBF00001C36B0101A25108E0C8C0C9
:1072500065F0C9C066F0EBEC8CF0000903E0010EAC
:107260000001C36FC46B0101A15108E0CAC065F001
:10727000CBC066F0EBEC8CF0000903E0010E0001DE
:10728000C46F010E0101A26FA16FC8C065F0C9C033
:1072900066F0C5EC86F0CAC065F0CBC066F0C5EC00
:1072A00086F0C5C065F0C6C066F0EBEC8CF0000956
:1072B000010ED8A4000EC26FC8C0B6F0C9C0B7F0A6
:1072C000BEC0B8F0BFC0B9F0C2C0BAF020EE19F02D
:1072D000C551D926C651DA22DECFBBF0DDCFBCF0D6
:1072E000C3C0BDF04CEC78F0CAC0B6F0CBC0B7F06C
:1072F000C0C0B8F0C1C0B9F0010EBA6FC0C0BBF0D9
:10730000C1C0BCF0C4C0BDF04CEC78F011D8C76F60
:10731000C8C069F0C9C06AF0C7C06BF09BEC4FF001
:10732000CAC069F0CBC06AF0C7C06BF09BEF4FF0EA
:107330000101010EB3A1000E00011200E4C1D9FF4A
:10734000E5C1DAFFDECFF7F0DDCFF8F00001666BC4
:10735000100E76D86551671906E16651681901E08B
:1073600002D0010E01D0000E00090CE022EEC7F0A1
:107370000500FA6EDE50FD6EDE50FE6EDE50FF6ED2
:10738000FA501200666B200E5BD86551671906E152
:107390006651681901E002D0010E01D0000E00090B
:1073A0000CE022EED0F00500FA6EDE50FD6EDE50ED
:1073B000FE6EDE50FF6EFA501200666B400E40D833
:1073C0006551671906E16651681901E002D0010EA6
:1073D00001D0000E00090CE022EED9F00500FA6E93
:1073E000DE50FD6EDE50FE6EDE50FF6EFA50120073
:1073F000010E666F656BF7C067F0F8C068F0655105
:10740000671906E16651681901E002D0010E01D04A
:10741000000E0009D8B41200E0C1DCF1E1C1DDF1D9
:10742000E2C1DEF1E3C1DFF122EEC1F00500FA6E48
:10743000DE50FD6EDE50FE6EDE50FF6EFA50120022
:10744000656FF7C067F0F8C068F012006D6F00015B
:107450006D511CE068AF1AD065C069F066C06AF073
:1074600067C06BF068C06CF0691F6A1F6B1F6C1FF0
:10747000692B000E6A236B236C2369C06FF06AC00E
:1074800070F06BC071F06CC072F008D065C06FF026
:1074900066C070F067C071F068C072F06551661127
:1074A0006711681105E1656B666B676B686B1200AD
:1074B000960E6E6F02D06E2B44D8696B6A6B6B6B45
:1074C000FE0E721544D808E0F6D76E2B6F2B000E17
:1074D00070237123722335D8696B6A6B6B6B7251A1
:1074E00036D807E0F2D76E07D8906F37703771370C
:1074F000723771BF03D0020E6E61F5D76EA1719F16
:10750000D8906E336EC069F06A6B6B6B6C6B69C040
:107510006CF06B6B6A6B696B69516F136A51701316
:107520006B5171136C5172136D5102E068BF728F11
:107530006FC065F070C066F071C067F072C068F02F
:107540001200D8907233713370336F3312006C6F46
:1075500069516A116B116C111200C9C074F0CAC074
:1075600075F0CBC076F0CCC077F050EC81F0CBC09A
:1075700065F0CCC066F07CEC2EF0000EF86E01D801
:107580000DD00500FA6E0900F550FD6E0900F550AA
:10759000FE6E0900F550FF6EFA50120065C0D9FF6B
:1075A00066C0DAFFDECFD3F0DDCFD4F0D351D411F3
:1075B00011E143D8F5500900F5100CE03ED8F5CFA5
:1075C0007AF00A00F5CF7BF076EC68F044D82FD83B
:1075D000ECEF8EF0D3C065F0D4C066F0686B3C0E63
:1075E000676F51EC79F06551D16FD3C065F0D4C0AD
:1075F00066F0686B3C0E676F07EC7FF06551D26FE9
:10760000D151640DF3CFCDF0F4CFCEF0D251CD25D2
:10761000CF6F000ECE21D06FCFC0C4F0D0C0C5F068
:1076200064EC74F018D85AEC74F08CEF8EF0DA2217
:10763000DF507D6F010E7E6F010C0B0E3E24CD6F6F
:10764000000E3F20CE6FCDC0F6FFCEC0F7FF000E7C
:10765000F86E09001200CB51D926CC511200000E51
:1076600001018A6F0D0E8B6F20EECAF065D8D70E20
:10767000DE6E010EDD6E20EECFF05ED8D40EDE6E33
:10768000FB0EDE6E000EDE6E20EE64F055D8DF6A73
:1076900020EED2F051D8DF6A20EECCF04DD8DE6A71
:1076A000DD6A20EECEF048D8DF6A20EED3F044D871
:1076B000A60EDE6E120EDE6E010EDE6E8AC165F063
:1076C0008BC166F00001676B3CD8672B630E676562
:1076D000FBD701D0F9D73DD8650E01018A250001FD
:1076E000656FC0EC14F0666F0001676B2AD8672BDA
:1076F000630E6765FBD701D0F9D72BD88AC1A7F2F3
:107700008BC1A8F2650E01018A250201A96F000E46
:1077100001018B210201AA6FA70E0001A46F020EC6
:10772000A56F9BEC14F008D8DECFA6F0DECFA7F053
:10773000DDCFA8F031EF65F08A51D9268B51DA22DE
:10774000120067516525D96E000E6621DA6EDF6A78
:10775000120020EE64F06551D9266651DA22DF6A04
:1077600012006FD8DFA01FD0BFC0A0F0C0C0A1F032
:10777000C1C0A2F0C2C0A3F0C3C0A4F0C4C0A5F0B1
:1077800039EC75F0000938E0BFC065F0C0C066F0A4
:10779000C1C067F0C2C068F0C3C069F0C4C06AF07D
:1077A000F2EC85F029D0BFC0A0F0C0C0A1F0C1C0EC
:1077B000A2F0C2C0A3F0C3C0A4F0C4C0A5F000EC06
:1077C00078F0000919E0BFC0B9F0C0C0BAF097EC7A
:1077D00063F0000903E00101B3B50ED0BFC065F04E
:1077E000C0C066F0C1C067F0C2C068F0C3C069F035
:1077F000C4C06AF0C6EC85F024D8DFA011D0BFC0A9
:107800006BF0C0C06CF020EE46F023D80500FA6E95
:10781000DE50FD6EDE50FE6EDE50FF6EFA5012003E
:10782000BFC06BF0C0C06CF020EE49F012D805006C
:10783000FA6EDE50FD6EDE50FE6EDE50FF6EFA50C8
:107840001200000120EE3BF0BF51D926C051DA22D0
:107850001200BF51D926C051DA221200C0C0B0F0C8
:10786000C1C0B1F0C60EB26FB36BCE0EB46FB56BC4
:10787000C9EC36F0B0C0D6F0B1C0D7F0C0C0A5F0AA
:10788000C1C0A6F020EE15F0C051D926C151DA22B0
:1078900052D8B4EC40F0A5C0C4F0A6C0C5F0D86B77
:1078A000D96B1BD0CE0E716F726BD6C073F0D7C080
:1078B00074F0D8C075F0D9C076F042D8DECF77F03A
:1078C000DDCF78F07A6B000E796FC4C07BF0C5C055
:1078D0007CF015EC44F0D84BD92B24D8E3E3D86BDB
:1078E000D96B1DD0C0C0A7F0C1C0A8F029D8DECF89
:1078F000A9F0DDCFAAF095EC3DF0D851020DF35080
:10790000C60FD96EDA6ADECFC2F0DDCFC3F0C2C0D7
:10791000D9FFC3C0DAFFDCEC34F0D84BD92B02D846
:10792000E1E31200D651D85DD951800AC26FD75118
:10793000800AC2591200DECFA7F0DDCFA8F01200F6
:10794000D851020DF350CE0FD96EDA6A1200B0C1D1
:10795000D1F0B1C1D2F020EE33F061D8DECFCFF05C
:10796000DDCFD0F0D1C06EF0D2C06FF040EC84F02B
:10797000D1C06FF0D2C070F020EE3AF050D8DF5096
:107980000001716F15EC80F0CFC0D9FFD0C0DAFFD5
:10799000DF50EFEC6FF0C00E00017A6F230E89EC20
:1079A0004CF0ECEC8EF020EE29F039D843D8CB6BBC
:1079B000010ECC6F95EC7AF020EE22F030D8DF503B
:1079C0000AE020EE23F02BD835D8010ECB6FCC6B1C
:1079D00095EC7AF008D0990E7A6F240E7B6F04EC48
:1079E0002DF0ECEC8EF020EE25F019D823D8010E06
:1079F000CB6FCC6F95EC7AF0C60E7A6F230E7B6F4F
:107A000013D8ECEC8EF020EE27F009D813D8020E34
:107A1000CB6F010ECC6F95EC7AF08BEF6DF042508E
:107A2000D9264350DA221200010E7C6F020E7D6FC0
:107A30007E6B020CDECFC9F0DDCFCAF0120001016F
:107A4000B3A913D020EE4DF06BD8CAEC6BF0DE502A
:107A5000E61801E102D0010E01D0000E000905E197
:107A6000B7EC64F05DD8DF9012000001656B010196
:107A7000B3AB0CD001D00AD020EE55F051D8DFB016
:107A800005D001D003D0010E0001656F00016551E2
:107A900000092BE03CC070F03DC071F030EC90F07C
:107AA000B3A91FD020EE4DF03BD8DF5007E03CECEF
:107AB00068F0DF9C030E3AEC92F00CD03CEC68F0DE
:107AC000DF8C3CEC68F0DF983CEC68F0DF86040E5D
:107AD0003AEC92F020EE4DF023D8CAEC6BF0DFCFF9
:107AE000E7FF20EE55F01CD8DF800101FE5106E0D3
:107AF00001D004D0FE6B9E6B010E0CD09E2B9E0518
:107B00000001656FA60E656504D001D002D00101A9
:107B1000F2D7000E0009D8B41200010E3AEF92F02D
:107B20003C50D9263D50DA221200000120EE1FF011
:107B30006DD8DECFAFF0DDCFB0F020EE36F0A7513C
:107B4000D926A85191EC33F05DEC42F0E750B16FCB
:107B5000B26B53D85DEC42F0E650E610E61027E039
:107B6000A9C09BF0AAC09CF020EE13F04FD8DECF46
:107B70009DF0DDCF9EF0AFC09FF0B0C0A0F0B1C0CF
:107B8000A1F0B2C0A2F039D85DEC42F001D80AD021
:107B90000500FA6EE650FD6EE650FE6EE650FF6E92
:107BA000FA5012009BC0A7F09CC0A8F0120020EE73
:107BB00013F02CD8DECFABF0DDCFACF06C6B010E48
:107BC0006B6FB151AF5D6D6FB251B0596E6F8AEC92
:107BD0007EF0A9516B03F3CFADF0F4CFAEF06C03A0
:107BE000F350AE27AA516B03F350AE27AB51AD252E
:107BF000A76FAC51AE21A86F120020EE33F0A75151
:107C0000D926A851DA2210EE0FF01200A751D9267A
:107C1000A851DA2212007AC0D9FF7BC0DAFF010135
:107C20001451DE180EE0010E0001766F100E776F12
:107C30007AC0D9FF7BC0DAFFDF50786F360EE8ECF0
:107C40008BF0000120EE01F07A51D9267B51DA2227
:107C5000DE500101151910E0010E0001766F120EC1
:107C6000776F20EE01F07A51D9267B51DA22DF506E
:107C7000786F360EE8EC8BF0000120EE02F07A51BE
:107C8000D9267B51DA22DE500101161910E0010ECF
:107C90000001766F140E776F20EE02F07A51D9262C
:107CA0007B51DA22DF50786F360EE8EC8BF0000162
:107CB00020EE03F07A51D9267B51DA22DE50010101
:107CC000171910E0010E0001766F160E776F20EE87
:107CD00003F07A51D9267B51DA22DF50786F360EC5
:107CE000E8EC8BF07AC0D9FF7BC0DAFFDECF14F16D
:107CF000DECF15F1DECF16F1DECF17F11200000155
:107D00006A6F3CD0666B050E656F050C666B010EE5
:107D1000656F010C666B020E656F020C666B040EDC
:107D2000656F040C666B070E656F070C666B030EC0
:107D3000656F030C685103E1040E675DE3E320EE19
:107D400003F06551D9266651DA22DF50696F050EBE
:107D50006925656F666B000E6623000C666B060E68
:107D6000656F060C67C080F168C081F167C065F07F
:107D700068C066F01200656B666B120000016A5104
:107D8000010AC0E0020AC2E0070AC0E0340AEAE0E1
:107D9000710ABCE0030ABAE0010AB8E0070ABAE0D7
:107DA000010AB8E0030ABAE0010ABCE00E0ABEE02C
:107DB000030ABCE0010AB6E01A0ABCE0310AAAE0F4
:107DC000010AA8E0100AA6E0F10AA0E0030AA2E076
:107DD000070AA0E0140A9EE0010A9CE0030ABEE044
:107DE000CAD78BC099F08CC09AF067D899C071F04F
:107DF0009AC072F09BC073F09CC074F08FC075F095
:107E000090C076F0776B786B72EC78F071C099F077
:107E100072C09AF073C09BF074C09CF08F51916F48
:107E20009051926F936B946B91510008956F000E77
:107E30009255966F010E9355976F000E9455986F5B
:107E400095C071F096C072F097C073F098C074F04E
:107E50008DC075F08EC076F0CAEC3FF072EC78F011
:107E600071C095F072C096F073C097F074C098F02E
:107E70009551992796519A2397519B2398519C236A
:107E8000000E99257D6F800E9A217E6F000E9B213A
:107E90007F6F000E9C21806F816B826B010E836F60
:107EA000846BB2EC48F07DC099F07EC09AF005D8A2
:107EB00099C08BF09AC08CF01200000E9ABFFF0E92
:107EC0009B6F9C6F12005A508B5D8F6F5B508C596B
:107ED000906F5C508D59916F5D508E59926F48D85C
:107EE0000A0EAFEC40F0B2EC48F04BD88FC071F006
:107EF00090C072F091C073F092C074F0FCC175F044
:107F0000FDC176F047D872EC78F071C08FF072C086
:107F100090F073C091F074C092F092BF0CD028D84A
:107F200030C181F031C182F032C183F033C184F0BD
:107F3000B2EC48F00BD01CD82CC181F02DC182F0DE
:107F40002EC183F02FC184F0B2EC48F01AD810D8BB
:107F5000E80E816F030E24D8B2EC48F012D88F518E
:107F6000BC088B6F9051D8A0E82A02088C6F1200D1
:107F70008FC07DF090C07EF091C07FF092C080F005
:107F800012007DC08FF07EC090F07FC091F080C065
:107F900092F01200000E76BFFF0E776F786F12001E
:107FA000826F836B846B1200EAC1DAF1EBC1DBF103
:107FB000ECC1DCF1EDC1DDF1DE6BEF0EDF6F010E28
:107FC000E06FEE0EE16F010EE26F30EC36F000096B
:107FD00001E0120001014CD8DFB21200EE5111E0B5
:107FE000EFC1F0F0F0C1F1F0EAC1F2F0EBC1F3F053
:107FF000ECC1F4F0EDC1F5F0C1EC73F0000901E063
:1080000012000101EE5111E0EFC1F0F0F0C1F1F00A
:10801000EAC1F2F0EBC1F3F0ECC1F4F0EDC1F5F020
:10802000D9EC31F0000901E012000101EE5103E149
:108030001FD8DFA4120023D8DFB403D020D8DFA6D6
:1080400012001DD8DFB403D0EC69ED6903D0ED6BED
:10805000010EEC6FECC1F0F0EDC1F1F0EAC1F2F00D
:10806000EBC1F3F0ECC1F4F0EDC1F5F05EEF34F0EC
:1080700020EE02F0EF51D926F051DA221200EFC1C2
:10808000D9FFF0C1DAFF12008D296D6F000E8E212D
:108090006E6F6C6B200E6B6F8AEC7EF06BC08FF096
:1080A0006CC090F0000E90BFFF0E916F926F8BC06E
:1080B00071F08CC072F044D80A0E94EC20F072EC8F
:1080C00078F08F51715D976F90517259986F9151FF
:1080D0007359996F925174599A6F97C071F098C003
:1080E00072F099C073F09AC074F0050E94EC20F011
:1080F00072EC78F02BD8090E32D8B2EC48F07DC083
:1081000093F07EC094F07FC095F080C096F0050E8D
:1081100093257D6F000E94217E6F000E95217F6F59
:10812000000E9621806F0A0E1AD8B2EC48F07DC07E
:108130008BF07EC08CF07FC08DF080C08EF012007E
:10814000000E72BFFF0E736F746F120071C07DF06E
:1081500072C07EF073C07FF074C080F01200816F37
:10816000826B836B846B1200000120EE1FF066D8D7
:10817000DECFACF0DDCFADF020EE36F0A551D92644
:10818000A65191EC33F05DEC42F0E750AE6FAF6B6F
:108190004CD85DEC42F0E650E610E61027E0A7C0B0
:1081A00097F0A8C098F020EE13F048D8DECF99F0F1
:1081B000DDCF9AF0ACC09BF0ADC09CF0AEC09DF09E
:1081C000AFC09EF032D85DEC42F001D80AD0050075
:1081D000FA6EE650FD6EE650FE6EE650FF6EFA5007
:1081E000120097C0A5F098C0A6F0120020EE13F080
:1081F00025D8DECFA9F0DDCFAAF0A951A75D716F18
:10820000AA51A859726FAE51AC5D6D6FAF51AD59A7
:10821000D5EC51F08AEC7EF0D0EC51F0E5EC62F058
:1082200071C0A5F072C0A6F0120020EE33F0A55187
:10823000D926A651DA2210EE0CF01200A551D9264B
:10824000A651DA221200030E00019D6F0101BBB39B
:1082500005D0A7C199F000019A6B04D000019A6B78
:10826000010E996F99512BEC8AF09E6F9D0E51D89B
:1082700092EC55F0040E9D6FEBEC57F06CC09EF045
:108280006DC09FF09D0E45D892EC55F0050E9D6F88
:1082900035EC58F06CC09EF06DC09FF09D0E39D843
:1082A00092EC55F09B6B9B514BEC70F09B2B020EAC
:1082B0009B65F9D7070E9D6F24EC69F06CC09EF0AA
:1082C0006DC09FF09D0E25D892EC55F09C6B9C5193
:1082D0008AEC71F09C2B020E9C65F9D70A0E9D6FFB
:1082E0000DEC64F000019E6F9D0E13D892EC55F0DA
:1082F0000B0E9D6FB4C1D9FFB5C1DAFFDF509E6F81
:108300009D0E07D892EC55F0886B896B020E62EFD8
:1083100082F07E6F37C07FF038C080F039C081F0C6
:1083200012000001C66FC0C065F0C1C066F0C2C0D7
:1083300067F0C3C068F081EC90F0C6C0A7F1A8C197
:10834000C7F0A9C1C8F00001C751C8111BE03CD853
:108350004FD818E0C0C077F0C1C078F0C2C079F043
:10836000C3C07AF031D801D80DD00500FA6E0900EB
:10837000F550FD6E0900F550FE6E0900F550FF6ED8
:10838000FA5012000001C65146EC5FF065C0C9F01A
:1083900066C0CAF0C9C0A8F1CAC0A9F1C9C0AAF193
:1083A000CAC0ABF11ED824D8D8B412001AD8050020
:1083B000FA6E0900F550FD6E0900F550FE6E0900D9
:1083C000F550FF6EFA501200030EC725C46F000E61
:1083D000C821C56FC4C0F6FFC5C0F7FF000EF86E18
:1083E0001200C9C0F6FFCAC0F7FF000EF86E1200F7
:1083F0000900F5500900F5100900F510120066514A
:1084000072EC52F05AD8E750676F67056D6F0E0E29
:108410006D6501D0010C6D51050DF3CF67F0F4CF00
:1084200068F066516DEC52F0DECF69F0DDCF6AF096
:10843000675169256B6F68516A216C6F020E6B255D
:108440006E6F000E6C216F6F6EC0D9FF6FC0DAFFC8
:108450006DC0DFFF665177EC52F02FD820EE01F0AF
:1084600031D810EE07F029D820EE02F02BD810EE0C
:1084700008F023D820EE03F025D810EE09F01DD81F
:1084800020EE04F01FD8040ED92610EE4DF015D8BA
:10849000E72A20EE02F06E51D9266F51DA22DFA0D2
:1084A000000C66516DEC52F010EE4EF006D8010E45
:1084B000E76E020E3AEC92F0000CDE50E126DD5041
:1084C000E22212006E51D9266F51DA22E7CFDFFF88
:1084D0006651D96EDA6A12000FEC8EF00001796FE6
:1084E000A7EC92F000017A6F74EC92F000017B6FC0
:1084F0007C6B0101B3A306D0DAEC77F0000902E04F
:10850000010E7C6FF2EC76F090EC69F07D6B7E6B87
:1085100044D0D8907D35D96E7E3592EC5BF0DECFBD
:108520007FF0DDCF80F07FC065F080C066F06AEC40
:108530007EF07FC065F080C066F07AC067F079C0D9
:1085400068F05CEC63F07B5106E07FC068F080C0AF
:1085500069F058EC84F07C5106E07FC068F080C080
:1085600069F070EC84F07FC068F080C069F07DC075
:108570006AF07EC06BF096EC35F07FC068F080C08A
:1085800069F0470E7D25D96E020E7E21DA6EDF502E
:108590006A6FBFEC7CF07D4B7E2B0101AE51000178
:1085A0007D5D7E51800A786FD8EC75F07859B1E323
:1085B0001200716B010E706F830E726F01D80AD0BA
:1085C0000500FA6E7951FD6E7A51FE6E7B51FF6E99
:1085D000FA501200000903E0796B7A6B120083C035
:1085E000D9FF84C0DAFFDF500301826F825133EC80
:1085F00031F065C080F066C081F067C082F08051C4
:1086000081118211E9E083C065F084C066F0FF0E3D
:108610007C25676FFF0E7D21686F030182517FEC1F
:108620003EF065C07EF066C07FF07EC070F07FC017
:1086300071F0830E726F01D80AD00500FA6E79517D
:10864000FD6E7A51FE6E7B51FF6EFA5012000009EA
:10865000C3E183C070F084C071F0830E726F030EAB
:10866000736F01D80AD00500FA6E8051FD6E8151FA
:10867000FE6E8251FF6EFA501200820E0001796F79
:10868000030E7A6F120063D855EC88F0DE1001E11A
:10869000010C5DD8DA22DECF90F0DECF91F0DECF94
:1086A00092F0DECF93F024C194F025C195F026C15D
:1086B00096F027C197F0D89097339633953394333B
:1086C0009051945D986F91519559996F9251965927
:1086D0009A6F935197599B6F8C5198257D6F8D514F
:1086E00099217E6F8E519A217F6F8F519B2125D8C2
:1086F000A9EC62F07DC09CF07EC09DF07FC09EF032
:1087000080C09FF020EE2DF08A51D9268B51DA22BD
:10871000DECF90F0DDCF91F09051926F9151936F39
:10872000946B956B92519C5D93519D5994519E59B8
:1087300095519F59D8B0010C000C806F24C181F075
:1087400025C182F026C183F027C184F0120020EEFB
:1087500041F08A51D9268B511200FACF29F0FBCF74
:108760002AF0D9CF2BF0DACF2CF0F3CF2DF0F4CFC5
:108770002EF0F6CF2FF0F7CF30F0F8CF31F0F5CF65
:1087800032F0A0B6A1A60DD001D80BD00500FA6E2C
:1087900001016151FD6E6251FE6E6351FF6EFA5030
:1087A00012009DB69EA60DD001D80BD00500FA6E22
:1087B00001015E51FD6E5F51FE6E6051FF6EFA5019
:1087C0001200F2BAF2A402D087EC8BF0A0B2A1A200
:1087D00002D02BEC85F0B9B4BAA402D076EC8BF0C1
:1087E000B9B8BAA802D065EC8BF09DBA9EAA02D0A7
:1087F00036EC5AF0A3BAA4AA02D0C9EC58F032C0A1
:10880000F5FF31C0F8FF30C0F7FF2FC0F6FF2EC0D4
:10881000F4FF2DC0F3FF2CC0DAFF2BC0D9FF2AC014
:10882000FBFF29C0FAFF0192110079C084F07AC0E1
:1088300085F085BF04D0855106E1840504E275C04A
:1088400084F076C085F07351755D7D6F74517659F3
:108850007E6F7B517D277C517E237D29826F000EA8
:108860007E21836F8451775D7851800A7D6F8551B9
:10887000800A7D5904E284C077F085C078F0775192
:10888000825D8351800A7D6F7851800A7D5904E2B0
:1088900082C077F083C078F0D8907535D96E763580
:1088A000DA6E7151D9267251DA2277C0DEFF78C0B4
:1088B000DDFF71C065F072C066F073C067F074C010
:1088C00068F075C069F076C06AF0A2EC67F07F6F5F
:1088D00071C065F072C066F075C067F076C068F070
:1088E0009BEC6AF0806F010E816F7F5103E1805134
:1088F00001E1816B81511200C1EC91F065C0DBF0A8
:1089000066C0DCF0DBC0D9FFDCC0DAFF8CEC4BF0DA
:1089100040EC84F0DBC065F0DCC066F073EC8AF0FC
:10892000000906E0DBC0D2F0DCC0D3F0A0EC8CF094
:10893000706B40D8C2EC90F0CDEC92F00001DA6F91
:10894000DA51C46FC56BC4BFC507C66B33D8C76FD8
:10895000010EC86F8CEC8EF0010E706F2BD8BAEC44
:1089600090F028D86D6F010E6E6F070E4BEC90F0F3
:10897000DBC065F0DCC066F0DBEC7AF065C0D8F0F7
:1089800066C0D9F0D8C07AF0D9C07BF026EC52F09E
:10899000ECEC8EF0EBEC76F0020E28EC5DF0ECECFB
:1089A0008EF0010E706FC2EC90F0010E706F020E2F
:1089B000C2EF90F020EE21F0DB51D926DC51DA2213
:1089C000DF5012006A6F00016C6B01D06C2B51D824
:1089D0006C5158D8DF5003E0030E6C65F7D76C512B
:1089E000D8B41200040E6C1901E11200010E6B6F75
:1089F00022D03FD86C516527000E66236B51655D10
:108A0000D96E6651D8A06605DA6E280E676F030E20
:108A1000686F040E6727000E68236A516727000EEF
:108A200068236B51675DE16E6851D8A06805E26EFE
:108A3000DFCFE7FF6B2B6B516C5DDBE26B6B05D01F
:108A400018D86B511FD8DF6A6B2B040E656F666BED
:108A50006C51655F000E665B6B51676F686B6551AB
:108A6000675D6851800A696F6651800A6959E8E359
:108A70001200280E656F030E666F6A516527000E9F
:108A80006623000C6525D96E000E6621DA6E120091
:108A9000EAC1DAF1EBC1DBF1ECC1DCF1EDC1DDF1F2
:108AA000010EDE6FF10EDF6F010EE06FF00EE16F71
:108AB000010EE26F30EC36F0000901E01200010116
:108AC0003FD8DFB21200F05111E0F1C1F0F0F2C175
:108AD000F1F0EAC1F2F0EBC1F3F0ECC1F4F0EDC15A
:108AE000F5F07DEC76F0000901E0120030D8DFB43B
:108AF00003D02DD8DFA612000101F05103E120D8E8
:108B0000DFA412001DD8010EDFA6000EED6F1FD8E6
:108B1000DFB403D0EE69EF6903D0EF6B010EEE6FA7
:108B2000EEC1F0F0EFC1F1F0EDC1F2F0EAC1F3F007
:108B3000EBC1F4F0ECC1F5F0EDC1F6F0D0EF2DF0A3
:108B400020EE02F0F151D926F251DA221200F1C1E1
:108B5000D9FFF2C1DAFF12000001A56B1CEC8FF007
:108B600065C0A6F066C0A7F041D0A6C095F0A7C02A
:108B700096F09FC097F0A0C098F0A1C099F0A2C055
:108B80009AF0EAEC4BF00ED0A6C095F0A7C096F094
:108B90009FC097F0A0C098F0A1C099F0A2C09AF031
:108BA000CAEC49F00001A56F2FD0A6C097F0A7C06E
:108BB00098F09FC099F0A0C09AF0A1C09BF0A2C00D
:108BC0009CF004EC6BF00001A56FA55105E00101DC
:108BD000CF6B010ECE6F01D01FD8000120EE38F010
:108BE000A651D926A751DA22DF9C0ED0BF51000131
:108BF000A36FA46BA45108E1A35106E0010AD5E0DC
:108C0000030AB3E0010AC0E0A6C097F0A7C098F03D
:108C1000A5C099F032EF8BF00101CE6BCF6B120043
:108C200020EE3AF056D8DE0416E120EE25F051D8B9
:108C300010EE0DF04AD843D851D801E31BD020EEF6
:108C400022F047D8DF5001E1010C20EE0DF041D8B1
:108C500010EE23F01FD020EE3AF03BD8020EDE18C3
:108C600027E120EE0DF035D810EE25F02ED827D8CC
:108C700035D805E320EE3BF02CD8DF9419D020EE58
:108C800022F027D8DF5001E1010C20EE23F021D89B
:108C900010EE0DF01AD813D821D805E220EE3BF0E3
:108CA00018D8DFA405D020EE3BF013D8DF84010CE8
:108CB00067C065F068C066F027EC84F0000CE22223
:108CC000DE50E65CE650800A12006751E1266851EA
:108CD00012006751D9266851DA2212006D6FDE50FA
:108CE000800A6D591200000E4AEC7EF080EC8EF086
:108CF000000902E07FEF68F074EC92F0000904E0F4
:108D0000F1EC5CF07FEF68F00001E66BE76B40D0C0
:108D1000D890E635D96EE73592EC5BF0DECFE8F01F
:108D2000DDCFE9F0000120EE33F0E851D926E9511A
:108D3000DA22DECFE4F0DDCFE5F0E4C0D9FFE5C014
:108D4000DAFFDF50EFEC6FF0E8C065F0E9C066F0E5
:108D500073EC8AF0000916E0E8C067F0E9C068F03B
:108D600055EC8CF0000907E0E8C07FF0E9C080F026
:108D70007EEC5AF00AD0E8C0D2F0E9C0D3F0A0EC03
:108D80008CF003D00101BD51EFE10001E64BE72B70
:108D90000101AE510001E65DE751800AE46FD8ECB5
:108DA00075F0E459B5E37FEF68F0DDC5E1F1DEC5AC
:108DB000E2F1010120EE11F053D8DECFD8F1DDCF82
:108DC000D9F1030ED803F3CFDAF1F4CFDBF1D903F5
:108DD000F350DB2720EE0FF043D8DECFDCF1DDCF00
:108DE000DDF1DA51DC25D96EDB51DD21DA6EDECF23
:108DF000DEF1DECFDFF1DDCFE0F1DFC5F5F0E0C57C
:108E0000F6F0E1C5F7F0E2C5F8F001D80AD00500A8
:108E1000FA6EDE51FD6EDF51FE6EE051FF6EFA50CC
:108E2000120000091CE0010120EE0DF019D810EE2F
:108E300011F0E151E126E251E222E62A000EE5229C
:108E4000DE50E65CE650800ADC6FDE50800ADC59BA
:108E500006E320EE11F004D8DE6ADD6A010C000C96
:108E6000E151D926E251DA22120058D8DE50DE1044
:108E700001E1000C20EE3DF08A51D9268B51DA2217
:108E8000DECF90F0DECF91F0DECF92F0DECF93F028
:108E900024C194F025C195F026C196F027C197F022
:108EA000D89097339633953394339051945D986F5F
:108EB00091519559996F925196599A6F935197592B
:108EC0009B6F8C5198257D6F8D5199217E6F8E51AE
:108ED0009A217F6F8F519B219DEC43F0A9EC62F0AA
:108EE0007DC09CF07EC09DF07FC09EF080C09FF052
:108EF00015D8DECF90F0DDCF91F09051926F915167
:108F0000936F946B956B92519C5D93519D599451C5
:108F10009E5995519F59D8B0010C000C20EE2BF0B2
:108F20008A51D9268B51DA22120050D807EC79F0F9
:108F300068C09CF069C09DF000019C519D1104E146
:108F400045D8886F020E30D098297F6F000E992186
:108F5000806F20EE1FF09C51D9269D51DA22DECF82
:108F600081F0DDCF82F0F3EC4EF07FC09AF080C04C
:108F70009BF09AC065F09BC066F09CC067F09DC0F6
:108F800068F06C6B8AEC2AF009E301D007D099EC09
:108F90002AF004E301D002D0010E6C6F6C5100097D
:108FA00005E114D8886F030E896F0DD020EE25F0EF
:108FB0009C5112D820EE23F09C510ED8A8EC8BF0D7
:108FC00005D8C2EC2AF0460E62EF82F098C0D9FFB5
:108FD00099C0DAFFDF501200D9269D51DA229AC0DB
:108FE000DEFF9BC0DDFF1200B9C065F0B85175EC23
:108FF0008FF0C06FBD6BB6AF06D0010EBD6FB56D03
:10900000B61FD8B0B62BB5C0ABF0B6C0ACF0A30E4F
:10901000AD6F020EAE6F21EC63F00001B751030893
:10902000BF6FC36BBF51C35D010ED8A0000EBC6FF4
:10903000BCC065F0A30EC325D96EDA6A020EDA222F
:10904000DF5013EC59F0BE6FB75104E0BF51C319A4
:1090500001E1BE8FC051C3251DD8BEC0DFFFC32BA9
:10906000030EC365DFD7BD51D8B41200C26B030E27
:10907000C16FC051C1250ED8DF5006E1C051C125D6
:1090800009D8400EDF6E400CC107D8A0C207C2BF8E
:109090001200EFD7BA6FBB6B280EBA25D96E030E3C
:1090A000BB21DA6E12000001686F9C0E0A01016F8D
:1090B000240E026F68C021FAFD0E2F6F020E306F72
:1090C000326B010E316F356B720E336F040E346FDD
:1090D000720E366F040E376F206B020E1F6F330E49
:1090E000126F116FF60E1C6FC20E1D6F000E1E6FF9
:1090F000136B146B050E166F780E156F176B186BCC
:10910000226B020E266F440E256F020E2A6F8A0E06
:10911000296F020E286F300E276F2C6B010E2B6FFC
:10912000020E2E6F580E2D6F300E466F1D0E476FBC
:10913000010E486F0A0E496F150E4A6F010E4B6FF4
:109140003C0E4C6F250E4D6F010E4E6F0101886B6A
:10915000896B020E0A01596F000E0001656F0A0E3D
:10916000666F1200866B84AF0AD0841F831F821F34
:10917000816D000E822383238423010E866F80AFCE
:109180000AD0801F7F1F7E1F7D6D000E7E237F23F0
:109190008023010E861B876B886B896B8A6B8151DC
:1091A00082118311841129E0010E856F06D0D890B9
:1091B0008137823783378437852B84AFF8D7D890AF
:1091C0008737883789378A3781517D5D82517E594B
:1091D00083517F598451805909E381517D5F8251C8
:1091E0007E5B83517F5B8451805B8781D890843321
:1091F000833382338133852FE2D7865108E08A1F7B
:10920000891F881F876D000E882389238A2387C0C2
:109210007DF088C07EF089C07FF08AC080F01200A7
:1092200052D8DECFE6F1DDCFE7F14DD8010EDFA653
:10923000000E0001F76F47D8010EDFA4000EF71BE8
:109240001CE00201AC6BAD6B3ED8DFB605D001016E
:10925000E96B010EE86F03D00101E869E969E8C133
:10926000F0F0E9C1F1F0E0C1F2F0E1C1F3F0E2C1E8
:10927000F4F0E3C1F5F05BEC6DF02AD8E6C167F0DD
:10928000E7C168F06551671906E16651681901E0A8
:1092900002D0010E01D0000E0009D8B41200E0C1C6
:1092A000DCF1E1C1DDF1E2C1DEF1E3C1DFF122EE8B
:1092B000DCF00500FA6EDE50FD6EDE50FE6EDE5014
:1092C000FF6EFA501200E4C1D9FFE5C1DAFF1200C7
:1092D000010E0001666F656B010C000120EE38F095
:1092E00055D8DA22DFA211D084C065F085C066F0BF
:1092F0004FEC8AF0000909E16E6B40D827EC91F041
:10930000010E6E6F3BD827EF91F00FEC8EF000014D
:109310008A6F8A5108E084C07FF085C080F08AC0DF
:1093200081F07BEF6EF084C065F085C066F0DBEC09
:109330007AF065C086F066C087F084C065F085C0AD
:1093400066F010EC72F065C088F066C089F086C0E7
:109350007AF087C07BF0010E7C6F10D87D6F7E6B3A
:10936000ECEC8EF088C07AF089C07BF07C6B20EE4C
:1093700021F00CD817EC3BF0ECEF8EF020EE21F052
:109380008451D9268551DA22DF5012008451D92622
:109390008551120000014FD8DF92080E0101C66FFF
:1093A000640EC76FFD0EC86FC96995C065F096C0A1
:1093B00066F0BEEC8CF0000901E1000C5A5000018F
:1093C000975D9B6F5B5098599C6F5C5099599D6F4E
:1093D0005D509A599E6F9EAF000C310E9B5D040E3E
:1093E0009C59FE0E9D59FF0E9E59D8B0000C9EAFA1
:1093F0000AD0E00E9B5DC30E9C59FC0E9D59FF0EDA
:109400009E5901E2000C17D8DF8297C0C6F198C0C0
:10941000C7F199C0C8F19AC0C9F195C079F096C05A
:109420007AF067EC77F00ED895C08BF096C08CF090
:1094300081EC2EF0010C20EE39F09551D926965191
:10944000DA22120079C0D4F17AC0D5F112001CECF6
:109450008FF065C0A9F066C0AAF0A9C093F0AAC0B9
:1094600094F0BAEC87F093C0ABF094C0ACF095C028
:10947000ADF096C0AEF0ABC065F0ACC066F0ADC06C
:1094800067F0AEC068F024EC7DF0ABC06DF0ACC00E
:109490006EF0ADC06FF0AEC070F0000E1DEC29F0A4
:1094A0000001A86F0101744B752B2D0E745D010E28
:1094B000755909E3A9C097F0AAC098F0000E000101
:1094C000996F32EF8BF074C165F075C166F00001E1
:1094D000686B060E676F07EC7FF065516611D8A4C4
:1094E0001200A8510101C05D01E2C02B030EC0654E
:1094F000030CABC09FF0ACC0A0F0ADC0A1F0AEC0FB
:10950000A2F0ACEF45F0990E0101AC6F020EAD6F09
:10951000AF6B030EAE6F000E0CEC5BF04AD865C06B
:10952000DEFF66C0DDFF45D83BD8DF6A010EF0ECF8
:109530004CF018EC8FF02FD865C0DEFF66C0DDFF61
:1095400020EE02F028D82CD82FEC86F053EC48F00F
:1095500024EC8FF020D865C0DEFF66C0DDFF20EE72
:1095600004F019D81DD8020EDF6E00016B6B6C6B16
:109570003D0E6B25D96E010E6C21DA6EDF6A6B4BE6
:109580006C2B6CBFF5D76C5105E1030E6B5DD8B049
:109590001200EED71200AC51D926AD51DA221200DA
:1095A000DECF69F0DDCF6AF069C0D9FF6AC0DAFFAB
:1095B0001200ACC1D9FFADC1DAFF120052D0070EC4
:1095C000926F916B186B196B1A6B1B6B8C9E8C9C3A
:1095D0008C980101902B120092C102F01C0E912573
:1095E000D96EDA6A010EDA22DF50036E022A02D047
:1095F000D8900332022EFCD703A002D08C8801D071
:109600008C98000000008C8CE4D78C9C000000003B
:1096100083AA13D092C102F0010E036E022A02D077
:10962000D8900336022EFCD7180E01019125D96E71
:10963000DA6A010EDA220350DF128C9C010E01015E
:10964000906F92510CE1070E926F912B030E916572
:10965000030C8C8E8C9C8C98B998906B120092079E
:1096600012009051ACE0010AB7E0030ACEE012000C
:109670001CEC8FF065C0DEF066C0DFF0DEC0D9FF05
:10968000DFC0DAFF49D840EC84F0FEEC91F065C011
:10969000DCF066C0DDF03AD82BE0D6C065F0D7C06C
:1096A00066F0D8C067F0D9C068F081EC90F020D0A7
:1096B000DEC0D4F0DFC0D5F071EF86F0DEC08BF0F5
:1096C000DFC08CF0DCC08DF0DDC08EF088EF81F063
:1096D000DEC08BF0DFC08CF0DCC08DF0DDC08EF022
:1096E00001EF61F0DEC0D4F0DFC0D5F082EF8CF086
:1096F0000DD80001DA6FDB6BDB51F4E1DA51010ABE
:10970000D7E0030ADBE0010AE3E0ECD7DCC0D9FFD5
:10971000DDC0DAFFDF501200DF5000016E6F6F6BAB
:109720001200866B876B886B896B8A6B13D0010E76
:10973000866F260E896F240E0BD0010E876F210EC7
:10974000896F240E05D0010E886F1C0E896F240EC0
:109750008A6F13D020EE01F08151D9268251DA228E
:10976000DF50846F856B855108E1845106E0010A62
:10977000DEE0030AE2E0010AE6E089518A11D8B48A
:10978000120089C07AF08AC07BF07C6B1DD817D894
:10979000ECEC8EF0010E706F17D8DA22DF50C2ECBD
:1097A00090F0835104E00101BD51D8A4120087C09C
:1097B0006EF088C06FF000018651B0EF85F0DA22BC
:1097C000DF507D6F7E6B120020EE21F07F51D92695
:1097D0008051120000014FD8DF9EF80E010116ECF7
:1097E0007BF0020ECC6FCD6B95C065F096C066F035
:1097F000BEEC8CF0000901E1000C5A500001975DAD
:109800009B6F5B5098599C6F5C5099599D6F5D5050
:109810009A599E6F9EBF000C9E5108E1D00E9B5D31
:10982000FB0E9C59010E9D59D8A0000C9EBF0AD07A
:109830009E51E2E1210E9B5D3C0E9C59030E9D5909
:1098400001E3000C18D8DF8E97C0CAF198C0CBF1A5
:1098500099C0CCF19AC0CDF195C079F096C07AF05C
:1098600067EC77F022EC4AF095C08BF096C08CF054
:1098700081EC2EF0010C20EE38F09551D92696514E
:10988000DA2212000000E3EC89F045EC7DF0F28E64
:10989000F28C55EC76F0CEEC87F0D0B60ED03FD8F7
:1098A00038D8ECEC8EF05F0E7A6F240E7B6F3CD8CC
:1098B000ECEC8EF07FEC68F0FFD7D0BA0ED02FD84A
:1098C00028D8ECEC8EF0DE0E7A6F230E7B6F2CD84E
:1098D000ECEC8EF07FEC68F0FFD7DDEC92F0DAEC88
:1098E00051F03FEC19F00101B25158EC92F0070E23
:1098F000A2EC90F0F8EC92F0090EE26F3D0EE36FEF
:10990000E46BE56B7AEC1FF0D18012EC91F02DEF57
:1099100010F07B6F010E7C6F7D6B7E6B010CCC0EAB
:1099200000017A6F230E1200010E7C6F7D6B7E6F3B
:10993000010C020E45180DE1EAC1F0F0EBC1F1F0A7
:10994000ECC1F2F0EDC1F3F099EC6CF0000901E02C
:109950001200EAC1DAF1EBC1DBF1ECC1DCF1EDC1DF
:10996000DDF1010E0101DE6FED0EDF6F010EE06F24
:10997000EC0EE16F010EE26F30EC36F0000901E011
:1099800012000101EC5119E020EE02F0ED51D92650
:10999000EE51DA22DFB211D0EDC1F0F0EEC1F1F0FC
:1099A000EAC1F2F0EBC1F3F0ECC1F4F0EDC1F5F077
:1099B00048EC82F0000901E012004504D8A412002E
:1099C000EDC1D8F1EEC1D9F1ECC1DAF1EAC1DBF1B8
:1099D000EBC1DCF1ECC1DDF1EDC1DEF116EF66F0BB
:1099E000686F68C021F4F90E04012F6F020E306F0A
:1099F000326B020E316F356B840E336F040E346F91
:109A0000840E366F040E376F206B010E1F6F330EFE
:109A1000126F116F8C0E1C6FC00E1D6F000E1E6F2B
:109A2000136B146B010E166FF40E156F176B186B1A
:109A3000010E226F246B960E236F266BFA0E256F94
:109A4000010E2A6F2C0E296F286B640E276F2B6B6B
:109A50002C6B020E2E6F580E2D6F480E466F1D0E8A
:109A6000476F010E486F2E0E496F150E4A6F010E9B
:109A70004B6F480E4C6F250E4D6F010E4E6F010E51
:109A8000596F000E0001656F040E666F1200EAC187
:109A9000DAF1EBC1DBF1ECC1DCF1EDC1DDF1010E7E
:109AA000DE6FF00EDF6F010EE06FEF0EE16F010E63
:109AB000E26F30EC36F0000901E012000101EF51D5
:109AC000D8B4120020EE02F0F051D926F151DA227A
:109AD000DFB21200F0C1F0F0F1C1F1F0EAC1F2F032
:109AE000EBC1F3F0ECC1F4F0EDC1F5F0AAEC7EF0BF
:109AF000000901E012001CD8040EDE18DE1004E19B
:109B00000001F169F0690AD013D8080EDE18DE10E2
:109B1000D8A412000001F16B010EF06FEAC1F2F05F
:109B2000EBC1F3F0ECC1F4F0EDC1F5F06DEF62F0D4
:109B3000F0C1D9FFF1C1DAFF1200686F010E000118
:109B4000696F020100B34CD068C001F2009100833C
:109B500000970E0E096F010E086FF40E076F008557
:109B6000000E0B6F250E0C6F010E0D6F1D6B000E9E
:109B70000E6F250E0F6F010E106F1E6B000E116F12
:109B8000250E126F010E136F1F6B000E146F250E42
:109B9000156F010E166F206BF80E176F240E186FDD
:109BA000010E196F216B54EC90F09E96CE0E0001C1
:109BB000656F250E666F010E676F65C061F166C047
:109BC00062F167C063F1600E656FE20E666F000EB2
:109BD000676F65C05EF166C05FF167C060F1696B79
:109BE0000001695112000001736B746B41D0D89071
:109BF0007335D96E743592EC5BF0DECF75F0DDCF46
:109C000076F0000120EE3BF040D8DA22DFA00ED043
:109C100075C065F076C066F06EC067F06FC068F022
:109C200070C069F071C06AF0F2EC85F075C06BF03D
:109C300076C06CF020EE49F028D8DA2201D80AD09C
:109C40000500FA6EDE50FD6EDE50FE6EDE50FF6ED9
:109C5000FA501200000120EE41F017D8CFEC70F05E
:109C600075C065F076C066F027EC84F0734B742BFA
:109C70000101AE510001735D7451800A726FD8EC1E
:109C800075F07259B4E3DAEF7FF07551D926765149
:109C90001200706F0101BD5104E10001705101E13A
:109CA00012000001746B756B35D0D8907435D96E85
:109CB000753592EC5BF0DECF71F0DDCF72F0000114
:109CC00020EE4CF036D801D80AD00500FA6EDE50EE
:109CD000FD6EDE50FE6EDE50FF6EFA501200736FA6
:109CE000735103E00101BD5105E10001735110E121
:109CF00070510EE074C065F075C066F0000120EE92
:109D00003AF017D8DF50676F73C068F005EC5FF06A
:109D1000744B752B0101AE510001745D7551800AC1
:109D20006F6FD8EC75F06F59C0E327EC80F091EFBE
:109D30008CF07151D9267251DA22120002013B5186
:109D40003F250001D06F02013C5140210001D16F3D
:109D500002013D5141210001D26F02013E514221D9
:109D60000001D36FD051CC5DD151CD59D251CE59D4
:109D7000D351CF5901E212002ED801D80AD00500E4
:109D8000FA6EDE50FD6EDE50FE6EDE50FF6EFA5053
:109D900012000DD801D824D00500FA6EDE50FD6EF9
:109DA000DE50FE6EDE50FF6EFA50120019D067C012
:109DB0007AF168C07BF17AC1BEF07BC1BFF078C197
:109DC000C0F079C1C1F0020120EE06F04C51D92655
:109DD0004D51DA2212004CC2D9FF4DC2DAFF1200F7
:109DE00001019B6B120040D84DD8831909E18251C3
:109DF000841906E142D8DECF7FF0DDCF80F012007B
:109E000033D8800E83BF7F0E846F8151835D825172
:109E1000800A845916E231D8DECF6BF0DDCF6CF0CA
:109E200023D8846B83BF84078351815D6D6F845118
:109E300082596E6F8AEC7EF06BC07FF06CC080F050
:109E400012001BD8DECF79F0DDCF7AF00DD81AD80A
:109E5000835D7B6F825184597C6F0AEC7EF079C000
:109E60007FF07AC080F0120020EE02F07F51D926F8
:109E70008051DA22DF50836F12007FC0D9FF80C08B
:109E8000DAFF1200846B83BF84078151120068518E
:109E900005E16751D96EDA6ADF801200680505E1D5
:109EA0006751D96EDA6ADF821200020E681905E185
:109EB0006751D96EDA6ADF841200030E681905E172
:109EC0006751D96EDA6ADF861200040E681905E15F
:109ED0006751D96EDA6ADF881200050E681905E14C
:109EE0006751D96EDA6ADF8A1200060E681905E139
:109EF0006751D96EDA6ADF8C1200070E681905E126
:109F00006751D96EDA6ADF8E1200080E681909E10E
:109F10006751D96EDA6ADF686751D96EDA6ADF9EF7
:109F20001200090E6819D8A41200675100D0D96E2A
:109F3000DA6ADF6A120000016B5108E069C065F05F
:109F40006AC066F073EC8AF0000905E132D8DF9848
:109F500030D8DF9A120020EE29F036D810EE0DF03E
:109F60002FD85FEC46F035D803E3716B712B02D02C
:109F70000001716B1ED8713BDF507119EF0B711925
:109F8000DF6E20EE0DF020D810EE27F019D85FEC30
:109F900046F01FD803E3716B712B02D00001716B87
:109FA00008D8713B7147DF507119DF0B7119DF6EF3
:109FB000120020EE38F06951D9266A51DA221200D7
:109FC0006951E1266A5112006951D9266A51DA2293
:109FD0001200706FDE50800A7059120072C06BF070
:109FE00073C06CF06D6B70C0D9FF71C0DAFF6BC0CD
:109FF000E1FF6CC0E2FF2ED810EE01F06B5134D8B7
:10A0000029D810EE02F06B512FD8DFCFE7FF6D2B70
:10A010006D517025696F000E71216A6F20EE03F09B
:10A020002AD869C0DEFF6AC0DDFF20EE02F023D827
:10A03000DF506D276D517025D96E000E7121DA6EDB
:10A0400010EE05F06B5110D805D810EE06F06B51EC
:10A050000BD80ED0DFCFE7FF6D2B6D517025D96E79
:10A06000000E7121DA6E1200E1266C51E22212001C
:10A07000DFCFE7FF12006B51D9266C51DA221200B4
:10A080000201AB510001F86F0AD0040EF76FB00E59
:10A0900002D0F76B960EF66F13D0000011D0F85176
:10A0A000F46FF56BF5510CE1F451F7E0010AF1E0C2
:10A0B000030AEFE0010AE9E0070AEBE0010AE9E040
:10A0C0000201AC510001F46F0201AD510001F56FC6
:10A0D0000201AC4BAD2B0001F651F45DF751F5597F
:10A0E000D8A01200E0C1DCF1E1C1DDF1E2C1DEF196
:10A0F000E3C1DFF1F851090DB80EF324D96E020E59
:10A10000F420DA6E01D80AD00500FA6EDE50FD6E3A
:10A11000DE50FE6EDE50FF6EFA5012000201AC6B94
:10A12000AD6B120084C065F085C066F0DBEC7AF0A0
:10A1300065C086F066C087F00FEC8EF00001886F76
:10A14000885108E084C07FF085C080F088C081F02D
:10A150007BEF6EF020EE3BF033D8DA22DFAE0DD08D
:10A1600084C0D9FF85C0DAFFDF5007E119D8ECECD5
:10A170008EF0BA0E7A6F230E0CD020EE3CF020D871
:10A18000DA22DFA012000CD8ECEC8EF0960E7A6F7B
:10A19000240E72EC5DF014D817EC3BF0ECEF8EF06F
:10A1A00086C07AF087C07BF0010E7C6F20EE21F034
:10A1B0008451D9268551DA22DF507D6F7E6B1200E3
:10A1C0008451D9268551120091518F5D976F92511C
:10A1D0009059986F98BF41D0985102E197053DE39F
:10A1E00041D897256D6FFF0E98216E6F8AEC7EF037
:10A1F0006BC099F06CC09AF0746B020E736F99C0CB
:10A2000071F09AC072F0E5EC62F071C093F072C028
:10A2100094F0000E94BFFF0E956F966F8B519325AF
:10A220007D6F8C5194217E6F8D5195217F6F8E5162
:10A230009621806F99C081F09AC082F0000E82BF93
:10A24000FF0E836F846FB2EC48F07DC08BF07EC050
:10A250008CF07FC08DF080C08EF08BC08BF08CC0F6
:10A260008CF012006C6B0A0E6B6FFF0C000120EE7D
:10A270001CF0AE51D926AF5155EC88F013E0AEC0BA
:10A28000A6F0AFC0A7F020EE1CF03DD801D82FD02B
:10A290000500FA6EDE50FD6EDE50FE6EDE50FF6E83
:10A2A000FA50120020EE05F02ED8DECFB0F0DDCF50
:10A2B000B1F0B0C0B2F0B1C0B3F0000EB3BFFF0E4A
:10A2C000B46FB56F20EE07F01ED8B2C0DEFFB3C08A
:10A2D000DEFFB4C0DEFFB5C0DEFF20EE05F013D810
:10A2E00010EE0BF0AE51E126AF5144EC1FF0AEC0C2
:10A2F00065F0AFC066F05AEC69F0AEC0A3F0AFC035
:10A30000A4F020EF33F0AE51D926AF51DA2212007B
:10A3100097C08BF098C08CF03ED82BEC56F08BC0D9
:10A320009FF08CC0A0F08DC0A1F08EC0A2F099C0AB
:10A330008BF09AC08CF02FD82BEC56F08B519F5D90
:10A34000A36F8C51A059A46F9D519B5D9F6F9E512F
:10A350009C59A06FFF0E9F256D6FFF0EA0216E6FA1
:10A360006C6B050E6B6F8AEC7EF0A3516B25716FE1
:10A37000A4516C21726F9D519B5D6D6F9E519C59D4
:10A3800014D88AEC7EF00CD8E5EC62F071C097F03E
:10A3900072C098F012009BC08DF09CC08EF012002D
:10A3A0006BC073F06CC074F012006E6F6C6B010EBA
:10A3B0006B6F010CADEC89F03ED8DFA01200D5EC3C
:10A3C00092F0610E00017A6F240E7B6F94EC4CF0DA
:10A3D000ECEC8EF0650E7A6F240E7B6F37D8ECECC8
:10A3E0008EF07FEC68F068EC27F0ADEC89F023D8B4
:10A3F000DFB0FBD7050E0001936F0F0E926FF10EC9
:10A40000E82EFED7922FFCD7932FFAD7D5EC92F0F7
:10A410007FEC68F00B0E0001936F260E926F5D0EBD
:10A42000E82EFED7922FFCD7932FFAD700D0C2EC9C
:10A430008FF0D7EF23F070C094F071C095F020EE4C
:10A4400001F09451D9269551DA221200010E7C6F49
:10A450007D6F7E6F010C665145D85DEC42F0E75090
:10A46000676F67056F6F0E0E6F6501D0010C6F513E
:10A47000050DF3CF67F0F4CF68F066512ED8DECF2C
:10A4800069F0DDCF6AF0675169256B6F68516A2109
:10A490006C6F020E6B256D6F000E6C216E6F20EEDF
:10A4A00002F06D51D9266E51DA22DFA0000C665100
:10A4B0001ED85DEC42F0E7500FE066510ED810EE6A
:10A4C00055F05DEC42F0E7A004D0050E3AEC92F0B6
:10A4D000000C000E3AEC92F0000CD96EDA6A040E11
:10A4E000D926040CD96EDA6A10EE05F01200D96E86
:10A4F000DA6A10EE06F01200DE0E0001736F010E34
:10A50000746F93EC6FF073C0DFF174C0E0F1010180
:10A5100020EE01F03DD8DFB00AD0EAC1F0F0EBC187
:10A52000F1F0ECC1F2F0EDC1F3F09AEF85F02BD829
:10A53000010EDFA6000E0001F76F25D8010EDFA483
:10A54000000EF71BD8B412000101DE5105E120EE28
:10A5500002F01ED8DFA4120016D8DFB604D0DD6BDF
:10A56000010EDC6F02D0DC69DD69DCC1F0F0DDC119
:10A57000F1F0EAC1F2F0EBC1F3F0ECC1F4F0EDC19F
:10A58000F5F003EF71F0DFC1D9FFE0C1DAFF12008F
:10A59000DF51D926E051DA221200000120EE0CF042
:10A5A00048D8DF5008E073C065F074C066F087ECEF
:10A5B0005FF0000936E073C0D9FF74C0DAFFDECF68
:10A5C00075F0DECF76F0DECF77F0DECF78F00101E8
:10A5D000285100017525796F01012951000176216B
:10A5E0007A6F01012A51000177217B6F01012B5104
:10A5F000000178217C6F20EE07F01BD879C0DEFFC8
:10A600007AC0DEFF7BC0DEFF7CC0DEFF20EE0BF0F9
:10A6100010D8010EDF6E20EE0CF00BD8010EDF6EAD
:10A62000010C000120EE0BF004D8DF5001E0010C1A
:10A63000000C7351D9267451DA221200886F000180
:10A64000885107EC79F068C089F069C08AF0000190
:10A6500089518A11D8B412008E0E8B6F8C6B110E3B
:10A660008D6F8BC0D9FF8CC0DAFF88C0DFFF030E6F
:10A67000881920EE07F0D8A420EE0FF02AD810EEAB
:10A6800001F023D844EC1FF020EE1FF022D810EE8A
:10A6900003F01BD8E222DFCFE7FF20EE04F08B515E
:10A6A000D9268C51DA2210EE38F08951E1268A51F0
:10A6B000E222E6CF65F0E5CF66F066EC90F0DF6E63
:10A6C0008D0E89EC41F092EF55F08B51E1268C51C3
:10A6D00012008951D9268A51DA221200D2EC90F068
:10A6E000000901E0000C8AC092F08BC093F08CC08E
:10A6F00094F08DC095F00001D89095339433933346
:10A700009233020143510001925D966F0201445160
:10A7100000019359976F0201455100019459986FB8
:10A720000201465100019559996F8E5196257D6F12
:10A730008F5197217E6F905198217F6F9151992170
:10A74000806F8AC081F08BC082F08CC083F08DC096
:10A7500084F0A9EC62F07DC09AF07EC09BF07FC0CF
:10A760009CF080C09DF09D519C1106E1840E9A5D85
:10A77000030E9B59D8A0000C010C49D820EE57F0CD
:10A7800036D840D8ADEC5CF0A6C0B5F0A7C0B6F0A6
:10A790003ED820EE0DF02BD835D8ADEC5CF0A6C03D
:10A7A000B7F0A7C0B8F020EE3AF021D8DE040CE1F3
:10A7B000020EB525B26F000EB621B36FB251B75D70
:10A7C000B8511AD801E3010C20EE3AF010D8020E6D
:10A7D000DE180CE1020EB725B26F000EB821B36F80
:10A7E000B251B55DB65108D801E3010C000CB0516F
:10A7F000D926B151DA221200800AB46FB351800A0F
:10A80000B4591200DECFA8F0DDCFA9F01200B0C01D
:10A81000A6F0B1C0A7F0120071C065F0705175ECE0
:10A820008FF0786F756B766B796B75516D25726FE4
:10A8300076516E21736F72C0F6FF73C0F7FF000E82
:10A84000F86E0F0EF76403D00800F55001D02DD834
:10A850000001776F2E0E771907E1795105E079072E
:10A8600019D8000EDB8E08D0656B775113EC59F0C8
:10A87000746F10D874C0DFFF775102E0754B762BF0
:10A88000792B030E7965D1D76F05D8A412007851C2
:10A89000E2EF44F078517925726F736B280E7225C0
:10A8A000D96E030E7321DA6E1200F6CFE9FFF7CFEF
:10A8B000EAFFEF50120020EE1BF047D8DF503FE0D8
:10A8C00020EE19F042D8DECF7BF0DDCF7CF0320EE7
:10A8D0007B25716F000E7C2189EC77F0E5EC62F04E
:10A8E00071C083F072C084F0DF0E7B6F7C697B5196
:10A8F0008303F3CF7DF0F4CF7EF08403F3507E2703
:10A900007C518303F3507E27210E0101D403F3CF42
:10A910007FF0F4CF80F0D503F350000180277D5104
:10A920007F25816F7E518021826F100E812501016C
:10A93000FC6F270E000182210101FD6F1200270E1E
:10A940000101FD6F100EFC6F100C7951D9267A5160
:10A95000DA221200800E935D01E31200960E9F6FC3
:10A9600091C0A0F0935103E1020E925D09E3FF0E46
:10A970009225A96FFF0E9321AA6FA26BA36B06D03D
:10A98000AA6B010EA96FA36B010EA26FA00E8B6FB5
:10A9900094C08CF095C08DF09F0E8E6F26EC78F0F1
:10A9A0008BC09DF08CC09EF0000192519311D8A4F1
:10A9B0009EBF1200FF0E9225986FFF0E9321996F94
:10A9C00098519D5D9E51800A9A6F9951800A9A59BB
:10A9D00007E3FF0E92259B6FFF0E93219C6F04D01F
:10A9E0009DC09BF09EC09CF091519B2597EF4FF02E
:10A9F000EAC1DAF1EBC1DBF1ECC1DCF1EDC1DDF173
:10AA0000010EDE6FED0EDF6F010EE06FEC0EE16FF9
:10AA1000010EE26F30EC36F0000901E01200010196
:10AA2000EC51D8B4120020EE02F0ED51D926EE51CF
:10AA3000DA22DFB21200EDC1F0F0EEC1F1F0EAC1AE
:10AA4000F2F0EBC1F3F0ECC1F4F0EDC1F5F098ECED
:10AA500078F0000901E0120013D8DFB403D010D859
:10AA6000DFA61200EAC1F0F0EBC1F1F0ECC1F2F0A8
:10AA7000EDC1F3F005D8010EDFA4000E85EF60F004
:10AA8000EDC1D9FFEEC1DAFF120001A202D024EF1E
:10AA90005CF0C5BC01D004D00001656B652B02D011
:10AAA0000001656B653101E227D020C26EF022EE15
:10AAB00014F001D80AD00500FA6EDE50FD6EDE50AB
:10AAC000FE6EDE50FF6EFA50120000016F6F706B69
:10AAD000705102E09EEF91F06F51010A02E19EEF8A
:10AAE00091F0030A02E1B3EF91F0010A02E1ACEF49
:10AAF00091F0070A9EEF91F00201009722EE02F01A
:10AB0000DF50DF2AD96EDA6ADF500001656F65C059
:10AB1000C9FF02010307D8A004070351041101E192
:10AB2000060C030C866B876B45D80701656F000127
:10AB3000864B872B3FD8A7EC25F065C083F066C015
:10AB400084F067C085F083518411851101E1120002
:10AB50007E29706F650E8625716F070E8721726FD3
:10AB600001D80AD00500FA6E8351FD6E8451FE6E45
:10AB70008551FF6EFA501200000170518627715105
:10AB80008723650E7A6F070E7B6F86C07CF087C0C7
:10AB90007DF001D80AD00500FA6E7F51FD6E80511C
:10ABA000FE6E8151FF6EFA5012000001826F8251D9
:10ABB00036EF8EF07E51D96EDA6ADF501200020E47
:10ABC00007EC79F068C088F069C089F0000188510D
:10ABD0008911D8B41200190E8D6F8E0E8B6F8C6B8D
:10ABE0008A6B8BC0D9FF8CC0DAFF8AC0DFFF20EEF2
:10ABF00001F02CD8DE6ADD6A20EE03F027D8DF6A88
:10AC000020EE04F023D8DE6ADD6A20EE06F01ED8BE
:10AC1000DF6A20EE07F01AD8DE6ADD6A20EE1FF048
:10AC20008851D9268951DA2210EE09F08B51E1269C
:10AC30008C51E222DFCFE7FF8D0E89EC41F092ECE0
:10AC400055F08A2B020E8A65CCD7020C8B51D9267F
:10AC50008C51DA2212006C6B200E6B6F8D296D6F98
:10AC6000000E8E216E6F8AEC7EF06BC08FF06CC090
:10AC700090F0000E90BFFF0E916F926F8BC071F03D
:10AC80008CC072F0A0EC40F05A0E94EC20F072EC04
:10AC900078F0A6EC40F0050EAFEC40F0B2EC48F0D6
:10ACA0008F517D25936F90517E21946F91517F211B
:10ACB000956F92518021966F050E93257D6F000E42
:10ACC00094217E6F000E95217F6F000E9621806F7C
:10ACD0000A0EAFEC40F0B2EC48F07DC08BF07EC0C5
:10ACE0008CF07FC08DF080C08EF012006735683523
:10ACF0006E6F6E5105E1656B666B676B686B12007A
:10AD000065C069F066C06AF067C06BF068C06CF03F
:10AD1000696B6C3769376C6B6B6B6A6B69516D6F04
:10AD2000678F686B960E6E5F6EAF0CD06E51800AA7
:10AD3000970FE1E3D89068336733663365336E3F2E
:10AD4000F9D70CD01F0E6E6507D0D5D7D8906537D0
:10AD50006637673768376E076E51F8E16D5108E066
:10AD6000681F671F661F656D000E662367236823D3
:10AD700065C065F066C066F067C067F068C068F0DF
:10AD80001200C1EC91F065C070F066C071F01CEC6F
:10AD90008FF065C072F066C073F070C06BF071C068
:10ADA0006CF000016E6B020E6D6F54EC8BF072C094
:10ADB0006BF073C06CF06E6B6D6B54EC8BF0766B5C
:10ADC000776B1ED0D8907635D96E773592EC5BF0E4
:10ADD000DECF74F0DDCF75F0000120EE51F074513C
:10ADE000D9267551DA22DF6A74C065F075C066F045
:10ADF00076C067F077C068F096EC82F0764B772BE0
:10AE00000101AE510001765D7751800A6F6FD8EC79
:10AE100075F06F59D7E312001D341E34246E245090
:10AE200005E11B6A1C6A1D6A1E6A12001BC01FF026
:10AE30001CC020F01DC021F01EC022F01F6A223667
:10AE40001F36226A216A206A1F50236E1D8E1E6AD9
:10AE5000960E245E24AE0CD02450800A970FE1E3B6
:10AE6000D8901E321D321C321B32243EF9D70CD032
:10AE70001F0E246407D0D5D7D8901B361C361D363C
:10AE80001E3624062450F8E1235008E01E1E1D1E25
:10AE90001C1E1B6C000E1C221D221E221BC01BF040
:10AEA0001CC01CF01DC01DF01EC01EF01200AB6BBC
:10AEB000AC6B42D8FB0EDF600FD03ED8DF50A96FDD
:10AEC000AA6BA851D96EDA6AA9C0DEFFAAC0DDFF5D
:10AED000AC6B010EAB6F2BD02FD8FB0EDE1827E129
:10AEE000AC6B030EAB6FA75114E1030EA65D11E22C
:10AEF000ED0E9C6F220E9D6F310E9E6F230E9F6F85
:10AF0000A16B310EA06FA40EA26F230EA36F88EC6D
:10AF100084F0010E0001A425D96E000EA521DA6E81
:10AF2000A851E16EE26ADECFE6FFDDCFE5FFABC000
:10AF3000A4F0ACC0A5F01200A4C0D9FFA5C0DAFFF0
:10AF40001200B30E676F010E686F3B0E65256B6FC5
:10AF5000000E66216C6F696B6A6B31D8DFA002D07E
:10AF6000698102D00001699131D8DFAE02D06983D6
:10AF700002D0000169932AD8DFAA02D0698502D0E5
:10AF80000001699523D8DFAC02D0698702D00001A7
:10AF9000699767C0D9FF68C0DAFFDFA802D0698966
:10AFA00002D0000169990BD8DFA202D0698B02D0D0
:10AFB0000001699B69C065F06AC066F0120020EE6E
:10AFC00001F06B51D9266C51DA2212006BC0D9FF07
:10AFD0006CC0DAFF1200000E07EC79F068C070F068
:10AFE00069C071F0010E07EC79F068C072F069C0B9
:10AFF00073F0020E07EC79F068C074F069C075F068
:10B0000000016E6B6F6B705171110CE020EE38F027
:10B010007051D9267151DA22DFAA02D06E8102D096
:10B0200000016E91725173110CE020EE38F07251F4
:10B03000D9267351DA22DFAA02D06E8302D0000132
:10B040006E93745175110CE020EE38F07451D926CE
:10B050007551DA22DFAA02D06E8502D000016E950A
:10B060006EC06CF06FC06DF01200000E07EC79F04E
:10B0700068C070F069C071F0010E07EC79F068C02B
:10B0800072F069C073F0020E07EC79F068C074F0DA
:10B0900069C075F000016E6B6F6B705171110CE03F
:10B0A00020EE38F07051D9267151DA22DFA802D093
:10B0B0006E8102D000016E91725173110CE020EE8E
:10B0C00038F07251D9267351DA22DFA802D06E838C
:10B0D00002D000016E93745175110CE020EE38F02F
:10B0E0007451D9267551DA22DFA802D06E8502D0BC
:10B0F00000016E956EC06CF06FC06DF01200C1EC77
:10B1000091F065C0C4F066C0C5F00001C36B0101D9
:10B11000A35108E0C4C065F0C5C066F0EBEC8CF04C
:10B12000000903E0010E0001C36F010E0101A36FCE
:10B13000000128D8DE6ADD6AC25109E023D8DF8029
:10B14000BF699C0EBE6FC169C06F1CD8DF82C4C0CE
:10B15000B6F0C5C0B7F0BEC0B8F0BFC0B9F0010EC0
:10B16000BA6FC0C0BBF0C1C0BCF0C3C0BDF04CECF6
:10B1700078F0C4C069F0C5C06AF098EC39F06B6F24
:10B180009BEF4FF020EE38F0C451D926C551DA229A
:10B190001200000E4F24D96EDA6A050EDA22DF6A39
:10B1A0000F0122A514D0000E4F24D96EDA6A050EC5
:10B1B000DA22DF8201D80BD00500FA6E01015B5163
:10B1C000FD6E5C51FE6E5D51FF6EFA5012000F0174
:10B1D00022A314D0000E4F24D96EDA6A050EDA22AB
:10B1E000DF8401D80BD00500FA6E01015851FD6EC5
:10B1F0005951FE6E5A51FF6EFA501200000E4F2444
:10B20000D96EDA6A050EDA22DF5002E118EF8CF00F
:10B210000500FA6E01015551FD6E5651FE6E5751F3
:10B22000FF6EFA5012006A6F2F0E00016A650AD095
:10B230003A0E6A6107D0D00E39D8D40E6625F66E64
:10B24000200E2CD0600E6A650AD07B0E6A6107D092
:10B250009F0E2CD88F0E6625F66E200E1FD0400E46
:10B260006A650AD05B0E6A6107D0BF0E1FD8A90EAF
:10B270006625F66E200E12D02D0E6A1901E1400CE3
:10B280002A0E6A1901E1630C655104E0696B3F0EF7
:10B29000686F02D0686B696B685112006721F76EA6
:10B2A000F86A000EF8220800F55012006A25666F51
:10B2B000676BFF0E6723FF0C37D842D8745176278F
:10B2C0007551772320EE04F036D87651DE5C775145
:10B2D000DE5801E2010C70C0D9FF71C0DAFF30D82E
:10B2E00076C0D9FF77C0DAFFDF2A1ED829D820EE32
:10B2F00002F021D8DECF78F0DDCF79F076517825D5
:10B30000656F77517921666F72C067F073C068F01E
:10B3100074C069F075C06AF066EC7DF005D87451B0
:10B32000DE267551DD22000C20EE06F07051D92684
:10B330007151DA2212007051D9267151DA221200AD
:10B34000DECF76F0DDCF77F012007D517B5D816F2F
:10B350007E517C59826F82BF3CD0825102E18105CF
:10B3600038E332EC51F081256D6FFF0E82216E6F54
:10B370008AEC7EF06BC083F06CC084F0746B020EBC
:10B38000736F83C071F084C072F0E5EC62F07951A4
:10B3900071257F6F7A517221806F7FC071F080C0FC
:10B3A00072F083C073F084C074F0E5EC62F071C099
:10B3B00079F072C07AF079C065F07AC066F083C027
:10B3C00067F084C068F01BEC89F065C079F066C056
:10B3D0007AF079C079F07AC07AF012003AD807ECA6
:10B3E00079F068C09EF069C09FF000019E519F11E6
:10B3F00004E12FD8886F020E1AD09D6B30D8010E51
:10B40000DB5003E10A0EDE5C08E329D8070EDE5CA0
:10B410000E0EDE5802E2010E9D6F9D51010ED8B452
:10B42000000E9C6F9C5105E114D8886F030E896F44
:10B430000DD015D810EE2DF09E51E1269F5144EC11
:10B440001FF0A8EC8BF005D8C2EC2AF04A0E62EF90
:10B4500082F098C0D9FF99C0DAFFDF50120020EEC9
:10B4600001F09851D9269951DA221200000E4A248F
:10B47000D96EDA6A090EDA22DF6AABA414D0000EA4
:10B480004A24D96EDA6A090EDA22DF8201D80BD09B
:10B490000500FA6E01015251FD6E5351FE6E54517A
:10B4A000FF6EFA501200ABA214D0000E4A24D96EDF
:10B4B000DA6A090EDA22DF8401D80BD00500FA6EB1
:10B4C00001014F51FD6E5051FE6E5151FF6EFA5009
:10B4D0001200000E4A24D96EDA6A090EDA22DF5011
:10B4E00002E1FAEF8CF00500FA6E01014C51FD6E9D
:10B4F0004D51FE6E4E51FF6EFA501200000120EECB
:10B5000038F03FD8DA22DFA209D06E6B32D827ECB0
:10B5100091F0010E6E6F2DD827EF91F07FC065F08E
:10B5200080C066F0DBEC7AF065C081F066C082F026
:10B530007FC065F080C066F010EC72F065C083F0EB
:10B5400066C084F081C07AF082C07BF0010E7C6F0F
:10B5500010D87D6F7E6BECEC8EF083C07AF084C0E7
:10B560007BF07C6B20EE21F00CD817EC3BF0ECEF7D
:10B570008EF020EE21F07F51D9268051DA22DF5063
:10B5800012007F51D92680511200746B756B70C008
:10B5900073F07351D96EDA6A71C0E1FF72C0E2FFD5
:10B5A00030D8B5EC74F074517125676F7551722104
:10B5B000686FF5EC83F065517427665175237351FC
:10B5C00006EC39F074517125E16E75517221E26E0D
:10B5D00018D8040F0ED82CEC79F019D87351070F36
:10B5E00008D82CEC79F013D874C070F075C071F0E5
:10B5F00012006B6F745171256C6F755172216D6FF4
:10B600001200DFCFE7FF744B752B735112006B51A3
:10B6100074276C51752312000001686FA50E0A0192
:10B620005B6F240E5C6F68C07BFAC40E896F030EDB
:10B630008A6F8C6B040E8B6F8F6B960E8D6F040E62
:10B640008E6F960E906F040E916F7A6B020E796F6B
:10B65000330E6C6F6B6F9E0E766FCC0E776F000E95
:10B66000786F6D6B6E6B010E706FF40E6F6F716B98
:10B67000726B7C6B380EA06F1C0EA16F010EA26F57
:10B68000100EA36F120EA46F010EA56F420EA66FCF
:10B69000250EA76F010EA86FB36B5A0E0001656FE0
:10B6A0000A0E666F1200CAEC90F00001DA6FD96BD7
:10B6B000DB6BDC6B25D0D890DB35D96EDC3532D82E
:10B6C000DECFDDF0DDCFDEF0DDC069F0DEC06AF098
:10B6D000DAC06BF09BEC4FF0DDC065F0DEC066F0C9
:10B6E000AFEC8CF0000908E1DDC065F0DEC066F06B
:10B6F000C9EC7DF0000902E0010ED96FDB4BDC2BB9
:10B700000101AE510001DB5DDC51800AD86FD8EC3D
:10B7100075F0D859D0E3DA5101E1D96BD95108EC71
:10B7200090F0010CDA6E0101AC51D926AD51DA224C
:10B7300012006D6B6E6B800E67156F6F7F0E681554
:10B7400038D804E1656B666B676B686B6D6B6E6B0D
:10B75000800E6B156F6F7F0E6C152BD804E1696B33
:10B760006A6B6B6B6C6B68AF09D0656D661FD8B088
:10B77000662B671FD8B0672B800E68576CAF09D057
:10B78000696D6A1FD8B06A2B6B1FD8B06B2B800E07
:10B790006C57800E681B6C1B6951655D6A51665958
:10B7A0006B5167596C51685902E2D8901200D880E9
:10B7B0001200706F6D516E116F11701112003DD833
:10B7C00010EE33F09B51E1269C51E22200EE03F093
:10B7D000E650E926E550EA22EF50A36FA46BDE5055
:10B7E000A35DA451800AA56FDE50800AA55905E328
:10B7F0009DC09BF09EC09CF012009DC08BF09EC02F
:10B800008CF09FC08DF0A0C08EF017D8DECF8FF0E7
:10B81000DDCF90F020EE33F09B51D9269C5191EC76
:10B8200033F05DEC42F0E750916F926BE4EC50F036
:10B830008BC09BF08CC09CF0120020EE1FF09B513F
:10B84000D9269C51DA221200C5BC01D003D0026A6D
:10B85000022A01D0026A023001E226D020C20BF097
:10B8600022EE14F001D80AD00500FA6EDE50FD6E0B
:10B87000DE50FE6EDE50FF6EFA5012000C6E0D6A46
:10B880000D5002E0DFEF92F00C50010A02E1DFEF11
:10B8900092F0030A02E1E5EF92F0010A02E1E3EF20
:10B8A00092F0070ADFEF92F00201009722EE02F019
:10B8B000DF50DF2AD96EDA6ADF50026E02C0C9FF9C
:10B8C00002010307D8A004070351041101E1060C8B
:10B8D000030C0001B65104E1030EB55D01E2020C58
:10B8E000B3C0D9FFB4C0DAFFAA0EDE1801E0010C24
:10B8F000BC6BBD6BB3C0ADF0B4C0AEF0BC0EAF6FEF
:10B90000B06B78EC83F0ADC0B8F0AEC0B9F0BCC09D
:10B9100065F0BDC066F0B8C067F0B9C068F01CEC57
:10B9200031F065C0BAF066C0BBF0BA51B55DBB512D
:10B93000B65901E2020CB3C06CF0B4C06DF0BAC0ED
:10B940006EF0BBC06FF025EC8DF0000901E1030C37
:10B95000B851B91101E1040C000C20EE33F03CD8D1
:10B96000DECFAEF0DDCFAFF0A8C08BF0A9C08CF079
:10B9700020EE1FF031D8DECF8DF0DDCF8EF020EE3F
:10B9800006F0AE51D926AF51DA2201D80AD005000F
:10B99000FA6EDE50FD6EDE50FE6EDE50FF6EFA5027
:10B9A00012008BC0AAF08CC0ABF08DC0ACF08EC082
:10B9B000ADF0A6C09BF0A7C09CF0AAC09DF0ABC0A4
:10B9C0009EF0ACC09FF0ADC0A0F0DFEC5BF09BC080
:10B9D000A6F09CC0A7F01200A651D926A751DA22E2
:10B9E0001200750E00017A6F240E89EC4CF0ECEC1D
:10B9F0008EF00101B3BB24D0710E00017A6F240ECA
:10BA00007B6F04EC2DF0ECEC8EF03F0E7A6F240E81
:10BA100026D87E6FECEC8EF00101BD51D8A4120047
:10BA2000440E00017A6F240E7B6F14EC3DF0ECECB9
:10BA30008EF03A0E7A6F240E0FD80AD8ECEF8EF003
:10BA4000490E00017A6F240E0AD87E6BECEF8EF05F
:10BA50007D6F010E7E6F010C7B6F7C6B020C7B6F28
:10BA60007C6B010E7D6F010C000120EE02F0815114
:10BA7000D9268251DA22DF50856F0101BD5102E1E2
:10BA80000001852B300E0001656F240E666F86EC79
:10BA900086F065C083F066C084F08551835D866F53
:10BAA0008451D8A08405876F87AF02D0866B876BDF
:10BAB000300E86257A6F240E872114D80FD817EC04
:10BAC0003BF0ECEC8EF005D809D8DA22DF50BAEF63
:10BAD00090F0010E706F20EE21F0010C7F51D926FD
:10BAE000805112007B6F7C6B20EE21F01200210E42
:10BAF0000001AD6F0101BBB305D0A7C1A9F00001E2
:10BB0000AA6B04D00001AA6B010EA96FA9512BECFE
:10BB10008AF0AE6FAD0E89EC41F092EC55F0220E3A
:10BB2000AD6FB2C1AEF0AD0E89EC41F092EC55F0C4
:10BB3000230EAD6F0101010EB3A1000E0001AE6F27
:10BB4000AD0E89EC41F092EC55F0AB6BAB518BEC48
:10BB500075F0AB2B050EAB65F9D7AC6BAC5155EC62
:10BB60001EF0AC2B020EAC65F9D7886B896B200EEA
:10BB700062EF82F0D20E0001656F010E666FD00E8B
:10BB8000676F010E686FD60E696F010E6A6F020152
:10BB900020EE03F02AD801D80AD00500FA6EDE5054
:10BBA000FD6EDE50FE6EDE50FF6EFA501200000990
:10BBB0001BE0D2C1BEF0D3C1BFF0D0C1C0F0D1C133
:10BBC000C1F0D6C1C2F020EE06F00FD801D80AD0DD
:10BBD0000500FA6EDE50FD6EDE50FE6EDE50FF6E2A
:10BBE000FA501200020E06D0000C4E51D9264F51C9
:10BBF000DA22120001019B6F010CE4C1D9FFE5C1FB
:10BC0000DAFFDECFE6F1DDCFE7F10101BBA70BD014
:10BC1000BB97E0C1F4F0E1C1F5F0E2C1F6F0E3C199
:10BC2000F7F074EF8EF068EC49F0E6C167F0E7C119
:10BC300068F06551671906E16651681901E002D0A4
:10BC4000010E01D0000E0009D8B412000101BB950D
:10BC5000040EF2EC91F0E0C1DCF1E1C1DDF1E2C1F2
:10BC6000DEF1E3C1DFF122EED3F00500FA6EDE5023
:10BC7000FD6EDE50FE6EDE50FF6EFA501200A39A8B
:10BC8000920E0001656FB10E666F000E676FF5ECE6
:10BC900092F0A398080E656F0E0E666F010E676F27
:10BCA000F4EC92F0480E0F01206F900E226F260EDA
:10BCB000216F400E1E6F030E1F6F040E0001656F93
:10BCC000260E666F010E676F43EC91F0280E656FCC
:10BCD000250E666F010E676F3CEC91F0DE0E656F0E
:10BCE000250E666F010E676F4AEC91F00101A66B9D
:10BCF000526A516A320E506E4F6A4E6AD76BA38AEF
:10BD00001200696B6A6B70C068F06851D96EDA6AAC
:10BD100071C0E1FF72C0E2FFDFCFE7FF30D8D96E1C
:10BD2000DA6AD92A695123D82AD843EC2BF011D8E2
:10BD3000030ED9260ED8040ED9260BD8050ED92607
:10BD4000695115D8694B6A2B69C070F06AC071F0EF
:10BD5000120069517125E16E6A517221E26EDFCFE6
:10BD6000E7FF694B6A2B6851D96EDA6A12007125B8
:10BD7000E16E6A517221E26EDFCFE7FF1200694B7C
:10BD80006A2B68511200E2EC88F0BAEC5DF0000911
:10BD9000FCE033EC77F001D80AD00500FA6EDE50F3
:10BDA000FD6EDE50FE6EDE50FF6EFA5012003BEC70
:10BDB00077F0090E0001CD6F1E0ECC6FE40EE82E59
:10BDC000FED7CC2FFCD7CD2FFAD70000EBEC4EF0EE
:10BDD00001D80AD00500FA6EDE50FD6EDE50FE6E10
:10BDE000DE50FF6EFA501200D7EC4EF002D8F0EFA2
:10BDF0004EF00500FA6EDE50FD6EDE50FE6EDE5037
:10BE0000FF6EFA501200F0EF4EF0010E6B6F6705F7
:10BE100005E0685102E0675101E06B6B6B51010E68
:10BE2000D8B4000E6D6F010E6C6F020E671905E03D
:10BE3000685102E0675101E06C6B6C51010ED8B49F
:10BE4000000E6E6F15D06D5101E035806E51D8A493
:10BE5000348C12006D5101E035866E51D8A43584C2
:10BE600012006D5101E036886E51D8A4368212005E
:10BE700065C069F066C06AF06A51D8A412006951C1
:10BE8000E2E0010AE7E0030AECE012006A6F28D062
:10BE90005D0E656F210E666F1200510E656F210EEB
:10BEA000666F1200450E656F210E666F1200390E27
:10BEB000656F210E666F12002D0E656F210E666F85
:10BEC0001200210E656F210E666F1200150E656F50
:10BED000210E666F1200090E656F210E666F12004B
:10BEE00000016A51686F696B6951F5E16851F3E0CF
:10BEF000010ACEE0030AD1E0010AD4E0070AD7E044
:10BF0000010ADAE0030ADDE0010AE0E0E4D738D80C
:10BF1000DE500101285DDE502959DE502A59DE50DD
:10BF20002B5901E3010C00012BD8DECF67F0DECFE7
:10BF300068F0DECF69F0DECF6AF001012851000120
:10BF4000675D6B6F01012951000168596C6F010138
:10BF50002A51000169596D6F01012B5100016A5985
:10BF60006E6F65C0D9FF66C0DAFF6B51DE5C6C5145
:10BF7000DE586D51DE586E51DE5801E2010C000CA6
:10BF800020EE07F06551D9266651DA22120007C06B
:10BF90000AF008C00BF0FA510A1803E1FB510B1824
:10BFA00013E0FA510712FB5108120AC0FAF10BC054
:10BFB000FBF1072804E1082802E10AEF91F0566A34
:10BFC000576A559455965598071C536E081C546E25
:10BFD000072809E1082807E155AA02D0559A000070
:10BFE000584A592A1200558053C002F054C003F039
:10BFF000A9EC8AF0096E010E096419EF87F05582E9
:10C0000055BA19EF87F0558A000019EF87F0000143
:10C0100068AF0BD020EE31F02FD833D8FF0E692552
:10C02000676FFF0E6A21686F0ED020EE31F024D8C2
:10C03000DE50675D6851800A6B6FDE50800A6B5975
:10C0400002E3676B686B20EE35F016D867C0DFFF40
:10C0500020EE2FF011D815D8D8906735D96E6835F5
:10C06000DA6E6951D9266A51DA2210EE33F0655141
:10C07000E126665144EF1FF06551D9266651DA2258
:10C080001200DECF69F0DDCF6AF0120020EE05F07D
:10C0900037D8010EDBAE09D0500EDE5CC90EDE587B
:10C0A00004E220EE38F02CD8DF8220EE05F028D80C
:10C0B000DECF9CF0DDCF9DF0C0EC24F09CC0ACF056
:10C0C0009DC0ADF0ACC0A8F0ADC0A9F0000EA9BFF6
:10C0D000FF0EAA6FAB6F20EE07F012D8A8C0DEFFEC
:10C0E000A9C0DEFFAAC0DEFFABC0DEFF20EE07F076
:10C0F00007D810EE0BF0A651E126A75144EF1FF030
:10C10000A651D926A751DA2212000001F46F2DD8CA
:10C11000CBEC4AF0DECFF7F0DDCFF8F000012CD801
:10C12000DF50F66FF45105E027D8F60590EC7AF071
:10C130000AD0020EF61902E1F56B02D0020EF56F7D
:10C140001BD8F5C0DFFFF7C065F0F8C066F0F6C099
:10C1500067F065EC6FF0F0C0EAF0F1C0EBF0F2C010
:10C16000ECF0F3C0EDF0BDEF78F0D8900101B03500
:10C17000D96EB135DA6E120020EE3AF0F751D926B9
:10C18000F851DA2212009D9A6C0E656FB40E666F3C
:10C19000000E676FF7EC92F09D98040E656F110E1C
:10C1A000666F010E676FF6EC92F0480E656E900EAA
:10C1B000AB6E240EAC6E440EAF6ED46A060E656F85
:10C1C000260E666F010E676F58EC91F0780E656F62
:10C1D000250E666F010E676F51EC91F0E20E656FF0
:10C1E000250E666F010E676F5FEC91F00101A56B84
:10C1F0004D6A4C6AFA0E4B6E4A6A496A486A9D8AD1
:10C2000012008BC07FF08CC080F0CBEC76F08BC03E
:10C210007FF08CC080F08DC081F08EC082F0836B87
:10C2200091EC4BF0000120EE03F08D51D9268E5198
:10C23000DA22DF5004E12B0E916F240E03D0350E6D
:10C24000916F240E926F91C08FF092C090F08FC0CA
:10C250007AF090C07BF07C6B20EE21F00BD817ECCD
:10C260003BF0ECEC8EF069EC5DF004D8DA22DF50A4
:10C27000BAEF90F08B51D9268C5112008AC037F258
:10C280008BC038F28CC039F28DC03AF28AC071F09E
:10C290008BC072F08CC073F08DC074F0F40EE1ECC2
:10C2A00074F072EC78F075EC20F0A9EC62F07DC0CF
:10C2B00033F27EC034F27FC035F280C036F2020124
:10C2C0002F6B306B316B326B8EC063F28FC064F2B8
:10C2D00090C065F291C066F2D60E676FCA0E686FA5
:10C2E000000E696F010E0101BD6F630E00018A6FC0
:10C2F000020E8B6F1200A6C08BF0A7C08CF081ECF1
:10C300002EF020EE05F02AD82ED81BEC6EF020EE91
:10C3100007F024D88BC0DEFF8CC0DEFF8DC0DEFFAF
:10C320008EC0DEFFA6C079F0A7C07AF05BEC54F0B7
:10C33000000120EE07F012D8DECF8BF0DECF8CF0BC
:10C34000DECF8DF0DECF8EF063EC3FF020EE0BF011
:10C3500005D88BC0DEFF8CC0DDFF1200A651D926A8
:10C36000A751DA221200DECF8BF0DDCF8CF0120065
:10C3700035D0946B446A8A929392948A932B1200DC
:10C380008A82FCD78A92000E4424D96EDA6A010EA2
:10C39000DA22D890DF3682BA09D0000E4424D96E52
:10C3A000DA6A010EDA22FE0EDF1608D0000E4424EF
:10C3B000D96EDA6A010EDA22000EDB80010E936F6D
:10C3C000942B070E9465070C946B442A0D0E44645D
:10C3D0000D0C8A92B994936BFAEF34F09351C9E043
:10C3E000010ACEE0030ACEE012002ED807EC79F065
:10C3F00068C09DF069C09EF000019D519E1104E14E
:10C4000023D8886F020E0ED025D8590EDE5C020E9E
:10C41000DE58010ED8B0000E9C6F9C5105E114D877
:10C42000886F030E896F0DD015D810EE2BF09D513B
:10C43000E1269E5144EC1FF0A8EC8BF005D8C2EC2D
:10C440002AF0490E62EF82F098C0D9FF99C0DAFF56
:10C45000DF50120020EE01F09851D9269951DA22CE
:10C4600012002AD835D867516A2768516B2320EE0D
:10C4700004F029D86A51DE5C6B51DE5801E2010CF0
:10C480001BD826D820EE02F01ED8DECF6CF0DDCF10
:10C490006DF06A516C256E6F6B516D216F6F695134
:10C4A000D96EDA6A6EC0DEFF6FC0DDFF05D8675156
:10C4B000DE266851DD22000C20EE06F06551D926FB
:10C4C0006651DA2212006551D9266651DA2212002D
:10C4D000DECF6AF0DDCF6BF01200B5EC60F0CBEC94
:10C4E0004AF0DECFDAF1DDCFDBF1DAC165F0DBC196
:10C4F00066F0FFEC8AF0000901E11200010120EE74
:10C5000035F0DA51D926DB51DA22DF500001F0256F
:10C510000101D86F000E0001F1210101D96FDAC1CC
:10C5200065F0DBC166F0D8C167F0D9C168F007ECEF
:10C5300060F0DAC1C0F0DBC1C1F02EEC3CF0F2C01B
:10C54000EAF0F3C0EBF0F4C0ECF0F5C0EDF0BDEFB5
:10C5500078F00001866B876B886B896B8151821143
:10C560008311841129E0010E856F06D0D8908137A0
:10C57000823783378437852B84AFF8D7D8908637B6
:10C5800087378837893781517D5D82517E59835144
:10C590007F598451805909E381517D5F82517E5BCF
:10C5A00083517F5B8451805B8681D8908433833351
:10C5B00082338133852FE2D786C07DF087C07EF03D
:10C5C00088C07FF089C080F01200766B74AF06D00F
:10C5D000736D741FD8B0742B010E766F72AF06D0D6
:10C5E000716D721FD8B0722B010E761B776B786B52
:10C5F000735174111BE0010E756F04D0D89073371E
:10C600007437752B74AFFAD7D89077377837735162
:10C61000715D7451725905E37351715F7451725BAE
:10C620007781D89074337333752FEED7765104E049
:10C63000776D781FD8B0782B77C071F078C072F022
:10C640001200100EAB5D270EAC59D8B01200AF6BC4
:10C65000B06BB16BB26BB36BAF0E916F936B050E9A
:10C66000926F810E946F240E956FABC096F0ACC0A4
:10C6700097F0AAEC54F0000009D0B2C0B3F0B1C0FA
:10C68000B2F0B0C0B1F0AFC0B0F0AF6B0001B351C9
:10C69000F4E0B46BB451B00FD96EDA6AB451AD2581
:10C6A000E16E000EAE21E26EDFCFE7FFB42B030E8A
:10C6B000B465F0D70000030C675103E0696B692B88
:10C6C00002D00001696B2CD8693BDF506919EF0B70
:10C6D0006919DF6E20EE4FF06551D9266651DA22D6
:10C6E000DFA0686B10D01CD8DF8A120019D8DF8C4D
:10C6F000120016D8DF8A14D8DF8C120011D8DF9A06
:10C700000FD8DF9C12006851696F6A6B6A51F6E1BD
:10C710006951010AE8E0030AE9E0010AEAE0EED71C
:10C7200020EE3BF06551D9266651DA221200000155
:10C730002DD8DFB6010CB9C0B0F0BAC0B1F0BDEC75
:10C7400053F0000907E0B9C065F0BAC066F027EC05
:10C7500084F018D020EE53F020D8030EDB5009E10E
:10C76000020EDB5006E1010EDB5003E10F0EDE5C32
:10C7700003E30CD8DF8606D020EE53F00ED8E3ECAE
:10C7800017F0DE2203D8DFB6010C000C20EE3BF0E0
:10C79000B951D926BA51DA221200B951D926BA5163
:10C7A000DA22120001A202D0EDEF68F00251D96E38
:10C7B000DA6AC950DF6E022B0307D8A004070351C1
:10C7C000041103E0C59AC588050C00851DC26EF0F2
:10C7D00022EE0BF001D80AD00500FA6EDE50FD6E95
:10C7E000DE50FE6EDE50FF6EFA50120000016F6FD9
:10C7F000706B705102E089EF91F06F51010A02E114
:10C8000089EF91F0030A02E182EF91F0010A02E15F
:10C8100082EF91F0070A89EF91F00101B3B9010CA1
:10C8200000016B6B22D06B51050DF3CF65F0F4CF97
:10C8300066F065513C24676F66513D20686F020EBB
:10C840006725696F000E68216A6F20EE02F069515A
:10C85000D9266A51DA22DF50656F7E0E651704E033
:10C8600001D002D0010E0BD06B2B20EE4DF090ECDE
:10C870003DF0DE506B5DD7E301D0D5D7000E000947
:10C8800001E0030C43EC68F0DF5001E0020C000C07
:10C89000675102E0675102E1655112006751D96E9C
:10C8A000DA6A090ED926DE50DE1014E06751D96E1F
:10C8B000DA6A090ED9266751E16EE26A020EE126B4
:10C8C000DE50E65CE650800A6C6FDE50800A6C59E0
:10C8D000D8B012006751D96EDA6A020ED926DF503D
:10C8E000686F6751D96EDA6ADF506825D96EDA6AE7
:10C8F00065C0DFFF6751D96EDA6A020ED926DE2ADB
:10C90000000EDD22000C3CEC68F0DFA814D03CECFB
:10C9100068F0DF903CEC68F0DF84010120EE56F017
:10C92000B451D926B551DA22DF823CEC68F0DF8CB5
:10C930003CEC68F0DF9801019D2B9D050001786FAC
:10C94000130E7865130C20EE4DF090EC3DF0C3EC27
:10C950006BF00DD890EC3DF0DF9078EC92F0E6ECC7
:10C960001BF0000E3AEC92F001019D6B12000101E8
:10C97000B399B39B20EE55F01200070EA71902E001
:10C980009A6B010CF5C077F0F6C078F0F7C079F03B
:10C99000F8C07AF0C3EC83F0000901E0010C6CEC04
:10C9A00042F0D96BDA6B17D0D890D935D96EDA3519
:10C9B00092EC5BF0DECFBFF0DDCFC0F0F5C0C1F090
:10C9C000F6C0C2F0F7C0C3F0F8C0C4F0B1EC3BF061
:10C9D0000001D94BDA2B0101AE510001D95DDA51CA
:10C9E000800AD86FD8EC75F0D859DEE3010C716F6E
:10C9F000010E0001726F020100B130D00081000110
:10CA0000726B7151010ED8B4020E0201096FC5801C
:10CA10009DB601D004D00001656B652B02D00001EA
:10CA2000656B653116E31AD014D0000E0001656BFA
:10CA3000666B9EB60CD001D00AD09EA603D007D05C
:10CA400001D005D0850EE82EFED70000F6D730ECD9
:10CA500071F0020100B1E9D701D0E7D700017251AE
:10CA60001200A4C0D9FFA5C0DAFFDE50DE1009E134
:10CA7000860E00019C6F210E21D85B0E26D888EC13
:10CA800084F0000120EE02F0A451D926A551DA224B
:10CA9000DE50DE1008E1AB0E9C6F210E0FD85C0E4D
:10CAA00014D888EC84F0A4C03AF0A5C03BF0A6C02E
:10CAB0003AF1A7C03BF1A8C03CF112009D6FA10E56
:10CAC0009E6F220E9F6FA16B1200A06F040EA26FCB
:10CAD000230EA36F120002012F510501DF5D030138
:10CAE000CC6F020130510501E0590301CD6F020105
:10CAF00031510501E1590301CE6F020132510501A7
:10CB0000E2590301CF6F020133510301CC5D0201F1
:10CB100034510301CD59020135510301CE590201AF
:10CB200036510301CF5901E2010C9BEC92F0000950
:10CB300001E1010CDFC5F5F0E0C5F6F0E1C5F7F065
:10CB4000E2C5F8F0D0EF6AF0020EE16F28D8DF50AE
:10CB50000AE11BD8E04728D8FB0B2BD8A8EC8BF0B8
:10CB60000001E16B0AD01BD8DE0407E10ED81CD807
:10CB7000FD0B1FD8C6EC69F0F1D711D8DF50886FD4
:10CB8000E1C089F0440E62EF82F020EE01F0DE5148
:10CB9000D926DF51DA22DF50E06FE0471200DEC015
:10CBA000D9FFDFC0DAFF12000101B3510001E01923
:10CBB0001200E0190101B36F1200F00E0001736F53
:10CBC000010E746F93EC6FF073C0EEF174C0EFF16F
:10CBD000050E0201AB6120D0EAC1E0F1EBC1E1F149
:10CBE000ECC1E2F1EDC1E3F1EEC1E4F1EFC1E5F139
:10CBF000AB51090DBB0EF324D96E020EF420DA6E90
:10CC000001D80AD00500FA6EDE50FD6EDE50FE6ED1
:10CC1000DE50FF6EFA501200EAC1E0F1EBC1E1F123
:10CC2000ECC1E2F1EDC1E3F140EF50F00101DA5166
:10CC3000D8B4120026D805E0D8C1D9FF2AD8D8A484
:10CC4000120020EE02F0D851D926D951DA22DFBAEB
:10CC5000120017D804E10CD8010E7EEF87F0D8C17E
:10CC6000D9FF17D8D8A4120003D8FF0E7EEF87F0A3
:10CC7000DBC1F0F0DCC1F1F0DDC1F2F0DEC1F3F0B8
:10CC80001200D8C1D9FFD9C1DAFF040EDE18DE10B8
:10CC90001200D9C1DAFF080EDE18DE10120020EEF5
:10CCA00005F031D8DECF97F0DDCF98F097C099F03E
:10CCB00098C09AF0000E9ABFFF0E9B6F9C6F20EEFB
:10CCC00007F021D899C0DEFF9AC0DEFF9BC0DEFFCF
:10CCD0009CC0DEFFA6C08BF0A7C08CF020EE07F052
:10CCE00012D8DECF8DF0DECF8EF0DECF8FF0DECF2C
:10CCF00090F088EC66F020EE0BF005D88BC0DEFFDC
:10CD00008CC0DDFF1200A651D926A751DA221200ED
:10CD10005F506B6F6C6B6BBF6C0720EE1FF08B511D
:10CD2000D9268C51DA22DECF6DF0DDCF6EF08AECA1
:10CD30007EF06BC093F06CC094F0D20E9325916F8F
:10CD40000A0E9421926F91C071F092C072F0A0EC23
:10CD500040F08DC075F08EC076F08FC077F090C037
:10CD600078F072EC78F0A6EC40F0D20E816F0A0EEB
:10CD7000D0EC3FF0B2EC48F07DC08BF07EC08CF080
:10CD800012009DC08BF09EC08CF09FC08DF0A0C0A3
:10CD90008EF02BEC56F08BC0A5F08CC0A6F06C6B1F
:10CDA000010E6B6FA1519F5D6D6FA251A0596E6F07
:10CDB0008AEC7EF09B516B03F3CFA3F0F4CFA4F089
:10CDC0006C03F350A4279C516B03F350A427A35189
:10CDD000A527A451A623A5C08BF0A6C08CF09FC0A8
:10CDE0008DF0A0C08EF044EC40F08BC09BF08CC066
:10CDF0009CF0120000016F6B6B6B6E6B1BD06E5161
:10CE0000050DF3CF67F0F4CF68F067516525696FC2
:10CE1000685166216A6F020E69256C6F000E6A21E7
:10CE20006D6F19D8DE506F5D03E215D8DF506F6F5C
:10CE30006B2B6E2B20EE4DF06551D9266651DA2210
:10CE4000DE506E5DDCE36B51D8B4640C6F5101E1D0
:10CE5000640C6F51120020EE04F06C51D9266D5114
:10CE6000DA2212000001716F18EC70F010D03382DA
:10CE700025D0338423D0338621D033881FD0338A02
:10CE80001DD0338C1BD0338E19D0338017D00001C6
:10CE900071516F6F706B7051F8E16F51F6E0010ADC
:10CEA000E6E0030AE6E0010AE6E0070AE6E0010A36
:10CEB000E6E0030AE6E0010AE6E0E7D733C069F0FE
:10CEC00034C06AF035C06BF036C06CF06EC06DF0E7
:10CED00091EF8CF09F5127E19DC065F09EC066F0F8
:10CEE000EBEC8CF000091FE120EE03F026D8DECF3A
:10CEF0008BF0DDCF8CF020EE05F01FD8DECF8DF06B
:10CF0000DDCF8EF020EE11F018D8DECF8FF0DDCF20
:10CF100090F0F1EC3EF020EE05F00FD88BC0DEFF74
:10CF20008CC0DDFF120020EE03F007D810EE05F0F4
:10CF30009D51E1269E5144EF1FF09D51D9269E51EF
:10CF4000DA2212006E6B2CD8DECF6BF0DDCF6CF0E6
:10CF50006B296F6F000E6C21706F694B6A2B15D0B7
:10CF60001FD86F51DE5CDE50800A6D6F7051800AF1
:10CF70006D5907E215D86FC0DEFF70C0DDFF010EEE
:10CF80006E6F694B6A2B6F4B702B6751695D6A51ED
:10CF9000800A6B6F6851800A6B59E2E36E51120090
:10CFA000D8906935D96E6A35DA6E6551D9266651E1
:10CFB000DA2212000CD098C066F0FFEF41F098C062
:10CFC00066F02BEF52F098C096F008EF86F098517B
:10CFD00006EC39F0DF50996F9A6B9A51D8A4020C85
:10CFE0009951320AF0E0010AEEE0070AECE0010A8A
:10CFF000EAE0030AE8E0010AE6E00F0AE4E0040AD6
:10D00000E2E0010AE0E0030ADEE0010ADCE06F0A88
:10D01000D2E0010AD4E0330AD6E0010AD8A4020C17
:10D02000D2D72AD8DFA812002ED810EE4FF03C50ED
:10D03000E1263D50E222DE50E65C14E3000E3AECBD
:10D0400092F01AD8DF8020EE4FF090EC3DF0DF6ACE
:10D0500013D8DF9420EE56F090EC3DF0DF900CD822
:10D06000DF9607D020EE56F090EC3DF0DF8204D83A
:10D07000DF8602D8DF98120020EE50F03C50D9260F
:10D080003D50DA2212003CC0D9FF3DC0DAFF120049
:10D090007FC074F080C075F081C076F082C077F0F8
:10D0A00050EC81F014D07FC06FF080C070F020EEA3
:10D0B0003AF021D8DA22DF50716F15EF80F0C2EC20
:10D0C00076F014D818D817EC3BF0ECEF8EF020EE89
:10D0D0003AF011D8DA22DF50836F846B8451EFE18C
:10D0E0008351010AE0E0030ADEE0E9D7010E7C6F1C
:10D0F00020EE21F0010C8151D926825112001DEC45
:10D1000070F00000280E0001656F030E29D85EEC58
:10D1100037F01FD86A0E7D6F050E7E6F300E66ECFD
:10D120006AF0340E0001656F030E1AD85EEC37F01A
:10D1300010D8520E7D6F050E7E6F370E66EC6AF0CA
:10D140009F0E00017A6F020E7B6F0BEC3EF0000029
:10D150001200010E7A6F5A0E7B6F040E7C6F120064
:10D16000666F5A0E676F040E686F1200D6C0CEF05D
:10D17000D7C0CFF0D8C0D0F0D9C0D1F0DEC0D2F047
:10D18000DFC0D3F0E0C0D4F0E1C0D5F0BDEC74F066
:10D19000D6C06FF0D7C070F0D8C071F0D9C072F0AF
:10D1A00087EC8DF0820E0001656F050E666FA90E8B
:10D1B000676F030E686F6A6B050E696FE1EC7CF0B8
:10D1C000DAC082F5DBC083F5DCC084F5DDC085F50F
:10D1D000820ED66F050ED76F120002010251D96E72
:10D1E000DA6AC950DF6E022B0307D8A00407035187
:10D1F000041103E0C59AC588050C00851DC20BF01B
:10D2000022EE0BF001D80AD00500FA6EDE50FD6E5A
:10D21000DE50FE6EDE50FF6EFA5012000C6E0D6A8C
:10D220000D5002E0B6EF92F00C50010A02E1B6EFA9
:10D2300092F0030A02E1B3EF92F0010A02E1B3EFC8
:10D2400092F0070AB6EF92F0000E07EC79F068C092
:10D250006EF069C06FF0020E07EC79F068C070F0F4
:10D2600069C071F00001726B736B705171110EE047
:10D270007291729520EE38F07051D9267151DA22F0
:10D28000DFAC02D0728302D0000172936E516F1135
:10D290000CE020EE38F06E51D9266F51DA22DFAC67
:10D2A00002D0728702D00001729772C06CF073C016
:10D2B0006DF0120020D8DFB212001DD8DFB01200CE
:10D2C00020EE13F023D810EE0BF01CD85FEC46F0E4
:10D2D00022D803E210D8DF84120020EE0BF016D81B
:10D2E00010EE15F00FD85FEC46F015D8D8B012004C
:10D2F00002D8DF86120020EE38F06551D92666513B
:10D30000DA2212006551E126665112006551D926D4
:10D310006651DA2212006B6FDE50800A6B591200E0
:10D32000666B676B1BD0D8906635D96E673592EC0B
:10D330005BF0DECF68F0DDCF69F000011BD8DF9C29
:10D3400019D8DF9A20EE3CF01CD8DF9013D8DF9E6E
:10D3500020EE3CF016D8DF92664B672B0101AE51F0
:10D360000001665D6751800A656FD8EC75F06559FC
:10D37000DAE3120020EE3BF06851D9266951DA2237
:10D3800012006851D9266951DA221200C1EC91F0DD
:10D3900065C0DCF066C0DDF00101B3A31CD01FD86E
:10D3A000140EDE6EDD6A20EE25F021D8010EDBBE04
:10D3B00006D0DB5013E1140EDE5CD8B0120020EE74
:10D3C00025F015D8140EDE6EDD6ADCC0C0F0DDC0BD
:10D3D000C1F02EEF3CF003D8DE6ADD6A12000001D6
:10D3E00020EE17F0DC51D926DD51DA221200DC5193
:10D3F000D926DD51DA221200736F0001735103E068
:10D40000726B722B02D00001726B0101B3510001EB
:10D410007219FE0B72190101B36F0001746B756B09
:10D4200010D0D8907435D96E753592EC5BF0DECFA4
:10D4300069F0DDCF6AF073C06BF09BEC4FF0744B7A
:10D44000752B0101AE510001745D7551800A726F38
:10D45000D8EC75F07259E5E378EC92F0040EF2EF37
:10D4600091F0BB83040EF2EC91F0000E4AEC7EF0DA
:10D470000D0E00017A6F240E24D8ECEC8EF0010121
:10D48000BBA109D0170E00017A6F240E2FEC5DF0BE
:10D490007E6BECEC8EF0870E00017A6F240E7B6FB2
:10D4A00014EC3DF0ECEC8EF0000E0001656F65C0F1
:10D4B000ABF20201AC6BAD6B070EA2EC90F07FEF0C
:10D4C00068F07B6F7C6B7D6B7E6B1200816F00015F
:10D4D000846B7BC085F07CC086F07DC082F07EC00E
:10D4E00083F01DD085C0D9FF1FD8DE50E61812E0AA
:10D4F0007AC076F084C077F085C0D9FF86C0DAFFA5
:10D50000DF50786F8151E8EC8BF085C0D9FF0CD8E3
:10D51000DFCFE7FF842B824B832B854B862B170EA7
:10D520008465E0D70000170C86C0DAFF82C0E1FFF7
:10D5300083C0E2FF12006C6B29D8DECF69F0DDCF2B
:10D540006AF0FF0E69256D6FFF0E6A216E6F670727
:10D55000D8A0680768BF18D019D8DE506D5D6E512D
:10D56000800A6B6FDE50800A6B5907E20FD86DC0DE
:10D57000DEFF6EC0DDFF010E6C6F6707D8A0680785
:10D580006D07D8A06E07E6D76C511200D8906735AA
:10D59000D96E6835DA6E6551D9266651DA221200E5
:10D5A00019EC91F037C28AF038C28BF039C28CF096
:10D5B0003AC28DF0F5C08EF0F6C08FF0F7C090F053
:10D5C000F8C091F06EEC53F000090BE0F5C0F0F0FC
:10D5D000F6C0F1F0F7C0F2F0F8C0F3F0000E10EC76
:10D5E00075F0F5C0EAF0F6C0EBF0F7C0ECF0F8C06B
:10D5F000EDF0BDEC78F0F5C02FF2F6C030F2F7C0D8
:10D6000031F2F8C032F2010C97C095F098C096F054
:10D61000FEEC7AF09CAF09D0B00E995D3C0E9A59A1
:10D62000FF0E9B59FF0E9C5922E39CBF08D09C51D2
:10D630009B111DE1510E995DC30E9A5918E220EE1F
:10D6400039F09751D9269851DA22DF8099C05AF0E3
:10D650009AC05BF09BC05CF09CC05DF097C08BF003
:10D6600098C08CF081EC2EF00AEC92F0010C000CCA
:10D670006A6B66AF06D0656D661FD8B0662B010E6B
:10D680006A6F68AF04D0676D681FD8B0682B6751A8
:10D69000681117E0010E696F04D0D89067376837BA
:10D6A000692B68AFFAD76751655D6851665904E325
:10D6B0006751655F6851665BD89068336733692F3F
:10D6C000F2D76A5104E0656D661FD8B0662B65C05D
:10D6D00065F066C066F01200696F00016551661161
:10D6E000671117E06951030D0B0EF324D96E020E7A
:10D6F000F420DA6E65C0DEFF66C0DEFF67C0DEFFC5
:10D700001D0E6925D96EDA6A020EDA2268C0DFFFC3
:10D7100012006951030D0B0EF324D96E020EF42092
:10D72000DA6E000EDE6E250EDE6E010EDE6E1D0E52
:10D730006925D96EDA6A020EDA22DF6A1200000E5B
:10D740003AEC92F020EE4DF090EC3DF023D8DE5014
:10D75000E61801E102D0010E01D0000E000903E03D
:10D760000101B389120020EE4DF090EC3DF00BD892
:10D770003CC070F03DC071F098EC8BF00009D8A46B
:10D7800028EC8CF012003CC0E1FF3DC0E2FFDFCF8F
:10D79000E7FF120010EE01F03C50E1263D50E2227E
:10D7A0001200000169516A116B116C1123E0010E26
:10D7B0006D6F06D0D89069376A376B376C376D2B31
:10D7C0006CAFF8D76951655D6A5166596B516759FD
:10D7D0006C51685908E36951655F6A51665B6B512A
:10D7E000675B6C51685BD8906C336B336A33693319
:10D7F0006D2FE8D765C065F066C066F067C067F05A
:10D8000068C068F012001CD0E2EC88F027D0BAECB7
:10D810005DF024D0F5C069F0F6C06AF0F7C06BF097
:10D82000F8C06CF019EC77F019D0F5C0CCF0F6C068
:10D83000CDF0F7C0CEF0F8C0CFF09EEC4EF00ED099
:10D840009B510001D86FD96BD95108E1D851DCE068
:10D85000010ADDE0030ADEE0010AE7E001019B5175
:10D8600001E0000CE6EC1BF0010C000E4AEC7EF02F
:10D870000001E76BE86B1ED0D890E735D96EE8352C
:10D8800092EC5BF0DECFE5F0DDCFE6F0E5C065F0D1
:10D89000E6C066F0FFEC8AF000090AE0E7C0D4F0C9
:10D8A000E8C0D5F0E5C0D6F0E6C0D7F015EC74F0CE
:10D8B000E74BE82B0101AE510001E75DE851800A1A
:10D8C000E46FD8EC75F0E459D7E37FEF68F0066EAB
:10D8D00002500310041017E00650030D0B0EF32442
:10D8E000D96E020EF420DA6E02C0DEFF03C0DEFF46
:10D8F00004C0DEFF1D0E0624D96EDA6A020EDA229B
:10D9000005C0DFFF12000650030D0B0EF324D96E85
:10D91000020EF420DA6EF80EDE6E250EDE6E010EBB
:10D92000DE6E1D0E0624D96EDA6A020EDA22DF6A76
:10D930001200FEEC91F065C0D9FF66C0DAFFDF503F
:10D94000F46FF45101E0010CADEC89F070C0F5F01A
:10D9500071C0F6F0F5C0D9FFF6C0DAFFDFAC000CFD
:10D9600012D8DFB2000C0FD8DFA4000C42EC90F00C
:10D97000F0C0EAF0F1C0EBF0F2C0ECF0F3C0EDF073
:10D98000BDEC78F0010C20EE02F0F551D926F651ED
:10D99000DA2212000601646B660E0001686F060E43
:10D9A00025D84B0E6C6FEFEC86F0B10E686F060E4B
:10D9B0001DD8020E6C6FEFEC86F0B30E686F060E8A
:10D9C00015D8060E6C6FEFEC86F0B90E686F060E78
:10D9D0000DD8010E6C6FEFEC86F00601BA91BA9388
:10D9E000640E0001706F060E716F1200696F6B6B31
:10D9F0006A6B6D6B120072C074F073C075F070C00A
:10DA0000D9FF71C0DAFF74C0E1FF75C0E2FFDFCF5C
:10DA1000E7FF70291BD85FEC83F020EE01F012D8ED
:10DA200009D8040E702512D85FEC83F020EE04F0C4
:10DA300009D800D0DA226AC0DEFF6BC0DEFF6CC0FE
:10DA4000DEFF12007451D926755112006A6F000E64
:10DA500071216B6F120072C069F073C06AF070C000
:10DA6000D9FF71C0DAFF69C0E1FF6AC0E2FF8BEC49
:10DA70007AF01CD810EE01F012D820EE02F016D881
:10DA800010EE02F00CD820EE03F010D810EE03F0E8
:10DA900006D820EE04F00AD810EE04F000D0695148
:10DAA000E1266A51E222DFCFE7FF12007051D9264A
:10DAB0007151DA221200B2510001F025F66FF651D1
:10DAC00002E1010E03D0080EF66501D0F66FF6C034
:10DAD000B2F1F65158EC92F0070EA2EC90F0010171
:10DAE0000CD8ECEC8EF0F2C0EAF0F3C0EBF0F4C02E
:10DAF000ECF0F5C0EDF0BDEF78F0B251300F02015F
:10DB0000B36FB00E00017A6F020E7B6F7C6B020E5A
:10DB10007D6F7E6B020C41EC8DF0706F716B7051FC
:10DB200071190AE1030E461807E171C06DF06E6BC2
:10DB3000070E4BEC90F006D071C06DF06E6B020ECC
:10DB40004BEC90F07051711908E1030E461805E096
:10DB50000DD8070E4BEC90F004D008D8020E4BEC19
:10DB600090F0712B020E7165DAD7020C71C06DF066
:10DB7000010E6E6F010C7CC180F07DC181F0D890E8
:10DB800001017C35D96E7D35DA6E02015051D926FE
:10DB90005151DA22DECF82F0DDCF83F082C073F004
:10DBA00083C074F0CDEC52F0000905E082C07DF036
:10DBB00083C07EF01200B0EC8EF0000180510101B4
:10DBC0007C19DDE10001815101017D19D8E10001DD
:10DBD0007D6B7E6B120001A202D0C0EF72F0008557
:10DBE00002D09E86030C1DC26EF022EE0BF001D80F
:10DBF0000AD00500FA6EDE50FD6EDE50FE6EDE507D
:10DC0000FF6EFA50120000016F6F706B705102E0EE
:10DC10009EEF91F06F51010A02E19EEF91F0030A2D
:10DC200002E1A5EF91F0010A02E1A5EF91F0070AE8
:10DC3000D8E09EEF91F08BC071F08CC072F0A0EC38
:10DC400040F08DEC20F072EC78F071C08FF072C073
:10DC500090F073C091F074C092F08FC07DF090C0CE
:10DC60007EF091C07FF092C080F0200EAFEC40F0CB
:10DC7000B2EC48F07DC08FF07EC090F07FC091F094
:10DC800080C092F08FC08BF090C08CF091C08DF06E
:10DC900092C08EF01200696F1AD0656B666B12002D
:10DCA000FF0E23D020EE3AF00FEC3DF0020EDE180E
:10DCB00002E1FE0E1AD0666B010E656F010C20EEBC
:10DCC0003AF00FEC3DF0020EDE18F5E0F2D700015D
:10DCD0006951676F686B6851F2E16751010AE0E0D2
:10DCE000030ADBE0010ADEE0EAD74024656FFF0E9D
:10DCF0004120666F1200020E811904E1930E826FBB
:10DD0000240E0CD0810504E1500E826F240E06D043
:10DD1000030E811904E14E0E826F240E836F8A0E6A
:10DD20007A6F240E7B6F76EC68F010D8DFEC4BF046
:10DD3000ECEC8EF082C07AF083C07BF07C6B20EE3E
:10DD400021F004D817EC3BF0ECEF8EF07F51D92690
:10DD50008051120020EE33F027D8DECFCEF0DDCF99
:10DD6000CFF0C9C0A6F0CAC0A7F0CBC0A8F0CCC005
:10DD7000A9F0ADEC5CF0A6C0D0F0A7C0D1F0D0C047
:10DD8000C4F0D1C0C5F020EE03F0CE51D926CF515A
:10DD9000DA22DF50C66F20EE21F006D8DF50C76FC1
:10DDA000CDC0C8F08CEF8EF0C951D926CA51DA2205
:10DDB0001200746B756B70C073F07351D96EDA6AB0
:10DDC00071C0E1FF72C0E2FFDFCFE7FF744B752B3C
:10DDD00073296B6F745171256C6F755172216D6F62
:10DDE0002CEC79F06B5174276C51752373516DECE9
:10DDF00052F074517125E16E75517221E26EDFCFE0
:10DE0000E7FF744B752B74C070F075C071F0120091
:10DE10009BC08BF09CC08CF09DC08DF09EC08EF09E
:10DE20002BEC56F08BC0A1F08CC0A2F0A1C079F011
:10DE3000A2C07AF09DC07BF09EC07CF09FC07DF0B8
:10DE4000A0C07EF0A5EC59F079C0A1F07AC0A2F094
:10DE5000A1C08BF0A2C08CF09DC08DF09EC08EF052
:10DE600044EC40F08BC09BF08CC09CF012003FEC67
:10DE700092F065C06CF066C06DF069516C5D6A51DE
:10DE80006D5905E369C06EF06AC06FF004D06CC0D4
:10DE90006EF06DC06FF0706B716B0DD026EC7FF083
:10DEA0006B6F70516725D96E71516821DA6E6BC046
:10DEB000DFFF704B712B6E51705D6F517159EEE346
:10DEC0006EC067F06FC068F0120020EE22F026D816
:10DED000DF50D8B41200020E671907E020EE3AF0C6
:10DEE0001DD8020EDE18D8A4120020EE25F016D898
:10DEF000DECF69F0DDCF6AF020EE23F00FD810EE10
:10DF000025F06551E126665144EC1FF020EE23F028
:10DF100005D869C0DEFF6AC0DDFF12006551D92651
:10DF20006651DA221200ADEC89F070C077F071C052
:10DF300078F077C0D9FF78C0DAFFDECF79F0DDCF97
:10DF40007AF0010186510001791905E1010187513B
:10DF500000017A1902E0010E01D0000E766F79C03F
:10DF600086F17AC087F17351741106E073C0D9FF4E
:10DF700074C0DAFF76C0DFFF77C073F078C074F04A
:10DF80001200000E4AEC7EF0B8EC7AF01CD0E0C033
:10DF9000D4F0E1C0D5F0E2C0D6F0E3C0D7F07CEC1D
:10DFA00044F07FEF68F0E0C0D6F0E1C0D7F0E2C007
:10DFB000D8F0E3C0D9F038EC4BF07FEF68F0B8EC64
:10DFC0008BF07FEF68F045500001E46FE56BE551A1
:10DFD000F6E1E451010ADBE0030AE5E0F0D70001D5
:10DFE000706F26D80CD034821FD034841DD0348674
:10DFF0001BD0348819D0348A17D0348015D0000152
:10E0000070516E6F6F6B6F51F8E16E51F6E0010A5F
:10E01000F4E0030AE8E0010AE8E0070AE8E0010AA0
:10E02000E8E0030AE8E0E9D727EC80F091EF8CF014
:10E03000336A346A356A366A12005EAE05D0020170
:10E040008D516CEC80F025D05E5023E05EA003D0B3
:10E05000000E29EC8EF05EA203D0010E29EC8EF0AA
:10E060005EA403D0020E29EC8EF05EA603D0030E50
:10E0700029EC8EF05EA803D0040E29EC8EF05EAA87
:10E0800003D0050E29EC8EF05EAC03D0060E29EC11
:10E090008EF05E6A1200886F0001885107EC79F0FB
:10E0A00068C089F069C08AF0000189518A11D8B42A
:10E0B0001200060E8D6F8E0E8B6F8C6B8BC0D9FF8E
:10E0C0008CC0DAFF88C0DFFF89C065F08AC066F0C7
:10E0D000A1EC57F020EE01F08B51D9268C51DA22B9
:10E0E00065C0DEFF66C0DDFF8D0E89EC41F092EF6A
:10E0F00055F0756B766B15D07051D96EDA6ADECF3C
:10E1000073F0DDCF74F075517325D96E765174219B
:10E11000DA6E75517125E16E7651722114D8754B06
:10E12000762B705143EC2BF0DF50736F746B73518F
:10E13000755D74517659E0E3705143EC2BF0DF507C
:10E14000706F716B1200E26EDFCFE7FF12006A6B37
:10E150006B6B19D0D8906A35D96E6B3592EC5BF049
:10E16000DECF68F0DDCF69F0000120EE41F06851AC
:10E17000D926695114D868C065F069C066F027ECEB
:10E1800084F06A4B6B2B0101AE5100016A5D6B514B
:10E19000800A676FD8EC75F06759DCE31200DA2269
:10E1A000DE6ADE6ADE6ADD6A12009E96020100A760
:10E1B0000CD0C5BC01D003D0026A022A01D0026A89
:10E1C000023003E30F0E0201096F02010951030D32
:10E1D0005F0EF324F66E200EF420F76EF86A000E40
:10E1E000F82201D80DD00500FA6E0900F550FD6E39
:10E1F0000900F550FE6E0900F550FF6EFA5012004E
:10E200000201096F1200B2510001F025F66FF651BC
:10E2100002E1010E03D0080EF66501D0F66FF6C0DC
:10E22000B2F1F65158EC92F0070EA2EC90F0010119
:10E23000B251300F0201F76FF40E00017A6F020E37
:10E240002CEC5DF07D6F7E6BECEC8EF0F2C0EAF0B2
:10E25000F3C0EBF0F4C0ECF0F5C0EDF0BDEF78F0FA
:10E2600001A202D0D5EF70F0D3EC92F0020100A72A
:10E2700006D012EC90F003E30F0E0201096F0201C9
:10E280000951030D5F0EF324F66E200EF420F76E95
:10E29000F86A000EF82201D80DD00500FA6E0900C8
:10E2A000F550FD6E0900F550FE6E0900F550FF6E49
:10E2B000FA5012000201096F120000018A6B8B0EE6
:10E2C000886F896B88C0D9FF89C0DAFF010EDF6EC5
:10E2D00020EE01F01AD8020EDF6E20EE02F015D803
:10E2E000DF6A20EE03F011D8070EDF6E20EE04F097
:10E2F0000CD8010EDF6E20EE05F007D8080EDF6E99
:10E300008A0E89EC41F092EF55F08851D926895157
:10E31000DA221200896F0001895107EC79F068C098
:10E320008AF069C08BF000018A518B11D8B41200B9
:10E33000080E8E6F8F0E8C6F8D6B8CC0D9FF8DC0C9
:10E34000DAFF89C0DFFF8AC066F08BC067F05DEC42
:10E3500090F0886F20EE01F08C51D9268D51DA2291
:10E3600088C0DFFF8E0E89EC41F092EF55F0CAECC9
:10E370006CF070C0B4F171C0B5F1930E0101B66FCD
:10E38000020EB76F0001656B65510101B625D96EAC
:10E39000000EB721DA6EDF680001652B050E65659A
:10E3A000F3D701D0F1D7C06BC16BC26BC36B010156
:10E3B000A75191EC41F00101B399B39BC6EC69F010
:10E3C0000101BC6BB4EF75F06A6B6B6B665106E1D3
:10E3D000FB0E655D03E2696B010E09D06751D96ED2
:10E3E000DA6AFB0EDF6E6A4B6B2B696B020E686F8D
:10E3F0000BD067516A25D96EDA6A65C0DFFF6A4BB8
:10E400006B2B66C065F0666B6807D8A06907682942
:10E41000F0E16929EEE16AC065F06BC066F01200B8
:10E4200024D8DFA405D0900E656F240E666F12000D
:10E430001CD8DFA605D08D0E656F240E666F120006
:10E4400014D8DFA805D0C30E656F230E666F1200C7
:10E450000CD8DFAA05D0C90E656F230E666F1200B7
:10E46000790E656F240E666F120020EE38F065514C
:10E47000D9266651DA2212001CEC8FF065C071F0CB
:10E4800066C072F021D87151D9267251DA22DFAC00
:10E4900004D00101BD5101E0120016D810D8DFAE42
:10E4A000000E6E6F20EE39F00AD8DFA2000E6F6FFB
:10E4B00020EE39F004D8DFA0000EB0EF85F07151E6
:10E4C000D9267251DA22010C000120EE38F0120038
:10E4D000746B756B70C073F07351D96EDA6A71C06A
:10E4E000E1FF72C0E2FFDFCFE7FF744B752B7329AA
:10E4F0000ED82CEC79F013D87351040F08D82CECFB
:10E5000079F00DD874C070F075C071F012006B6FA7
:10E51000745171256C6F755172216D6F12006B51C2
:10E5200074276C517523120021D825D81FD8DECF4F
:10E530006BF0DDCF6CF06BC0D9FF6CC0DAFFDF6A27
:10E5400020EE02F00FD8DA2216D820EE04F00AD816
:10E55000DA2269C0DEFF6AC0DDFF20EE06F002D8D5
:10E560001DEF7AF06551D9266651120065C0D9FFBA
:10E5700066C0DAFF120067C0DEFF68C0DDFF120070
:10E580000201008502D09E86030C1DC20BF022EE14
:10E590000BF001D80AD00500FA6EDE50FD6EDE5099
:10E5A000FE6EDE50FF6EFA5012000C6E0D6A0D50BA
:10E5B00002E0DFEF92F00C50010A02E1DFEF92F08F
:10E5C000030A02E1E1EF92F0010A02E1E1EF92F0C9
:10E5D000070AD9E0DFEF92F0D4C3DDF5D5C3DEF54D
:10E5E00028C1DFF529C1E0F52AC1E1F52BC1E2F52B
:10E5F00020EE04F018D8DA2201D80AD00500FA6E0D
:10E60000DE50FD6EDE50FE6EDE50FF6EFA501200E0
:10E610000101F96FF951D8B41200030120EE0BF09B
:10E6200002D84DEF8BF0D451D926D55112000001FC
:10E63000F56F030EF66FF55165EC89F065C0F7F0E4
:10E6400066C0F8F0F8BF18D0F8BF05D0F85114E153
:10E65000080EF75D11E239EC90F065C0F0F066C08D
:10E66000F1F067C0F2F068C0F3F0F75110EC75F00C
:10E67000A8EC8BF00001F66B886BF6C089F0410EB8
:10E6800062EF82F0000E4AEC7EF00001E76BE86B6F
:10E6900017D0D890E735D96EE83592EC5BF0DECF35
:10E6A000E5F0DDCFE6F0E7C07FF0E8C080F0E5C040
:10E6B00081F0E6C082F048EC68F00001E74BE82BFF
:10E6C0000101AE510001E75DE851800AE46FD8EC2A
:10E6D00075F0E459DEE37FEF68F0000000000062AF
:10E6E0007220200000000000000054FC0000000028
:10E6F0009E09013C73000AEC009E0901C658000205
:10E700007100661A01FABB008E0C019E090120926D
:10E7100000F01701C21401207200C424011C08017A
:10E72000FEB000627220200084049505720402D0BD
:10E73000000012009F5100017D6F7E6B7E51F8E159
:10E740007D5102E11FEF3DF0010A02E1BBEF8AF0CB
:10E75000030A02E19FEF6BF0010A02E128EF8CF05F
:10E76000070A02E183EF64F0010A02E141EF89F058
:10E77000030A02E1B8EF84F00E0A02E111EF68F03B
:10E78000D7D724D8DFA803D053EC92F00BD01ED8F3
:10E79000DFAA03D0DAEC91F005D018D8DFAC000C7A
:10E7A000E0EC91F00001F66FF65103E013EC82F01B
:10E7B00002D06EEC85F0F2C0EAF0F3C0EBF0F4C0EA
:10E7C000ECF0F5C0EDF0BDEC78F0010CF0C0D9FF35
:10E7D000F1C0DAFF1200000E4AEC7EF00001E76B98
:10E7E000E86B16D0D890E735D96EE83592EC5BF03F
:10E7F000DECFE5F0DDCFE6F0E7C0C9F0E8C0CAF053
:10E80000E5C0CBF0E6C0CCF0ADEC3AF0E74BE82B3E
:10E810000101AE510001E75DE851800AE46FD8ECD8
:10E8200075F0E459DFE37FEF68F0D4C074F0D5C031
:10E8300075F0D6C076F0D7C077F050EC81F020EEBE
:10E8400033F0D651D926D751DA22DECFD8F0DDCF3A
:10E85000D9F0D8C0D9FFD9C0DAFFDF50EFEC6FF0A4
:10E86000D6C065F0D7C066F073EC8AF00009D8B462
:10E870001200D6C0D2F0D7C0D3F0A0EF8CF00101C7
:10E88000BD5106E1D4C0D2F0D5C0D3F0A0EC8CF0DD
:10E89000000120EE45F014D8DA22DF50D66FFF0ECB
:10E8A000D625C46FC56BFF0EC5230ED809D802D874
:10E8B0008CEF8EF0DA22DF50C76F010EC86F010CAB
:10E8C000D451D926D5511200020EC66F20EE21F088
:10E8D000020C756F000175519DEC4DF00009FAE0D6
:10E8E0003C0E6A6F100E6B6F010E6C6F740E6D6FC5
:10E8F0005FEC8FF0730E656F676B010E666F6AECED
:10E900008FF0080E00016A6F250E6B6F010E6C6FA1
:10E910006D6B6E6B54EC8FF0AAEC92F0CDEC8CF03A
:10E92000E806FCE01200746B756B70C073F07351F5
:10E93000D96EDA6A71C0E1FF72C0E2FFDFCFE7FF94
:10E94000744B752B735111D874517125676F7551C4
:10E950007221686FF5EC83F0655174276651752359
:10E9600074C070F075C071F01200D96EDA6AD92ADD
:10E97000DECF65F0DDCF66F01200CEC071F0CFC003
:10E9800072F0D0C073F0D1C074F0900E1AD872EC4F
:10E9900078F075EC20F0A9EC62F07DC03BF27EC00F
:10E9A0003CF27FC03DF280C03EF201019B6BD2C0C1
:10E9B0004EF2D3C04FF2D4C04CF2D5C04DF2C3EFEB
:10E9C0005EF0756F010E766F776B786B010C895175
:10E9D000D96EDA6ADECF69F0DECF6AF0DECF6BF097
:10E9E000DECF6CF0010E6D6F91EC8CF07FEC68F077
:10E9F00000018951D96EDA6A0ED8060E00018B6FBC
:10EA0000130E8A6FAD0EE82EFED78A2FFCD78B2F00
:10EA1000FAD700D01200DE6ADE6ADE6ADD6A120012
:10EA20000001F46F070EF46501D0F46FF451010199
:10EA3000A71901E11200F0C0C0F0F1C0C1F0F2C0AE
:10EA4000C2F0F3C0C3F00001F45191EC41F0080EA4
:10EA5000A2EC90F0F0C0EAF0F1C0EBF0F2C0ECF004
:10EA6000F3C0EDF0BDEC78F078EC92F0040EF2EF2C
:10EA700091F004EC92F00009D8B4010CA0C067F04A
:10EA8000A1C068F021EC8BF00009D8B4010CA0C043
:10EA90008AF0A1C08BF0A2C08CF0A3C08DF0A4C0FE
:10EAA0008EF0A5C08FF035EC47F00009D8A4010C1A
:10EAB000A0C067F0A1C068F010EC46F0000901E1C9
:10EAC000010C000C01A202D076EF79F00097020E43
:10EAD0000A6F1FC26EF022EE11F001D80AD00500B5
:10EAE000FA6EDE50FD6EDE50FE6EDE50FF6EFA50A6
:10EAF000120000016F6F706B705102E09EEF91F099
:10EB00006F51020A02E1A5EF91F0010A02E1A5EFBF
:10EB100091F09EEF91F08B6F00018B5180EC8FF0A4
:10EB20000009D8B41200240E8C6F8D0E896F8A6B89
:10EB300089C0D9FF8AC0DAFF8BC0DFFFB30E656FD3
:10EB4000010E666F8BC067F05AEC88F0886F20EE7C
:10EB500001F08951D9268A51DA2288C0DFFF8C0E54
:10EB600089EC41F092EF55F0C1EC56F07B6B7C6B79
:10EB700014D0D8907B35D96E7C3592EC5BF0DECF2B
:10EB800079F0DDCF7AF0000120EE4FF07951D926EF
:10EB90007A51DA22DF807B4B7C2B0101AE510001E0
:10EBA0007B5D7C51800A786F03D87859E2E31200CC
:10EBB0000101AF51800A0001120001D80BD00500FD
:10EBC000FA6E01013451FD6E3551FE6E3651FF6E05
:10EBD000FA50120065C028F166C029F167C02AF119
:10EBE00068C02BF1BBEC6DF07DC0D6F37EC0D7F3CF
:10EBF0000301D651D71101E11200D6C3D4F3D7C314
:10EC0000D5F3ECEC72F0B0EF8EF06E6B010E27ECEA
:10EC100091F06E6B020E27EC91F056EC87F065C018
:10EC20007AF066C07BF004EC2DF0ECEC8EF0010184
:10EC3000BBA108D062EC7FF009EC2DF014EC3DF0A4
:10EC4000ECEC8EF07FEC68F0020E0001656F65C0A1
:10EC5000ABF20201AC6BAD6B120069C070F06AC020
:10EC600071F01AD01DD86BC065F06CC066F0C8ECAE
:10EC70008EF000016F6FDE506F1909E06BC065F018
:10EC80006CC066F00DD8DF50676F4FEC80F000016C
:10EC90006B4B6C2B704B712B6D076D29E3E11200F0
:10ECA00070C0D9FF71C0DAFF120095EC2BF00001A3
:10ECB0007F6B8D0E7F2583EC81F0DF68870E7F25CB
:10ECC000D96EDA6A020EDA22DF6A7F2B050E7F65C3
:10ECD000F0D76A0E686F050E08D8EFEC86F0520E7A
:10ECE000686F050E02D8EFEF86F0696F6B6B800ED0
:10ECF0006A6F6D6B180E6C6F180C21D8DFA803D0EB
:10ED000053EC92F00BD01BD8DFAA03D0DAEC91F0D1
:10ED100005D015D8DFAC000CE0EC91F00001F66FE7
:10ED2000F6510CE078EC90F0F2C0EAF0F3C0EBF0B2
:10ED3000F4C0ECF0F5C0EDF0BDEC78F0010CF0C0E3
:10ED4000D9FFF1C0DAFF12000ED0D4C0D2F0D5C086
:10ED5000D3F092EF87F016D876EC68F018D817EC5D
:10ED60003BF0ECEF8EF020EE3AF011D8DA22DF50D3
:10ED7000D66FD76BD751EFE1D651010AE6E0030A0F
:10ED8000E4E0E9D77D0E7A6F240E7B6F1200D45138
:10ED9000D926D55112007FC065F080C066F0DBEC4B
:10EDA0007AF065C081F066C082F081C07AF082C0DE
:10EDB0007BF094EC4CF0ECEC8EF00DD87D6F7E6F18
:10EDC000ECEC8EF0010E706F000EC2EC90F0010EB4
:10EDD000706FC2EF90F06D0E7A6F240E7B6F010E94
:10EDE0007C6F010C0001686B696B17D0D890683597
:10EDF000D96E693592EC5BF0DECF65F0DDCF66F061
:10EE0000C9EC7DF0676F470E6825D96E020E692147
:10EE1000DA6E67C0DFFF684B692B0101AE5100015C
:10EE2000685D6951800A676FD8EC75F06759DEE359
:10EE3000120069C03FF26AC040F26BC041F26CC080
:10EE400042F211D801D80AD00500FA6EDE50FD6EEC
:10EE5000DE50FE6EDE50FF6EFA5012000CD8030E2C
:10EE600001019B6F030C020120EE03F04C51D926E7
:10EE70004D51DA22120067C078F168C079F11200B2
:10EE8000D3EC8BF004E1030E745DD8A01200746B18
:10EE9000756BC06B020EBE6F1CEC8FF065C093F0FB
:10EEA00066C094F0BAEC87F093C097F094C098F0E5
:10EEB00095C099F096C09AF097C06DF098C06EF02A
:10EEC00099C06FF09AC070F0010E1DEF29F020EE8E
:10EED0001BF01AD8DF5014E020EE19F015D8DECF61
:10EEE0007BF0DDCF7CF0320E7B25716F000E7C2134
:10EEF00010D8E5EC62F071C079F072C07AF01200BF
:10EF00007A6B140E796F140C7951D9267A51DA2262
:10EF10001200726F746B640E736F640C00016D6B82
:10EF20006E6B1CD06D5166256A6F6E5167216B6FD9
:10EF30006AC0F6FF6BC0F7FF000EF86E0F0EF764A5
:10EF400003D00800F55002D055EC54F000016C6F6E
:10EF50006C5114EC83F000016D4B6E2B68516D5DAC
:10EF600069516E59DFE312006FEC32F020EE17F0BA
:10EF70000FEC3DF09BEC3CF0B4EC40F0A5C0B2F0DF
:10EF8000A6C0B3F0B251B31103E1B06BB16B120084
:10EF9000465003E0030E461805E1B2C0B0F0B3C01E
:10EFA000B1F012004604F1E1B229B06F000EB321B6
:10EFB000B16F1200C1EC91F065C06BF066C06CF0EF
:10EFC0006BC065F06CC066F04FEC8AF0000917E08A
:10EFD0006BC065F06CC066F073EC8AF000090FE05E
:10EFE00020EE0DF06B51D9266C51DA22010EDBBEFA
:10EFF000010CDB5004E1140EDE5C01E2010C000C9C
:10F0000004EC92F0000921E0A0C067F0A1C068F014
:10F0100021EC8BF0000919E0A0C067F0A1C068F0F6
:10F0200010EC46F0000911E0A0C08AF0A1C08BF0FE
:10F03000A2C08CF0A3C08DF0A4C08EF0A5C08FF04C
:10F0400043EC43F0000901E0010C000C8CC08FF090
:10F050008DC090F00101646B656B12D08BC079F0AC
:10F060008F0E00017A6F8EC07BF07C6BCAEC14F0BF
:10F07000000179510101642700017A5101016523E2
:10F080008FC0F6FF90C0F7FF4AEC80F0E7E164C163
:10F090008BF065C18CF0120020EE03F01ED8B8C0D2
:10F0A000DEFFB9C0DDFF20EE1BF017D8BAC0DFFFCE
:10F0B00020EE19F012D8BBC0DEFFBCC0DDFFB6C029
:10F0C0009DF0B7C09EF0BDC09FF06AEC67F0B6C07F
:10F0D000AEF0B7C0AFF036EF51F0B651D926B75108
:10F0E000DA221200796B7A6B7B6B7C6B71A108D092
:10F0F0007551792776517A2377517B2378517C2378
:10F10000D8907537763777377837D890743373332C
:10F11000723371337151721173117411E7E179C057
:10F1200071F07AC072F07BC073F07CC074F0120092
:10F130001FD8DFA803D053EC92F00BD019D8DFAA68
:10F1400003D0DAEC91F005D013D8DFAC000CE0EC82
:10F1500091F00001F66FF6510AE0F2C0EAF0F3C058
:10F16000EBF0F4C0ECF0F5C0EDF0BDEC78F0010C84
:10F17000F0C0D9FFF1C0DAFF1200EAC0E0F0EBC046
:10F18000E1F0ECC0E2F0EDC0E3F0060E0101AA25CB
:10F190000001EE6F000E0101AB210001EF6FEEC028
:10F1A000F6FFEFC0F7FF000EF86E0500FA6E0900DB
:10F1B000F550FD6E0900F550FE6E0900F550FF6E2A
:10F1C000FA50120068BF09D065C065F066C066F0ED
:10F1D00067C067F068C068F0120065C069F066C07B
:10F1E0006AF067C06BF068C06CF0691F6A1F6B1F24
:10F1F0006C1F692B000E6A236B236C2369C065F0BA
:10F200006AC066F06BC067F06CC068F0000C00016B
:10F210006B6F18D0C1EC91F065C068F066C069F002
:10F22000120010EC8FF065C068F066C069F0120043
:10F230001CEC8FF065C068F066C069F01200686B66
:10F24000696B120000016B51E5E0010AEAE0030A74
:10F25000EFE0010AEDE0F3D76E6B6F6B6B51D96E87
:10F26000DA6A7DEC88F06E516C25676F6F516D2105
:10F27000686FF5EC83F065516E2766516F236B5113
:10F2800043EC2BF06E516C25E16E6F516D21E26EF7
:10F29000DFCFE7FF6E4B6F2B6EC06BF06FC06CF073
:10F2A00012006A6B6B6B675168111BE0010E696F8E
:10F2B00004D0D89067376837692B68AFFAD7D890F1
:10F2C0006A376B376751655D6851665905E3675169
:10F2D000655F6851665B6A81D89068336733692FD0
:10F2E000EED76AC065F06BC066F0120002010097AD
:10F2F000020E0A6F1FC20BF022EE11F001D80AD0E5
:10F300000500FA6EDE50FD6EDE50FE6EDE50FF6EC2
:10F31000FA5012000C6E0D6A0D5002E0DFEF92F011
:10F320000C50020A02E1E1EF92F0010A02E1E1EF82
:10F3300092F0DFEF92F005A224001C0056AC001002
:10F34000DE0010A30082CD00030000001400CC09F1
:10F350000100000000000000000002000000140096
:10F360004C0F010000000000000000000100000040
:10F370001400781101000000000000000000DFC54B
:10F38000EAF1E0C5EBF1E1C5ECF1E2C5EDF1090E02
:10F390000101AA25F76F000EAB21F86FF7C1F6FF48
:10F3A000F8C1F7FF000EF86E01D8010C0500FA6EE7
:10F3B0000900F550FD6E0900F550FE6E0900F5508C
:10F3C000FF6EFA5012003CC09FF03DC0A0F01AD86A
:10F3D00010EE03F05DEC42F0E7509E6F13D8DECFE5
:10F3E0009BF0DDCF9CF00ED810EE64F05DEC42F0A7
:10F3F000E7509D6F9B0E986FDAEC67F00009D8B468
:10F40000000012003AC0D9FF3BC0DAFF120065C00D
:10F41000D9FF66C0DAFF1AD820EE02F013D8DA223C
:10F4200015D820EE04F00ED8DA2269C0DEFF6AC0DB
:10F43000DDFF20EE06F006D800D0DA22010EDE6EE7
:10F44000DD6A000C6551D9266651120067C0DEFFE7
:10F4500068C0DDFF120002C006F003C007F004C060
:10F4600008F005C009F006C00AF007C00BF008C09C
:10F470000CF0010E09A0000E0101956F955102E0FC
:10F480000C8E01D00C9E083409300D6E0AC002F0BB
:10F490000BC003F00CC004F00DC005F01200010118
:10F4A000A45101E01200640E0001676501D0676F8E
:10F4B000686B0FD068516525D96E000E6621DA6E33
:10F4C000000E6825E16EE26A070EE222DFCFE7FF59
:10F4D000682B6751685DEEE367C047F0010E0101DC
:10F4E000A46F010C72C074F073C075F070C0D9FFC6
:10F4F00071C0DAFF74C0E1FF75C0E2FF0CD874512F
:10F50000D9267551DA2210EE01F07051E1267151C1
:10F51000E222E75005D0DFCFE7FF20EE01F0120036
:10F52000010ED8B4000EDF6E120042C0A6F043C038
:10F53000A7F0C9C0A8F0CAC0A9F0ADEC5CF0A6C0A5
:10F54000CDF0A7C0CEF0CDC0C4F0CEC0C5F020EE47
:10F5500033F04250D926435091EC33F05DEC42F049
:10F56000E750C66FCBC0C7F0CCC0C8F08CEF8EF0B0
:10F57000C1EC91F0330E00016525D96E000E6621B5
:10F5800009D8EFEC6FF01CEC8FF0330E0ED802D8D8
:10F59000EFEF6FF0DA6EDECF71F0DDCF72F071C099
:10F5A000D9FF72C0DAFFDF50120000016525D96E65
:10F5B000000E66211200000118D85DEC42F0E65002
:10F5C000E61008E012D85DEC42F0E6CF65F0E5CF3A
:10F5D00066F0120020EE01F06551D9266651DA225C
:10F5E000DECF65F0DDCF66F0120020EE33F065511E
:10F5F000D9266651DA2210EE01F0120039EC28F01B
:10F60000010114D80EEC28F0000114D8DF9020EE90
:10F6100038F09551D9269651DA22DF9E0BD8DF9229
:10F6200095C08BF096C08CF081EF2EF0CA6F9B0EC8
:10F63000CB6F9B0C20EE39F09551D9269651DA22EA
:10F640001200D60E0001656F1A0E666F010E676F0D
:10F65000BFC068F0C0C069F0C1C06AF043EC8EF072
:10F660007CEC38F0BB25676F000EBC21686FFB0E89
:10F67000BD25696FFF0EBE216A6F94EC72F0000029
:10F68000000EA6EC80F01200000E07EC79F068C0C6
:10F6900088F069C089F0000188518911D8B412003E
:10F6A0001A0E8C6F8D0E8A6F8B6B8AC0D9FF8BC040
:10F6B000DAFF030EDF6E20EE01F08A51D9268B515E
:10F6C000DA22DF6A8C0E89EC41F092EF55F0746B10
:10F6D000756B70C073F07351D96EDA6A71C0E1FF57
:10F6E00072C0E2FFDFCFE7FF744B752B7351B5ECAF
:10F6F00074F074517125676F75517221686FF5EC64
:10F7000083F0655174276651752374C070F075C01D
:10F7100071F01200746B756B70C073F07351D96E19
:10F72000DA6A71C0E1FF72C0E2FFDFCFE7FF744B1E
:10F73000752B74517125D96E75517221DA6E735122
:10F74000E16EE26AE12AE75090EC7AF0744B752B97
:10F7500074C070F075C071F012001CEC92F065C0BE
:10F76000AFF066C0B0F02FEC3BF0AFC0A4F0B0C07B
:10F77000A5F087EC7DF0ABC04EF3ACC04FF3ADC04D
:10F7800050F3AEC051F37E0E0301526F250E536F3E
:10F79000010E546F4E0E0001AB6F030EAC6F1200E2
:10F7A0000450021A076A086A02A00CD0D8900330ED
:10F7B000066E0230056E010E0518026EA00E0618C8
:10F7C000036E03D0D89003320232074A082A08BEDB
:10F7D000EBD7085003E1080E075CE6E302C002F035
:10F7E00003C003F01200B06A9E0EB36E580EB26EE4
:10F7F000B250B3CF68F00001696B68C069F0686B04
:10F80000681101018C6F0001695101018D6FA19296
:10F81000A082000E0001656F260E666F010E676FF5
:10F8200074EC91F0210EB16E210C696B6A6B70C0A3
:10F8300068F06851D96EDA6A71C0E1FF72C0E2FF08
:10F84000DFCFE7FF694B6A2B6851D96EDA6AD92A94
:10F8500069517125E16E6A517221E26EDFCFE7FFD7
:10F86000694B6A2B69C070F06AC071F01200746B4A
:10F87000756B70C073F07351D96EDA6A71C0E1FFB5
:10F8800072C0E2FFDFCFE7FF744B752B7351D96E67
:10F89000DA6AD92A74517125E16E75517221E26ECE
:10F8A000DFCFE7FF744B752B74C070F075C071F03B
:10F8B0001200746B756B70C073F07351D96EDA6A95
:10F8C00071C0E1FF72C0E2FFDFCFE7FF744B752B21
:10F8D00073296B6F745171256C6F755172216D6F47
:10F8E0002CEC79F06B5174276C51752374C070F057
:10F8F00075C071F01200746B756B70C073F073514A
:10F90000D96EDA6A71C0E1FF72C0E2FFDFCFE7FFB4
:10F91000744B752B7351D96EDA6AD92A74517125DB
:10F92000E16E75517221E26EDFCFE7FF744B752BEC
:10F9300074C070F075C071F01200696B6A6B70C0B2
:10F9400068F06851D96EDA6A71C0E1FF72C0E2FFF7
:10F95000DFCFE7FF694B6A2B6851D96EDA6AD92A83
:10F9600069517125E16E6A517221E26EDFCFE7FFC6
:10F97000694B6A2B69C070F06AC071F0120068C0F0
:10F9800065F069C066F0C9EC7DF06B6F6A5110E0FC
:10F990006B510EE168C065F069C066F04FEC8AF00B
:10F9A000000906E068C065F069C066F0DCEF8CF025
:10F9B0006B51D8B4120068C065F069C066F043EFBF
:10F9C0008BF020EE04F01AD8AA0EDE6E8D0EDE6EDD
:10F9D000000EDE6E20EE0DF011D869C0DEFF6AC0A9
:10F9E000DDFF20EE0FF00AD867C0DEFF68C0DDFF44
:10F9F00020EE11F003D8DE6ADD6A12006551D926C7
:10FA00006651DA22120072C074F073C075F070C0D3
:10FA1000D9FF71C0DAFF74C0E1FF75C0E2FFDFCF2C
:10FA2000E7FF7029656F000E7121666F96EC88F014
:10FA300020EE01F07451D9267551DA2200D065C04C
:10FA4000DEFF66C0DDFF120068AF0DD0B00E655D51
:10FA50003C0E6659FF0E6759FF0E685904E2030E0B
:10FA60000101BF6F030C68BF0CD06851671105E13D
:10FA7000510E655DC30E665904E3020E0101BF6FAE
:10FA8000020C010E0101BF6F010C680E0001656FD1
:10FA9000240E666F010E676F7BEC91F0DA0E656FD6
:10FAA000250E666F010E676F74EC91F0D60E656FD0
:10FAB000250E666F010E676F6DEC91F0D20E656FCB
:10FAC000250E666F010E676F66EF91F067C06EF0EE
:10FAD00068C06FF065C06CF066C06DF010D06EC08D
:10FAE000D9FF6FC0DAFFDF506B6F6E4B6F2B6CC0AE
:10FAF000D9FF6DC0DAFF6BC0DFFF6C4B6D2B690760
:10FB0000D8A06A076929EBE16A29E9E1120000013E
:10FB1000A451A5110DE1880E9C6F230E5EEC65F0DB
:10FB2000530EA06F960EA26F230EA36F88EC84F085
:10FB3000A4C03CF0A5C03DF04F0E3C240001686F0E
:10FB4000000E3D20F6EC6CF0060E6C6FEFEF86F0C9
:10FB500000016D6B6E6B11D0D8906D35D96E6E351E
:10FB600092EC5BF0DECF68F0DDCF69F0010E0001B2
:10FB70006A6FBFEC7CF06D4B6E2B0101AE51000142
:10FB80006D5D6E51800A6C6FD8EC75F06C59E4E3D2
:10FB90001200000113D8DFBC010C10D8DFBA010C31
:10FBA00020EE3CF012D8DFB0010C08D8DFBE010C0B
:10FBB00020EE3CF00AD8DFB2010C000C20EE3BF046
:10FBC0006551D9266651DA2212006551D92666514F
:10FBD000DA2212000101D751FDE0000E4E24D96E49
:10FBE000DA6A050EDA22DF50A66F000E4E24D96EB7
:10FBF000DA6A060EDA22DF500001656F4E2A310EF6
:10FC00004E6401D04E6AA39A0101D707A38A00016E
:10FC1000655112000DD079C071F07AC072F0746B2A
:10FC20000A0E736FE5EC62F071C079F072C07AF081
:10FC30007B517D6F7C517E6F7B07000E7C5B7EBFAE
:10FC400004D07E51E8E17D05E6E279C079F07AC022
:10FC50007AF01200E4C1D9FFE5C1DAFFDECFE6F1A8
:10FC6000DDCFE7F10001666B656BE6C167F0E7C1C8
:10FC700068F06551671906E16651681901E002D024
:10FC8000010E01D0000E0009D8B41200010E0201CD
:10FC9000AB6F010C0001766FD5EC92F00101B2510F
:10FCA00058EC92F0010E6E6F0101A75132EC67F033
:10FCB00073EC8CF0EAEC8FF070EC92F0F4EC8FF0D7
:10FCC000F8EC91F0E0EC8FF03CEC72F00001765132
:10FCD00049EF4EF0000120EE3BF017D8DFA21200F2
:10FCE0000DD8DF5002E00AD8DF0608D8DF50D8A4CC
:10FCF000120020EE3BF009D8DF92120020EE45F012
:10FD00006551D9266651DA2212006551D92666510D
:10FD1000DA2212000DD06BC065F06CC066F0686B23
:10FD20000A0E676F1BEC89F065C06BF066C06CF063
:10FD30006D516F6F6E51706F6D07000E6E5B70BF0F
:10FD400004D07051E8E16F05E6E26BC06BF06CC067
:10FD50006CF0120019D8DFA803D053EC92F005D054
:10FD600013D8DFAA000CDAEC91F00001F66FF6511F
:10FD70000AE0F2C0EAF0F3C0EBF0F4C0ECF0F5C03A
:10FD8000EDF0BDEC78F0010CF0C0D9FFF1C0DAFF66
:10FD90001200D59CD76AD66AD650D7CF68F0696B67
:10FDA00068C069F0686B68110201546F0001695105
:10FDB0000201556FF294F28A020E0001656F260E61
:10FDC000666F010E676F7BEC91F0970ED56E970C06
:10FDD0008D6A8C6A896A8E6A8A6A020E8F6E400EFC
:10FDE0008B6E9668FE0E976E0F0E926E140E986EC6
:10FDF000DD0E936E9F0E946E2F0E956E0F0125698A
:10FE00000F0E246F010E236F538F538D010C67511A
:10FE1000681117E0010E696F04D0D8906737683712
:10FE2000692B68AFFAD76751655D6851665904E37D
:10FE30006751655F6851665BD89068336733692F97
:10FE4000F2D765C065F066C066F012004850FEE06B
:10FE5000000E4924D96EDA6A090EDA22DF50010158
:10FE6000A56F000E4924D96EDA6A0C0EDA22DF5033
:10FE70000001656F492AF90E496401D0496A9D9ACB
:10FE800048069D8A65511200696B65C0D9FF66C03E
:10FE9000DAFFDECF67F0DDCF68F069516725D96EF4
:10FEA000000E6821DA6E69510101B625E16E000E7F
:10FEB000B721E26EDFCFE7FF0001692B050E696510
:10FEC000E4D7050C070E0101B86105D0B8C168F090
:10FED0000001696B04D00001696B050E686F68C092
:10FEE0006AF06AC0AEF26A51020D9D0EF324D96E1B
:10FEF000030EF420DA6EDECF65F0DDCF66F012007F
:10FF0000C22B000EC323C423C523CE51CF1102E15F
:10FF100078EF92F0CE4BCF2BD10ECE5D020ECF59A3
:10FF200002E278EF92F01CEC8FF0380ED5EC7AF00C
:10FF3000DA6EDF8C0CEC46F078EF92F00001D96BB2
:10FF4000DA6B0ED0D890D935D96EDA3592EC5BF0F9
:10FF5000DECFAEF0DDCFAFF036EC51F0D94BDA2B7F
:10FF60000101AE510001D95DDA51800AD86FD8EC99
:10FF700075F0D859E7E3010C6B6F68C065F00001BC
:10FF80006B5175EC8FF06C6F6D6B09D8DF5002E030
:10FF900006D8DF6A6D2B030E6D65F7D7030C6C5125
:10FFA0006D25696F6A6B280E6925D96E030E6A216B
:10FFB000DA6E12006B6B6C6B0ED0D8906B35D96E0D
:10FFC0006C3592EC5BF0DECF65F0DDCF66F043EC94
:10FFD0008BF06B4B6C2B0101AE5100016B5D6C51D2
:10FFE000800A6A6FD8EC75F06A59E7E390EF69F020
:10FFF000D96F0101D9AF03D0A751D8B41200D9519C
:020000040001F9
:10000000800A7F0F04E3070EA71901E11200A75130
:10001000D925D86FF5C0F0F0F6C0F1F0F7C0F2F0D6
:10002000F8C0F3F0D85110EF75F0710504E0020E3E
:10003000711901E012006FC065F070C066F071C008
:1000400067F0686B05EC5FF002D891EF8CF033C07D
:1000500069F034C06AF035C06BF036C06CF0000E49
:100060006D6F000C656F090E0001656109D0DE0E31
:100070006525F66EF76A200EF72207D8F5501200B4
:10008000E60EF66E200EF76E05D0F86A000EF82226
:1000900008001200000EF86E0800F5501200000E65
:1000A000F2BE010E686F6651030B636E65C062FF9E
:1000B00067C061FF7F9E7F9C7F84F29E550E7E6E9F
:1000C000AA0E7E6E7F827FB2FED77F9468B102D087
:1000D000F29E01D0F28E120000017F6F17D80AD86D
:1000E000E2EC87F00FD806D8E2EC87F007D802D808
:1000F000E2EF87F07B6F7FC07CF0180C9B0E000155
:100100007A6F360C9B0E00017A6F370C9B0E7A6F5C
:10011000300C01A202D014EF85F000016E51D96EAF
:10012000DA6A020ED926DF50656F6E51D96EDA6A2F
:10013000DECF66F0DDCF67F06AEC8FF000016A6B0E
:100140006B6B6C6B6D6B5FEC8FF0020C0001BA6F28
:10015000BA51B86FB96BB951D8A41200B85102E1C5
:100160005DEF71F0020A02E123EF41F0120A02E1B1
:100170005DEF8DF0080A02E16FEF90F0380A02E1BE
:1001800077EF5DF01200800E7C1B75C065F076C0C5
:1001900066F077C067F078C068F079C069F07AC01F
:1001A0006AF07BC06BF07CC06CF028EC1DF065C081
:1001B00075F066C076F067C077F068C078F012001E
:1001C00072C069F073C06AF070C0D9FF71C0DAFF05
:1001D00069C0E1FF6AC0E2FF8BEC7AF07051D9266A
:1001E0007151DA2210EE01F06951E1266A5100D016
:1001F000E222DFCFE7FF120072C074F073C075F027
:1002000070C0D9FF71C0DAFF74C0E1FF75C0E2FFB2
:10021000DFCFE7FF70296A6F000E71216B6F5FEC13
:1002200083F020EE01F07451D92675511AEF6DF06C
:10023000666F3D0E0001662512D865B102D0DF90D1
:1002400001D0DF800001655105E03D0E662507D82D
:10025000DF9412003D0E662502D8DF841200D96EAD
:10026000DA6A010EDA221200B3A9000CADEC89F0B3
:1002700070C079F071C07AF00ED8DE500BE1DE0468
:10028000D8A4010C08D8DFB0010C05D8DFB2010CEE
:100290000101B38B010C79C0D9FF7AC0DAFF1200DB
:1002A000000174510101B01911E100017551010102
:1002B000B1190CE174C06EF075C06FF040EC84F0C1
:1002C00076C072F077C073F0BFEF89F076C072F03D
:1002D00077C073F0D1EF89F0676F0001675132EC9E
:1002E00080F0676F686B8D0E68250DD86751DE183A
:1002F00005E08D0E682507D867C0DFFF682B050E67
:100300006865F1D7050CD96EDA6A020EDA2212009E
:100310008BC07FF08CC080F0CBEC76F08BC07FF090
:100320008CC080F08DC081F08EC082F0010E836F92
:1003300091EC4BF08BC07FF08CC080F08DC081F0D1
:100340008EC082F034EF5DF06C6F6AC065F0000122
:10035000695135EC91F06B6F6C5132EC80F06C6F41
:100360008D0E6B2583EC81F06CC0DFFF5E0E676F36
:100370006AC065F06951C0EC81F0686F47EF4FF0DB
:10038000666F0001665106E1655101E1000C6505EB
:1003900012E1030C660506E1655101E1010C6505FA
:1003A0000AE1040C020E661906E1655101E1020C36
:1003B000650501E1050C090C686F12D865B102D022
:1003C000DF9001D0DF800CD866B102D0DF9201D07F
:1003D000DF8206D867B102D0DF9401D0DF8412003B
:1003E0003D0E00016825D96EDA6A010EDA2212008C
:1003F000060000013200FC1F0100000000000000A8
:100400000000049F24001E00FC1F010000000000EB
:1004100000000000000000011400FC1F01000000AB
:10042000000000000000466AB5EC60F0CBEC4AF03A
:10043000DECF42F0DDCF43F06FEC32F020EE15F06E
:100440000FEC3DF09BEC3CF0B4EC40F0A5C084F127
:10045000A6C085F1F5EC88F0F2EF90F0666F040E1F
:100460000001656513D0E70E01019725F66EF76A66
:10047000200EF72245EC80F0F5CF67F0972B070EA2
:10048000971798510001671B6751661B6651120050
:1004900014D8DFA802D0010E04D00FD8DFAC000CB6
:1004A000020E456EF2C0EAF0F3C0EBF0F4C0ECF0DF
:1004B000F5C0EDF0BDEC78F0010CF0C0D9FFF1C053
:1004C000DAFF12008A6F8AC08DF08E0E00018B6FEA
:1004D0008C6B8BC0D9FF8CC0DAFF88C0DFFF20EEA9
:1004E00001F08B51D9268C51DA2289C0DFFF8D0EA5
:1004F00089EC41F092EF55F08AC075F38BC076F32A
:100500008CC077F38DC078F35C0E0301796F0E0E0B
:100510007A6F010E7B6F0E0E0101776F100E766FF2
:10052000750E00018A6F030E8B6F12000CD8DF6A04
:100530000AD8DF8208D8DF8406D8DF8004D8DF86B7
:1005400002D8DF88120067516525696F68516621FE
:100550006A6F500E6925D96E000E6A21DA6E12009C
:1005600009D040EC77F0010C27EC4AF0010CC8EC04
:100570008BF0010C0101BE510001AF6FB06BB051A7
:1005800007E1AF51010AEDE0030AEEE0010AEFE0F6
:10059000010C656F5050FEE0A3B803D065C01CFF8E
:1005A0000FD0A398320E5224D96EDA6A060EDA22E0
:1005B00065C0DFFF522A310E526401D0526A5006E4
:1005C000A388120008D074C070F0C6EF2AF074C07F
:1005D00070F0C2EF33F0745106EC39F0DF50756FF4
:1005E000766B7651D8A4020C7551500AECE0010AE2
:1005F000D8A4020CECD76B6B13D06B516825D96E65
:10060000000E6921DA6E6BC065F06B516825E16EF2
:10061000000E6921E26EE7502EEC82F0DF6E6B2B4C
:100620006A516B5DEAE31200656F4B50FEE09DB8C6
:1006300003D065C0ADFF0FD09D98000E4D24D96E3C
:10064000DA6A0B0EDA2265C0DFFF4D2AF90E4D641F
:1006500001D04D6A4B069D881200796F640E00012F
:10066000796501D0796F7951080DF3CF71F0F4CF2E
:1006700072F0746B640E736FE5EC62F071517A6F17
:100680007A5102E1010E7A6F7A51120072C069F05C
:1006900073C06AF070C0D9FF71C0DAFF69C0E1FFB2
:1006A0006AC0E2FF8BEC7AF07051D9267151DA22E0
:1006B00010EE01F06951E1266A51F8EF80F06AC04E
:1006C00065F06BC066F096EC88F065C06DF066C0B2
:1006D0006EF020EE02F06A51D9266B51DA22DF501B
:1006E0006F6F6DC06AF06EC06BF06FC06CF012007F
:1006F000AD29A46F000EAE21A56FA76B030EA66FE8
:10070000B10EA86F57EC57F0AFC0D9FFB0C0DAFFF9
:10071000A4C0DEFFA5C0DDFFB1C0ADF0B2C0AEF039
:1007200012000001886F710E8B6F8C0E896F8A6BBF
:1007300089C0D9FF8AC0DAFFDF6A20EE01F0895153
:10074000D9268A51DA2288C0DFFF8B0E89EC41F06E
:1007500092EF55F0EAC173F0EBC174F0ECC175F0A3
:10076000EDC176F034EC81F0000901E01200EAC13D
:10077000DAF1EBC1DBF1ECC1DCF1EDC1DDF125EC2F
:1007800019F030EF36F0B3B704D074EC92F00009F2
:100790000DE0010E9A6F77C06EF078C06FF079C0EF
:1007A00070F07AC071F0F3EC4DF0010C9A5103E057
:1007B0009A6BA8EC7DF0000C67C06CF068C06DF01F
:1007C00010D069C065F06AC066F0C8EC8EF06CC0ED
:1007D000D9FF6DC0DAFFDF6E0001694B6A2B6C4BED
:1007E0006D2B6B076B29EDE11200696B6A6B67C0BB
:1007F000D9FF68C0DAFF65C0DFFF694B6A2B69511A
:100800006725D96E6A516821DA6E66C0DFFF694BD1
:100810006A2B69C065F06AC066F01200B9B4000CBA
:1008200065C0D9FF66C0DAFF6CC1DEFF6DC1DDFFB8
:1008300067C0D9FF68C0DAFF6AC1DEFF6BC1DDFFA8
:1008400069C0D9FF6AC0DAFF96C1DFFF010C20EE54
:100850003BF012D8DA22DF9620EE53F00DD8CFEC21
:1008600070F020EE0DF008D8DA2210EE57F0655146
:10087000E126665144EF1FF06551D92666511200FA
:1008800006D0348E11D035820FD035880DD06EC091
:1008900070F06FC071F00001715106E17051F1E02C
:1008A000010AF1E0030AF1E027EC80F091EF8CF00F
:1008B00068C065F069C066F04FEC8AF00009D8B4F2
:1008C000120020EE4FF007D8DFA4120020EE3CF01B
:1008D00002D8DF8212006851D9266951DA2212004B
:1008E00068C065F069C066F04FEC8AF00009D8B4C2
:1008F000120020EE4FF007D8DFA2120020EE3BF0EE
:1009000002D8DF8E12006851D9266951DA2212000E
:10091000F40E916F210E926F9CC093F09DC094F0E5
:100920009EC095F09FC096F0A2C097F0A3C098F02B
:10093000A0C099F0A1C09AF08BEC8FF05DEF92F01F
:100940001224F423F923FE2303240824A0D500064F
:10095000D8003CFF00A6B6007AC9007E24016EDEF6
:10096000001CEF00F024019604CB05B905A705FF94
:1009700020EE55F090EC3DF0DF900101B39BB39970
:100980003CEC68F0DF903CEC68F0DF843CEC68F015
:10099000DF863CEC68F0DF98080E3AEF92F0010E2B
:1009A0000001656F65C0ABF2DCC1F0F0DDC1F1F0B4
:1009B000DEC1F2F0DFC1F3F089EC89F00201AC6B2B
:1009C000AD6B0101BB93040EF2EF91F08BC071F09F
:1009D0008CC072F0A0EC40F0BC0E756F020E766F0A
:1009E000776B786B72EC78F071C08BF072C08CF022
:1009F00073C08DF074C08EF012008AC068F38BC093
:100A000069F38CC06AF38DC06BF3600E03016C6FE9
:100A1000050E6D6F010E6E6F0101BE6B680E000159
:100A20008A6F030E8B6F12000B50D96EDA6A020EBA
:100A3000D926DF50026E0B50D96EDA6ADECF03F092
:100A4000DDCF04F0B7EC8FF0076A086A096A0A6A1A
:100A5000ACEC8FF0020CA1928CC102F08DC103F0BE
:100A6000CDEC8DF00101405141114211D8B412007A
:100A70000500FA6E4051FD6E4151FE6E4251FF6E0F
:100A8000FA501200010120EED2F09CEC3BF0DF8224
:100A900020EED2F09CEC3BF0DF8020EECEF09CEC20
:100AA0003BF0DF6A20EEC9F09CEC3BF0DF6A1200FD
:100AB0000001986F98512DEC83F0996F99C0B2F1B5
:100AC000A8EC8BF00001886B896B420E62EC82F01F
:100AD000995158EC92F0070EA2EF90F0020E466486
:100AE00003D0466AF2EF90F0020E46180AE120EEBB
:100AF00022F00FEC3DF0DF50F4E0030E466EF2EF13
:100B000090F0462AF2EF90F074EC92F00009D8A42D
:100B1000120031EC6AF0690E0101AA6F210EAB6F71
:100B2000F0C0EAF0F1C0EBF0F2C0ECF0F3C0EDF091
:100B3000BDEF78F078EC92F00ED8A2EC90F01DECBE
:100B400070F0F0C0EAF0F1C0EBF0F2C0ECF0F3C0EE
:100B5000EDF0BDEF78F0A8C1AAF1A9C1ABF1080C86
:100B6000706F0001705101E0358E6E5101E0358CDF
:100B70006F5101E0358A705105E16E5103E16F510B
:100B8000D8B4120027EC80F091EF8CF0000120EE39
:100B90003BF00DD8DF8020EE3DF009D867C0DEFFC6
:100BA00068C0DEFF69C0DEFF6AC0DEFF120065516B
:100BB000D9266651DA22120065C050F266C051F2A1
:100BC00067C07EF168C07FF16DC034F16EC035F151
:100BD0006FC036F101017C6B7D6B286B296B2A6B32
:100BE0002B6B1200000120EE3BF00DD8DF9020EEC1
:100BF00041F009D867C0DEFF68C0DEFF69C0DEFFD4
:100C00006AC0DEFF12006551D9266651DA22120051
:100C100096517FEC2BF05DEC42F0E750976F050E9C
:100C200097279651D96EDA6ADECF88F0DDCF89F04A
:100C300097C08AF0DBEC8DF0000C01019F51D8A425
:100C4000120020EE4EF090EC3DF0DF50D8A41200E0
:100C500020EE4EF090EC3DF002D83AEF92F0010E0B
:100C6000DF6E020C696B6A6B6B6B0AD06A5165258B
:100C7000D96E6B516621DA6EDF50691B6A4B6B2BA4
:100C800067516A5D68516B59F1E369511200C5EC17
:100C900092F001017DEC6DF0ECEC8EF0070EA2EC11
:100CA00090F07FEC68F00201AC6BAD6B040E0001BC
:100CB000656F65C0ABF212000101BD5111E0F8ECA7
:100CC00091F0000901E0010C0101B3A1000C67C023
:100CD00065F068C066F0AFEC8CF0000901E0010C33
:100CE000000CD4C07FF0D5C080F0CBEC76F0D4C03F
:100CF00065F0D5C066F073EC8AF00009D8B4120034
:100D0000D4C0D2F0D5C0D3F0A0EF8CF065C067F0AE
:100D100066C068F002D0654B662B65C0F6FF66C002
:100D2000F7FF4AEC80F0F7E16751655D656F685148
:100D30006659666F1200F28A0000F29AD6CF0EF161
:100D4000D7CF0FF121EE10F020C1DEFF21C1DEFF71
:100D500022C1DEFF23C1DEFFF2B4EDD7F28A12001A
:100D6000686B696B7051D96EDA6ADF50010ED8B4C6
:100D7000000E71C0D9FF72C0DAFFDF6E684B692BBD
:100D800068C070F069C071F0120000010CD8DF90EB
:100D90000AD8DF9208D8DF9406D8DF9604D8DF9807
:100DA00002D8DF9A120020EE38F06551D92666513C
:100DB000DA2212008AC056F28BC057F28CC058F269
:100DC0008DC059F27E0E02015A6FF30E5B6F000E5A
:100DD0005C6F560E00018A6F020E8B6F120068C0A6
:100DE0006EF069C06FF008D06EC0D9FF6FC0DAFF37
:100DF0006AC0DFFF6E4B6F2B6C07D8A06D076C29A4
:100E0000F3E16D29F1E11200320E506010D0320E84
:100E10005124D96EDA6A060EDA22DF500F011C6FF8
:100E2000512A310E516401D0516A502A1200A39800
:100E30001200564A572A575003E1280E565C01E328
:100E40005584575003E1780E565C01E35586900EA9
:100E5000565C010E5758D8B05588120004000101A5
:100E60007607D8A07707762908E1772906E10E0EE4
:100E7000776F100E766F80EC7FF09AEC90F046EC76
:100E80008CF0010C000120EE01F00BD8DECF69F0F0
:100E9000DDCF6AF020EE03F004D8DF506B6F8AEFED
:100EA00090F06C51D9266D51DA22120013EC2DF01E
:100EB000AF6FAF5105E1690E0001686F240E04D0D9
:100EC000840E0001686F240E696F68C065F069C008
:100ED00066F0120070EC92F00001F46FF451010E14
:100EE000D8A4000EFCEC69F0F0C0EAF0F1C0EBF021
:100EF000F2C0ECF0F3C0EDF0BDEF78F00001F46F5C
:100F0000CDEC92F00001F425F56FF551A9EC88F0D5
:100F1000F0C0EAF0F1C0EBF0F2C0ECF0F3C0EDF09D
:100F2000BDEF78F0D2C0C9F0D3C0CAF020EE25F0F2
:100F3000D251D926D35104D8010ECD6FAAEF6EF04D
:100F4000DA22DECFCBF0DDCFCCF012008BC071F017
:100F50008CC072F0A0EC40F0F40EE1EC74F072EC96
:100F600078F071C08BF072C08CF073C08DF074C0DB
:100F70008EF01200000120EE03F09351D926945117
:100F8000DA22B3EC61F01BEC6EF08BC093F08CC0F6
:100F900094F08DC095F08EC096F01200D5EC92F0D2
:100FA0005D0E00017A6F240E89EC4CF0ECEC8EF0B3
:100FB000A80E7A6F240E7B6F94EC4CF0ECEC8EF064
:100FC0007FEF68F07D6F7DC07EF00AD0400E766FB7
:100FD0007EC077F07CC078F07B51E8EC8BF07E2B04
:100FE00000017E517A5DF2E20000120001A202D0FF
:100FF00095EF8DF06EC065F00001676B020E666FB5
:101000006AEC8FF000016A6B6B6B6C6B6D6B5FEC65
:101010008FF0020C01A202D0A3EF8DF06EC065F03C
:101020000001676B010E666F6AEC8FF000016A6B5E
:101030006B6B6C6B6D6B5FEC8FF0020C01A202D0DE
:10104000B1EF8DF06EC065F00001676B010E666F49
:101050006AEC8FF000016A6B6B6B6C6B6D6B5FEC15
:101060008FF0040C01A202D0BFEF8DF06EC065F0CE
:101070000001676B020E666F6AEC8FF000016A6B0D
:101080006B6B6C6B6D6B5FEC8FF0040C6A6B655176
:10109000661109E020EE46F06551D926665105D863
:1010A00002E0010E6A6F6A511200DA22DE50DE1091
:1010B000DE10120008D00DD8DFB4010C000C09D8E6
:1010C000DFB2010C000C6751F6E0010AD8A4000C55
:1010D000F6D765C0D9FF66C0DAFF12007051D96E2D
:1010E000DA6A0BD871C067F072C068F0F5EC83F073
:1010F00065C070F066C071F01200DECF65F0DDCF24
:1011000066F01200FA0E4B600FD0000E4C24D96E20
:10111000DA6A0B0EDA22DF50AD6E4C2AF90E4C64FF
:1011200001D04C6A4B2A12009D98120065C0D9FF6D
:1011300066C0DAFFDF50676F20EE01F06551D926F7
:101140006651DA22DF50686F6751656F68C066F0DC
:101150001200656F00016551800A850F03E2FB0EE6
:101160005F6EFB0C6551800A7A0F03E3050E5F6E1C
:10117000050C65C05FF012000A0E8B03F3CF8FF0F1
:10118000F4CF90F08C03F35090278FC08BF090C079
:101190008CF0000E8CBFFF0E8D6F8E6F12009BECDB
:1011A00086F00EC169F00FC16AF010C16BF011C179
:1011B0006CF069C065F06AC066F06BC067F06CC027
:1011C00068F012004EC2D9FF4FC2DAFF01D80AD030
:1011D0000500FA6EDE50FD6EDE50FE6EDE50FF6ED4
:1011E000FA501200010EFAEF5DF042C0B0F043C0B9
:1011F000B1F0700EB26F020EB36F780EB46F020EC4
:10120000B56FC9EC36F0B0C040F0B1C041F012008B
:10121000899E899C000120EE3AF06B51D9266C51D1
:1012200003D8000EA1EF8FF0DA22DE04010ED8A45D
:10123000000E696F120065516703F3CF69F0F4CFB8
:101240006AF065516803F3506A2766516703F350EB
:101250006A2769C065F06AC066F01200845083CFC7
:101260000CF00D6A0CC00DF00C6A0C100E6E0D50D7
:101270000F6EFE0E0F120EC007F00FC008F0C7EF82
:101280005FF078EC92F0E6EC1BF020EE4DF090EC85
:101290003DF0C3EC6BF0B7EC64F090EC3DF0DF9008
:1012A000000E3AEF92F00001696B0BD06951662590
:1012B000D96E000E6721DA6EDF50C9EC82F00001B2
:1012C000692B6851695DF2E31200676F0AD0656BA4
:1012D000666B1200666B070E656F070C65696669C1
:1012E000120000016751F3E0010AF4E0F7D793C35D
:1012F0006CF094C36DF082C06EF083C06FF084C058
:1013000070F085C071F086C072F087C073F088EF0E
:1013100030F078EC92F0ABEC85F0A2EC90F01DECA4
:1013200070F0F0C0EAF0F1C0EBF0F2C0ECF0F3C006
:10133000EDF0BDEF78F020EE22F00FEC3DF0DF5045
:10134000D8A4120020EE25F00FEC3DF010EE23F0B3
:101350004250E126435044EF1FF0800E0001656FBC
:10136000020E666F530E676F686B6A6B070E696FCC
:1013700066EC7DF0800E706F020E716F120000013E
:10138000706B20EE21F007D8BAEC90F069EC5DF0BC
:1013900002D8BAEF90F07251D9267351DA22DF5099
:1013A00012000001706B07D8C2EC90F0010E706F54
:1013B00002D8C2EF90F020EE21F07251D92673517D
:1013C000DA22DF501200BCEC8EF0E8EC7EF010EC7C
:1013D00092F007EC8AF0F5EC89F0F3EC7BF0C9ECC5
:1013E0007EF0C3EC60F03FEF5EF0F90E376F386BC4
:1013F000BA98B988FC0E0001656F250E666F010E64
:10140000676F66EC91F07C0E0F01366F7C0CF90E65
:101410003A6F3B6BBA94B984FE0E0001656F250EDE
:10142000666F010E676F6DEC91F07C0E0F01396FE6
:101430007C0C676F00016751656F666B6651D8A4BD
:10144000000C6551D8B4000C010AD8B4010C030A91
:10145000D8B4020C000C676F00016751656F666BB2
:101460006651D8A4020C6551D8B4000C060AD8B451
:10147000030C010AD8B4010C020C736B746B70512D
:10148000D96EDA6A71C0E1FF72C0E2FFDFCFE7FF19
:10149000734B742B73C070F074C071F012000001B4
:1014A00009D8DE04D8B4010C05D8020EDE1801E11B
:1014B000010C000C20EE3AF06551D9266651DA2273
:1014C000120001011851676F666B19516613060E01
:1014D00007D804EC8FF066C167F067C168F01200AE
:1014E0000001656F0A0C000120EE38F06551D92625
:1014F0006651DA22DECF67F0DDCF68F067A167B30F
:10150000000C67A767B5000C010C8F90000120EE5E
:101510003AF06B51D9266C5103D8000E96EF8FF03C
:10152000DA22DE04010ED8A4000E696F12008F9635
:10153000000120EE3AF06B51D9266C5103D8000E11
:1015400026EF90F0DA22DE04010ED8A4000E696FB7
:101550001200066A0BD0FF0E0224046EFF0E032059
:10156000056E0450021605500316062A0250031099
:10157000F2E10650120042EC85F050EC27F091ECBD
:1015800033F05DEC42F0500EE76E88EC26F0000E72
:101590003AEC92F028EF8FF020EE01F06551D92659
:1015A0006651DA22DF50676F0101BB5100016719F4
:1015B000FE0B67190101BB6F120072C0D9FF73C027
:1015C000DAFF70C0DEFF71C0DDFF20EE02F0725165
:1015D000D9267351DA2280C1DFFF1200280E686F0E
:1015E000030E696F6B6B6A696D6B180E6C6FEFECB5
:1015F00086F002019F69A069A169A2691200000139
:1016000020EE31F06551D9266651DA22010EDBBE9B
:10161000000CDB5003E1020EDE5CD8B0010C000CC4
:101620000001655102019F13000166510201A013E0
:10163000000167510201A113000168510201A213C8
:10164000120067C065F068C066F0C9EC7DF0000963
:1016500008E120EE3BF06751D9266851DA22DFA27B
:10166000010C000C995106E197C095F098C096F0D6
:10167000FEEC7AF0030E0101BE6F99C0C1F1746BEC
:10168000756B78EF92F0000120EE3BF009D8DA227A
:10169000DF9220EE45F004D800D0DA22DF6A120093
:1016A0006551D9266651120020EE4FF06B51D926B4
:1016B0006C51DA22DF826BC065F06CC066F06DC0E1
:1016C00067F06EC068F096EF82F0BA98010143515E
:1016D00044114511D8B412000500FA6E4351FD6E55
:1016E0004451FE6E4551FF6EFA501200BA9401014A
:1016F000465147114811D8B412000500FA6E465100
:10170000FD6E4751FE6E4851FF6EFA501200F29482
:10171000010149514A114B11D8B412000500FA6E6B
:101720004951FD6E4A51FE6E4B51FF6EFA50120048
:1017300070C065F071C066F0FAEC66F0726F01017E
:10174000FF510001721903E072C0FFF1010C000C9F
:101750000101375138113911D8B412000500FA6E61
:101760003751FD6E3851FE6E3951FF6EFA5012003E
:10177000C1EC91F065C0D4F066C0D5F064EC8CF09B
:101780001CEC8FF065C0D4F066C0D5F064EF8CF02F
:101790000AD804E1050E745DD8A01200746B756B55
:1017A000C06BBE6B12000101744B752B755112009A
:1017B0007B6F00017C6B7AC076F07CC077F0786B31
:1017C0007B51E8EC8BF07C2B170E7C65F4D7170C63
:1017D000796FFD0E0001736F76C074F0795169EC7A
:1017E00074F077C073F078C074F0795169EF74F0D9
:1017F00001011851696F686B19516813360E70EC4E
:101800008AF004EC8FF068C167F069C168F01200DB
:10181000655166116711681102E0800E681B65C092
:1018200065F066C066F067C067F068C068F01200D7
:10183000000E4F24D96EDA6A060EDA221DCFDFFFC2
:101840004F2A310E4F6401D04F6A0101D72B12008D
:1018500042EC85F050EC27F091EC33F05DEC42F077
:10186000510EE76E88EC26F0000E3AEF92F06551CB
:101870000101B01906E1000166510101B11901E150
:10188000000C65C0B0F166C0B1F1010CBC5102E0C2
:10189000020EBC27030EBC1902E1E6EF91F0040E24
:1018A000BC19D8B4ECEC91F012000101BD510BE071
:1018B000B3A1000C67C065F068C066F0AFEC8CF0B7
:1018C000000901E0010C000CD4C065F0D5C066F041
:1018D00073EC8AF00009D8B41200D4C0D2F0D5C09D
:1018E000D3F0A0EF8CF01CEC8FF065C068F066C000
:1018F00069F0000120EE1BF06851D9266951DA2207
:10190000DF501200D4C065F0D5C066F073EC8AF0E9
:101910000009D8B41200D4C0D2F0D5C0D3F0A0EFE3
:101920008CF000016D5102E0CBEC92F069C065F0E3
:101930006AC066F06BC067F06CC068F010EF8BF0A7
:10194000D2C0C9F0D3C0CAF0000120EE0DF0D251D0
:10195000D926D351A0EC87F0CD6BAAEF6EF0000131
:1019600006D8DFB8010C03D8DFBA010C000C20EE5A
:1019700038F06551D9266651DA221200000120EEB6
:1019800039F06551D9266651DA22DFA0000C010139
:101990008851891101E0010C000C010E0001656FF6
:1019A000020100B106D0009301699E969D960AC27D
:1019B00065F000016551120020EE3BF007D8DF8290
:1019C00020EE45F003D83C0EDF6E3C0C6551D92665
:1019D0006651DA221200000120EE38F06551D92656
:1019E0006651DA22DECF67F0DDCF68F067A167B31A
:1019F000010C000C000E4A24D96EDA6A0C0EDA22B1
:101A0000AECFDFFF4A2AF90E4A6401D04A6A482A5B
:101A100012000001656F01019C0506E1020E000144
:101A2000651902E10101BB8765C09CF1120070C01D
:101A3000D9FF71C0DAFFDF50010ED8B4000E72C0BA
:101A4000D9FF73C0DAFFDF6E12006CC065F06DC0A5
:101A500066F06EC067F06FC068F032EC86F0000987
:101A6000D8B4010C000CDCC1DCF1DDC1DDF1DEC15C
:101A7000DEF1DFC1DFF1CFEC84F0BB95140EF2EFA5
:101A800091F04650656F666B6651D8A4010C6551A4
:101A9000010AD8B4000C030AD8B4020C010C06D811
:101AA000DFB6010C03D8DFB4010C000C20EE38F0D7
:101AB0006551D9266651DA2212000001986B9851BF
:101AC0001EEC53F0982B020E9865F9D7886B896B42
:101AD000100E62EF82F08D0E706F030E716F7AC080
:101AE00072F07BC073F07CC074F07DC075F05CEF69
:101AF00059F06CBF05D06BC06BF06CC06CF012007D
:101B00006B1D6B6F6C1D6C6F6B4B6C2B12006FC081
:101B100024F170C025F171C026F172C027F1070EC3
:101B2000A719D8B4A8EC7DF012000BC002F0046A2B
:101B3000020E036EB7EC8FF0076A086A096A0A6A38
:101B4000ACEC8FF0020C0BC002F0046A010E036EC5
:101B5000B7EC8FF0076A086A096A0A6AACEC8FF082
:101B6000020C0BC002F0046A010E036EB7EC8FF09A
:101B7000076A086A096A0A6AACEC8FF0040C0BC0A9
:101B800002F0046A020E036EB7EC8FF0076A086A6F
:101B9000096A0A6AACEC8FF0040CB1A407D0B190CA
:101BA00003C0B3FF02C0B2FFB180120003C0B3FF95
:101BB00002C0B2FF1200300E8B6F88C08CF089C05B
:101BC0008DF08AC08EF08B0E89EC41F092EF55F0CB
:101BD0000001986F9851FCEC69F0A8EC8BF00001C3
:101BE000886B896B430E62EF82F072C069F073C03C
:101BF0006AF069C0D9FF6AC0DAFF70C0DEFF71C049
:101C0000DDFF12000101BD5109E067C065F068C049
:101C100066F0C9EC7DF0000901E0010C000CA7ECB6
:101C200092F0000908E083B483B201D0030C83B4BE
:101C3000020C83A2010C000C898E898C000120EE1D
:101C40003AF06B51D9266C5114EC89F0010EA1EFDA
:101C50008FF00001886F8D0E7F6F020E806F870EF0
:101C6000816F020E826F885199EF20F0676F00013B
:101C70006751656F666B6651D8A4000C6551010A07
:101C8000D8B4010C000C65C037F066C038F067C0EE
:101C900039F068C037F169C038F16AC039F1120013
:101CA0000001986F98C088F0896B800E62EC82F01A
:101CB00098290101BC6F1200950E656F030E666FC7
:101CC00070C067F071C068F072C069F031EF62F007
:101CD00070C065F071C066F096EC88F072C0D9FFF4
:101CE00073C0DAFF1FEF7DF0F4C0DCF1F5C0DDF169
:101CF000F6C0DEF1F7C0DFF1CFEC84F0BB95120047
:101D00000101B3A7000C530E00017A6F240E61ECA1
:101D10006AF0ECEC8EF0010CC4C0B5F0C5C0B6F0B2
:101D2000C6C0B7F0C7C0B8F0C8C0B9F0F4EF47F00C
:101D30008F80000120EE3AF06B51D9266C5190EC67
:101D40008AF0010E96EF8FF08F86000120EE3AF0B8
:101D50006B51D9266C51A2EC8AF0010E26EF90F05F
:101D600001017C4B7D2B7E517C5D7F517D59D8A03C
:101D700012007C6B7D6B1200D08EA2869F86F18450
:101D8000A282D284D2889F8AA58A9F98A5981200A1
:101D90006651030B636E65C062FF7F9C7F9E7F80F0
:101DA000000000006150120001A202D0FAEF90F092
:101DB0000087015101250001656F65C0C9FF030C53
:101DC00001A202D002EF91F00087D8800135000116
:101DD000656F65C0C9FF050C7AC06DF07BC06EF001
:101DE0007CC06FF07DC070F07EC071F00CEF54F0DD
:101DF000280E0001686F030EF6EC6CF0180E6C6F85
:101E0000EFEC86F02FEF91F0666F65C01CF166C0B5
:101E10001DF165C01EF166C01FF1B98800001200F7
:101E200007D8CBEC4AF0DECF65F0DDCF66F01200CC
:101E3000010120EE02F0120007D8CBEC4AF0DECF11
:101E400065F0DDCF66F01200010120EE04F0120013
:101E500020EE4DF090EC3DF0DF6A20EE4EF090EC7D
:101E60003DF0DF6A120098C0D9FF99C0DAFFDF5059
:101E7000886F020E896F450E62EF82F003019B515D
:101E8000995D0001656F03019C519A590001666FCD
:101E900012000001886F900E896F88C08AF0890E49
:101EA00089EC41F092EF55F06AC065F06BC066F0C6
:101EB0006CC067F06DC068F0020E6CEF6BF06AC02A
:101EC00065F06BC066F06CC067F06DC068F0000E26
:101ED0006CEF6BF0020100A5120065C002F266C053
:101EE00003F267C004F200951200676F00016751AA
:101EF000040DF3CF66F065510C0DF350662512000A
:101F0000666F010E0001656F665103E0660501E032
:101F1000656B65511200930E9B6F8B6B91C08CF0BB
:101F200092C08DF09B0E8E6F26EF78F06A6F6AC0BC
:101F300065F069C066F0010E0001676F020EDCEF0C
:101F400081F06A6F6AC065F069C066F0010E000139
:101F5000676F000EDCEF81F007C002F008C003F0ED
:101F600009C004F00AC005F0000E67EF6CF0020132
:101F700000A5120002C002F203C003F204C004F282
:101F800000951200810E0001666F210E676F696B6C
:101F9000050E686F8EEF77F098C0B9F199C0BAF16D
:101FA0000001886B896B830E62EF82F070C0D9FFED
:101FB00071C0DAFF72C0E1FF73C0E2FF38EF50F08A
:101FC00000016E6F6E51D8B41200368427EC80F099
:101FD00091EF8CF06E6F00016E51D8B41200368014
:101FE00027EC80F091EF8CF000016E6F6E51D8B449
:101FF0001200368A27EC80F091EF8CF08BC08BF0CA
:102000008CC08CF0000E8CBFFF0E8D6F8E6F120097
:10201000656F0001655103E0898A89881200899AF9
:1020200089981200C5AC04D00001656B652B02D005
:102030000001656B6531120077C06EF078C06FF0FB
:1020400079C070F07AC071F0F3EF4DF06A6F6AC03A
:1020500065F069C066F0010E0001676FDCEF81F08A
:1020600070C065F071C066F0FAEC66F00101FF6FB8
:10207000120028C165F029C166F02AC167F02BC1A2
:1020800068F01200010E0101BE6FC06BBF6BC16B27
:10209000746B756B120000016F6F6DC069F06EC0DC
:1020A0006AF06F51A4EF81F0C6BA1200C76A280E19
:1020B000C66EC56A090EC86E090C20EE59F066514D
:1020C000D9266751DA22DF50DAEF90F065B5010CBE
:1020D00065B7020C65B3030C65B1040C000CDFECB2
:1020E00055F044EC7BF0886B896B180E62EF82F040
:1020F000B5EC60F0CBEC4AF0DECF52F2DDCF53F21C
:10210000120065C043F266C044F267C045F268C081
:1021100046F2120069C065F06AC066F06BC067F0F5
:102120004FEF7AF0600E0001886F880E89EC41F065
:1021300092EF55F088518911D8B412008807D8A0C1
:10214000890712000001696F5E0E676F69C068F051
:1021500047EF4FF02D0E00016525656F000E6621DB
:10216000666F12002B0E00016525656F000E66215B
:10217000666F1200716F71C06DF070C06EF0070E67
:102180004BEF90F0716F71C06DF070C06EF0020E89
:102190004BEF90F0B3A1000CD2EC90F0000901E0FD
:1021A000010C000CA751D8B4010C070EA71901E1CE
:1021B000010C000C656F3D0E000165252FEC81F0D0
:1021C000DF501200EAEC90F067C065F068C066F07E
:1021D000FAEF92F001D08E0701018E51800A7F0F35
:1021E000FAE2120046504BEC6EF065C082F166C018
:1021F00083F112000201008701510125026E02C025
:10220000C9FF030C02010087D8800135026E02C0AD
:10221000C9FF050C556A586A596A566A576A536A63
:10222000546A12007E517F1101E11200DDEC75F05D
:10223000FDD70101BD51010ED8A4000EBD6F1200E3
:10224000000E4AEC7EF0A7EC3CF07FEF68F06F6F79
:102250006EC068F000016F51BCEF7FF000D002014A
:102260009F6BA06BA16BA26B1200666F00016551A2
:10227000030DF3506625120065C058F166C059F190
:1022800067C05AF1120065C05BF166C05CF167C0BF
:102290005DF1120065C055F166C056F167C057F197
:1022A000120065C04FF166C050F167C051F11200D5
:1022B00065C052F166C053F167C054F1120065C0A9
:1022C0004CF166C04DF167C04EF1120065C043F19C
:1022D00066C044F167C045F1120065C046F166C0B2
:1022E00047F167C048F1120065C040F166C041F196
:1022F00067C042F1120065C049F166C04AF167C08B
:102300004BF1120001A202D0B3EF92F0ADEC92F0CB
:10231000090C01A202D0B6EF92F0ADEC92F00A0CDB
:1023200001A202D0B9EF92F0C59AC588050C01A2AE
:1023300002D088EF92F00097C586040C01A202D06B
:10234000DFEF92F0CFEC92F0000C01A202D0E1EFAF
:1023500092F0D1EC92F0010C01A202D0E3EF92F0E6
:10236000D1EC92F0020C01A202D0E5EF92F0D1EC98
:1023700092F0010C01A202D08CEF92F000910A6B56
:102380000E0CD9EC4AF0DECF65F0DDCF66F012001E
:10239000656F0101976B65C098F112000001886BB1
:1023A000896B840E62EF82F05A0E0001656F0A0E8F
:1023B000666F12000001666B010E656F37EF8CF0DF
:1023C0000001666B020E656F37EF8CF0F29EF29C97
:1023D000D088D092FF001200F29EF29CD088D0826A
:1023E000FF0012000001656F6551010170131200BA
:1023F0000FEC8EF0000901E0010C000CBE0E000194
:10240000656F010E666F1200070E0101A719D8B49F
:10241000010C000C0E0E0101896F100E886F100C5C
:10242000700ED36E646A9B6A2A6B120001B290EF41
:1024300092F000910A6B0E0C640E0001656F060E9F
:10244000666F1200EF0E656F200E666F2EEF92F032
:10245000FC0E656F200E666F2EEF92F065C03EF0A9
:1024600066C03FF078EF90F0202B000E212322234E
:102470002323000C0001656F65C09FF1120048C066
:1024800065F00001666B12000001656F65C0B8F170
:102490001200000E656F040E666F1200000E656F6D
:1024A0000A0E666F12000001666B656B37EF8CF0E9
:1024B0000001696F69516CEF81F00001686967691B
:1024C000E2EF90F0000E67EC92F0B9841200000188
:1024D000656F65C03BFF1200C3EC92F092EF90F085
:1024E0000101B3B1010C000C0101B3B9010C000CE6
:1024F000010E01018F6F010C01A2050C050C050CEA
:1025000001A2010C010C010C01A2030C030C030C31
:1025100002010097C586040C020100910A6B0E0CA3
:10252000020100910A6B0E0C0F0122992289120000
:10253000FFFF10270164B9A4010C000C86B0010C48
:10254000000C80BE010C000C86B6010C000C83A6AA
:10255000010C000C000EF7EF64F0C58AC58812006C
:10256000706B716B1200C58AC588090CC58AC58855
:102570000A0CC59AC588050CAB98AB88120056EFBB
:1025800012F077EF5DF05DEF71F0EEEF8AF07FEF24
:1025900068F07FEF68F02EEF91F05F501200C58475
:1025A0001200C58212009E961200F8EF8EF0456A66
:1025B0001200A7EF70F013EF82F083EF4AF0C584AA
:1025C000000CC582010CC582020CC582010CA196CB
:1025D0001200DEEF4AF0B8EF61F02EEF89F018EF4D
:1025E0008CF0FAEF8CF012001200120012001200B0
:1025F00012001200FFD7050C010C030C1200120090
:102600001200120012001200FFFFFFFFFFFFFFFF8A
:10261000FFFFFFFFFFFFFFFFFFFFFFFFFFFFFFFFCA
:10262000FFFFFFFFFFFFFFFFFFFFFFFFFFFFFFFFBA
:10263000FFFFFFFFFFFFFFFFFFFFFFFFFFFFFFFFAA
:10264000FFFFFFFFFFFFFFFFFFFFFFFFFFFFFFFF9A
:10265000FFFFFFFFFFFFFFFFFFFFFFFFFFFFFFFF8A
:10266000FFFFFFFFFFFFFFFFFFFFFFFFFFFFFFFF7A
:10267000FFFFFFFFFFFFFFFFFFFFFFFFFFFFFFFF6A
:10268000FFFFFFFFFFFFFFFFFFFFFFFFFFFFFFFF5A
:10269000FFFFFFFFFFFFFFFFFFFFFFFFFFFFFFFF4A
:1026A000FFFFFFFFFFFFFFFFFFFFFFFFFFFFFFFF3A
:1026B000FFFFFFFFFFFFFFFFFFFFFFFFFFFFFFFF2A
:1026C000FFFFFFFFFFFFFFFFFFFFFFFFFFFFFFFF1A
:1026D000FFFFFFFFFFFFFFFFFFFFFFFFFFFFFFFF0A
:1026E000FFFFFFFFFFFFFFFFFFFFFFFFFFFFFFFFFA
:1026F000FFFFFFFFFFFFFFFFFFFFFFFFFFFFFFFFEA
:10270000FFFFFFFFFFFFFFFFFFFFFFFFFFFFFFFFD9
:10271000FFFFFFFFFFFFFFFFFFFFFFFFFFFFFFFFC9
:10272000FFFFFFFFFFFFFFFFFFFFFFFFFFFFFFFFB9
:10273000FFFFFFFFFFFFFFFFFFFFFFFFFFFFFFFFA9
:10274000FFFFFFFFFFFFFFFFFFFFFFFFFFFFFFFF99
:10275000FFFFFFFFFFFFFFFFFFFFFFFFFFFFFFFF89
:10276000FFFFFFFFFFFFFFFFFFFFFFFFFFFFFFFF79
:10277000FFFFFFFFFFFFFFFFFFFFFFFFFFFFFFFF69
:10278000FFFFFFFFFFFFFFFFFFFFFFFFFFFFFFFF59
:10279000FFFFFFFFFFFFFFFFFFFFFFFFFFFFFFFF49
:1027A000FFFFFFFFFFFFFFFFFFFFFFFFFFFFFFFF39
:1027B000FFFFFFFFFFFFFFFFFFFFFFFFFFFFFFFF29
:1027C000FFFFFFFFFFFFFFFFFFFFFFFFFFFFFFFF19
:1027D000FFFFFFFFFFFFFFFFFFFFFFFFFFFFFFFF09
:1027E000FFFFFFFFFFFFFFFFFFFFFFFFFFFFFFFFF9
:1027F000FFFFFFFFFFFFFFFFFFFFFFFFFFFFFFFFE9
:10280000FFFFFFFFFFFFFFFFFFFFFFFFFFFFFFFFD8
:10281000FFFFFFFFFFFFFFFFFFFFFFFFFFFFFFFFC8
:10282000FFFFFFFFFFFFFFFFFFFFFFFFFFFFFFFFB8
:10283000FFFFFFFFFFFFFFFFFFFFFFFFFFFFFFFFA8
:10284000FFFFFFFFFFFFFFFFFFFFFFFFFFFFFFFF98
:10285000FFFFFFFFFFFFFFFFFFFFFFFFFFFFFFFF88
:10286000FFFFFFFFFFFFFFFFFFFFFFFFFFFFFFFF78
:10287000FFFFFFFFFFFFFFFFFFFFFFFFFFFFFFFF68
:10288000FFFFFFFFFFFFFFFFFFFFFFFFFFFFFFFF58
:10289000FFFFFFFFFFFFFFFFFFFFFFFFFFFFFFFF48
:1028A000FFFFFFFFFFFFFFFFFFFFFFFFFFFFFFFF38
:1028B000FFFFFFFFFFFFFFFFFFFFFFFFFFFFFFFF28
:1028C000FFFFFFFFFFFFFFFFFFFFFFFFFFFFFFFF18
:1028D000FFFFFFFFFFFFFFFFFFFFFFFFFFFFFFFF08
:1028E000FFFFFFFFFFFFFFFFFFFFFFFFFFFFFFFFF8
:1028F000FFFFFFFFFFFFFFFFFFFFFFFFFFFFFFFFE8
:10290000FFFFFFFFFFFFFFFFFFFFFFFFFFFFFFFFD7
:10291000FFFFFFFFFFFFFFFFFFFFFFFFFFFFFFFFC7
:10292000FFFFFFFFFFFFFFFFFFFFFFFFFFFFFFFFB7
:10293000FFFFFFFFFFFFFFFFFFFFFFFFFFFFFFFFA7
:10294000FFFFFFFFFFFFFFFFFFFFFFFFFFFFFFFF97
:10295000FFFFFFFFFFFFFFFFFFFFFFFFFFFFFFFF87
:10296000FFFFFFFFFFFFFFFFFFFFFFFFFFFFFFFF77
:10297000FFFFFFFFFFFFFFFFFFFFFFFFFFFFFFFF67
:10298000FFFFFFFFFFFFFFFFFFFFFFFFFFFFFFFF57
:10299000FFFFFFFFFFFFFFFFFFFFFFFFFFFFFFFF47
:1029A000FFFFFFFFFFFFFFFFFFFFFFFFFFFFFFFF37
:1029B000FFFFFFFFFFFFFFFFFFFFFFFFFFFFFFFF27
:1029C000FFFFFFFFFFFFFFFFFFFFFFFFFFFFFFFF17
:1029D000FFFFFFFFFFFFFFFFFFFFFFFFFFFFFFFF07
:1029E000FFFFFFFFFFFFFFFFFFFFFFFFFFFFFFFFF7
:1029F000FFFFFFFFFFFFFFFFFFFFFFFFFFFFFFFFE7
:102A0000FFFFFFFFFFFFFFFFFFFFFFFFFFFFFFFFD6
:102A1000FFFFFFFFFFFFFFFFFFFFFFFFFFFFFFFFC6
:102A2000FFFFFFFFFFFFFFFFFFFFFFFFFFFFFFFFB6
:102A3000FFFFFFFFFFFFFFFFFFFFFFFFFFFFFFFFA6
:102A4000FFFFFFFFFFFFFFFFFFFFFFFFFFFFFFFF96
:102A5000FFFFFFFFFFFFFFFFFFFFFFFFFFFFFFFF86
:102A6000FFFFFFFFFFFFFFFFFFFFFFFFFFFFFFFF76
:102A7000FFFFFFFFFFFFFFFFFFFFFFFFFFFFFFFF66
:102A8000FFFFFFFFFFFFFFFFFFFFFFFFFFFFFFFF56
:102A9000FFFFFFFFFFFFFFFFFFFFFFFFFFFFFFFF46
:102AA000FFFFFFFFFFFFFFFFFFFFFFFFFFFFFFFF36
:102AB000FFFFFFFFFFFFFFFFFFFFFFFFFFFFFFFF26
:102AC000FFFFFFFFFFFFFFFFFFFFFFFFFFFFFFFF16
:102AD000FFFFFFFFFFFFFFFFFFFFFFFFFFFFFFFF06
:102AE000FFFFFFFFFFFFFFFFFFFFFFFFFFFFFFFFF6
:102AF000FFFFFFFFFFFFFFFFFFFFFFFFFFFFFFFFE6
:102B0000FFFFFFFFFFFFFFFFFFFFFFFFFFFFFFFFD5
:102B1000FFFFFFFFFFFFFFFFFFFFFFFFFFFFFFFFC5
:102B2000FFFFFFFFFFFFFFFFFFFFFFFFFFFFFFFFB5
:102B3000FFFFFFFFFFFFFFFFFFFFFFFFFFFFFFFFA5
:102B4000FFFFFFFFFFFFFFFFFFFFFFFFFFFFFFFF95
:102B5000FFFFFFFFFFFFFFFFFFFFFFFFFFFFFFFF85
:102B6000FFFFFFFFFFFFFFFFFFFFFFFFFFFFFFFF75
:102B7000FFFFFFFFFFFFFFFFFFFFFFFFFFFFFFFF65
:102B8000FFFFFFFFFFFFFFFFFFFFFFFFFFFFFFFF55
:102B9000FFFFFFFFFFFFFFFFFFFFFFFFFFFFFFFF45
:102BA000FFFFFFFFFFFFFFFFFFFFFFFFFFFFFFFF35
:102BB000FFFFFFFFFFFFFFFFFFFFFFFFFFFFFFFF25
:102BC000FFFFFFFFFFFFFFFFFFFFFFFFFFFFFFFF15
:102BD000FFFFFFFFFFFFFFFFFFFFFFFFFFFFFFFF05
:102BE000FFFFFFFFFFFFFFFFFFFFFFFFFFFFFFFFF5
:102BF000FFFFFFFFFFFFFFFFFFFFFFFFFFFFFFFFE5
:102C0000FFFFFFFFFFFFFFFFFFFFFFFFFFFFFFFFD4
:102C1000FFFFFFFFFFFFFFFFFFFFFFFFFFFFFFFFC4
:102C2000FFFFFFFFFFFFFFFFFFFFFFFFFFFFFFFFB4
:102C3000FFFFFFFFFFFFFFFFFFFFFFFFFFFFFFFFA4
:102C4000FFFFFFFFFFFFFFFFFFFFFFFFFFFFFFFF94
:102C5000FFFFFFFFFFFFFFFFFFFFFFFFFFFFFFFF84
:102C6000FFFFFFFFFFFFFFFFFFFFFFFFFFFFFFFF74
:102C7000FFFFFFFFFFFFFFFFFFFFFFFFFFFFFFFF64
:102C8000FFFFFFFFFFFFFFFFFFFFFFFFFFFFFFFF54
:102C9000FFFFFFFFFFFFFFFFFFFFFFFFFFFFFFFF44
:102CA000FFFFFFFFFFFFFFFFFFFFFFFFFFFFFFFF34
:102CB000FFFFFFFFFFFFFFFFFFFFFFFFFFFFFFFF24
:102CC000FFFFFFFFFFFFFFFFFFFFFFFFFFFFFFFF14
:102CD000FFFFFFFFFFFFFFFFFFFFFFFFFFFFFFFF04
:102CE000FFFFFFFFFFFFFFFFFFFFFFFFFFFFFFFFF4
:102CF000FFFFFFFFFFFFFFFFFFFFFFFFFFFFFFFFE4
:102D0000FFFFFFFFFFFFFFFFFFFFFFFFFFFFFFFFD3
:102D1000FFFFFFFFFFFFFFFFFFFFFFFFFFFFFFFFC3
:102D2000FFFFFFFFFFFFFFFFFFFFFFFFFFFFFFFFB3
:102D3000FFFFFFFFFFFFFFFFFFFFFFFFFFFFFFFFA3
:102D4000FFFFFFFFFFFFFFFFFFFFFFFFFFFFFFFF93
:102D5000FFFFFFFFFFFFFFFFFFFFFFFFFFFFFFFF83
:102D6000FFFFFFFFFFFFFFFFFFFFFFFFFFFFFFFF73
:102D7000FFFFFFFFFFFFFFFFFFFFFFFFFFFFFFFF63
:102D8000FFFFFFFFFFFFFFFFFFFFFFFFFFFFFFFF53
:102D9000FFFFFFFFFFFFFFFFFFFFFFFFFFFFFFFF43
:102DA000FFFFFFFFFFFFFFFFFFFFFFFFFFFFFFFF33
:102DB000FFFFFFFFFFFFFFFFFFFFFFFFFFFFFFFF23
:102DC000FFFFFFFFFFFFFFFFFFFFFFFFFFFFFFFF13
:102DD000FFFFFFFFFFFFFFFFFFFFFFFFFFFFFFFF03
:102DE000FFFFFFFFFFFFFFFFFFFFFFFFFFFFFFFFF3
:102DF000FFFFFFFFFFFFFFFFFFFFFFFFFFFFFFFFE3
:102E0000FFFFFFFFFFFFFFFFFFFFFFFFFFFFFFFFD2
:102E1000FFFFFFFFFFFFFFFFFFFFFFFFFFFFFFFFC2
:102E2000FFFFFFFFFFFFFFFFFFFFFFFFFFFFFFFFB2
:102E3000FFFFFFFFFFFFFFFFFFFFFFFFFFFFFFFFA2
:102E4000FFFFFFFFFFFFFFFFFFFFFFFFFFFFFFFF92
:102E5000FFFFFFFFFFFFFFFFFFFFFFFFFFFFFFFF82
:102E6000FFFFFFFFFFFFFFFFFFFFFFFFFFFFFFFF72
:102E7000FFFFFFFFFFFFFFFFFFFFFFFFFFFFFFFF62
:102E8000FFFFFFFFFFFFFFFFFFFFFFFFFFFFFFFF52
:102E9000FFFFFFFFFFFFFFFFFFFFFFFFFFFFFFFF42
:102EA000FFFFFFFFFFFFFFFFFFFFFFFFFFFFFFFF32
:102EB000FFFFFFFFFFFFFFFFFFFFFFFFFFFFFFFF22
:102EC000FFFFFFFFFFFFFFFFFFFFFFFFFFFFFFFF12
:102ED000FFFFFFFFFFFFFFFFFFFFFFFFFFFFFFFF02
:102EE000FFFFFFFFFFFFFFFFFFFFFFFFFFFFFFFFF2
:102EF000FFFFFFFFFFFFFFFFFFFFFFFFFFFFFFFFE2
:102F0000FFFFFFFFFFFFFFFFFFFFFFFFFFFFFFFFD1
:102F1000FFFFFFFFFFFFFFFFFFFFFFFFFFFFFFFFC1
:102F2000FFFFFFFFFFFFFFFFFFFFFFFFFFFFFFFFB1
:102F3000FFFFFFFFFFFFFFFFFFFFFFFFFFFFFFFFA1
:102F4000FFFFFFFFFFFFFFFFFFFFFFFFFFFFFFFF91
:102F5000FFFFFFFFFFFFFFFFFFFFFFFFFFFFFFFF81
:102F6000FFFFFFFFFFFFFFFFFFFFFFFFFFFFFFFF71
:102F7000FFFFFFFFFFFFFFFFFFFFFFFFFFFFFFFF61
:102F8000FFFFFFFFFFFFFFFFFFFFFFFFFFFFFFFF51
:102F9000FFFFFFFFFFFFFFFFFFFFFFFFFFFFFFFF41
:102FA000FFFFFFFFFFFFFFFFFFFFFFFFFFFFFFFF31
:102FB000FFFFFFFFFFFFFFFFFFFFFFFFFFFFFFFF21
:102FC000FFFFFFFFFFFFFFFFFFFFFFFFFFFFFFFF11
:102FD000FFFFFFFFFFFFFFFFFFFFFFFFFFFFFFFF01
:102FE000FFFFFFFFFFFFFFFFFFFFFFFFFFFFFFFFF1
:102FF000FFFFFFFFFFFFFFFFFFFFFFFFFFFFFFFFE1
:10300000FFFFFFFFFFFFFFFFFFFFFFFFFFFFFFFFD0
:10301000FFFFFFFFFFFFFFFFFFFFFFFFFFFFFFFFC0
:10302000FFFFFFFFFFFFFFFFFFFFFFFFFFFFFFFFB0
:10303000FFFFFFFFFFFFFFFFFFFFFFFFFFFFFFFFA0
:10304000FFFFFFFFFFFFFFFFFFFFFFFFFFFFFFFF90
:10305000FFFFFFFFFFFFFFFFFFFFFFFFFFFFFFFF80
:10306000FFFFFFFFFFFFFFFFFFFFFFFFFFFFFFFF70
:10307000FFFFFFFFFFFFFFFFFFFFFFFFFFFFFFFF60
:10308000FFFFFFFFFFFFFFFFFFFFFFFFFFFFFFFF50
:10309000FFFFFFFFFFFFFFFFFFFFFFFFFFFFFFFF40
:1030A000FFFFFFFFFFFFFFFFFFFFFFFFFFFFFFFF30
:1030B000FFFFFFFFFFFFFFFFFFFFFFFFFFFFFFFF20
:1030C000FFFFFFFFFFFFFFFFFFFFFFFFFFFFFFFF10
:1030D000FFFFFFFFFFFFFFFFFFFFFFFFFFFFFFFF00
:1030E000FFFFFFFFFFFFFFFFFFFFFFFFFFFFFFFFF0
:1030F000FFFFFFFFFFFFFFFFFFFFFFFFFFFFFFFFE0
:10310000FFFFFFFFFFFFFFFFFFFFFFFFFFFFFFFFCF
:10311000FFFFFFFFFFFFFFFFFFFFFFFFFFFFFFFFBF
:10312000FFFFFFFFFFFFFFFFFFFFFFFFFFFFFFFFAF
:10313000FFFFFFFFFFFFFFFFFFFFFFFFFFFFFFFF9F
:10314000FFFFFFFFFFFFFFFFFFFFFFFFFFFFFFFF8F
:10315000FFFFFFFFFFFFFFFFFFFFFFFFFFFFFFFF7F
:10316000FFFFFFFFFFFFFFFFFFFFFFFFFFFFFFFF6F
:10317000FFFFFFFFFFFFFFFFFFFFFFFFFFFFFFFF5F
:10318000FFFFFFFFFFFFFFFFFFFFFFFFFFFFFFFF4F
:10319000FFFFFFFFFFFFFFFFFFFFFFFFFFFFFFFF3F
:1031A000FFFFFFFFFFFFFFFFFFFFFFFFFFFFFFFF2F
:1031B000FFFFFFFFFFFFFFFFFFFFFFFFFFFFFFFF1F
:1031C000FFFFFFFFFFFFFFFFFFFFFFFFFFFFFFFF0F
:1031D000FFFFFFFFFFFFFFFFFFFFFFFFFFFFFFFFFF
:1031E000FFFFFFFFFFFFFFFFFFFFFFFFFFFFFFFFEF
:1031F000FFFFFFFFFFFFFFFFFFFFFFFFFFFFFFFFDF
:10320000FFFFFFFFFFFFFFFFFFFFFFFFFFFFFFFFCE
:10321000FFFFFFFFFFFFFFFFFFFFFFFFFFFFFFFFBE
:10322000FFFFFFFFFFFFFFFFFFFFFFFFFFFFFFFFAE
:10323000FFFFFFFFFFFFFFFFFFFFFFFFFFFFFFFF9E
:10324000FFFFFFFFFFFFFFFFFFFFFFFFFFFFFFFF8E
:10325000FFFFFFFFFFFFFFFFFFFFFFFFFFFFFFFF7E
:10326000FFFFFFFFFFFFFFFFFFFFFFFFFFFFFFFF6E
:10327000FFFFFFFFFFFFFFFFFFFFFFFFFFFFFFFF5E
:10328000FFFFFFFFFFFFFFFFFFFFFFFFFFFFFFFF4E
:10329000FFFFFFFFFFFFFFFFFFFFFFFFFFFFFFFF3E
:1032A000FFFFFFFFFFFFFFFFFFFFFFFFFFFFFFFF2E
:1032B000FFFFFFFFFFFFFFFFFFFFFFFFFFFFFFFF1E
:1032C000FFFFFFFFFFFFFFFFFFFFFFFFFFFFFFFF0E
:1032D000FFFFFFFFFFFFFFFFFFFFFFFFFFFFFFFFFE
:1032E000FFFFFFFFFFFFFFFFFFFFFFFFFFFFFFFFEE
:1032F000FFFFFFFFFFFFFFFFFFFFFFFFFFFFFFFFDE
:10330000FFFFFFFFFFFFFFFFFFFFFFFFFFFFFFFFCD
:10331000FFFFFFFFFFFFFFFFFFFFFFFFFFFFFFFFBD
:10332000FFFFFFFFFFFFFFFFFFFFFFFFFFFFFFFFAD
:10333000FFFFFFFFFFFFFFFFFFFFFFFFFFFFFFFF9D
:10334000FFFFFFFFFFFFFFFFFFFFFFFFFFFFFFFF8D
:10335000FFFFFFFFFFFFFFFFFFFFFFFFFFFFFFFF7D
:10336000FFFFFFFFFFFFFFFFFFFFFFFFFFFFFFFF6D
:10337000FFFFFFFFFFFFFFFFFFFFFFFFFFFFFFFF5D
:10338000FFFFFFFFFFFFFFFFFFFFFFFFFFFFFFFF4D
:10339000FFFFFFFFFFFFFFFFFFFFFFFFFFFFFFFF3D
:1033A000FFFFFFFFFFFFFFFFFFFFFFFFFFFFFFFF2D
:1033B000FFFFFFFFFFFFFFFFFFFFFFFFFFFFFFFF1D
:1033C000FFFFFFFFFFFFFFFFFFFFFFFFFFFFFFFF0D
:1033D000FFFFFFFFFFFFFFFFFFFFFFFFFFFFFFFFFD
:1033E000FFFFFFFFFFFFFFFFFFFFFFFFFFFFFFFFED
:1033F000FFFFFFFFFFFFFFFFFFFFFFFFFFFFFFFFDD
:10340000FFFFFFFFFFFFFFFFFFFFFFFFFFFFFFFFCC
:10341000FFFFFFFFFFFFFFFFFFFFFFFFFFFFFFFFBC
:10342000FFFFFFFFFFFFFFFFFFFFFFFFFFFFFFFFAC
:10343000FFFFFFFFFFFFFFFFFFFFFFFFFFFFFFFF9C
:10344000FFFFFFFFFFFFFFFFFFFFFFFFFFFFFFFF8C
:10345000FFFFFFFFFFFFFFFFFFFFFFFFFFFFFFFF7C
:10346000FFFFFFFFFFFFFFFFFFFFFFFFFFFFFFFF6C
:10347000FFFFFFFFFFFFFFFFFFFFFFFFFFFFFFFF5C
:10348000FFFFFFFFFFFFFFFFFFFFFFFFFFFFFFFF4C
:10349000FFFFFFFFFFFFFFFFFFFFFFFFFFFFFFFF3C
:1034A000FFFFFFFFFFFFFFFFFFFFFFFFFFFFFFFF2C
:1034B000FFFFFFFFFFFFFFFFFFFFFFFFFFFFFFFF1C
:1034C000FFFFFFFFFFFFFFFFFFFFFFFFFFFFFFFF0C
:1034D000FFFFFFFFFFFFFFFFFFFFFFFFFFFFFFFFFC
:1034E000FFFFFFFFFFFFFFFFFFFFFFFFFFFFFFFFEC
:1034F000FFFFFFFFFFFFFFFFFFFFFFFFFFFFFFFFDC
:10350000FFFFFFFFFFFFFFFFFFFFFFFFFFFFFFFFCB
:10351000FFFFFFFFFFFFFFFFFFFFFFFFFFFFFFFFBB
:10352000FFFFFFFFFFFFFFFFFFFFFFFFFFFFFFFFAB
:10353000FFFFFFFFFFFFFFFFFFFFFFFFFFFFFFFF9B
:10354000FFFFFFFFFFFFFFFFFFFFFFFFFFFFFFFF8B
:10355000FFFFFFFFFFFFFFFFFFFFFFFFFFFFFFFF7B
:10356000FFFFFFFFFFFFFFFFFFFFFFFFFFFFFFFF6B
:10357000FFFFFFFFFFFFFFFFFFFFFFFFFFFFFFFF5B
:10358000FFFFFFFFFFFFFFFFFFFFFFFFFFFFFFFF4B
:10359000FFFFFFFFFFFFFFFFFFFFFFFFFFFFFFFF3B
:1035A000FFFFFFFFFFFFFFFFFFFFFFFFFFFFFFFF2B
:1035B000FFFFFFFFFFFFFFFFFFFFFFFFFFFFFFFF1B
:1035C000FFFFFFFFFFFFFFFFFFFFFFFFFFFFFFFF0B
:1035D000FFFFFFFFFFFFFFFFFFFFFFFFFFFFFFFFFB
:1035E000FFFFFFFFFFFFFFFFFFFFFFFFFFFFFFFFEB
:1035F000FFFFFFFFFFFFFFFFFFFFFFFFFFFFFFFFDB
:10360000FFFFFFFFFFFFFFFFFFFFFFFFFFFFFFFFCA
:10361000FFFFFFFFFFFFFFFFFFFFFFFFFFFFFFFFBA
:10362000FFFFFFFFFFFFFFFFFFFFFFFFFFFFFFFFAA
:10363000FFFFFFFFFFFFFFFFFFFFFFFFFFFFFFFF9A
:10364000FFFFFFFFFFFFFFFFFFFFFFFFFFFFFFFF8A
:10365000FFFFFFFFFFFFFFFFFFFFFFFFFFFFFFFF7A
:10366000FFFFFFFFFFFFFFFFFFFFFFFFFFFFFFFF6A
:10367000FFFFFFFFFFFFFFFFFFFFFFFFFFFFFFFF5A
:10368000FFFFFFFFFFFFFFFFFFFFFFFFFFFFFFFF4A
:10369000FFFFFFFFFFFFFFFFFFFFFFFFFFFFFFFF3A
:1036A000FFFFFFFFFFFFFFFFFFFFFFFFFFFFFFFF2A
:1036B000FFFFFFFFFFFFFFFFFFFFFFFFFFFFFFFF1A
:1036C000FFFFFFFFFFFFFFFFFFFFFFFFFFFFFFFF0A
:1036D000FFFFFFFFFFFFFFFFFFFFFFFFFFFFFFFFFA
:1036E000FFFFFFFFFFFFFFFFFFFFFFFFFFFFFFFFEA
:1036F000FFFFFFFFFFFFFFFFFFFFFFFFFFFFFFFFDA
:10370000FFFFFFFFFFFFFFFFFFFFFFFFFFFFFFFFC9
:10371000FFFFFFFFFFFFFFFFFFFFFFFFFFFFFFFFB9
:10372000FFFFFFFFFFFFFFFFFFFFFFFFFFFFFFFFA9
:10373000FFFFFFFFFFFFFFFFFFFFFFFFFFFFFFFF99
:10374000FFFFFFFFFFFFFFFFFFFFFFFFFFFFFFFF89
:10375000FFFFFFFFFFFFFFFFFFFFFFFFFFFFFFFF79
:10376000FFFFFFFFFFFFFFFFFFFFFFFFFFFFFFFF69
:10377000FFFFFFFFFFFFFFFFFFFFFFFFFFFFFFFF59
:10378000FFFFFFFFFFFFFFFFFFFFFFFFFFFFFFFF49
:10379000FFFFFFFFFFFFFFFFFFFFFFFFFFFFFFFF39
:1037A000FFFFFFFFFFFFFFFFFFFFFFFFFFFFFFFF29
:1037B000FFFFFFFFFFFFFFFFFFFFFFFFFFFFFFFF19
:1037C000FFFFFFFFFFFFFFFFFFFFFFFFFFFFFFFF09
:1037D000FFFFFFFFFFFFFFFFFFFFFFFFFFFFFFFFF9
:1037E000FFFFFFFFFFFFFFFFFFFFFFFFFFFFFFFFE9
:1037F000FFFFFFFFFFFFFFFFFFFFFFFFFFFFFFFFD9
:10380000FFFFFFFFFFFFFFFFFFFFFFFFFFFFFFFFC8
:10381000FFFFFFFFFFFFFFFFFFFFFFFFFFFFFFFFB8
:10382000FFFFFFFFFFFFFFFFFFFFFFFFFFFFFFFFA8
:10383000FFFFFFFFFFFFFFFFFFFFFFFFFFFFFFFF98
:10384000FFFFFFFFFFFFFFFFFFFFFFFFFFFFFFFF88
:10385000FFFFFFFFFFFFFFFFFFFFFFFFFFFFFFFF78
:10386000FFFFFFFFFFFFFFFFFFFFFFFFFFFFFFFF68
:10387000FFFFFFFFFFFFFFFFFFFFFFFFFFFFFFFF58
:10388000FFFFFFFFFFFFFFFFFFFFFFFFFFFFFFFF48
:10389000FFFFFFFFFFFFFFFFFFFFFFFFFFFFFFFF38
:1038A000FFFFFFFFFFFFFFFFFFFFFFFFFFFFFFFF28
:1038B000FFFFFFFFFFFFFFFFFFFFFFFFFFFFFFFF18
:1038C000FFFFFFFFFFFFFFFFFFFFFFFFFFFFFFFF08
:1038D000FFFFFFFFFFFFFFFFFFFFFFFFFFFFFFFFF8
:1038E000FFFFFFFFFFFFFFFFFFFFFFFFFFFFFFFFE8
:1038F000FFFFFFFFFFFFFFFFFFFFFFFFFFFFFFFFD8
:10390000FFFFFFFFFFFFFFFFFFFFFFFFFFFFFFFFC7
:10391000FFFFFFFFFFFFFFFFFFFFFFFFFFFFFFFFB7
:10392000FFFFFFFFFFFFFFFFFFFFFFFFFFFFFFFFA7
:10393000FFFFFFFFFFFFFFFFFFFFFFFFFFFFFFFF97
:10394000FFFFFFFFFFFFFFFFFFFFFFFFFFFFFFFF87
:10395000FFFFFFFFFFFFFFFFFFFFFFFFFFFFFFFF77
:10396000FFFFFFFFFFFFFFFFFFFFFFFFFFFFFFFF67
:10397000FFFFFFFFFFFFFFFFFFFFFFFFFFFFFFFF57
:10398000FFFFFFFFFFFFFFFFFFFFFFFFFFFFFFFF47
:10399000FFFFFFFFFFFFFFFFFFFFFFFFFFFFFFFF37
:1039A000FFFFFFFFFFFFFFFFFFFFFFFFFFFFFFFF27
:1039B000FFFFFFFFFFFFFFFFFFFFFFFFFFFFFFFF17
:1039C000FFFFFFFFFFFFFFFFFFFFFFFFFFFFFFFF07
:1039D000FFFFFFFFFFFFFFFFFFFFFFFFFFFFFFFFF7
:1039E000FFFFFFFFFFFFFFFFFFFFFFFFFFFFFFFFE7
:1039F000FFFFFFFFFFFFFFFFFFFFFFFFFFFFFFFFD7
:103A0000FFFFFFFFFFFFFFFFFFFFFFFFFFFFFFFFC6
:103A1000FFFFFFFFFFFFFFFFFFFFFFFFFFFFFFFFB6
:103A2000FFFFFFFFFFFFFFFFFFFFFFFFFFFFFFFFA6
:103A3000FFFFFFFFFFFFFFFFFFFFFFFFFFFFFFFF96
:103A4000FFFFFFFFFFFFFFFFFFFFFFFFFFFFFFFF86
:103A5000FFFFFFFFFFFFFFFFFFFFFFFFFFFFFFFF76
:103A6000FFFFFFFFFFFFFFFFFFFFFFFFFFFFFFFF66
:103A7000FFFFFFFFFFFFFFFFFFFFFFFFFFFFFFFF56
:103A8000FFFFFFFFFFFFFFFFFFFFFFFFFFFFFFFF46
:103A9000FFFFFFFFFFFFFFFFFFFFFFFFFFFFFFFF36
:103AA000FFFFFFFFFFFFFFFFFFFFFFFFFFFFFFFF26
:103AB000FFFFFFFFFFFFFFFFFFFFFFFFFFFFFFFF16
:103AC000FFFFFFFFFFFFFFFFFFFFFFFFFFFFFFFF06
:103AD000FFFFFFFFFFFFFFFFFFFFFFFFFFFFFFFFF6
:103AE000FFFFFFFFFFFFFFFFFFFFFFFFFFFFFFFFE6
:103AF000FFFFFFFFFFFFFFFFFFFFFFFFFFFFFFFFD6
:103B0000FFFFFFFFFFFFFFFFFFFFFFFFFFFFFFFFC5
:103B1000FFFFFFFFFFFFFFFFFFFFFFFFFFFFFFFFB5
:103B2000FFFFFFFFFFFFFFFFFFFFFFFFFFFFFFFFA5
:103B3000FFFFFFFFFFFFFFFFFFFFFFFFFFFFFFFF95
:103B4000FFFFFFFFFFFFFFFFFFFFFFFFFFFFFFFF85
:103B5000FFFFFFFFFFFFFFFFFFFFFFFFFFFFFFFF75
:103B6000FFFFFFFFFFFFFFFFFFFFFFFFFFFFFFFF65
:103B7000FFFFFFFFFFFFFFFFFFFFFFFFFFFFFFFF55
:103B8000FFFFFFFFFFFFFFFFFFFFFFFFFFFFFFFF45
:103B9000FFFFFFFFFFFFFFFFFFFFFFFFFFFFFFFF35
:103BA000FFFFFFFFFFFFFFFFFFFFFFFFFFFFFFFF25
:103BB000FFFFFFFFFFFFFFFFFFFFFFFFFFFFFFFF15
:103BC000FFFFFFFFFFFFFFFFFFFFFFFFFFFFFFFF05
:103BD000FFFFFFFFFFFFFFFFFFFFFFFFFFFFFFFFF5
:103BE000FFFFFFFFFFFFFFFFFFFFFFFFFFFFFFFFE5
:103BF000FFFFFFFFFFFFFFFFFFFFFFFFFFFFFFFFD5
:103C0000FFFFFFFFFFFFFFFFFFFFFFFFFFFFFFFFC4
:103C1000FFFFFFFFFFFFFFFFFFFFFFFFFFFFFFFFB4
:103C2000FFFFFFFFFFFFFFFFFFFFFFFFFFFFFFFFA4
:103C3000FFFFFFFFFFFFFFFFFFFFFFFFFFFFFFFF94
:103C4000FFFFFFFFFFFFFFFFFFFFFFFFFFFFFFFF84
:103C5000FFFFFFFFFFFFFFFFFFFFFFFFFFFFFFFF74
:103C6000FFFFFFFFFFFFFFFFFFFFFFFFFFFFFFFF64
:103C7000FFFFFFFFFFFFFFFFFFFFFFFFFFFFFFFF54
:103C8000FFFFFFFFFFFFFFFFFFFFFFFFFFFFFFFF44
:103C9000FFFFFFFFFFFFFFFFFFFFFFFFFFFFFFFF34
:103CA000FFFFFFFFFFFFFFFFFFFFFFFFFFFFFFFF24
:103CB000FFFFFFFFFFFFFFFFFFFFFFFFFFFFFFFF14
:103CC000FFFFFFFFFFFFFFFFFFFFFFFFFFFFFFFF04
:103CD000FFFFFFFFFFFFFFFFFFFFFFFFFFFFFFFFF4
:103CE000FFFFFFFFFFFFFFFFFFFFFFFFFFFFFFFFE4
:103CF000FFFFFFFFFFFFFFFFFFFFFFFFFFFFFFFFD4
:103D0000FFFFFFFFFFFFFFFFFFFFFFFFFFFFFFFFC3
:103D1000FFFFFFFFFFFFFFFFFFFFFFFFFFFFFFFFB3
:103D2000FFFFFFFFFFFFFFFFFFFFFFFFFFFFFFFFA3
:103D3000FFFFFFFFFFFFFFFFFFFFFFFFFFFFFFFF93
:103D4000FFFFFFFFFFFFFFFFFFFFFFFFFFFFFFFF83
:103D5000FFFFFFFFFFFFFFFFFFFFFFFFFFFFFFFF73
:103D6000FFFFFFFFFFFFFFFFFFFFFFFFFFFFFFFF63
:103D7000FFFFFFFFFFFFFFFFFFFFFFFFFFFFFFFF53
:103D8000FFFFFFFFFFFFFFFFFFFFFFFFFFFFFFFF43
:103D9000FFFFFFFFFFFFFFFFFFFFFFFFFFFFFFFF33
:103DA000FFFFFFFFFFFFFFFFFFFFFFFFFFFFFFFF23
:103DB000FFFFFFFFFFFFFFFFFFFFFFFFFFFFFFFF13
:103DC000FFFFFFFFFFFFFFFFFFFFFFFFFFFFFFFF03
:103DD000FFFFFFFFFFFFFFFFFFFFFFFFFFFFFFFFF3
:103DE000FFFFFFFFFFFFFFFFFFFFFFFFFFFFFFFFE3
:103DF000FFFFFFFFFFFFFFFFFFFFFFFFFFFFFFFFD3
:103E0000FFFFFFFFFFFFFFFFFFFFFFFFFFFFFFFFC2
:103E1000FFFFFFFFFFFFFFFFFFFFFFFFFFFFFFFFB2
:103E2000FFFFFFFFFFFFFFFFFFFFFFFFFFFFFFFFA2
:103E3000FFFFFFFFFFFFFFFFFFFFFFFFFFFFFFFF92
:103E4000FFFFFFFFFFFFFFFFFFFFFFFFFFFFFFFF82
:103E5000FFFFFFFFFFFFFFFFFFFFFFFFFFFFFFFF72
:103E6000FFFFFFFFFFFFFFFFFFFFFFFFFFFFFFFF62
:103E7000FFFFFFFFFFFFFFFFFFFFFFFFFFFFFFFF52
:103E8000FFFFFFFFFFFFFFFFFFFFFFFFFFFFFFFF42
:103E9000FFFFFFFFFFFFFFFFFFFFFFFFFFFFFFFF32
:103EA000FFFFFFFFFFFFFFFFFFFFFFFFFFFFFFFF22
:103EB000FFFFFFFFFFFFFFFFFFFFFFFFFFFFFFFF12
:103EC000FFFFFFFFFFFFFFFFFFFFFFFFFFFFFFFF02
:103ED000FFFFFFFFFFFFFFFFFFFFFFFFFFFFFFFFF2
:103EE000FFFFFFFFFFFFFFFFFFFFFFFFFFFFFFFFE2
:103EF000FFFFFFFFFFFFFFFFFFFFFFFFFFFFFFFFD2
:103F0000FFFFFFFFFFFFFFFFFFFFFFFFFFFFFFFFC1
:103F1000FFFFFFFFFFFFFFFFFFFFFFFFFFFFFFFFB1
:103F2000FFFFFFFFFFFFFFFFFFFFFFFFFFFFFFFFA1
:103F3000FFFFFFFFFFFFFFFFFFFFFFFFFFFFFFFF91
:103F4000FFFFFFFFFFFFFFFFFFFFFFFFFFFFFFFF81
:103F5000FFFFFFFFFFFFFFFFFFFFFFFFFFFFFFFF71
:103F6000FFFFFFFFFFFFFFFFFFFFFFFFFFFFFFFF61
:103F7000FFFFFFFFFFFFFFFFFFFFFFFFFFFFFFFF51
:103F8000FFFFFFFFFFFFFFFFFFFFFFFFFFFFFFFF41
:103F9000FFFFFFFFFFFFFFFFFFFFFFFFFFFFFFFF31
:103FA000FFFFFFFFFFFFFFFFFFFFFFFFFFFFFFFF21
:103FB000FFFFFFFFFFFFFFFFFFFFFFFFFFFFFFFF11
:103FC000FFFFFFFFFFFFFFFFFFFFFFFFFFFFFFFF01
:103FD000FFFFFFFFFFFFFFFFFFFFFFFFFFFFFFFFF1
:103FE000FFFFFFFFFFFFFFFFFFFFFFFFFFFFFFFFE1
:103FF000FFFFFFFFFFFFFFFFFFFFFFFFFFFFFFFFD1
:10400000FFFFFFFFFFFFFFFFFFFFFFFFFFFFFFFFC0
:10401000FFFFFFFFFFFFFFFFFFFFFFFFFFFFFFFFB0
:10402000FFFFFFFFFFFFFFFFFFFFFFFFFFFFFFFFA0
:10403000FFFFFFFFFFFFFFFFFFFFFFFFFFFFFFFF90
:10404000FFFFFFFFFFFFFFFFFFFFFFFFFFFFFFFF80
:10405000FFFFFFFFFFFFFFFFFFFFFFFFFFFFFFFF70
:10406000FFFFFFFFFFFFFFFFFFFFFFFFFFFFFFFF60
:10407000FFFFFFFFFFFFFFFFFFFFFFFFFFFFFFFF50
:10408000FFFFFFFFFFFFFFFFFFFFFFFFFFFFFFFF40
:10409000FFFFFFFFFFFFFFFFFFFFFFFFFFFFFFFF30
:1040A000FFFFFFFFFFFFFFFFFFFFFFFFFFFFFFFF20
:1040B000FFFFFFFFFFFFFFFFFFFFFFFFFFFFFFFF10
:1040C000FFFFFFFFFFFFFFFFFFFFFFFFFFFFFFFF00
:1040D000FFFFFFFFFFFFFFFFFFFFFFFFFFFFFFFFF0
:1040E000FFFFFFFFFFFFFFFFFFFFFFFFFFFFFFFFE0
:1040F000FFFFFFFFFFFFFFFFFFFFFFFFFFFFFFFFD0
:10410000FFFFFFFFFFFFFFFFFFFFFFFFFFFFFFFFBF
:10411000FFFFFFFFFFFFFFFFFFFFFFFFFFFFFFFFAF
:10412000FFFFFFFFFFFFFFFFFFFFFFFFFFFFFFFF9F
:10413000FFFFFFFFFFFFFFFFFFFFFFFFFFFFFFFF8F
:10414000FFFFFFFFFFFFFFFFFFFFFFFFFFFFFFFF7F
:10415000FFFFFFFFFFFFFFFFFFFFFFFFFFFFFFFF6F
:10416000FFFFFFFFFFFFFFFFFFFFFFFFFFFFFFFF5F
:10417000FFFFFFFFFFFFFFFFFFFFFFFFFFFFFFFF4F
:10418000FFFFFFFFFFFFFFFFFFFFFFFFFFFFFFFF3F
:10419000FFFFFFFFFFFFFFFFFFFFFFFFFFFFFFFF2F
:1041A000FFFFFFFFFFFFFFFFFFFFFFFFFFFFFFFF1F
:1041B000FFFFFFFFFFFFFFFFFFFFFFFFFFFFFFFF0F
:1041C000FFFFFFFFFFFFFFFFFFFFFFFFFFFFFFFFFF
:1041D000FFFFFFFFFFFFFFFFFFFFFFFFFFFFFFFFEF
:1041E000FFFFFFFFFFFFFFFFFFFFFFFFFFFFFFFFDF
:1041F000FFFFFFFFFFFFFFFFFFFFFFFFFFFFFFFFCF
:10420000FFFFFFFFFFFFFFFFFFFFFFFFFFFFFFFFBE
:10421000FFFFFFFFFFFFFFFFFFFFFFFFFFFFFFFFAE
:10422000FFFFFFFFFFFFFFFFFFFFFFFFFFFFFFFF9E
:10423000FFFFFFFFFFFFFFFFFFFFFFFFFFFFFFFF8E
:10424000FFFFFFFFFFFFFFFFFFFFFFFFFFFFFFFF7E
:10425000FFFFFFFFFFFFFFFFFFFFFFFFFFFFFFFF6E
:10426000FFFFFFFFFFFFFFFFFFFFFFFFFFFFFFFF5E
:10427000FFFFFFFFFFFFFFFFFFFFFFFFFFFFFFFF4E
:10428000FFFFFFFFFFFFFFFFFFFFFFFFFFFFFFFF3E
:10429000FFFFFFFFFFFFFFFFFFFFFFFFFFFFFFFF2E
:1042A000FFFFFFFFFFFFFFFFFFFFFFFFFFFFFFFF1E
:1042B000FFFFFFFFFFFFFFFFFFFFFFFFFFFFFFFF0E
:1042C000FFFFFFFFFFFFFFFFFFFFFFFFFFFFFFFFFE
:1042D000FFFFFFFFFFFFFFFFFFFFFFFFFFFFFFFFEE
:1042E000FFFFFFFFFFFFFFFFFFFFFFFFFFFFFFFFDE
:1042F000FFFFFFFFFFFFFFFFFFFFFFFFFFFFFFFFCE
:10430000FFFFFFFFFFFFFFFFFFFFFFFFFFFFFFFFBD
:10431000FFFFFFFFFFFFFFFFFFFFFFFFFFFFFFFFAD
:10432000FFFFFFFFFFFFFFFFFFFFFFFFFFFFFFFF9D
:10433000FFFFFFFFFFFFFFFFFFFFFFFFFFFFFFFF8D
:10434000FFFFFFFFFFFFFFFFFFFFFFFFFFFFFFFF7D
:10435000FFFFFFFFFFFFFFFFFFFFFFFFFFFFFFFF6D
:10436000FFFFFFFFFFFFFFFFFFFFFFFFFFFFFFFF5D
:10437000FFFFFFFFFFFFFFFFFFFFFFFFFFFFFFFF4D
:10438000FFFFFFFFFFFFFFFFFFFFFFFFFFFFFFFF3D
:10439000FFFFFFFFFFFFFFFFFFFFFFFFFFFFFFFF2D
:1043A000FFFFFFFFFFFFFFFFFFFFFFFFFFFFFFFF1D
:1043B000FFFFFFFFFFFFFFFFFFFFFFFFFFFFFFFF0D
:1043C000FFFFFFFFFFFFFFFFFFFFFFFFFFFFFFFFFD
:1043D000FFFFFFFFFFFFFFFFFFFFFFFFFFFFFFFFED
:1043E000FFFFFFFFFFFFFFFFFFFFFFFFFFFFFFFFDD
:1043F000FFFFFFFFFFFFFFFFFFFFFFFFFFFFFFFFCD
:10440000FFFFFFFFFFFFFFFFFFFFFFFFFFFFFFFFBC
:10441000FFFFFFFFFFFFFFFFFFFFFFFFFFFFFFFFAC
:10442000FFFFFFFFFFFFFFFFFFFFFFFFFFFFFFFF9C
:10443000FFFFFFFFFFFFFFFFFFFFFFFFFFFFFFFF8C
:10444000FFFFFFFFFFFFFFFFFFFFFFFFFFFFFFFF7C
:10445000FFFFFFFFFFFFFFFFFFFFFFFFFFFFFFFF6C
:10446000FFFFFFFFFFFFFFFFFFFFFFFFFFFFFFFF5C
:10447000FFFFFFFFFFFFFFFFFFFFFFFFFFFFFFFF4C
:10448000FFFFFFFFFFFFFFFFFFFFFFFFFFFFFFFF3C
:10449000FFFFFFFFFFFFFFFFFFFFFFFFFFFFFFFF2C
:1044A000FFFFFFFFFFFFFFFFFFFFFFFFFFFFFFFF1C
:1044B000FFFFFFFFFFFFFFFFFFFFFFFFFFFFFFFF0C
:1044C000FFFFFFFFFFFFFFFFFFFFFFFFFFFFFFFFFC
:1044D000FFFFFFFFFFFFFFFFFFFFFFFFFFFFFFFFEC
:1044E000FFFFFFFFFFFFFFFFFFFFFFFFFFFFFFFFDC
:1044F000FFFFFFFFFFFFFFFFFFFFFFFFFFFFFFFFCC
:10450000FFFFFFFFFFFFFFFFFFFFFFFFFFFFFFFFBB
:10451000FFFFFFFFFFFFFFFFFFFFFFFFFFFFFFFFAB
:10452000FFFFFFFFFFFFFFFFFFFFFFFFFFFFFFFF9B
:10453000FFFFFFFFFFFFFFFFFFFFFFFFFFFFFFFF8B
:10454000FFFFFFFFFFFFFFFFFFFFFFFFFFFFFFFF7B
:10455000FFFFFFFFFFFFFFFFFFFFFFFFFFFFFFFF6B
:10456000FFFFFFFFFFFFFFFFFFFFFFFFFFFFFFFF5B
:10457000FFFFFFFFFFFFFFFFFFFFFFFFFFFFFFFF4B
:10458000FFFFFFFFFFFFFFFFFFFFFFFFFFFFFFFF3B
:10459000FFFFFFFFFFFFFFFFFFFFFFFFFFFFFFFF2B
:1045A000FFFFFFFFFFFFFFFFFFFFFFFFFFFFFFFF1B
:1045B000FFFFFFFFFFFFFFFFFFFFFFFFFFFFFFFF0B
:1045C000FFFFFFFFFFFFFFFFFFFFFFFFFFFFFFFFFB
:1045D000FFFFFFFFFFFFFFFFFFFFFFFFFFFFFFFFEB
:1045E000FFFFFFFFFFFFFFFFFFFFFFFFFFFFFFFFDB
:1045F000FFFFFFFFFFFFFFFFFFFFFFFFFFFFFFFFCB
:10460000FFFFFFFFFFFFFFFFFFFFFFFFFFFFFFFFBA
:10461000FFFFFFFFFFFFFFFFFFFFFFFFFFFFFFFFAA
:10462000FFFFFFFFFFFFFFFFFFFFFFFFFFFFFFFF9A
:10463000FFFFFFFFFFFFFFFFFFFFFFFFFFFFFFFF8A
:10464000FFFFFFFFFFFFFFFFFFFFFFFFFFFFFFFF7A
:10465000FFFFFFFFFFFFFFFFFFFFFFFFFFFFFFFF6A
:10466000FFFFFFFFFFFFFFFFFFFFFFFFFFFFFFFF5A
:10467000FFFFFFFFFFFFFFFFFFFFFFFFFFFFFFFF4A
:10468000FFFFFFFFFFFFFFFFFFFFFFFFFFFFFFFF3A
:10469000FFFFFFFFFFFFFFFFFFFFFFFFFFFFFFFF2A
:1046A000FFFFFFFFFFFFFFFFFFFFFFFFFFFFFFFF1A
:1046B000FFFFFFFFFFFFFFFFFFFFFFFFFFFFFFFF0A
:1046C000FFFFFFFFFFFFFFFFFFFFFFFFFFFFFFFFFA
:1046D000FFFFFFFFFFFFFFFFFFFFFFFFFFFFFFFFEA
:1046E000FFFFFFFFFFFFFFFFFFFFFFFFFFFFFFFFDA
:1046F000FFFFFFFFFFFFFFFFFFFFFFFFFFFFFFFFCA
:10470000FFFFFFFFFFFFFFFFFFFFFFFFFFFFFFFFB9
:10471000FFFFFFFFFFFFFFFFFFFFFFFFFFFFFFFFA9
:10472000FFFFFFFFFFFFFFFFFFFFFFFFFFFFFFFF99
:10473000FFFFFFFFFFFFFFFFFFFFFFFFFFFFFFFF89
:10474000FFFFFFFFFFFFFFFFFFFFFFFFFFFFFFFF79
:10475000FFFFFFFFFFFFFFFFFFFFFFFFFFFFFFFF69
:10476000FFFFFFFFFFFFFFFFFFFFFFFFFFFFFFFF59
:10477000FFFFFFFFFFFFFFFFFFFFFFFFFFFFFFFF49
:10478000FFFFFFFFFFFFFFFFFFFFFFFFFFFFFFFF39
:10479000FFFFFFFFFFFFFFFFFFFFFFFFFFFFFFFF29
:1047A000FFFFFFFFFFFFFFFFFFFFFFFFFFFFFFFF19
:1047B000FFFFFFFFFFFFFFFFFFFFFFFFFFFFFFFF09
:1047C000FFFFFFFFFFFFFFFFFFFFFFFFFFFFFFFFF9
:1047D000FFFFFFFFFFFFFFFFFFFFFFFFFFFFFFFFE9
:1047E000FFFFFFFFFFFFFFFFFFFFFFFFFFFFFFFFD9
:1047F000FFFFFFFFFFFFFFFFFFFFFFFFFFFFFFFFC9
:10480000FFFFFFFFFFFFFFFFFFFFFFFFFFFFFFFFB8
:10481000FFFFFFFFFFFFFFFFFFFFFFFFFFFFFFFFA8
:10482000FFFFFFFFFFFFFFFFFFFFFFFFFFFFFFFF98
:10483000FFFFFFFFFFFFFFFFFFFFFFFFFFFFFFFF88
:10484000FFFFFFFFFFFFFFFFFFFFFFFFFFFFFFFF78
:10485000FFFFFFFFFFFFFFFFFFFFFFFFFFFFFFFF68
:10486000FFFFFFFFFFFFFFFFFFFFFFFFFFFFFFFF58
:10487000FFFFFFFFFFFFFFFFFFFFFFFFFFFFFFFF48
:10488000FFFFFFFFFFFFFFFFFFFFFFFFFFFFFFFF38
:10489000FFFFFFFFFFFFFFFFFFFFFFFFFFFFFFFF28
:1048A000FFFFFFFFFFFFFFFFFFFFFFFFFFFFFFFF18
:1048B000FFFFFFFFFFFFFFFFFFFFFFFFFFFFFFFF08
:1048C000FFFFFFFFFFFFFFFFFFFFFFFFFFFFFFFFF8
:1048D000FFFFFFFFFFFFFFFFFFFFFFFFFFFFFFFFE8
:1048E000FFFFFFFFFFFFFFFFFFFFFFFFFFFFFFFFD8
:1048F000FFFFFFFFFFFFFFFFFFFFFFFFFFFFFFFFC8
:10490000FFFFFFFFFFFFFFFFFFFFFFFFFFFFFFFFB7
:10491000FFFFFFFFFFFFFFFFFFFFFFFFFFFFFFFFA7
:10492000FFFFFFFFFFFFFFFFFFFFFFFFFFFFFFFF97
:10493000FFFFFFFFFFFFFFFFFFFFFFFFFFFFFFFF87
:10494000FFFFFFFFFFFFFFFFFFFFFFFFFFFFFFFF77
:10495000FFFFFFFFFFFFFFFFFFFFFFFFFFFFFFFF67
:10496000FFFFFFFFFFFFFFFFFFFFFFFFFFFFFFFF57
:10497000FFFFFFFFFFFFFFFFFFFFFFFFFFFFFFFF47
:10498000FFFFFFFFFFFFFFFFFFFFFFFFFFFFFFFF37
:10499000FFFFFFFFFFFFFFFFFFFFFFFFFFFFFFFF27
:1049A000FFFFFFFFFFFFFFFFFFFFFFFFFFFFFFFF17
:1049B000FFFFFFFFFFFFFFFFFFFFFFFFFFFFFFFF07
:1049C000FFFFFFFFFFFFFFFFFFFFFFFFFFFFFFFFF7
:1049D000FFFFFFFFFFFFFFFFFFFFFFFFFFFFFFFFE7
:1049E000FFFFFFFFFFFFFFFFFFFFFFFFFFFFFFFFD7
:1049F000FFFFFFFFFFFFFFFFFFFFFFFFFFFFFFFFC7
:104A0000FFFFFFFFFFFFFFFFFFFFFFFFFFFFFFFFB6
:104A1000FFFFFFFFFFFFFFFFFFFFFFFFFFFFFFFFA6
:104A2000FFFFFFFFFFFFFFFFFFFFFFFFFFFFFFFF96
:104A3000FFFFFFFFFFFFFFFFFFFFFFFFFFFFFFFF86
:104A4000FFFFFFFFFFFFFFFFFFFFFFFFFFFFFFFF76
:104A5000FFFFFFFFFFFFFFFFFFFFFFFFFFFFFFFF66
:104A6000FFFFFFFFFFFFFFFFFFFFFFFFFFFFFFFF56
:104A7000FFFFFFFFFFFFFFFFFFFFFFFFFFFFFFFF46
:104A8000FFFFFFFFFFFFFFFFFFFFFFFFFFFFFFFF36
:104A9000FFFFFFFFFFFFFFFFFFFFFFFFFFFFFFFF26
:104AA000FFFFFFFFFFFFFFFFFFFFFFFFFFFFFFFF16
:104AB000FFFFFFFFFFFFFFFFFFFFFFFFFFFFFFFF06
:104AC000FFFFFFFFFFFFFFFFFFFFFFFFFFFFFFFFF6
:104AD000FFFFFFFFFFFFFFFFFFFFFFFFFFFFFFFFE6
:104AE000FFFFFFFFFFFFFFFFFFFFFFFFFFFFFFFFD6
:104AF000FFFFFFFFFFFFFFFFFFFFFFFFFFFFFFFFC6
:104B0000FFFFFFFFFFFFFFFFFFFFFFFFFFFFFFFFB5
:104B1000FFFFFFFFFFFFFFFFFFFFFFFFFFFFFFFFA5
:104B2000FFFFFFFFFFFFFFFFFFFFFFFFFFFFFFFF95
:104B3000FFFFFFFFFFFFFFFFFFFFFFFFFFFFFFFF85
:104B4000FFFFFFFFFFFFFFFFFFFFFFFFFFFFFFFF75
:104B5000FFFFFFFFFFFFFFFFFFFFFFFFFFFFFFFF65
:104B6000FFFFFFFFFFFFFFFFFFFFFFFFFFFFFFFF55
:104B7000FFFFFFFFFFFFFFFFFFFFFFFFFFFFFFFF45
:104B8000FFFFFFFFFFFFFFFFFFFFFFFFFFFFFFFF35
:104B9000FFFFFFFFFFFFFFFFFFFFFFFFFFFFFFFF25
:104BA000FFFFFFFFFFFFFFFFFFFFFFFFFFFFFFFF15
:104BB000FFFFFFFFFFFFFFFFFFFFFFFFFFFFFFFF05
:104BC000FFFFFFFFFFFFFFFFFFFFFFFFFFFFFFFFF5
:104BD000FFFFFFFFFFFFFFFFFFFFFFFFFFFFFFFFE5
:104BE000FFFFFFFFFFFFFFFFFFFFFFFFFFFFFFFFD5
:104BF000FFFFFFFFFFFFFFFFFFFFFFFFFFFFFFFFC5
:104C0000FFFFFFFFFFFFFFFFFFFFFFFFFFFFFFFFB4
:104C1000FFFFFFFFFFFFFFFFFFFFFFFFFFFFFFFFA4
:104C2000FFFFFFFFFFFFFFFFFFFFFFFFFFFFFFFF94
:104C3000FFFFFFFFFFFFFFFFFFFFFFFFFFFFFFFF84
:104C4000FFFFFFFFFFFFFFFFFFFFFFFFFFFFFFFF74
:104C5000FFFFFFFFFFFFFFFFFFFFFFFFFFFFFFFF64
:104C6000FFFFFFFFFFFFFFFFFFFFFFFFFFFFFFFF54
:104C7000FFFFFFFFFFFFFFFFFFFFFFFFFFFFFFFF44
:104C8000FFFFFFFFFFFFFFFFFFFFFFFFFFFFFFFF34
:104C9000FFFFFFFFFFFFFFFFFFFFFFFFFFFFFFFF24
:104CA000FFFFFFFFFFFFFFFFFFFFFFFFFFFFFFFF14
:104CB000FFFFFFFFFFFFFFFFFFFFFFFFFFFFFFFF04
:104CC000FFFFFFFFFFFFFFFFFFFFFFFFFFFFFFFFF4
:104CD000FFFFFFFFFFFFFFFFFFFFFFFFFFFFFFFFE4
:104CE000FFFFFFFFFFFFFFFFFFFFFFFFFFFFFFFFD4
:104CF000FFFFFFFFFFFFFFFFFFFFFFFFFFFFFFFFC4
:104D0000FFFFFFFFFFFFFFFFFFFFFFFFFFFFFFFFB3
:104D1000FFFFFFFFFFFFFFFFFFFFFFFFFFFFFFFFA3
:104D2000FFFFFFFFFFFFFFFFFFFFFFFFFFFFFFFF93
:104D3000FFFFFFFFFFFFFFFFFFFFFFFFFFFFFFFF83
:104D4000FFFFFFFFFFFFFFFFFFFFFFFFFFFFFFFF73
:104D5000FFFFFFFFFFFFFFFFFFFFFFFFFFFFFFFF63
:104D6000FFFFFFFFFFFFFFFFFFFFFFFFFFFFFFFF53
:104D7000FFFFFFFFFFFFFFFFFFFFFFFFFFFFFFFF43
:104D8000FFFFFFFFFFFFFFFFFFFFFFFFFFFFFFFF33
:104D9000FFFFFFFFFFFFFFFFFFFFFFFFFFFFFFFF23
:104DA000FFFFFFFFFFFFFFFFFFFFFFFFFFFFFFFF13
:104DB000FFFFFFFFFFFFFFFFFFFFFFFFFFFFFFFF03
:104DC000FFFFFFFFFFFFFFFFFFFFFFFFFFFFFFFFF3
:104DD000FFFFFFFFFFFFFFFFFFFFFFFFFFFFFFFFE3
:104DE000FFFFFFFFFFFFFFFFFFFFFFFFFFFFFFFFD3
:104DF000FFFFFFFFFFFFFFFFFFFFFFFFFFFFFFFFC3
:104E0000FFFFFFFFFFFFFFFFFFFFFFFFFFFFFFFFB2
:104E1000FFFFFFFFFFFFFFFFFFFFFFFFFFFFFFFFA2
:104E2000FFFFFFFFFFFFFFFFFFFFFFFFFFFFFFFF92
:104E3000FFFFFFFFFFFFFFFFFFFFFFFFFFFFFFFF82
:104E4000FFFFFFFFFFFFFFFFFFFFFFFFFFFFFFFF72
:104E5000FFFFFFFFFFFFFFFFFFFFFFFFFFFFFFFF62
:104E6000FFFFFFFFFFFFFFFFFFFFFFFFFFFFFFFF52
:104E7000FFFFFFFFFFFFFFFFFFFFFFFFFFFFFFFF42
:104E8000FFFFFFFFFFFFFFFFFFFFFFFFFFFFFFFF32
:104E9000FFFFFFFFFFFFFFFFFFFFFFFFFFFFFFFF22
:104EA000FFFFFFFFFFFFFFFFFFFFFFFFFFFFFFFF12
:104EB000FFFFFFFFFFFFFFFFFFFFFFFFFFFFFFFF02
:104EC000FFFFFFFFFFFFFFFFFFFFFFFFFFFFFFFFF2
:104ED000FFFFFFFFFFFFFFFFFFFFFFFFFFFFFFFFE2
:104EE000FFFFFFFFFFFFFFFFFFFFFFFFFFFFFFFFD2
:104EF000FFFFFFFFFFFFFFFFFFFFFFFFFFFFFFFFC2
:104F0000FFFFFFFFFFFFFFFFFFFFFFFFFFFFFFFFB1
:104F1000FFFFFFFFFFFFFFFFFFFFFFFFFFFFFFFFA1
:104F2000FFFFFFFFFFFFFFFFFFFFFFFFFFFFFFFF91
:104F3000FFFFFFFFFFFFFFFFFFFFFFFFFFFFFFFF81
:104F4000FFFFFFFFFFFFFFFFFFFFFFFFFFFFFFFF71
:104F5000FFFFFFFFFFFFFFFFFFFFFFFFFFFFFFFF61
:104F6000FFFFFFFFFFFFFFFFFFFFFFFFFFFFFFFF51
:104F7000FFFFFFFFFFFFFFFFFFFFFFFFFFFFFFFF41
:104F8000FFFFFFFFFFFFFFFFFFFFFFFFFFFFFFFF31
:104F9000FFFFFFFFFFFFFFFFFFFFFFFFFFFFFFFF21
:104FA000FFFFFFFFFFFFFFFFFFFFFFFFFFFFFFFF11
:104FB000FFFFFFFFFFFFFFFFFFFFFFFFFFFFFFFF01
:104FC000FFFFFFFFFFFFFFFFFFFFFFFFFFFFFFFFF1
:104FD000FFFFFFFFFFFFFFFFFFFFFFFFFFFFFFFFE1
:104FE000FFFFFFFFFFFFFFFFFFFFFFFFFFFFFFFFD1
:104FF000FFFFFFFFFFFFFFFFFFFFFFFFFFFFFFFFC1
:10500000FFFFFFFFFFFFFFFFFFFFFFFFFFFFFFFFB0
:10501000FFFFFFFFFFFFFFFFFFFFFFFFFFFFFFFFA0
:10502000FFFFFFFFFFFFFFFFFFFFFFFFFFFFFFFF90
:10503000FFFFFFFFFFFFFFFFFFFFFFFFFFFFFFFF80
:10504000FFFFFFFFFFFFFFFFFFFFFFFFFFFFFFFF70
:10505000FFFFFFFFFFFFFFFFFFFFFFFFFFFFFFFF60
:10506000FFFFFFFFFFFFFFFFFFFFFFFFFFFFFFFF50
:10507000FFFFFFFFFFFFFFFFFFFFFFFFFFFFFFFF40
:10508000FFFFFFFFFFFFFFFFFFFFFFFFFFFFFFFF30
:10509000FFFFFFFFFFFFFFFFFFFFFFFFFFFFFFFF20
:1050A000FFFFFFFFFFFFFFFFFFFFFFFFFFFFFFFF10
:1050B000FFFFFFFFFFFFFFFFFFFFFFFFFFFFFFFF00
:1050C000FFFFFFFFFFFFFFFFFFFFFFFFFFFFFFFFF0
:1050D000FFFFFFFFFFFFFFFFFFFFFFFFFFFFFFFFE0
:1050E000FFFFFFFFFFFFFFFFFFFFFFFFFFFFFFFFD0
:1050F000FFFFFFFFFFFFFFFFFFFFFFFFFFFFFFFFC0
:10510000FFFFFFFFFFFFFFFFFFFFFFFFFFFFFFFFAF
:10511000FFFFFFFFFFFFFFFFFFFFFFFFFFFFFFFF9F
:10512000FFFFFFFFFFFFFFFFFFFFFFFFFFFFFFFF8F
:10513000FFFFFFFFFFFFFFFFFFFFFFFFFFFFFFFF7F
:10514000FFFFFFFFFFFFFFFFFFFFFFFFFFFFFFFF6F
:10515000FFFFFFFFFFFFFFFFFFFFFFFFFFFFFFFF5F
:10516000FFFFFFFFFFFFFFFFFFFFFFFFFFFFFFFF4F
:10517000FFFFFFFFFFFFFFFFFFFFFFFFFFFFFFFF3F
:10518000FFFFFFFFFFFFFFFFFFFFFFFFFFFFFFFF2F
:10519000FFFFFFFFFFFFFFFFFFFFFFFFFFFFFFFF1F
:1051A000FFFFFFFFFFFFFFFFFFFFFFFFFFFFFFFF0F
:1051B000FFFFFFFFFFFFFFFFFFFFFFFFFFFFFFFFFF
:1051C000FFFFFFFFFFFFFFFFFFFFFFFFFFFFFFFFEF
:1051D000FFFFFFFFFFFFFFFFFFFFFFFFFFFFFFFFDF
:1051E000FFFFFFFFFFFFFFFFFFFFFFFFFFFFFFFFCF
:1051F000FFFFFFFFFFFFFFFFFFFFFFFFFFFFFFFFBF
:10520000FFFFFFFFFFFFFFFFFFFFFFFFFFFFFFFFAE
:10521000FFFFFFFFFFFFFFFFFFFFFFFFFFFFFFFF9E
:10522000FFFFFFFFFFFFFFFFFFFFFFFFFFFFFFFF8E
:10523000FFFFFFFFFFFFFFFFFFFFFFFFFFFFFFFF7E
:10524000FFFFFFFFFFFFFFFFFFFFFFFFFFFFFFFF6E
:10525000FFFFFFFFFFFFFFFFFFFFFFFFFFFFFFFF5E
:10526000FFFFFFFFFFFFFFFFFFFFFFFFFFFFFFFF4E
:10527000FFFFFFFFFFFFFFFFFFFFFFFFFFFFFFFF3E
:10528000FFFFFFFFFFFFFFFFFFFFFFFFFFFFFFFF2E
:10529000FFFFFFFFFFFFFFFFFFFFFFFFFFFFFFFF1E
:1052A000FFFFFFFFFFFFFFFFFFFFFFFFFFFFFFFF0E
:1052B000FFFFFFFFFFFFFFFFFFFFFFFFFFFFFFFFFE
:1052C000FFFFFFFFFFFFFFFFFFFFFFFFFFFFFFFFEE
:1052D000FFFFFFFFFFFFFFFFFFFFFFFFFFFFFFFFDE
:1052E000FFFFFFFFFFFFFFFFFFFFFFFFFFFFFFFFCE
:1052F000FFFFFFFFFFFFFFFFFFFFFFFFFFFFFFFFBE
:10530000FFFFFFFFFFFFFFFFFFFFFFFFFFFFFFFFAD
:10531000FFFFFFFFFFFFFFFFFFFFFFFFFFFFFFFF9D
:10532000FFFFFFFFFFFFFFFFFFFFFFFFFFFFFFFF8D
:10533000FFFFFFFFFFFFFFFFFFFFFFFFFFFFFFFF7D
:10534000FFFFFFFFFFFFFFFFFFFFFFFFFFFFFFFF6D
:10535000FFFFFFFFFFFFFFFFFFFFFFFFFFFFFFFF5D
:10536000FFFFFFFFFFFFFFFFFFFFFFFFFFFFFFFF4D
:10537000FFFFFFFFFFFFFFFFFFFFFFFFFFFFFFFF3D
:10538000FFFFFFFFFFFFFFFFFFFFFFFFFFFFFFFF2D
:10539000FFFFFFFFFFFFFFFFFFFFFFFFFFFFFFFF1D
:1053A000FFFFFFFFFFFFFFFFFFFFFFFFFFFFFFFF0D
:1053B000FFFFFFFFFFFFFFFFFFFFFFFFFFFFFFFFFD
:1053C000FFFFFFFFFFFFFFFFFFFFFFFFFFFFFFFFED
:1053D000FFFFFFFFFFFFFFFFFFFFFFFFFFFFFFFFDD
:1053E000FFFFFFFFFFFFFFFFFFFFFFFFFFFFFFFFCD
:1053F000FFFFFFFFFFFFFFFFFFFFFFFFFFFFFFFFBD
:10540000FFFFFFFFFFFFFFFFFFFFFFFFFFFFFFFFAC
:10541000FFFFFFFFFFFFFFFFFFFFFFFFFFFFFFFF9C
:10542000FFFFFFFFFFFFFFFFFFFFFFFFFFFFFFFF8C
:10543000FFFFFFFFFFFFFFFFFFFFFFFFFFFFFFFF7C
:10544000FFFFFFFFFFFFFFFFFFFFFFFFFFFFFFFF6C
:10545000FFFFFFFFFFFFFFFFFFFFFFFFFFFFFFFF5C
:10546000FFFFFFFFFFFFFFFFFFFFFFFFFFFFFFFF4C
:10547000FFFFFFFFFFFFFFFFFFFFFFFFFFFFFFFF3C
:10548000FFFFFFFFFFFFFFFFFFFFFFFFFFFFFFFF2C
:10549000FFFFFFFFFFFFFFFFFFFFFFFFFFFFFFFF1C
:1054A000FFFFFFFFFFFFFFFFFFFFFFFFFFFFFFFF0C
:1054B000FFFFFFFFFFFFFFFFFFFFFFFFFFFFFFFFFC
:1054C000FFFFFFFFFFFFFFFFFFFFFFFFFFFFFFFFEC
:1054D000FFFFFFFFFFFFFFFFFFFFFFFFFFFFFFFFDC
:1054E000FFFFFFFFFFFFFFFFFFFFFFFFFFFFFFFFCC
:1054F000FFFFFFFFFFFFFFFFFFFFFFFFFFFFFFFFBC
:10550000FFFFFFFFFFFFFFFFFFFFFFFFFFFFFFFFAB
:10551000FFFFFFFFFFFFFFFFFFFFFFFFFFFFFFFF9B
:10552000FFFFFFFFFFFFFFFFFFFFFFFFFFFFFFFF8B
:10553000FFFFFFFFFFFFFFFFFFFFFFFFFFFFFFFF7B
:10554000FFFFFFFFFFFFFFFFFFFFFFFFFFFFFFFF6B
:10555000FFFFFFFFFFFFFFFFFFFFFFFFFFFFFFFF5B
:10556000FFFFFFFFFFFFFFFFFFFFFFFFFFFFFFFF4B
:10557000FFFFFFFFFFFFFFFFFFFFFFFFFFFFFFFF3B
:10558000FFFFFFFFFFFFFFFFFFFFFFFFFFFFFFFF2B
:10559000FFFFFFFFFFFFFFFFFFFFFFFFFFFFFFFF1B
:1055A000FFFFFFFFFFFFFFFFFFFFFFFFFFFFFFFF0B
:1055B000FFFFFFFFFFFFFFFFFFFFFFFFFFFFFFFFFB
:1055C000FFFFFFFFFFFFFFFFFFFFFFFFFFFFFFFFEB
:1055D000FFFFFFFFFFFFFFFFFFFFFFFFFFFFFFFFDB
:1055E000FFFFFFFFFFFFFFFFFFFFFFFFFFFFFFFFCB
:1055F000FFFFFFFFFFFFFFFFFFFFFFFFFFFFFFFFBB
:10560000FFFFFFFFFFFFFFFFFFFFFFFFFFFFFFFFAA
:10561000FFFFFFFFFFFFFFFFFFFFFFFFFFFFFFFF9A
:10562000FFFFFFFFFFFFFFFFFFFFFFFFFFFFFFFF8A
:10563000FFFFFFFFFFFFFFFFFFFFFFFFFFFFFFFF7A
:10564000FFFFFFFFFFFFFFFFFFFFFFFFFFFFFFFF6A
:10565000FFFFFFFFFFFFFFFFFFFFFFFFFFFFFFFF5A
:10566000FFFFFFFFFFFFFFFFFFFFFFFFFFFFFFFF4A
:10567000FFFFFFFFFFFFFFFFFFFFFFFFFFFFFFFF3A
:10568000FFFFFFFFFFFFFFFFFFFFFFFFFFFFFFFF2A
:10569000FFFFFFFFFFFFFFFFFFFFFFFFFFFFFFFF1A
:1056A000FFFFFFFFFFFFFFFFFFFFFFFFFFFFFFFF0A
:1056B000FFFFFFFFFFFFFFFFFFFFFFFFFFFFFFFFFA
:1056C000FFFFFFFFFFFFFFFFFFFFFFFFFFFFFFFFEA
:1056D000FFFFFFFFFFFFFFFFFFFFFFFFFFFFFFFFDA
:1056E000FFFFFFFFFFFFFFFFFFFFFFFFFFFFFFFFCA
:1056F000FFFFFFFFFFFFFFFFFFFFFFFFFFFFFFFFBA
:10570000FFFFFFFFFFFFFFFFFFFFFFFFFFFFFFFFA9
:10571000FFFFFFFFFFFFFFFFFFFFFFFFFFFFFFFF99
:10572000FFFFFFFFFFFFFFFFFFFFFFFFFFFFFFFF89
:10573000FFFFFFFFFFFFFFFFFFFFFFFFFFFFFFFF79
:10574000FFFFFFFFFFFFFFFFFFFFFFFFFFFFFFFF69
:10575000FFFFFFFFFFFFFFFFFFFFFFFFFFFFFFFF59
:10576000FFFFFFFFFFFFFFFFFFFFFFFFFFFFFFFF49
:10577000FFFFFFFFFFFFFFFFFFFFFFFFFFFFFFFF39
:10578000FFFFFFFFFFFFFFFFFFFFFFFFFFFFFFFF29
:10579000FFFFFFFFFFFFFFFFFFFFFFFFFFFFFFFF19
:1057A000FFFFFFFFFFFFFFFFFFFFFFFFFFFFFFFF09
:1057B000FFFFFFFFFFFFFFFFFFFFFFFFFFFFFFFFF9
:1057C000FFFFFFFFFFFFFFFFFFFFFFFFFFFFFFFFE9
:1057D000FFFFFFFFFFFFFFFFFFFFFFFFFFFFFFFFD9
:1057E000FFFFFFFFFFFFFFFFFFFFFFFFFFFFFFFFC9
:1057F000FFFFFFFFFFFFFFFFFFFFFFFFFFFFFFFFB9
:10580000FFFFFFFFFFFFFFFFFFFFFFFFFFFFFFFFA8
:10581000FFFFFFFFFFFFFFFFFFFFFFFFFFFFFFFF98
:10582000FFFFFFFFFFFFFFFFFFFFFFFFFFFFFFFF88
:10583000FFFFFFFFFFFFFFFFFFFFFFFFFFFFFFFF78
:10584000FFFFFFFFFFFFFFFFFFFFFFFFFFFFFFFF68
:10585000FFFFFFFFFFFFFFFFFFFFFFFFFFFFFFFF58
:10586000FFFFFFFFFFFFFFFFFFFFFFFFFFFFFFFF48
:10587000FFFFFFFFFFFFFFFFFFFFFFFFFFFFFFFF38
:10588000FFFFFFFFFFFFFFFFFFFFFFFFFFFFFFFF28
:10589000FFFFFFFFFFFFFFFFFFFFFFFFFFFFFFFF18
:1058A000FFFFFFFFFFFFFFFFFFFFFFFFFFFFFFFF08
:1058B000FFFFFFFFFFFFFFFFFFFFFFFFFFFFFFFFF8
:1058C000FFFFFFFFFFFFFFFFFFFFFFFFFFFFFFFFE8
:1058D000FFFFFFFFFFFFFFFFFFFFFFFFFFFFFFFFD8
:1058E000FFFFFFFFFFFFFFFFFFFFFFFFFFFFFFFFC8
:1058F000FFFFFFFFFFFFFFFFFFFFFFFFFFFFFFFFB8
:10590000FFFFFFFFFFFFFFFFFFFFFFFFFFFFFFFFA7
:10591000FFFFFFFFFFFFFFFFFFFFFFFFFFFFFFFF97
:10592000FFFFFFFFFFFFFFFFFFFFFFFFFFFFFFFF87
:10593000FFFFFFFFFFFFFFFFFFFFFFFFFFFFFFFF77
:10594000FFFFFFFFFFFFFFFFFFFFFFFFFFFFFFFF67
:10595000FFFFFFFFFFFFFFFFFFFFFFFFFFFFFFFF57
:10596000FFFFFFFFFFFFFFFFFFFFFFFFFFFFFFFF47
:10597000FFFFFFFFFFFFFFFFFFFFFFFFFFFFFFFF37
:10598000FFFFFFFFFFFFFFFFFFFFFFFFFFFFFFFF27
:10599000FFFFFFFFFFFFFFFFFFFFFFFFFFFFFFFF17
:1059A000FFFFFFFFFFFFFFFFFFFFFFFFFFFFFFFF07
:1059B000FFFFFFFFFFFFFFFFFFFFFFFFFFFFFFFFF7
:1059C000FFFFFFFFFFFFFFFFFFFFFFFFFFFFFFFFE7
:1059D000FFFFFFFFFFFFFFFFFFFFFFFFFFFFFFFFD7
:1059E000FFFFFFFFFFFFFFFFFFFFFFFFFFFFFFFFC7
:1059F000FFFFFFFFFFFFFFFFFFFFFFFFFFFFFFFFB7
:105A0000FFFFFFFFFFFFFFFFFFFFFFFFFFFFFFFFA6
:105A1000FFFFFFFFFFFFFFFFFFFFFFFFFFFFFFFF96
:105A2000FFFFFFFFFFFFFFFFFFFFFFFFFFFFFFFF86
:105A3000FFFFFFFFFFFFFFFFFFFFFFFFFFFFFFFF76
:105A4000FFFFFFFFFFFFFFFFFFFFFFFFFFFFFFFF66
:105A5000FFFFFFFFFFFFFFFFFFFFFFFFFFFFFFFF56
:105A6000FFFFFFFFFFFFFFFFFFFFFFFFFFFFFFFF46
:105A7000FFFFFFFFFFFFFFFFFFFFFFFFFFFFFFFF36
:105A8000FFFFFFFFFFFFFFFFFFFFFFFFFFFFFFFF26
:105A9000FFFFFFFFFFFFFFFFFFFFFFFFFFFFFFFF16
:105AA000FFFFFFFFFFFFFFFFFFFFFFFFFFFFFFFF06
:105AB000FFFFFFFFFFFFFFFFFFFFFFFFFFFFFFFFF6
:105AC000FFFFFFFFFFFFFFFFFFFFFFFFFFFFFFFFE6
:105AD000FFFFFFFFFFFFFFFFFFFFFFFFFFFFFFFFD6
:105AE000FFFFFFFFFFFFFFFFFFFFFFFFFFFFFFFFC6
:105AF000FFFFFFFFFFFFFFFFFFFFFFFFFFFFFFFFB6
:105B0000FFFFFFFFFFFFFFFFFFFFFFFFFFFFFFFFA5
:105B1000FFFFFFFFFFFFFFFFFFFFFFFFFFFFFFFF95
:105B2000FFFFFFFFFFFFFFFFFFFFFFFFFFFFFFFF85
:105B3000FFFFFFFFFFFFFFFFFFFFFFFFFFFFFFFF75
:105B4000FFFFFFFFFFFFFFFFFFFFFFFFFFFFFFFF65
:105B5000FFFFFFFFFFFFFFFFFFFFFFFFFFFFFFFF55
:105B6000FFFFFFFFFFFFFFFFFFFFFFFFFFFFFFFF45
:105B7000FFFFFFFFFFFFFFFFFFFFFFFFFFFFFFFF35
:105B8000FFFFFFFFFFFFFFFFFFFFFFFFFFFFFFFF25
:105B9000FFFFFFFFFFFFFFFFFFFFFFFFFFFFFFFF15
:105BA000FFFFFFFFFFFFFFFFFFFFFFFFFFFFFFFF05
:105BB000FFFFFFFFFFFFFFFFFFFFFFFFFFFFFFFFF5
:105BC000FFFFFFFFFFFFFFFFFFFFFFFFFFFFFFFFE5
:105BD000FFFFFFFFFFFFFFFFFFFFFFFFFFFFFFFFD5
:105BE000FFFFFFFFFFFFFFFFFFFFFFFFFFFFFFFFC5
:105BF000FFFFFFFFFFFFFFFFFFFFFFFFFFFFFFFFB5
:105C0000FFFFFFFFFFFFFFFFFFFFFFFFFFFFFFFFA4
:105C1000FFFFFFFFFFFFFFFFFFFFFFFFFFFFFFFF94
:105C2000FFFFFFFFFFFFFFFFFFFFFFFFFFFFFFFF84
:105C3000FFFFFFFFFFFFFFFFFFFFFFFFFFFFFFFF74
:105C4000FFFFFFFFFFFFFFFFFFFFFFFFFFFFFFFF64
:105C5000FFFFFFFFFFFFFFFFFFFFFFFFFFFFFFFF54
:105C6000FFFFFFFFFFFFFFFFFFFFFFFFFFFFFFFF44
:105C7000FFFFFFFFFFFFFFFFFFFFFFFFFFFFFFFF34
:105C8000FFFFFFFFFFFFFFFFFFFFFFFFFFFFFFFF24
:105C9000FFFFFFFFFFFFFFFFFFFFFFFFFFFFFFFF14
:105CA000FFFFFFFFFFFFFFFFFFFFFFFFFFFFFFFF04
:105CB000FFFFFFFFFFFFFFFFFFFFFFFFFFFFFFFFF4
:105CC000FFFFFFFFFFFFFFFFFFFFFFFFFFFFFFFFE4
:105CD000FFFFFFFFFFFFFFFFFFFFFFFFFFFFFFFFD4
:105CE000FFFFFFFFFFFFFFFFFFFFFFFFFFFFFFFFC4
:105CF000FFFFFFFFFFFFFFFFFFFFFFFFFFFFFFFFB4
:105D0000FFFFFFFFFFFFFFFFFFFFFFFFFFFFFFFFA3
:105D1000FFFFFFFFFFFFFFFFFFFFFFFFFFFFFFFF93
:105D2000FFFFFFFFFFFFFFFFFFFFFFFFFFFFFFFF83
:105D3000FFFFFFFFFFFFFFFFFFFFFFFFFFFFFFFF73
:105D4000FFFFFFFFFFFFFFFFFFFFFFFFFFFFFFFF63
:105D5000FFFFFFFFFFFFFFFFFFFFFFFFFFFFFFFF53
:105D6000FFFFFFFFFFFFFFFFFFFFFFFFFFFFFFFF43
:105D7000FFFFFFFFFFFFFFFFFFFFFFFFFFFFFFFF33
:105D8000FFFFFFFFFFFFFFFFFFFFFFFFFFFFFFFF23
:105D9000FFFFFFFFFFFFFFFFFFFFFFFFFFFFFFFF13
:105DA000FFFFFFFFFFFFFFFFFFFFFFFFFFFFFFFF03
:105DB000FFFFFFFFFFFFFFFFFFFFFFFFFFFFFFFFF3
:105DC000FFFFFFFFFFFFFFFFFFFFFFFFFFFFFFFFE3
:105DD000FFFFFFFFFFFFFFFFFFFFFFFFFFFFFFFFD3
:105DE000FFFFFFFFFFFFFFFFFFFFFFFFFFFFFFFFC3
:105DF000FFFFFFFFFFFFFFFFFFFFFFFFFFFFFFFFB3
:105E0000FFFFFFFFFFFFFFFFFFFFFFFFFFFFFFFFA2
:105E1000FFFFFFFFFFFFFFFFFFFFFFFFFFFFFFFF92
:105E2000FFFFFFFFFFFFFFFFFFFFFFFFFFFFFFFF82
:105E3000FFFFFFFFFFFFFFFFFFFFFFFFFFFFFFFF72
:105E4000FFFFFFFFFFFFFFFFFFFFFFFFFFFFFFFF62
:105E5000FFFFFFFFFFFFFFFFFFFFFFFFFFFFFFFF52
:105E6000FFFFFFFFFFFFFFFFFFFFFFFFFFFFFFFF42
:105E7000FFFFFFFFFFFFFFFFFFFFFFFFFFFFFFFF32
:105E8000FFFFFFFFFFFFFFFFFFFFFFFFFFFFFFFF22
:105E9000FFFFFFFFFFFFFFFFFFFFFFFFFFFFFFFF12
:105EA000FFFFFFFFFFFFFFFFFFFFFFFFFFFFFFFF02
:105EB000FFFFFFFFFFFFFFFFFFFFFFFFFFFFFFFFF2
:105EC000FFFFFFFFFFFFFFFFFFFFFFFFFFFFFFFFE2
:105ED000FFFFFFFFFFFFFFFFFFFFFFFFFFFFFFFFD2
:105EE000FFFFFFFFFFFFFFFFFFFFFFFFFFFFFFFFC2
:105EF000FFFFFFFFFFFFFFFFFFFFFFFFFFFFFFFFB2
:105F0000FFFFFFFFFFFFFFFFFFFFFFFFFFFFFFFFA1
:105F1000FFFFFFFFFFFFFFFFFFFFFFFFFFFFFFFF91
:105F2000FFFFFFFFFFFFFFFFFFFFFFFFFFFFFFFF81
:105F3000FFFFFFFFFFFFFFFFFFFFFFFFFFFFFFFF71
:105F4000FFFFFFFFFFFFFFFFFFFFFFFFFFFFFFFF61
:105F5000FFFFFFFFFFFFFFFFFFFFFFFFFFFFFFFF51
:105F6000FFFFFFFFFFFFFFFFFFFFFFFFFFFFFFFF41
:105F7000FFFFFFFFFFFFFFFFFFFFFFFFFFFFFFFF31
:105F8000FFFFFFFFFFFFFFFFFFFFFFFFFFFFFFFF21
:105F9000FFFFFFFFFFFFFFFFFFFFFFFFFFFFFFFF11
:105FA000FFFFFFFFFFFFFFFFFFFFFFFFFFFFFFFF01
:105FB000FFFFFFFFFFFFFFFFFFFFFFFFFFFFFFFFF1
:105FC000FFFFFFFFFFFFFFFFFFFFFFFFFFFFFFFFE1
:105FD000FFFFFFFFFFFFFFFFFFFFFFFFFFFFFFFFD1
:105FE000FFFFFFFFFFFFFFFFFFFFFFFFFFFFFFFFC1
:105FF000FFFFFFFFFFFFFFFFFFFFFFFFFFFFFFFFB1
:10600000FFFFFFFFFFFFFFFFFFFFFFFFFFFFFFFFA0
:10601000FFFFFFFFFFFFFFFFFFFFFFFFFFFFFFFF90
:10602000FFFFFFFFFFFFFFFFFFFFFFFFFFFFFFFF80
:10603000FFFFFFFFFFFFFFFFFFFFFFFFFFFFFFFF70
:10604000FFFFFFFFFFFFFFFFFFFFFFFFFFFFFFFF60
:10605000FFFFFFFFFFFFFFFFFFFFFFFFFFFFFFFF50
:10606000FFFFFFFFFFFFFFFFFFFFFFFFFFFFFFFF40
:10607000FFFFFFFFFFFFFFFFFFFFFFFFFFFFFFFF30
:10608000FFFFFFFFFFFFFFFFFFFFFFFFFFFFFFFF20
:10609000FFFFFFFFFFFFFFFFFFFFFFFFFFFFFFFF10
:1060A000FFFFFFFFFFFFFFFFFFFFFFFFFFFFFFFF00
:1060B000FFFFFFFFFFFFFFFFFFFFFFFFFFFFFFFFF0
:1060C000FFFFFFFFFFFFFFFFFFFFFFFFFFFFFFFFE0
:1060D000FFFFFFFFFFFFFFFFFFFFFFFFFFFFFFFFD0
:1060E000FFFFFFFFFFFFFFFFFFFFFFFFFFFFFFFFC0
:1060F000FFFFFFFFFFFFFFFFFFFFFFFFFFFFFFFFB0
:10610000FFFFFFFFFFFFFFFFFFFFFFFFFFFFFFFF9F
:10611000FFFFFFFFFFFFFFFFFFFFFFFFFFFFFFFF8F
:10612000FFFFFFFFFFFFFFFFFFFFFFFFFFFFFFFF7F
:10613000FFFFFFFFFFFFFFFFFFFFFFFFFFFFFFFF6F
:10614000FFFFFFFFFFFFFFFFFFFFFFFFFFFFFFFF5F
:10615000FFFFFFFFFFFFFFFFFFFFFFFFFFFFFFFF4F
:10616000FFFFFFFFFFFFFFFFFFFFFFFFFFFFFFFF3F
:10617000FFFFFFFFFFFFFFFFFFFFFFFFFFFFFFFF2F
:10618000FFFFFFFFFFFFFFFFFFFFFFFFFFFFFFFF1F
:10619000FFFFFFFFFFFFFFFFFFFFFFFFFFFFFFFF0F
:1061A000FFFFFFFFFFFFFFFFFFFFFFFFFFFFFFFFFF
:1061B000FFFFFFFFFFFFFFFFFFFFFFFFFFFFFFFFEF
:1061C000FFFFFFFFFFFFFFFFFFFFFFFFFFFFFFFFDF
:1061D000FFFFFFFFFFFFFFFFFFFFFFFFFFFFFFFFCF
:1061E000FFFFFFFFFFFFFFFFFFFFFFFFFFFFFFFFBF
:1061F000FFFFFFFFFFFFFFFFFFFFFFFFFFFFFFFFAF
:10620000FFFFFFFFFFFFFFFFFFFFFFFFFFFFFFFF9E
:10621000FFFFFFFFFFFFFFFFFFFFFFFFFFFFFFFF8E
:10622000FFFFFFFFFFFFFFFFFFFFFFFFFFFFFFFF7E
:10623000FFFFFFFFFFFFFFFFFFFFFFFFFFFFFFFF6E
:10624000FFFFFFFFFFFFFFFFFFFFFFFFFFFFFFFF5E
:10625000FFFFFFFFFFFFFFFFFFFFFFFFFFFFFFFF4E
:10626000FFFFFFFFFFFFFFFFFFFFFFFFFFFFFFFF3E
:10627000FFFFFFFFFFFFFFFFFFFFFFFFFFFFFFFF2E
:10628000FFFFFFFFFFFFFFFFFFFFFFFFFFFFFFFF1E
:10629000FFFFFFFFFFFFFFFFFFFFFFFFFFFFFFFF0E
:1062A000FFFFFFFFFFFFFFFFFFFFFFFFFFFFFFFFFE
:1062B000FFFFFFFFFFFFFFFFFFFFFFFFFFFFFFFFEE
:1062C000FFFFFFFFFFFFFFFFFFFFFFFFFFFFFFFFDE
:1062D000FFFFFFFFFFFFFFFFFFFFFFFFFFFFFFFFCE
:1062E000FFFFFFFFFFFFFFFFFFFFFFFFFFFFFFFFBE
:1062F000FFFFFFFFFFFFFFFFFFFFFFFFFFFFFFFFAE
:10630000FFFFFFFFFFFFFFFFFFFFFFFFFFFFFFFF9D
:10631000FFFFFFFFFFFFFFFFFFFFFFFFFFFFFFFF8D
:10632000FFFFFFFFFFFFFFFFFFFFFFFFFFFFFFFF7D
:10633000FFFFFFFFFFFFFFFFFFFFFFFFFFFFFFFF6D
:10634000FFFFFFFFFFFFFFFFFFFFFFFFFFFFFFFF5D
:10635000FFFFFFFFFFFFFFFFFFFFFFFFFFFFFFFF4D
:10636000FFFFFFFFFFFFFFFFFFFFFFFFFFFFFFFF3D
:10637000FFFFFFFFFFFFFFFFFFFFFFFFFFFFFFFF2D
:10638000FFFFFFFFFFFFFFFFFFFFFFFFFFFFFFFF1D
:10639000FFFFFFFFFFFFFFFFFFFFFFFFFFFFFFFF0D
:1063A000FFFFFFFFFFFFFFFFFFFFFFFFFFFFFFFFFD
:1063B000FFFFFFFFFFFFFFFFFFFFFFFFFFFFFFFFED
:1063C000FFFFFFFFFFFFFFFFFFFFFFFFFFFFFFFFDD
:1063D000FFFFFFFFFFFFFFFFFFFFFFFFFFFFFFFFCD
:1063E000FFFFFFFFFFFFFFFFFFFFFFFFFFFFFFFFBD
:1063F000FFFFFFFFFFFFFFFFFFFFFFFFFFFFFFFFAD
:10640000FFFFFFFFFFFFFFFFFFFFFFFFFFFFFFFF9C
:10641000FFFFFFFFFFFFFFFFFFFFFFFFFFFFFFFF8C
:10642000FFFFFFFFFFFFFFFFFFFFFFFFFFFFFFFF7C
:10643000FFFFFFFFFFFFFFFFFFFFFFFFFFFFFFFF6C
:10644000FFFFFFFFFFFFFFFFFFFFFFFFFFFFFFFF5C
:10645000FFFFFFFFFFFFFFFFFFFFFFFFFFFFFFFF4C
:10646000FFFFFFFFFFFFFFFFFFFFFFFFFFFFFFFF3C
:10647000FFFFFFFFFFFFFFFFFFFFFFFFFFFFFFFF2C
:10648000FFFFFFFFFFFFFFFFFFFFFFFFFFFFFFFF1C
:10649000FFFFFFFFFFFFFFFFFFFFFFFFFFFFFFFF0C
:1064A000FFFFFFFFFFFFFFFFFFFFFFFFFFFFFFFFFC
:1064B000FFFFFFFFFFFFFFFFFFFFFFFFFFFFFFFFEC
:1064C000FFFFFFFFFFFFFFFFFFFFFFFFFFFFFFFFDC
:1064D000FFFFFFFFFFFFFFFFFFFFFFFFFFFFFFFFCC
:1064E000FFFFFFFFFFFFFFFFFFFFFFFFFFFFFFFFBC
:1064F000FFFFFFFFFFFFFFFFFFFFFFFFFFFFFFFFAC
:10650000FFFFFFFFFFFFFFFFFFFFFFFFFFFFFFFF9B
:10651000FFFFFFFFFFFFFFFFFFFFFFFFFFFFFFFF8B
:10652000FFFFFFFFFFFFFFFFFFFFFFFFFFFFFFFF7B
:10653000FFFFFFFFFFFFFFFFFFFFFFFFFFFFFFFF6B
:10654000FFFFFFFFFFFFFFFFFFFFFFFFFFFFFFFF5B
:10655000FFFFFFFFFFFFFFFFFFFFFFFFFFFFFFFF4B
:10656000FFFFFFFFFFFFFFFFFFFFFFFFFFFFFFFF3B
:10657000FFFFFFFFFFFFFFFFFFFFFFFFFFFFFFFF2B
:10658000FFFFFFFFFFFFFFFFFFFFFFFFFFFFFFFF1B
:10659000FFFFFFFFFFFFFFFFFFFFFFFFFFFFFFFF0B
:1065A000FFFFFFFFFFFFFFFFFFFFFFFFFFFFFFFFFB
:1065B000FFFFFFFFFFFFFFFFFFFFFFFFFFFFFFFFEB
:1065C000FFFFFFFFFFFFFFFFFFFFFFFFFFFFFFFFDB
:1065D000FFFFFFFFFFFFFFFFFFFFFFFFFFFFFFFFCB
:1065E000FFFFFFFFFFFFFFFFFFFFFFFFFFFFFFFFBB
:1065F000FFFFFFFFFFFFFFFFFFFFFFFFFFFFFFFFAB
:10660000FFFFFFFFFFFFFFFFFFFFFFFFFFFFFFFF9A
:10661000FFFFFFFFFFFFFFFFFFFFFFFFFFFFFFFF8A
:10662000FFFFFFFFFFFFFFFFFFFFFFFFFFFFFFFF7A
:10663000FFFFFFFFFFFFFFFFFFFFFFFFFFFFFFFF6A
:10664000FFFFFFFFFFFFFFFFFFFFFFFFFFFFFFFF5A
:10665000FFFFFFFFFFFFFFFFFFFFFFFFFFFFFFFF4A
:10666000FFFFFFFFFFFFFFFFFFFFFFFFFFFFFFFF3A
:10667000FFFFFFFFFFFFFFFFFFFFFFFFFFFFFFFF2A
:10668000FFFFFFFFFFFFFFFFFFFFFFFFFFFFFFFF1A
:10669000FFFFFFFFFFFFFFFFFFFFFFFFFFFFFFFF0A
:1066A000FFFFFFFFFFFFFFFFFFFFFFFFFFFFFFFFFA
:1066B000FFFFFFFFFFFFFFFFFFFFFFFFFFFFFFFFEA
:1066C000FFFFFFFFFFFFFFFFFFFFFFFFFFFFFFFFDA
:1066D000FFFFFFFFFFFFFFFFFFFFFFFFFFFFFFFFCA
:1066E000FFFFFFFFFFFFFFFFFFFFFFFFFFFFFFFFBA
:1066F000FFFFFFFFFFFFFFFFFFFFFFFFFFFFFFFFAA
:10670000FFFFFFFFFFFFFFFFFFFFFFFFFFFFFFFF99
:10671000FFFFFFFFFFFFFFFFFFFFFFFFFFFFFFFF89
:10672000FFFFFFFFFFFFFFFFFFFFFFFFFFFFFFFF79
:10673000FFFFFFFFFFFFFFFFFFFFFFFFFFFFFFFF69
:10674000FFFFFFFFFFFFFFFFFFFFFFFFFFFFFFFF59
:10675000FFFFFFFFFFFFFFFFFFFFFFFFFFFFFFFF49
:10676000FFFFFFFFFFFFFFFFFFFFFFFFFFFFFFFF39
:10677000FFFFFFFFFFFFFFFFFFFFFFFFFFFFFFFF29
:10678000FFFFFFFFFFFFFFFFFFFFFFFFFFFFFFFF19
:10679000FFFFFFFFFFFFFFFFFFFFFFFFFFFFFFFF09
:1067A000FFFFFFFFFFFFFFFFFFFFFFFFFFFFFFFFF9
:1067B000FFFFFFFFFFFFFFFFFFFFFFFFFFFFFFFFE9
:1067C000FFFFFFFFFFFFFFFFFFFFFFFFFFFFFFFFD9
:1067D000FFFFFFFFFFFFFFFFFFFFFFFFFFFFFFFFC9
:1067E000FFFFFFFFFFFFFFFFFFFFFFFFFFFFFFFFB9
:1067F000FFFFFFFFFFFFFFFFFFFFFFFFFFFFFFFFA9
:10680000FFFFFFFFFFFFFFFFFFFFFFFFFFFFFFFF98
:10681000FFFFFFFFFFFFFFFFFFFFFFFFFFFFFFFF88
:10682000FFFFFFFFFFFFFFFFFFFFFFFFFFFFFFFF78
:10683000FFFFFFFFFFFFFFFFFFFFFFFFFFFFFFFF68
:10684000FFFFFFFFFFFFFFFFFFFFFFFFFFFFFFFF58
:10685000FFFFFFFFFFFFFFFFFFFFFFFFFFFFFFFF48
:10686000FFFFFFFFFFFFFFFFFFFFFFFFFFFFFFFF38
:10687000FFFFFFFFFFFFFFFFFFFFFFFFFFFFFFFF28
:10688000FFFFFFFFFFFFFFFFFFFFFFFFFFFFFFFF18
:10689000FFFFFFFFFFFFFFFFFFFFFFFFFFFFFFFF08
:1068A000FFFFFFFFFFFFFFFFFFFFFFFFFFFFFFFFF8
:1068B000FFFFFFFFFFFFFFFFFFFFFFFFFFFFFFFFE8
:1068C000FFFFFFFFFFFFFFFFFFFFFFFFFFFFFFFFD8
:1068D000FFFFFFFFFFFFFFFFFFFFFFFFFFFFFFFFC8
:1068E000FFFFFFFFFFFFFFFFFFFFFFFFFFFFFFFFB8
:1068F000FFFFFFFFFFFFFFFFFFFFFFFFFFFFFFFFA8
:10690000FFFFFFFFFFFFFFFFFFFFFFFFFFFFFFFF97
:10691000FFFFFFFFFFFFFFFFFFFFFFFFFFFFFFFF87
:10692000FFFFFFFFFFFFFFFFFFFFFFFFFFFFFFFF77
:10693000FFFFFFFFFFFFFFFFFFFFFFFFFFFFFFFF67
:10694000FFFFFFFFFFFFFFFFFFFFFFFFFFFFFFFF57
:10695000FFFFFFFFFFFFFFFFFFFFFFFFFFFFFFFF47
:10696000FFFFFFFFFFFFFFFFFFFFFFFFFFFFFFFF37
:10697000FFFFFFFFFFFFFFFFFFFFFFFFFFFFFFFF27
:10698000FFFFFFFFFFFFFFFFFFFFFFFFFFFFFFFF17
:10699000FFFFFFFFFFFFFFFFFFFFFFFFFFFFFFFF07
:1069A000FFFFFFFFFFFFFFFFFFFFFFFFFFFFFFFFF7
:1069B000FFFFFFFFFFFFFFFFFFFFFFFFFFFFFFFFE7
:1069C000FFFFFFFFFFFFFFFFFFFFFFFFFFFFFFFFD7
:1069D000FFFFFFFFFFFFFFFFFFFFFFFFFFFFFFFFC7
:1069E000FFFFFFFFFFFFFFFFFFFFFFFFFFFFFFFFB7
:1069F000FFFFFFFFFFFFFFFFFFFFFFFFFFFFFFFFA7
:106A0000FFFFFFFFFFFFFFFFFFFFFFFFFFFFFFFF96
:106A1000FFFFFFFFFFFFFFFFFFFFFFFFFFFFFFFF86
:106A2000FFFFFFFFFFFFFFFFFFFFFFFFFFFFFFFF76
:106A3000FFFFFFFFFFFFFFFFFFFFFFFFFFFFFFFF66
:106A4000FFFFFFFFFFFFFFFFFFFFFFFFFFFFFFFF56
:106A5000FFFFFFFFFFFFFFFFFFFFFFFFFFFFFFFF46
:106A6000FFFFFFFFFFFFFFFFFFFFFFFFFFFFFFFF36
:106A7000FFFFFFFFFFFFFFFFFFFFFFFFFFFFFFFF26
:106A8000FFFFFFFFFFFFFFFFFFFFFFFFFFFFFFFF16
:106A9000FFFFFFFFFFFFFFFFFFFFFFFFFFFFFFFF06
:106AA000FFFFFFFFFFFFFFFFFFFFFFFFFFFFFFFFF6
:106AB000FFFFFFFFFFFFFFFFFFFFFFFFFFFFFFFFE6
:106AC000FFFFFFFFFFFFFFFFFFFFFFFFFFFFFFFFD6
:106AD000FFFFFFFFFFFFFFFFFFFFFFFFFFFFFFFFC6
:106AE000FFFFFFFFFFFFFFFFFFFFFFFFFFFFFFFFB6
:106AF000FFFFFFFFFFFFFFFFFFFFFFFFFFFFFFFFA6
:106B0000FFFFFFFFFFFFFFFFFFFFFFFFFFFFFFFF95
:106B1000FFFFFFFFFFFFFFFFFFFFFFFFFFFFFFFF85
:106B2000FFFFFFFFFFFFFFFFFFFFFFFFFFFFFFFF75
:106B3000FFFFFFFFFFFFFFFFFFFFFFFFFFFFFFFF65
:106B4000FFFFFFFFFFFFFFFFFFFFFFFFFFFFFFFF55
:106B5000FFFFFFFFFFFFFFFFFFFFFFFFFFFFFFFF45
:106B6000FFFFFFFFFFFFFFFFFFFFFFFFFFFFFFFF35
:106B7000FFFFFFFFFFFFFFFFFFFFFFFFFFFFFFFF25
:106B8000FFFFFFFFFFFFFFFFFFFFFFFFFFFFFFFF15
:106B9000FFFFFFFFFFFFFFFFFFFFFFFFFFFFFFFF05
:106BA000FFFFFFFFFFFFFFFFFFFFFFFFFFFFFFFFF5
:106BB000FFFFFFFFFFFFFFFFFFFFFFFFFFFFFFFFE5
:106BC000FFFFFFFFFFFFFFFFFFFFFFFFFFFFFFFFD5
:106BD000FFFFFFFFFFFFFFFFFFFFFFFFFFFFFFFFC5
:106BE000FFFFFFFFFFFFFFFFFFFFFFFFFFFFFFFFB5
:106BF000FFFFFFFFFFFFFFFFFFFFFFFFFFFFFFFFA5
:106C0000FFFFFFFFFFFFFFFFFFFFFFFFFFFFFFFF94
:106C1000FFFFFFFFFFFFFFFFFFFFFFFFFFFFFFFF84
:106C2000FFFFFFFFFFFFFFFFFFFFFFFFFFFFFFFF74
:106C3000FFFFFFFFFFFFFFFFFFFFFFFFFFFFFFFF64
:106C4000FFFFFFFFFFFFFFFFFFFFFFFFFFFFFFFF54
:106C5000FFFFFFFFFFFFFFFFFFFFFFFFFFFFFFFF44
:106C6000FFFFFFFFFFFFFFFFFFFFFFFFFFFFFFFF34
:106C7000FFFFFFFFFFFFFFFFFFFFFFFFFFFFFFFF24
:106C8000FFFFFFFFFFFFFFFFFFFFFFFFFFFFFFFF14
:106C9000FFFFFFFFFFFFFFFFFFFFFFFFFFFFFFFF04
:106CA000FFFFFFFFFFFFFFFFFFFFFFFFFFFFFFFFF4
:106CB000FFFFFFFFFFFFFFFFFFFFFFFFFFFFFFFFE4
:106CC000FFFFFFFFFFFFFFFFFFFFFFFFFFFFFFFFD4
:106CD000FFFFFFFFFFFFFFFFFFFFFFFFFFFFFFFFC4
:106CE000FFFFFFFFFFFFFFFFFFFFFFFFFFFFFFFFB4
:106CF000FFFFFFFFFFFFFFFFFFFFFFFFFFFFFFFFA4
:106D0000FFFFFFFFFFFFFFFFFFFFFFFFFFFFFFFF93
:106D1000FFFFFFFFFFFFFFFFFFFFFFFFFFFFFFFF83
:106D2000FFFFFFFFFFFFFFFFFFFFFFFFFFFFFFFF73
:106D3000FFFFFFFFFFFFFFFFFFFFFFFFFFFFFFFF63
:106D4000FFFFFFFFFFFFFFFFFFFFFFFFFFFFFFFF53
:106D5000FFFFFFFFFFFFFFFFFFFFFFFFFFFFFFFF43
:106D6000FFFFFFFFFFFFFFFFFFFFFFFFFFFFFFFF33
:106D7000FFFFFFFFFFFFFFFFFFFFFFFFFFFFFFFF23
:106D8000FFFFFFFFFFFFFFFFFFFFFFFFFFFFFFFF13
:106D9000FFFFFFFFFFFFFFFFFFFFFFFFFFFFFFFF03
:106DA000FFFFFFFFFFFFFFFFFFFFFFFFFFFFFFFFF3
:106DB000FFFFFFFFFFFFFFFFFFFFFFFFFFFFFFFFE3
:106DC000FFFFFFFFFFFFFFFFFFFFFFFFFFFFFFFFD3
:106DD000FFFFFFFFFFFFFFFFFFFFFFFFFFFFFFFFC3
:106DE000FFFFFFFFFFFFFFFFFFFFFFFFFFFFFFFFB3
:106DF000FFFFFFFFFFFFFFFFFFFFFFFFFFFFFFFFA3
:106E0000FFFFFFFFFFFFFFFFFFFFFFFFFFFFFFFF92
:106E1000FFFFFFFFFFFFFFFFFFFFFFFFFFFFFFFF82
:106E2000FFFFFFFFFFFFFFFFFFFFFFFFFFFFFFFF72
:106E3000FFFFFFFFFFFFFFFFFFFFFFFFFFFFFFFF62
:106E4000FFFFFFFFFFFFFFFFFFFFFFFFFFFFFFFF52
:106E5000FFFFFFFFFFFFFFFFFFFFFFFFFFFFFFFF42
:106E6000FFFFFFFFFFFFFFFFFFFFFFFFFFFFFFFF32
:106E7000FFFFFFFFFFFFFFFFFFFFFFFFFFFFFFFF22
:106E8000FFFFFFFFFFFFFFFFFFFFFFFFFFFFFFFF12
:106E9000FFFFFFFFFFFFFFFFFFFFFFFFFFFFFFFF02
:106EA000FFFFFFFFFFFFFFFFFFFFFFFFFFFFFFFFF2
:106EB000FFFFFFFFFFFFFFFFFFFFFFFFFFFFFFFFE2
:106EC000FFFFFFFFFFFFFFFFFFFFFFFFFFFFFFFFD2
:106ED000FFFFFFFFFFFFFFFFFFFFFFFFFFFFFFFFC2
:106EE000FFFFFFFFFFFFFFFFFFFFFFFFFFFFFFFFB2
:106EF000FFFFFFFFFFFFFFFFFFFFFFFFFFFFFFFFA2
:106F0000FFFFFFFFFFFFFFFFFFFFFFFFFFFFFFFF91
:106F1000FFFFFFFFFFFFFFFFFFFFFFFFFFFFFFFF81
:106F2000FFFFFFFFFFFFFFFFFFFFFFFFFFFFFFFF71
:106F3000FFFFFFFFFFFFFFFFFFFFFFFFFFFFFFFF61
:106F4000FFFFFFFFFFFFFFFFFFFFFFFFFFFFFFFF51
:106F5000FFFFFFFFFFFFFFFFFFFFFFFFFFFFFFFF41
:106F6000FFFFFFFFFFFFFFFFFFFFFFFFFFFFFFFF31
:106F7000FFFFFFFFFFFFFFFFFFFFFFFFFFFFFFFF21
:106F8000FFFFFFFFFFFFFFFFFFFFFFFFFFFFFFFF11
:106F9000FFFFFFFFFFFFFFFFFFFFFFFFFFFFFFFF01
:106FA000FFFFFFFFFFFFFFFFFFFFFFFFFFFFFFFFF1
:106FB000FFFFFFFFFFFFFFFFFFFFFFFFFFFFFFFFE1
:106FC000FFFFFFFFFFFFFFFFFFFFFFFFFFFFFFFFD1
:106FD000FFFFFFFFFFFFFFFFFFFFFFFFFFFFFFFFC1
:106FE000FFFFFFFFFFFFFFFFFFFFFFFFFFFFFFFFB1
:106FF000FFFFFFFFFFFFFFFFFFFFFFFFFFFFFFFFA1
:10700000FFFFFFFFFFFFFFFFFFFFFFFFFFFFFFFF90
:10701000FFFFFFFFFFFFFFFFFFFFFFFFFFFFFFFF80
:10702000FFFFFFFFFFFFFFFFFFFFFFFFFFFFFFFF70
:10703000FFFFFFFFFFFFFFFFFFFFFFFFFFFFFFFF60
:10704000FFFFFFFFFFFFFFFFFFFFFFFFFFFFFFFF50
:10705000FFFFFFFFFFFFFFFFFFFFFFFFFFFFFFFF40
:10706000FFFFFFFFFFFFFFFFFFFFFFFFFFFFFFFF30
:10707000FFFFFFFFFFFFFFFFFFFFFFFFFFFFFFFF20
:10708000FFFFFFFFFFFFFFFFFFFFFFFFFFFFFFFF10
:10709000FFFFFFFFFFFFFFFFFFFFFFFFFFFFFFFF00
:1070A000FFFFFFFFFFFFFFFFFFFFFFFFFFFFFFFFF0
:1070B000FFFFFFFFFFFFFFFFFFFFFFFFFFFFFFFFE0
:1070C000FFFFFFFFFFFFFFFFFFFFFFFFFFFFFFFFD0
:1070D000FFFFFFFFFFFFFFFFFFFFFFFFFFFFFFFFC0
:1070E000FFFFFFFFFFFFFFFFFFFFFFFFFFFFFFFFB0
:1070F000FFFFFFFFFFFFFFFFFFFFFFFFFFFFFFFFA0
:10710000FFFFFFFFFFFFFFFFFFFFFFFFFFFFFFFF8F
:10711000FFFFFFFFFFFFFFFFFFFFFFFFFFFFFFFF7F
:10712000FFFFFFFFFFFFFFFFFFFFFFFFFFFFFFFF6F
:10713000FFFFFFFFFFFFFFFFFFFFFFFFFFFFFFFF5F
:10714000FFFFFFFFFFFFFFFFFFFFFFFFFFFFFFFF4F
:10715000FFFFFFFFFFFFFFFFFFFFFFFFFFFFFFFF3F
:10716000FFFFFFFFFFFFFFFFFFFFFFFFFFFFFFFF2F
:10717000FFFFFFFFFFFFFFFFFFFFFFFFFFFFFFFF1F
:10718000FFFFFFFFFFFFFFFFFFFFFFFFFFFFFFFF0F
:10719000FFFFFFFFFFFFFFFFFFFFFFFFFFFFFFFFFF
:1071A000FFFFFFFFFFFFFFFFFFFFFFFFFFFFFFFFEF
:1071B000FFFFFFFFFFFFFFFFFFFFFFFFFFFFFFFFDF
:1071C000FFFFFFFFFFFFFFFFFFFFFFFFFFFFFFFFCF
:1071D000FFFFFFFFFFFFFFFFFFFFFFFFFFFFFFFFBF
:1071E000FFFFFFFFFFFFFFFFFFFFFFFFFFFFFFFFAF
:1071F000FFFFFFFFFFFFFFFFFFFFFFFFFFFFFFFF9F
:10720000FFFFFFFFFFFFFFFFFFFFFFFFFFFFFFFF8E
:10721000FFFFFFFFFFFFFFFFFFFFFFFFFFFFFFFF7E
:10722000FFFFFFFFFFFFFFFFFFFFFFFFFFFFFFFF6E
:10723000FFFFFFFFFFFFFFFFFFFFFFFFFFFFFFFF5E
:10724000FFFFFFFFFFFFFFFFFFFFFFFFFFFFFFFF4E
:10725000FFFFFFFFFFFFFFFFFFFFFFFFFFFFFFFF3E
:10726000FFFFFFFFFFFFFFFFFFFFFFFFFFFFFFFF2E
:10727000FFFFFFFFFFFFFFFFFFFFFFFFFFFFFFFF1E
:10728000FFFFFFFFFFFFFFFFFFFFFFFFFFFFFFFF0E
:10729000FFFFFFFFFFFFFFFFFFFFFFFFFFFFFFFFFE
:1072A000FFFFFFFFFFFFFFFFFFFFFFFFFFFFFFFFEE
:1072B000FFFFFFFFFFFFFFFFFFFFFFFFFFFFFFFFDE
:1072C000FFFFFFFFFFFFFFFFFFFFFFFFFFFFFFFFCE
:1072D000FFFFFFFFFFFFFFFFFFFFFFFFFFFFFFFFBE
:1072E000FFFFFFFFFFFFFFFFFFFFFFFFFFFFFFFFAE
:1072F000FFFFFFFFFFFFFFFFFFFFFFFFFFFFFFFF9E
:10730000FFFFFFFFFFFFFFFFFFFFFFFFFFFFFFFF8D
:10731000FFFFFFFFFFFFFFFFFFFFFFFFFFFFFFFF7D
:10732000FFFFFFFFFFFFFFFFFFFFFFFFFFFFFFFF6D
:10733000FFFFFFFFFFFFFFFFFFFFFFFFFFFFFFFF5D
:10734000FFFFFFFFFFFFFFFFFFFFFFFFFFFFFFFF4D
:10735000FFFFFFFFFFFFFFFFFFFFFFFFFFFFFFFF3D
:10736000FFFFFFFFFFFFFFFFFFFFFFFFFFFFFFFF2D
:10737000FFFFFFFFFFFFFFFFFFFFFFFFFFFFFFFF1D
:10738000FFFFFFFFFFFFFFFFFFFFFFFFFFFFFFFF0D
:10739000FFFFFFFFFFFFFFFFFFFFFFFFFFFFFFFFFD
:1073A000FFFFFFFFFFFFFFFFFFFFFFFFFFFFFFFFED
:1073B000FFFFFFFFFFFFFFFFFFFFFFFFFFFFFFFFDD
:1073C000FFFFFFFFFFFFFFFFFFFFFFFFFFFFFFFFCD
:1073D000FFFFFFFFFFFFFFFFFFFFFFFFFFFFFFFFBD
:1073E000FFFFFFFFFFFFFFFFFFFFFFFFFFFFFFFFAD
:1073F000FFFFFFFFFFFFFFFFFFFFFFFFFFFFFFFF9D
:10740000FFFFFFFFFFFFFFFFFFFFFFFFFFFFFFFF8C
:10741000FFFFFFFFFFFFFFFFFFFFFFFFFFFFFFFF7C
:10742000FFFFFFFFFFFFFFFFFFFFFFFFFFFFFFFF6C
:10743000FFFFFFFFFFFFFFFFFFFFFFFFFFFFFFFF5C
:10744000FFFFFFFFFFFFFFFFFFFFFFFFFFFFFFFF4C
:10745000FFFFFFFFFFFFFFFFFFFFFFFFFFFFFFFF3C
:10746000FFFFFFFFFFFFFFFFFFFFFFFFFFFFFFFF2C
:10747000FFFFFFFFFFFFFFFFFFFFFFFFFFFFFFFF1C
:10748000FFFFFFFFFFFFFFFFFFFFFFFFFFFFFFFF0C
:10749000FFFFFFFFFFFFFFFFFFFFFFFFFFFFFFFFFC
:1074A000FFFFFFFFFFFFFFFFFFFFFFFFFFFFFFFFEC
:1074B000FFFFFFFFFFFFFFFFFFFFFFFFFFFFFFFFDC
:1074C000FFFFFFFFFFFFFFFFFFFFFFFFFFFFFFFFCC
:1074D000FFFFFFFFFFFFFFFFFFFFFFFFFFFFFFFFBC
:1074E000FFFFFFFFFFFFFFFFFFFFFFFFFFFFFFFFAC
:1074F000FFFFFFFFFFFFFFFFFFFFFFFFFFFFFFFF9C
:10750000FFFFFFFFFFFFFFFFFFFFFFFFFFFFFFFF8B
:10751000FFFFFFFFFFFFFFFFFFFFFFFFFFFFFFFF7B
:10752000FFFFFFFFFFFFFFFFFFFFFFFFFFFFFFFF6B
:10753000FFFFFFFFFFFFFFFFFFFFFFFFFFFFFFFF5B
:10754000FFFFFFFFFFFFFFFFFFFFFFFFFFFFFFFF4B
:10755000FFFFFFFFFFFFFFFFFFFFFFFFFFFFFFFF3B
:10756000FFFFFFFFFFFFFFFFFFFFFFFFFFFFFFFF2B
:10757000FFFFFFFFFFFFFFFFFFFFFFFFFFFFFFFF1B
:10758000FFFFFFFFFFFFFFFFFFFFFFFFFFFFFFFF0B
:10759000FFFFFFFFFFFFFFFFFFFFFFFFFFFFFFFFFB
:1075A000FFFFFFFFFFFFFFFFFFFFFFFFFFFFFFFFEB
:1075B000FFFFFFFFFFFFFFFFFFFFFFFFFFFFFFFFDB
:1075C000FFFFFFFFFFFFFFFFFFFFFFFFFFFFFFFFCB
:1075D000FFFFFFFFFFFFFFFFFFFFFFFFFFFFFFFFBB
:1075E000FFFFFFFFFFFFFFFFFFFFFFFFFFFFFFFFAB
:1075F000FFFFFFFFFFFFFFFFFFFFFFFFFFFFFFFF9B
:10760000FFFFFFFFFFFFFFFFFFFFFFFFFFFFFFFF8A
:10761000FFFFFFFFFFFFFFFFFFFFFFFFFFFFFFFF7A
:10762000FFFFFFFFFFFFFFFFFFFFFFFFFFFFFFFF6A
:10763000FFFFFFFFFFFFFFFFFFFFFFFFFFFFFFFF5A
:10764000FFFFFFFFFFFFFFFFFFFFFFFFFFFFFFFF4A
:10765000FFFFFFFFFFFFFFFFFFFFFFFFFFFFFFFF3A
:10766000FFFFFFFFFFFFFFFFFFFFFFFFFFFFFFFF2A
:10767000FFFFFFFFFFFFFFFFFFFFFFFFFFFFFFFF1A
:10768000FFFFFFFFFFFFFFFFFFFFFFFFFFFFFFFF0A
:10769000FFFFFFFFFFFFFFFFFFFFFFFFFFFFFFFFFA
:1076A000FFFFFFFFFFFFFFFFFFFFFFFFFFFFFFFFEA
:1076B000FFFFFFFFFFFFFFFFFFFFFFFFFFFFFFFFDA
:1076C000FFFFFFFFFFFFFFFFFFFFFFFFFFFFFFFFCA
:1076D000FFFFFFFFFFFFFFFFFFFFFFFFFFFFFFFFBA
:1076E000FFFFFFFFFFFFFFFFFFFFFFFFFFFFFFFFAA
:1076F000FFFFFFFFFFFFFFFFFFFFFFFFFFFFFFFF9A
:10770000FFFFFFFFFFFFFFFFFFFFFFFFFFFFFFFF89
:10771000FFFFFFFFFFFFFFFFFFFFFFFFFFFFFFFF79
:10772000FFFFFFFFFFFFFFFFFFFFFFFFFFFFFFFF69
:10773000FFFFFFFFFFFFFFFFFFFFFFFFFFFFFFFF59
:10774000FFFFFFFFFFFFFFFFFFFFFFFFFFFFFFFF49
:10775000FFFFFFFFFFFFFFFFFFFFFFFFFFFFFFFF39
:10776000FFFFFFFFFFFFFFFFFFFFFFFFFFFFFFFF29
:10777000FFFFFFFFFFFFFFFFFFFFFFFFFFFFFFFF19
:10778000FFFFFFFFFFFFFFFFFFFFFFFFFFFFFFFF09
:10779000FFFFFFFFFFFFFFFFFFFFFFFFFFFFFFFFF9
:1077A000FFFFFFFFFFFFFFFFFFFFFFFFFFFFFFFFE9
:1077B000FFFFFFFFFFFFFFFFFFFFFFFFFFFFFFFFD9
:1077C000FFFFFFFFFFFFFFFFFFFFFFFFFFFFFFFFC9
:1077D000FFFFFFFFFFFFFFFFFFFFFFFFFFFFFFFFB9
:1077E000FFFFFFFFFFFFFFFFFFFFFFFFFFFFFFFFA9
:1077F000FFFFFFFFFFFFFFFFFFFFFFFFFFFFFFFF99
:10780000FFFFFFFFFFFFFFFFFFFFFFFFFFFFFFFF88
:10781000FFFFFFFFFFFFFFFFFFFFFFFFFFFFFFFF78
:10782000FFFFFFFFFFFFFFFFFFFFFFFFFFFFFFFF68
:10783000FFFFFFFFFFFFFFFFFFFFFFFFFFFFFFFF58
:10784000FFFFFFFFFFFFFFFFFFFFFFFFFFFFFFFF48
:10785000FFFFFFFFFFFFFFFFFFFFFFFFFFFFFFFF38
:10786000FFFFFFFFFFFFFFFFFFFFFFFFFFFFFFFF28
:10787000FFFFFFFFFFFFFFFFFFFFFFFFFFFFFFFF18
:10788000FFFFFFFFFFFFFFFFFFFFFFFFFFFFFFFF08
:10789000FFFFFFFFFFFFFFFFFFFFFFFFFFFFFFFFF8
:1078A000FFFFFFFFFFFFFFFFFFFFFFFFFFFFFFFFE8
:1078B000FFFFFFFFFFFFFFFFFFFFFFFFFFFFFFFFD8
:1078C000FFFFFFFFFFFFFFFFFFFFFFFFFFFFFFFFC8
:1078D000FFFFFFFFFFFFFFFFFFFFFFFFFFFFFFFFB8
:1078E000FFFFFFFFFFFFFFFFFFFFFFFFFFFFFFFFA8
:1078F000FFFFFFFFFFFFFFFFFFFFFFFFFFFFFFFF98
:10790000FFFFFFFFFFFFFFFFFFFFFFFFFFFFFFFF87
:10791000FFFFFFFFFFFFFFFFFFFFFFFFFFFFFFFF77
:10792000FFFFFFFFFFFFFFFFFFFFFFFFFFFFFFFF67
:10793000FFFFFFFFFFFFFFFFFFFFFFFFFFFFFFFF57
:10794000FFFFFFFFFFFFFFFFFFFFFFFFFFFFFFFF47
:10795000FFFFFFFFFFFFFFFFFFFFFFFFFFFFFFFF37
:10796000FFFFFFFFFFFFFFFFFFFFFFFFFFFFFFFF27
:10797000FFFFFFFFFFFFFFFFFFFFFFFFFFFFFFFF17
:10798000FFFFFFFFFFFFFFFFFFFFFFFFFFFFFFFF07
:10799000FFFFFFFFFFFFFFFFFFFFFFFFFFFFFFFFF7
:1079A000FFFFFFFFFFFFFFFFFFFFFFFFFFFFFFFFE7
:1079B000FFFFFFFFFFFFFFFFFFFFFFFFFFFFFFFFD7
:1079C000FFFFFFFFFFFFFFFFFFFFFFFFFFFFFFFFC7
:1079D000FFFFFFFFFFFFFFFFFFFFFFFFFFFFFFFFB7
:1079E000FFFFFFFFFFFFFFFFFFFFFFFFFFFFFFFFA7
:1079F000FFFFFFFFFFFFFFFFFFFFFFFFFFFFFFFF97
:107A0000FFFFFFFFFFFFFFFFFFFFFFFFFFFFFFFF86
:107A1000FFFFFFFFFFFFFFFFFFFFFFFFFFFFFFFF76
:107A2000FFFFFFFFFFFFFFFFFFFFFFFFFFFFFFFF66
:107A3000FFFFFFFFFFFFFFFFFFFFFFFFFFFFFFFF56
:107A4000FFFFFFFFFFFFFFFFFFFFFFFFFFFFFFFF46
:107A5000FFFFFFFFFFFFFFFFFFFFFFFFFFFFFFFF36
:107A6000FFFFFFFFFFFFFFFFFFFFFFFFFFFFFFFF26
:107A7000FFFFFFFFFFFFFFFFFFFFFFFFFFFFFFFF16
:107A8000FFFFFFFFFFFFFFFFFFFFFFFFFFFFFFFF06
:107A9000FFFFFFFFFFFFFFFFFFFFFFFFFFFFFFFFF6
:107AA000FFFFFFFFFFFFFFFFFFFFFFFFFFFFFFFFE6
:107AB000FFFFFFFFFFFFFFFFFFFFFFFFFFFFFFFFD6
:107AC000FFFFFFFFFFFFFFFFFFFFFFFFFFFFFFFFC6
:107AD000FFFFFFFFFFFFFFFFFFFFFFFFFFFFFFFFB6
:107AE000FFFFFFFFFFFFFFFFFFFFFFFFFFFFFFFFA6
:107AF000FFFFFFFFFFFFFFFFFFFFFFFFFFFFFFFF96
:107B0000FFFFFFFFFFFFFFFFFFFFFFFFFFFFFFFF85
:107B1000FFFFFFFFFFFFFFFFFFFFFFFFFFFFFFFF75
:107B2000FFFFFFFFFFFFFFFFFFFFFFFFFFFFFFFF65
:107B3000FFFFFFFFFFFFFFFFFFFFFFFFFFFFFFFF55
:107B4000FFFFFFFFFFFFFFFFFFFFFFFFFFFFFFFF45
:107B5000FFFFFFFFFFFFFFFFFFFFFFFFFFFFFFFF35
:107B6000FFFFFFFFFFFFFFFFFFFFFFFFFFFFFFFF25
:107B7000FFFFFFFFFFFFFFFFFFFFFFFFFFFFFFFF15
:107B8000FFFFFFFFFFFFFFFFFFFFFFFFFFFFFFFF05
:107B9000FFFFFFFFFFFFFFFFFFFFFFFFFFFFFFFFF5
:107BA000FFFFFFFFFFFFFFFFFFFFFFFFFFFFFFFFE5
:107BB000FFFFFFFFFFFFFFFFFFFFFFFFFFFFFFFFD5
:107BC000FFFFFFFFFFFFFFFFFFFFFFFFFFFFFFFFC5
:107BD000FFFFFFFFFFFFFFFFFFFFFFFFFFFFFFFFB5
:107BE000FFFFFFFFFFFFFFFFFFFFFFFFFFFFFFFFA5
:107BF000FFFFFFFFFFFFFFFFFFFFFFFFFFFFFFFF95
:107C0000FFFFFFFFFFFFFFFFFFFFFFFFFFFFFFFF84
:107C1000FFFFFFFFFFFFFFFFFFFFFFFFFFFFFFFF74
:107C2000FFFFFFFFFFFFFFFFFFFFFFFFFFFFFFFF64
:107C3000FFFFFFFFFFFFFFFFFFFFFFFFFFFFFFFF54
:107C4000FFFFFFFFFFFFFFFFFFFFFFFFFFFFFFFF44
:107C5000FFFFFFFFFFFFFFFFFFFFFFFFFFFFFFFF34
:107C6000FFFFFFFFFFFFFFFFFFFFFFFFFFFFFFFF24
:107C7000FFFFFFFFFFFFFFFFFFFFFFFFFFFFFFFF14
:107C8000FFFFFFFFFFFFFFFFFFFFFFFFFFFFFFFF04
:107C9000FFFFFFFFFFFFFFFFFFFFFFFFFFFFFFFFF4
:107CA000FFFFFFFFFFFFFFFFFFFFFFFFFFFFFFFFE4
:107CB000FFFFFFFFFFFFFFFFFFFFFFFFFFFFFFFFD4
:107CC000FFFFFFFFFFFFFFFFFFFFFFFFFFFFFFFFC4
:107CD000FFFFFFFFFFFFFFFFFFFFFFFFFFFFFFFFB4
:107CE000FFFFFFFFFFFFFFFFFFFFFFFFFFFFFFFFA4
:107CF000FFFFFFFFFFFFFFFFFFFFFFFFFFFFFFFF94
:107D0000FFFFFFFFFFFFFFFFFFFFFFFFFFFFFFFF83
:107D1000FFFFFFFFFFFFFFFFFFFFFFFFFFFFFFFF73
:107D2000FFFFFFFFFFFFFFFFFFFFFFFFFFFFFFFF63
:107D3000FFFFFFFFFFFFFFFFFFFFFFFFFFFFFFFF53
:107D4000FFFFFFFFFFFFFFFFFFFFFFFFFFFFFFFF43
:107D5000FFFFFFFFFFFFFFFFFFFFFFFFFFFFFFFF33
:107D6000FFFFFFFFFFFFFFFFFFFFFFFFFFFFFFFF23
:107D7000FFFFFFFFFFFFFFFFFFFFFFFFFFFFFFFF13
:107D8000FFFFFFFFFFFFFFFFFFFFFFFFFFFFFFFF03
:107D9000FFFFFFFFFFFFFFFFFFFFFFFFFFFFFFFFF3
:107DA000FFFFFFFFFFFFFFFFFFFFFFFFFFFFFFFFE3
:107DB000FFFFFFFFFFFFFFFFFFFFFFFFFFFFFFFFD3
:107DC000FFFFFFFFFFFFFFFFFFFFFFFFFFFFFFFFC3
:107DD000FFFFFFFFFFFFFFFFFFFFFFFFFFFFFFFFB3
:107DE000FFFFFFFFFFFFFFFFFFFFFFFFFFFFFFFFA3
:107DF000FFFFFFFFFFFFFFFFFFFFFFFFFFFFFFFF93
:107E0000FFFFFFFFFFFFFFFFFFFFFFFFFFFFFFFF82
:107E1000FFFFFFFFFFFFFFFFFFFFFFFFFFFFFFFF72
:107E2000FFFFFFFFFFFFFFFFFFFFFFFFFFFFFFFF62
:107E3000FFFFFFFFFFFFFFFFFFFFFFFFFFFFFFFF52
:107E4000FFFFFFFFFFFFFFFFFFFFFFFFFFFFFFFF42
:107E5000FFFFFFFFFFFFFFFFFFFFFFFFFFFFFFFF32
:107E6000FFFFFFFFFFFFFFFFFFFFFFFFFFFFFFFF22
:107E7000FFFFFFFFFFFFFFFFFFFFFFFFFFFFFFFF12
:107E8000FFFFFFFFFFFFFFFFFFFFFFFFFFFFFFFF02
:107E9000FFFFFFFFFFFFFFFFFFFFFFFFFFFFFFFFF2
:107EA000FFFFFFFFFFFFFFFFFFFFFFFFFFFFFFFFE2
:107EB000FFFFFFFFFFFFFFFFFFFFFFFFFFFFFFFFD2
:107EC000FFFFFFFFFFFFFFFFFFFFFFFFFFFFFFFFC2
:107ED000FFFFFFFFFFFFFFFFFFFFFFFFFFFFFFFFB2
:107EE000FFFFFFFFFFFFFFFFFFFFFFFFFFFFFFFFA2
:107EF000FFFFFFFFFFFFFFFFFFFFFFFFFFFFFFFF92
:107F0000FFFFFFFFFFFFFFFFFFFFFFFFFFFFFFFF81
:107F1000FFFFFFFFFFFFFFFFFFFFFFFFFFFFFFFF71
:107F2000FFFFFFFFFFFFFFFFFFFFFFFFFFFFFFFF61
:107F3000FFFFFFFFFFFFFFFFFFFFFFFFFFFFFFFF51
:107F4000FFFFFFFFFFFFFFFFFFFFFFFFFFFFFFFF41
:107F5000FFFFFFFFFFFFFFFFFFFFFFFFFFFFFFFF31
:107F6000FFFFFFFFFFFFFFFFFFFFFFFFFFFFFFFF21
:107F7000FFFFFFFFFFFFFFFFFFFFFFFFFFFFFFFF11
:107F8000FFFFFFFFFFFFFFFFFFFFFFFFFFFFFFFF01
:107F9000FFFFFFFFFFFFFFFFFFFFFFFFFFFFFFFFF1
:107FA000FFFFFFFFFFFFFFFFFFFFFFFFFFFFFFFFE1
:107FB000FFFFFFFFFFFFFFFFFFFFFFFFFFFFFFFFD1
:107FC000FFFFFFFFFFFFFFFFFFFFFFFFFFFFFFFFC1
:107FD000FFFFFFFFFFFFFFFFFFFFFFFFFFFFFFFFB1
:107FE000FFFFFFFFFFFFFFFFFFFFFFFFFFFFFFFFA1
:107FF000FFFFFFFFFFFFFFFFFFFFFFFFFFFFFFFF91
:10800000FFFFFFFFFFFFFFFFFFFFFFFFFFFFFFFF80
:10801000FFFFFFFFFFFFFFFFFFFFFFFFFFFFFFFF70
:10802000FFFFFFFFFFFFFFFFFFFFFFFFFFFFFFFF60
:10803000FFFFFFFFFFFFFFFFFFFFFFFFFFFFFFFF50
:10804000FFFFFFFFFFFFFFFFFFFFFFFFFFFFFFFF40
:10805000FFFFFFFFFFFFFFFFFFFFFFFFFFFFFFFF30
:10806000FFFFFFFFFFFFFFFFFFFFFFFFFFFFFFFF20
:10807000FFFFFFFFFFFFFFFFFFFFFFFFFFFFFFFF10
:10808000FFFFFFFFFFFFFFFFFFFFFFFFFFFFFFFF00
:10809000FFFFFFFFFFFFFFFFFFFFFFFFFFFFFFFFF0
:1080A000FFFFFFFFFFFFFFFFFFFFFFFFFFFFFFFFE0
:1080B000FFFFFFFFFFFFFFFFFFFFFFFFFFFFFFFFD0
:1080C000FFFFFFFFFFFFFFFFFFFFFFFFFFFFFFFFC0
:1080D000FFFFFFFFFFFFFFFFFFFFFFFFFFFFFFFFB0
:1080E000FFFFFFFFFFFFFFFFFFFFFFFFFFFFFFFFA0
:1080F000FFFFFFFFFFFFFFFFFFFFFFFFFFFFFFFF90
:10810000FFFFFFFFFFFFFFFFFFFFFFFFFFFFFFFF7F
:10811000FFFFFFFFFFFFFFFFFFFFFFFFFFFFFFFF6F
:10812000FFFFFFFFFFFFFFFFFFFFFFFFFFFFFFFF5F
:10813000FFFFFFFFFFFFFFFFFFFFFFFFFFFFFFFF4F
:10814000FFFFFFFFFFFFFFFFFFFFFFFFFFFFFFFF3F
:10815000FFFFFFFFFFFFFFFFFFFFFFFFFFFFFFFF2F
:10816000FFFFFFFFFFFFFFFFFFFFFFFFFFFFFFFF1F
:10817000FFFFFFFFFFFFFFFFFFFFFFFFFFFFFFFF0F
:10818000FFFFFFFFFFFFFFFFFFFFFFFFFFFFFFFFFF
:10819000FFFFFFFFFFFFFFFFFFFFFFFFFFFFFFFFEF
:1081A000FFFFFFFFFFFFFFFFFFFFFFFFFFFFFFFFDF
:1081B000FFFFFFFFFFFFFFFFFFFFFFFFFFFFFFFFCF
:1081C000FFFFFFFFFFFFFFFFFFFFFFFFFFFFFFFFBF
:1081D000FFFFFFFFFFFFFFFFFFFFFFFFFFFFFFFFAF
:1081E000FFFFFFFFFFFFFFFFFFFFFFFFFFFFFFFF9F
:1081F000FFFFFFFFFFFFFFFFFFFFFFFFFFFFFFFF8F
:10820000FFFFFFFFFFFFFFFFFFFFFFFFFFFFFFFF7E
:10821000FFFFFFFFFFFFFFFFFFFFFFFFFFFFFFFF6E
:10822000FFFFFFFFFFFFFFFFFFFFFFFFFFFFFFFF5E
:10823000FFFFFFFFFFFFFFFFFFFFFFFFFFFFFFFF4E
:10824000FFFFFFFFFFFFFFFFFFFFFFFFFFFFFFFF3E
:10825000FFFFFFFFFFFFFFFFFFFFFFFFFFFFFFFF2E
:10826000FFFFFFFFFFFFFFFFFFFFFFFFFFFFFFFF1E
:10827000FFFFFFFFFFFFFFFFFFFFFFFFFFFFFFFF0E
:10828000FFFFFFFFFFFFFFFFFFFFFFFFFFFFFFFFFE
:10829000FFFFFFFFFFFFFFFFFFFFFFFFFFFFFFFFEE
:1082A000FFFFFFFFFFFFFFFFFFFFFFFFFFFFFFFFDE
:1082B000FFFFFFFFFFFFFFFFFFFFFFFFFFFFFFFFCE
:1082C000FFFFFFFFFFFFFFFFFFFFFFFFFFFFFFFFBE
:1082D000FFFFFFFFFFFFFFFFFFFFFFFFFFFFFFFFAE
:1082E000FFFFFFFFFFFFFFFFFFFFFFFFFFFFFFFF9E
:1082F000FFFFFFFFFFFFFFFFFFFFFFFFFFFFFFFF8E
:10830000FFFFFFFFFFFFFFFFFFFFFFFFFFFFFFFF7D
:10831000FFFFFFFFFFFFFFFFFFFFFFFFFFFFFFFF6D
:10832000FFFFFFFFFFFFFFFFFFFFFFFFFFFFFFFF5D
:10833000FFFFFFFFFFFFFFFFFFFFFFFFFFFFFFFF4D
:10834000FFFFFFFFFFFFFFFFFFFFFFFFFFFFFFFF3D
:10835000FFFFFFFFFFFFFFFFFFFFFFFFFFFFFFFF2D
:10836000FFFFFFFFFFFFFFFFFFFFFFFFFFFFFFFF1D
:10837000FFFFFFFFFFFFFFFFFFFFFFFFFFFFFFFF0D
:10838000FFFFFFFFFFFFFFFFFFFFFFFFFFFFFFFFFD
:10839000FFFFFFFFFFFFFFFFFFFFFFFFFFFFFFFFED
:1083A000FFFFFFFFFFFFFFFFFFFFFFFFFFFFFFFFDD
:1083B000FFFFFFFFFFFFFFFFFFFFFFFFFFFFFFFFCD
:1083C000FFFFFFFFFFFFFFFFFFFFFFFFFFFFFFFFBD
:1083D000FFFFFFFFFFFFFFFFFFFFFFFFFFFFFFFFAD
:1083E000FFFFFFFFFFFFFFFFFFFFFFFFFFFFFFFF9D
:1083F000FFFFFFFFFFFFFFFFFFFFFFFFFFFFFFFF8D
:10840000FFFFFFFFFFFFFFFFFFFFFFFFFFFFFFFF7C
:10841000FFFFFFFFFFFFFFFFFFFFFFFFFFFFFFFF6C
:10842000FFFFFFFFFFFFFFFFFFFFFFFFFFFFFFFF5C
:10843000FFFFFFFFFFFFFFFFFFFFFFFFFFFFFFFF4C
:10844000FFFFFFFFFFFFFFFFFFFFFFFFFFFFFFFF3C
:10845000FFFFFFFFFFFFFFFFFFFFFFFFFFFFFFFF2C
:10846000FFFFFFFFFFFFFFFFFFFFFFFFFFFFFFFF1C
:10847000FFFFFFFFFFFFFFFFFFFFFFFFFFFFFFFF0C
:10848000FFFFFFFFFFFFFFFFFFFFFFFFFFFFFFFFFC
:10849000FFFFFFFFFFFFFFFFFFFFFFFFFFFFFFFFEC
:1084A000FFFFFFFFFFFFFFFFFFFFFFFFFFFFFFFFDC
:1084B000FFFFFFFFFFFFFFFFFFFFFFFFFFFFFFFFCC
:1084C000FFFFFFFFFFFFFFFFFFFFFFFFFFFFFFFFBC
:1084D000FFFFFFFFFFFFFFFFFFFFFFFFFFFFFFFFAC
:1084E000FFFFFFFFFFFFFFFFFFFFFFFFFFFFFFFF9C
:1084F000FFFFFFFFFFFFFFFFFFFFFFFFFFFFFFFF8C
:10850000FFFFFFFFFFFFFFFFFFFFFFFFFFFFFFFF7B
:10851000FFFFFFFFFFFFFFFFFFFFFFFFFFFFFFFF6B
:10852000FFFFFFFFFFFFFFFFFFFFFFFFFFFFFFFF5B
:10853000FFFFFFFFFFFFFFFFFFFFFFFFFFFFFFFF4B
:10854000FFFFFFFFFFFFFFFFFFFFFFFFFFFFFFFF3B
:10855000FFFFFFFFFFFFFFFFFFFFFFFFFFFFFFFF2B
:10856000FFFFFFFFFFFFFFFFFFFFFFFFFFFFFFFF1B
:10857000FFFFFFFFFFFFFFFFFFFFFFFFFFFFFFFF0B
:10858000FFFFFFFFFFFFFFFFFFFFFFFFFFFFFFFFFB
:10859000FFFFFFFFFFFFFFFFFFFFFFFFFFFFFFFFEB
:1085A000FFFFFFFFFFFFFFFFFFFFFFFFFFFFFFFFDB
:1085B000FFFFFFFFFFFFFFFFFFFFFFFFFFFFFFFFCB
:1085C000FFFFFFFFFFFFFFFFFFFFFFFFFFFFFFFFBB
:1085D000FFFFFFFFFFFFFFFFFFFFFFFFFFFFFFFFAB
:1085E000FFFFFFFFFFFFFFFFFFFFFFFFFFFFFFFF9B
:1085F000FFFFFFFFFFFFFFFFFFFFFFFFFFFFFFFF8B
:10860000FFFFFFFFFFFFFFFFFFFFFFFFFFFFFFFF7A
:10861000FFFFFFFFFFFFFFFFFFFFFFFFFFFFFFFF6A
:10862000FFFFFFFFFFFFFFFFFFFFFFFFFFFFFFFF5A
:10863000FFFFFFFFFFFFFFFFFFFFFFFFFFFFFFFF4A
:10864000FFFFFFFFFFFFFFFFFFFFFFFFFFFFFFFF3A
:10865000FFFFFFFFFFFFFFFFFFFFFFFFFFFFFFFF2A
:10866000FFFFFFFFFFFFFFFFFFFFFFFFFFFFFFFF1A
:10867000FFFFFFFFFFFFFFFFFFFFFFFFFFFFFFFF0A
:10868000FFFFFFFFFFFFFFFFFFFFFFFFFFFFFFFFFA
:10869000FFFFFFFFFFFFFFFFFFFFFFFFFFFFFFFFEA
:1086A000FFFFFFFFFFFFFFFFFFFFFFFFFFFFFFFFDA
:1086B000FFFFFFFFFFFFFFFFFFFFFFFFFFFFFFFFCA
:1086C000FFFFFFFFFFFFFFFFFFFFFFFFFFFFFFFFBA
:1086D000FFFFFFFFFFFFFFFFFFFFFFFFFFFFFFFFAA
:1086E000FFFFFFFFFFFFFFFFFFFFFFFFFFFFFFFF9A
:1086F000FFFFFFFFFFFFFFFFFFFFFFFFFFFFFFFF8A
:10870000FFFFFFFFFFFFFFFFFFFFFFFFFFFFFFFF79
:10871000FFFFFFFFFFFFFFFFFFFFFFFFFFFFFFFF69
:10872000FFFFFFFFFFFFFFFFFFFFFFFFFFFFFFFF59
:10873000FFFFFFFFFFFFFFFFFFFFFFFFFFFFFFFF49
:10874000FFFFFFFFFFFFFFFFFFFFFFFFFFFFFFFF39
:10875000FFFFFFFFFFFFFFFFFFFFFFFFFFFFFFFF29
:10876000FFFFFFFFFFFFFFFFFFFFFFFFFFFFFFFF19
:10877000FFFFFFFFFFFFFFFFFFFFFFFFFFFFFFFF09
:10878000FFFFFFFFFFFFFFFFFFFFFFFFFFFFFFFFF9
:10879000FFFFFFFFFFFFFFFFFFFFFFFFFFFFFFFFE9
:1087A000FFFFFFFFFFFFFFFFFFFFFFFFFFFFFFFFD9
:1087B000FFFFFFFFFFFFFFFFFFFFFFFFFFFFFFFFC9
:1087C000FFFFFFFFFFFFFFFFFFFFFFFFFFFFFFFFB9
:1087D000FFFFFFFFFFFFFFFFFFFFFFFFFFFFFFFFA9
:1087E000FFFFFFFFFFFFFFFFFFFFFFFFFFFFFFFF99
:1087F000FFFFFFFFFFFFFFFFFFFFFFFFFFFFFFFF89
:10880000FFFFFFFFFFFFFFFFFFFFFFFFFFFFFFFF78
:10881000FFFFFFFFFFFFFFFFFFFFFFFFFFFFFFFF68
:10882000FFFFFFFFFFFFFFFFFFFFFFFFFFFFFFFF58
:10883000FFFFFFFFFFFFFFFFFFFFFFFFFFFFFFFF48
:10884000FFFFFFFFFFFFFFFFFFFFFFFFFFFFFFFF38
:10885000FFFFFFFFFFFFFFFFFFFFFFFFFFFFFFFF28
:10886000FFFFFFFFFFFFFFFFFFFFFFFFFFFFFFFF18
:10887000FFFFFFFFFFFFFFFFFFFFFFFFFFFFFFFF08
:10888000FFFFFFFFFFFFFFFFFFFFFFFFFFFFFFFFF8
:10889000FFFFFFFFFFFFFFFFFFFFFFFFFFFFFFFFE8
:1088A000FFFFFFFFFFFFFFFFFFFFFFFFFFFFFFFFD8
:1088B000FFFFFFFFFFFFFFFFFFFFFFFFFFFFFFFFC8
:1088C000FFFFFFFFFFFFFFFFFFFFFFFFFFFFFFFFB8
:1088D000FFFFFFFFFFFFFFFFFFFFFFFFFFFFFFFFA8
:1088E000FFFFFFFFFFFFFFFFFFFFFFFFFFFFFFFF98
:1088F000FFFFFFFFFFFFFFFFFFFFFFFFFFFFFFFF88
:10890000FFFFFFFFFFFFFFFFFFFFFFFFFFFFFFFF77
:10891000FFFFFFFFFFFFFFFFFFFFFFFFFFFFFFFF67
:10892000FFFFFFFFFFFFFFFFFFFFFFFFFFFFFFFF57
:10893000FFFFFFFFFFFFFFFFFFFFFFFFFFFFFFFF47
:10894000FFFFFFFFFFFFFFFFFFFFFFFFFFFFFFFF37
:10895000FFFFFFFFFFFFFFFFFFFFFFFFFFFFFFFF27
:10896000FFFFFFFFFFFFFFFFFFFFFFFFFFFFFFFF17
:10897000FFFFFFFFFFFFFFFFFFFFFFFFFFFFFFFF07
:10898000FFFFFFFFFFFFFFFFFFFFFFFFFFFFFFFFF7
:10899000FFFFFFFFFFFFFFFFFFFFFFFFFFFFFFFFE7
:1089A000FFFFFFFFFFFFFFFFFFFFFFFFFFFFFFFFD7
:1089B000FFFFFFFFFFFFFFFFFFFFFFFFFFFFFFFFC7
:1089C000FFFFFFFFFFFFFFFFFFFFFFFFFFFFFFFFB7
:1089D000FFFFFFFFFFFFFFFFFFFFFFFFFFFFFFFFA7
:1089E000FFFFFFFFFFFFFFFFFFFFFFFFFFFFFFFF97
:1089F000FFFFFFFFFFFFFFFFFFFFFFFFFFFFFFFF87
:108A0000FFFFFFFFFFFFFFFFFFFFFFFFFFFFFFFF76
:108A1000FFFFFFFFFFFFFFFFFFFFFFFFFFFFFFFF66
:108A2000FFFFFFFFFFFFFFFFFFFFFFFFFFFFFFFF56
:108A3000FFFFFFFFFFFFFFFFFFFFFFFFFFFFFFFF46
:108A4000FFFFFFFFFFFFFFFFFFFFFFFFFFFFFFFF36
:108A5000FFFFFFFFFFFFFFFFFFFFFFFFFFFFFFFF26
:108A6000FFFFFFFFFFFFFFFFFFFFFFFFFFFFFFFF16
:108A7000FFFFFFFFFFFFFFFFFFFFFFFFFFFFFFFF06
:108A8000FFFFFFFFFFFFFFFFFFFFFFFFFFFFFFFFF6
:108A9000FFFFFFFFFFFFFFFFFFFFFFFFFFFFFFFFE6
:108AA000FFFFFFFFFFFFFFFFFFFFFFFFFFFFFFFFD6
:108AB000FFFFFFFFFFFFFFFFFFFFFFFFFFFFFFFFC6
:108AC000FFFFFFFFFFFFFFFFFFFFFFFFFFFFFFFFB6
:108AD000FFFFFFFFFFFFFFFFFFFFFFFFFFFFFFFFA6
:108AE000FFFFFFFFFFFFFFFFFFFFFFFFFFFFFFFF96
:108AF000FFFFFFFFFFFFFFFFFFFFFFFFFFFFFFFF86
:108B0000FFFFFFFFFFFFFFFFFFFFFFFFFFFFFFFF75
:108B1000FFFFFFFFFFFFFFFFFFFFFFFFFFFFFFFF65
:108B2000FFFFFFFFFFFFFFFFFFFFFFFFFFFFFFFF55
:108B3000FFFFFFFFFFFFFFFFFFFFFFFFFFFFFFFF45
:108B4000FFFFFFFFFFFFFFFFFFFFFFFFFFFFFFFF35
:108B5000FFFFFFFFFFFFFFFFFFFFFFFFFFFFFFFF25
:108B6000FFFFFFFFFFFFFFFFFFFFFFFFFFFFFFFF15
:108B7000FFFFFFFFFFFFFFFFFFFFFFFFFFFFFFFF05
:108B8000FFFFFFFFFFFFFFFFFFFFFFFFFFFFFFFFF5
:108B9000FFFFFFFFFFFFFFFFFFFFFFFFFFFFFFFFE5
:108BA000FFFFFFFFFFFFFFFFFFFFFFFFFFFFFFFFD5
:108BB000FFFFFFFFFFFFFFFFFFFFFFFFFFFFFFFFC5
:108BC000FFFFFFFFFFFFFFFFFFFFFFFFFFFFFFFFB5
:108BD000FFFFFFFFFFFFFFFFFFFFFFFFFFFFFFFFA5
:108BE000FFFFFFFFFFFFFFFFFFFFFFFFFFFFFFFF95
:108BF000FFFFFFFFFFFFFFFFFFFFFFFFFFFFFFFF85
:108C0000FFFFFFFFFFFFFFFFFFFFFFFFFFFFFFFF74
:108C1000FFFFFFFFFFFFFFFFFFFFFFFFFFFFFFFF64
:108C2000FFFFFFFFFFFFFFFFFFFFFFFFFFFFFFFF54
:108C3000FFFFFFFFFFFFFFFFFFFFFFFFFFFFFFFF44
:108C4000FFFFFFFFFFFFFFFFFFFFFFFFFFFFFFFF34
:108C5000FFFFFFFFFFFFFFFFFFFFFFFFFFFFFFFF24
:108C6000FFFFFFFFFFFFFFFFFFFFFFFFFFFFFFFF14
:108C7000FFFFFFFFFFFFFFFFFFFFFFFFFFFFFFFF04
:108C8000FFFFFFFFFFFFFFFFFFFFFFFFFFFFFFFFF4
:108C9000FFFFFFFFFFFFFFFFFFFFFFFFFFFFFFFFE4
:108CA000FFFFFFFFFFFFFFFFFFFFFFFFFFFFFFFFD4
:108CB000FFFFFFFFFFFFFFFFFFFFFFFFFFFFFFFFC4
:108CC000FFFFFFFFFFFFFFFFFFFFFFFFFFFFFFFFB4
:108CD000FFFFFFFFFFFFFFFFFFFFFFFFFFFFFFFFA4
:108CE000FFFFFFFFFFFFFFFFFFFFFFFFFFFFFFFF94
:108CF000FFFFFFFFFFFFFFFFFFFFFFFFFFFFFFFF84
:108D0000FFFFFFFFFFFFFFFFFFFFFFFFFFFFFFFF73
:108D1000FFFFFFFFFFFFFFFFFFFFFFFFFFFFFFFF63
:108D2000FFFFFFFFFFFFFFFFFFFFFFFFFFFFFFFF53
:108D3000FFFFFFFFFFFFFFFFFFFFFFFFFFFFFFFF43
:108D4000FFFFFFFFFFFFFFFFFFFFFFFFFFFFFFFF33
:108D5000FFFFFFFFFFFFFFFFFFFFFFFFFFFFFFFF23
:108D6000FFFFFFFFFFFFFFFFFFFFFFFFFFFFFFFF13
:108D7000FFFFFFFFFFFFFFFFFFFFFFFFFFFFFFFF03
:108D8000FFFFFFFFFFFFFFFFFFFFFFFFFFFFFFFFF3
:108D9000FFFFFFFFFFFFFFFFFFFFFFFFFFFFFFFFE3
:108DA000FFFFFFFFFFFFFFFFFFFFFFFFFFFFFFFFD3
:108DB000FFFFFFFFFFFFFFFFFFFFFFFFFFFFFFFFC3
:108DC000FFFFFFFFFFFFFFFFFFFFFFFFFFFFFFFFB3
:108DD000FFFFFFFFFFFFFFFFFFFFFFFFFFFFFFFFA3
:108DE000FFFFFFFFFFFFFFFFFFFFFFFFFFFFFFFF93
:108DF000FFFFFFFFFFFFFFFFFFFFFFFFFFFFFFFF83
:108E0000FFFFFFFFFFFFFFFFFFFFFFFFFFFFFFFF72
:108E1000FFFFFFFFFFFFFFFFFFFFFFFFFFFFFFFF62
:108E2000FFFFFFFFFFFFFFFFFFFFFFFFFFFFFFFF52
:108E3000FFFFFFFFFFFFFFFFFFFFFFFFFFFFFFFF42
:108E4000FFFFFFFFFFFFFFFFFFFFFFFFFFFFFFFF32
:108E5000FFFFFFFFFFFFFFFFFFFFFFFFFFFFFFFF22
:108E6000FFFFFFFFFFFFFFFFFFFFFFFFFFFFFFFF12
:108E7000FFFFFFFFFFFFFFFFFFFFFFFFFFFFFFFF02
:108E8000FFFFFFFFFFFFFFFFFFFFFFFFFFFFFFFFF2
:108E9000FFFFFFFFFFFFFFFFFFFFFFFFFFFFFFFFE2
:108EA000FFFFFFFFFFFFFFFFFFFFFFFFFFFFFFFFD2
:108EB000FFFFFFFFFFFFFFFFFFFFFFFFFFFFFFFFC2
:108EC000FFFFFFFFFFFFFFFFFFFFFFFFFFFFFFFFB2
:108ED000FFFFFFFFFFFFFFFFFFFFFFFFFFFFFFFFA2
:108EE000FFFFFFFFFFFFFFFFFFFFFFFFFFFFFFFF92
:108EF000FFFFFFFFFFFFFFFFFFFFFFFFFFFFFFFF82
:108F0000FFFFFFFFFFFFFFFFFFFFFFFFFFFFFFFF71
:108F1000FFFFFFFFFFFFFFFFFFFFFFFFFFFFFFFF61
:108F2000FFFFFFFFFFFFFFFFFFFFFFFFFFFFFFFF51
:108F3000FFFFFFFFFFFFFFFFFFFFFFFFFFFFFFFF41
:108F4000FFFFFFFFFFFFFFFFFFFFFFFFFFFFFFFF31
:108F5000FFFFFFFFFFFFFFFFFFFFFFFFFFFFFFFF21
:108F6000FFFFFFFFFFFFFFFFFFFFFFFFFFFFFFFF11
:108F7000FFFFFFFFFFFFFFFFFFFFFFFFFFFFFFFF01
:108F8000FFFFFFFFFFFFFFFFFFFFFFFFFFFFFFFFF1
:108F9000FFFFFFFFFFFFFFFFFFFFFFFFFFFFFFFFE1
:108FA000FFFFFFFFFFFFFFFFFFFFFFFFFFFFFFFFD1
:108FB000FFFFFFFFFFFFFFFFFFFFFFFFFFFFFFFFC1
:108FC000FFFFFFFFFFFFFFFFFFFFFFFFFFFFFFFFB1
:108FD000FFFFFFFFFFFFFFFFFFFFFFFFFFFFFFFFA1
:108FE000FFFFFFFFFFFFFFFFFFFFFFFFFFFFFFFF91
:108FF000FFFFFFFFFFFFFFFFFFFFFFFFFFFFFFFF81
:10900000FFFFFFFFFFFFFFFFFFFFFFFFFFFFFFFF70
:10901000FFFFFFFFFFFFFFFFFFFFFFFFFFFFFFFF60
:10902000FFFFFFFFFFFFFFFFFFFFFFFFFFFFFFFF50
:10903000FFFFFFFFFFFFFFFFFFFFFFFFFFFFFFFF40
:10904000FFFFFFFFFFFFFFFFFFFFFFFFFFFFFFFF30
:10905000FFFFFFFFFFFFFFFFFFFFFFFFFFFFFFFF20
:10906000FFFFFFFFFFFFFFFFFFFFFFFFFFFFFFFF10
:10907000FFFFFFFFFFFFFFFFFFFFFFFFFFFFFFFF00
:10908000FFFFFFFFFFFFFFFFFFFFFFFFFFFFFFFFF0
:10909000FFFFFFFFFFFFFFFFFFFFFFFFFFFFFFFFE0
:1090A000FFFFFFFFFFFFFFFFFFFFFFFFFFFFFFFFD0
:1090B000FFFFFFFFFFFFFFFFFFFFFFFFFFFFFFFFC0
:1090C000FFFFFFFFFFFFFFFFFFFFFFFFFFFFFFFFB0
:1090D000FFFFFFFFFFFFFFFFFFFFFFFFFFFFFFFFA0
:1090E000FFFFFFFFFFFFFFFFFFFFFFFFFFFFFFFF90
:1090F000FFFFFFFFFFFFFFFFFFFFFFFFFFFFFFFF80
:10910000FFFFFFFFFFFFFFFFFFFFFFFFFFFFFFFF6F
:10911000FFFFFFFFFFFFFFFFFFFFFFFFFFFFFFFF5F
:10912000FFFFFFFFFFFFFFFFFFFFFFFFFFFFFFFF4F
:10913000FFFFFFFFFFFFFFFFFFFFFFFFFFFFFFFF3F
:10914000FFFFFFFFFFFFFFFFFFFFFFFFFFFFFFFF2F
:10915000FFFFFFFFFFFFFFFFFFFFFFFFFFFFFFFF1F
:10916000FFFFFFFFFFFFFFFFFFFFFFFFFFFFFFFF0F
:10917000FFFFFFFFFFFFFFFFFFFFFFFFFFFFFFFFFF
:10918000FFFFFFFFFFFFFFFFFFFFFFFFFFFFFFFFEF
:10919000FFFFFFFFFFFFFFFFFFFFFFFFFFFFFFFFDF
:1091A000FFFFFFFFFFFFFFFFFFFFFFFFFFFFFFFFCF
:1091B000FFFFFFFFFFFFFFFFFFFFFFFFFFFFFFFFBF
:1091C000FFFFFFFFFFFFFFFFFFFFFFFFFFFFFFFFAF
:1091D000FFFFFFFFFFFFFFFFFFFFFFFFFFFFFFFF9F
:1091E000FFFFFFFFFFFFFFFFFFFFFFFFFFFFFFFF8F
:1091F000FFFFFFFFFFFFFFFFFFFFFFFFFFFFFFFF7F
:10920000FFFFFFFFFFFFFFFFFFFFFFFFFFFFFFFF6E
:10921000FFFFFFFFFFFFFFFFFFFFFFFFFFFFFFFF5E
:10922000FFFFFFFFFFFFFFFFFFFFFFFFFFFFFFFF4E
:10923000FFFFFFFFFFFFFFFFFFFFFFFFFFFFFFFF3E
:10924000FFFFFFFFFFFFFFFFFFFFFFFFFFFFFFFF2E
:10925000FFFFFFFFFFFFFFFFFFFFFFFFFFFFFFFF1E
:10926000FFFFFFFFFFFFFFFFFFFFFFFFFFFFFFFF0E
:10927000FFFFFFFFFFFFFFFFFFFFFFFFFFFFFFFFFE
:10928000FFFFFFFFFFFFFFFFFFFFFFFFFFFFFFFFEE
:10929000FFFFFFFFFFFFFFFFFFFFFFFFFFFFFFFFDE
:1092A000FFFFFFFFFFFFFFFFFFFFFFFFFFFFFFFFCE
:1092B000FFFFFFFFFFFFFFFFFFFFFFFFFFFFFFFFBE
:1092C000FFFFFFFFFFFFFFFFFFFFFFFFFFFFFFFFAE
:1092D000FFFFFFFFFFFFFFFFFFFFFFFFFFFFFFFF9E
:1092E000FFFFFFFFFFFFFFFFFFFFFFFFFFFFFFFF8E
:1092F000FFFFFFFFFFFFFFFFFFFFFFFFFFFFFFFF7E
:10930000FFFFFFFFFFFFFFFFFFFFFFFFFFFFFFFF6D
:10931000FFFFFFFFFFFFFFFFFFFFFFFFFFFFFFFF5D
:10932000FFFFFFFFFFFFFFFFFFFFFFFFFFFFFFFF4D
:10933000FFFFFFFFFFFFFFFFFFFFFFFFFFFFFFFF3D
:10934000FFFFFFFFFFFFFFFFFFFFFFFFFFFFFFFF2D
:10935000FFFFFFFFFFFFFFFFFFFFFFFFFFFFFFFF1D
:10936000FFFFFFFFFFFFFFFFFFFFFFFFFFFFFFFF0D
:10937000FFFFFFFFFFFFFFFFFFFFFFFFFFFFFFFFFD
:10938000FFFFFFFFFFFFFFFFFFFFFFFFFFFFFFFFED
:10939000FFFFFFFFFFFFFFFFFFFFFFFFFFFFFFFFDD
:1093A000FFFFFFFFFFFFFFFFFFFFFFFFFFFFFFFFCD
:1093B000FFFFFFFFFFFFFFFFFFFFFFFFFFFFFFFFBD
:1093C000FFFFFFFFFFFFFFFFFFFFFFFFFFFFFFFFAD
:1093D000FFFFFFFFFFFFFFFFFFFFFFFFFFFFFFFF9D
:1093E000FFFFFFFFFFFFFFFFFFFFFFFFFFFFFFFF8D
:1093F000FFFFFFFFFFFFFFFFFFFFFFFFFFFFFFFF7D
:10940000FFFFFFFFFFFFFFFFFFFFFFFFFFFFFFFF6C
:10941000FFFFFFFFFFFFFFFFFFFFFFFFFFFFFFFF5C
:10942000FFFFFFFFFFFFFFFFFFFFFFFFFFFFFFFF4C
:10943000FFFFFFFFFFFFFFFFFFFFFFFFFFFFFFFF3C
:10944000FFFFFFFFFFFFFFFFFFFFFFFFFFFFFFFF2C
:10945000FFFFFFFFFFFFFFFFFFFFFFFFFFFFFFFF1C
:10946000FFFFFFFFFFFFFFFFFFFFFFFFFFFFFFFF0C
:10947000FFFFFFFFFFFFFFFFFFFFFFFFFFFFFFFFFC
:10948000FFFFFFFFFFFFFFFFFFFFFFFFFFFFFFFFEC
:10949000FFFFFFFFFFFFFFFFFFFFFFFFFFFFFFFFDC
:1094A000FFFFFFFFFFFFFFFFFFFFFFFFFFFFFFFFCC
:1094B000FFFFFFFFFFFFFFFFFFFFFFFFFFFFFFFFBC
:1094C000FFFFFFFFFFFFFFFFFFFFFFFFFFFFFFFFAC
:1094D000FFFFFFFFFFFFFFFFFFFFFFFFFFFFFFFF9C
:1094E000FFFFFFFFFFFFFFFFFFFFFFFFFFFFFFFF8C
:1094F000FFFFFFFFFFFFFFFFFFFFFFFFFFFFFFFF7C
:10950000FFFFFFFFFFFFFFFFFFFFFFFFFFFFFFFF6B
:10951000FFFFFFFFFFFFFFFFFFFFFFFFFFFFFFFF5B
:10952000FFFFFFFFFFFFFFFFFFFFFFFFFFFFFFFF4B
:10953000FFFFFFFFFFFFFFFFFFFFFFFFFFFFFFFF3B
:10954000FFFFFFFFFFFFFFFFFFFFFFFFFFFFFFFF2B
:10955000FFFFFFFFFFFFFFFFFFFFFFFFFFFFFFFF1B
:10956000FFFFFFFFFFFFFFFFFFFFFFFFFFFFFFFF0B
:10957000FFFFFFFFFFFFFFFFFFFFFFFFFFFFFFFFFB
:10958000FFFFFFFFFFFFFFFFFFFFFFFFFFFFFFFFEB
:10959000FFFFFFFFFFFFFFFFFFFFFFFFFFFFFFFFDB
:1095A000FFFFFFFFFFFFFFFFFFFFFFFFFFFFFFFFCB
:1095B000FFFFFFFFFFFFFFFFFFFFFFFFFFFFFFFFBB
:1095C000FFFFFFFFFFFFFFFFFFFFFFFFFFFFFFFFAB
:1095D000FFFFFFFFFFFFFFFFFFFFFFFFFFFFFFFF9B
:1095E000FFFFFFFFFFFFFFFFFFFFFFFFFFFFFFFF8B
:1095F000FFFFFFFFFFFFFFFFFFFFFFFFFFFFFFFF7B
:10960000FFFFFFFFFFFFFFFFFFFFFFFFFFFFFFFF6A
:10961000FFFFFFFFFFFFFFFFFFFFFFFFFFFFFFFF5A
:10962000FFFFFFFFFFFFFFFFFFFFFFFFFFFFFFFF4A
:10963000FFFFFFFFFFFFFFFFFFFFFFFFFFFFFFFF3A
:10964000FFFFFFFFFFFFFFFFFFFFFFFFFFFFFFFF2A
:10965000FFFFFFFFFFFFFFFFFFFFFFFFFFFFFFFF1A
:10966000FFFFFFFFFFFFFFFFFFFFFFFFFFFFFFFF0A
:10967000FFFFFFFFFFFFFFFFFFFFFFFFFFFFFFFFFA
:10968000FFFFFFFFFFFFFFFFFFFFFFFFFFFFFFFFEA
:10969000FFFFFFFFFFFFFFFFFFFFFFFFFFFFFFFFDA
:1096A000FFFFFFFFFFFFFFFFFFFFFFFFFFFFFFFFCA
:1096B000FFFFFFFFFFFFFFFFFFFFFFFFFFFFFFFFBA
:1096C000FFFFFFFFFFFFFFFFFFFFFFFFFFFFFFFFAA
:1096D000FFFFFFFFFFFFFFFFFFFFFFFFFFFFFFFF9A
:1096E000FFFFFFFFFFFFFFFFFFFFFFFFFFFFFFFF8A
:1096F000FFFFFFFFFFFFFFFFFFFFFFFFFFFFFFFF7A
:10970000FFFFFFFFFFFFFFFFFFFFFFFFFFFFFFFF69
:10971000FFFFFFFFFFFFFFFFFFFFFFFFFFFFFFFF59
:10972000FFFFFFFFFFFFFFFFFFFFFFFFFFFFFFFF49
:10973000FFFFFFFFFFFFFFFFFFFFFFFFFFFFFFFF39
:10974000FFFFFFFFFFFFFFFFFFFFFFFFFFFFFFFF29
:10975000FFFFFFFFFFFFFFFFFFFFFFFFFFFFFFFF19
:10976000FFFFFFFFFFFFFFFFFFFFFFFFFFFFFFFF09
:10977000FFFFFFFFFFFFFFFFFFFFFFFFFFFFFFFFF9
:10978000FFFFFFFFFFFFFFFFFFFFFFFFFFFFFFFFE9
:10979000FFFFFFFFFFFFFFFFFFFFFFFFFFFFFFFFD9
:1097A000FFFFFFFFFFFFFFFFFFFFFFFFFFFFFFFFC9
:1097B000FFFFFFFFFFFFFFFFFFFFFFFFFFFFFFFFB9
:1097C000FFFFFFFFFFFFFFFFFFFFFFFFFFFFFFFFA9
:1097D000FFFFFFFFFFFFFFFFFFFFFFFFFFFFFFFF99
:1097E000FFFFFFFFFFFFFFFFFFFFFFFFFFFFFFFF89
:1097F000FFFFFFFFFFFFFFFFFFFFFFFFFFFFFFFF79
:10980000FFFFFFFFFFFFFFFFFFFFFFFFFFFFFFFF68
:10981000FFFFFFFFFFFFFFFFFFFFFFFFFFFFFFFF58
:10982000FFFFFFFFFFFFFFFFFFFFFFFFFFFFFFFF48
:10983000FFFFFFFFFFFFFFFFFFFFFFFFFFFFFFFF38
:10984000FFFFFFFFFFFFFFFFFFFFFFFFFFFFFFFF28
:10985000FFFFFFFFFFFFFFFFFFFFFFFFFFFFFFFF18
:10986000FFFFFFFFFFFFFFFFFFFFFFFFFFFFFFFF08
:10987000FFFFFFFFFFFFFFFFFFFFFFFFFFFFFFFFF8
:10988000FFFFFFFFFFFFFFFFFFFFFFFFFFFFFFFFE8
:10989000FFFFFFFFFFFFFFFFFFFFFFFFFFFFFFFFD8
:1098A000FFFFFFFFFFFFFFFFFFFFFFFFFFFFFFFFC8
:1098B000FFFFFFFFFFFFFFFFFFFFFFFFFFFFFFFFB8
:1098C000FFFFFFFFFFFFFFFFFFFFFFFFFFFFFFFFA8
:1098D000FFFFFFFFFFFFFFFFFFFFFFFFFFFFFFFF98
:1098E000FFFFFFFFFFFFFFFFFFFFFFFFFFFFFFFF88
:1098F000FFFFFFFFFFFFFFFFFFFFFFFFFFFFFFFF78
:10990000FFFFFFFFFFFFFFFFFFFFFFFFFFFFFFFF67
:10991000FFFFFFFFFFFFFFFFFFFFFFFFFFFFFFFF57
:10992000FFFFFFFFFFFFFFFFFFFFFFFFFFFFFFFF47
:10993000FFFFFFFFFFFFFFFFFFFFFFFFFFFFFFFF37
:10994000FFFFFFFFFFFFFFFFFFFFFFFFFFFFFFFF27
:10995000FFFFFFFFFFFFFFFFFFFFFFFFFFFFFFFF17
:10996000FFFFFFFFFFFFFFFFFFFFFFFFFFFFFFFF07
:10997000FFFFFFFFFFFFFFFFFFFFFFFFFFFFFFFFF7
:10998000FFFFFFFFFFFFFFFFFFFFFFFFFFFFFFFFE7
:10999000FFFFFFFFFFFFFFFFFFFFFFFFFFFFFFFFD7
:1099A000FFFFFFFFFFFFFFFFFFFFFFFFFFFFFFFFC7
:1099B000FFFFFFFFFFFFFFFFFFFFFFFFFFFFFFFFB7
:1099C000FFFFFFFFFFFFFFFFFFFFFFFFFFFFFFFFA7
:1099D000FFFFFFFFFFFFFFFFFFFFFFFFFFFFFFFF97
:1099E000FFFFFFFFFFFFFFFFFFFFFFFFFFFFFFFF87
:1099F000FFFFFFFFFFFFFFFFFFFFFFFFFFFFFFFF77
:109A0000FFFFFFFFFFFFFFFFFFFFFFFFFFFFFFFF66
:109A1000FFFFFFFFFFFFFFFFFFFFFFFFFFFFFFFF56
:109A2000FFFFFFFFFFFFFFFFFFFFFFFFFFFFFFFF46
:109A3000FFFFFFFFFFFFFFFFFFFFFFFFFFFFFFFF36
:109A4000FFFFFFFFFFFFFFFFFFFFFFFFFFFFFFFF26
:109A5000FFFFFFFFFFFFFFFFFFFFFFFFFFFFFFFF16
:109A6000FFFFFFFFFFFFFFFFFFFFFFFFFFFFFFFF06
:109A7000FFFFFFFFFFFFFFFFFFFFFFFFFFFFFFFFF6
:109A8000FFFFFFFFFFFFFFFFFFFFFFFFFFFFFFFFE6
:109A9000FFFFFFFFFFFFFFFFFFFFFFFFFFFFFFFFD6
:109AA000FFFFFFFFFFFFFFFFFFFFFFFFFFFFFFFFC6
:109AB000FFFFFFFFFFFFFFFFFFFFFFFFFFFFFFFFB6
:109AC000FFFFFFFFFFFFFFFFFFFFFFFFFFFFFFFFA6
:109AD000FFFFFFFFFFFFFFFFFFFFFFFFFFFFFFFF96
:109AE000FFFFFFFFFFFFFFFFFFFFFFFFFFFFFFFF86
:109AF000FFFFFFFFFFFFFFFFFFFFFFFFFFFFFFFF76
:109B0000FFFFFFFFFFFFFFFFFFFFFFFFFFFFFFFF65
:109B1000FFFFFFFFFFFFFFFFFFFFFFFFFFFFFFFF55
:109B2000FFFFFFFFFFFFFFFFFFFFFFFFFFFFFFFF45
:109B3000FFFFFFFFFFFFFFFFFFFFFFFFFFFFFFFF35
:109B4000FFFFFFFFFFFFFFFFFFFFFFFFFFFFFFFF25
:109B5000FFFFFFFFFFFFFFFFFFFFFFFFFFFFFFFF15
:109B6000FFFFFFFFFFFFFFFFFFFFFFFFFFFFFFFF05
:109B7000FFFFFFFFFFFFFFFFFFFFFFFFFFFFFFFFF5
:109B8000FFFFFFFFFFFFFFFFFFFFFFFFFFFFFFFFE5
:109B9000FFFFFFFFFFFFFFFFFFFFFFFFFFFFFFFFD5
:109BA000FFFFFFFFFFFFFFFFFFFFFFFFFFFFFFFFC5
:109BB000FFFFFFFFFFFFFFFFFFFFFFFFFFFFFFFFB5
:109BC000FFFFFFFFFFFFFFFFFFFFFFFFFFFFFFFFA5
:109BD000FFFFFFFFFFFFFFFFFFFFFFFFFFFFFFFF95
:109BE000FFFFFFFFFFFFFFFFFFFFFFFFFFFFFFFF85
:109BF000FFFFFFFFFFFFFFFFFFFFFFFFFFFFFFFF75
:109C0000FFFFFFFFFFFFFFFFFFFFFFFFFFFFFFFF64
:109C1000FFFFFFFFFFFFFFFFFFFFFFFFFFFFFFFF54
:109C2000FFFFFFFFFFFFFFFFFFFFFFFFFFFFFFFF44
:109C3000FFFFFFFFFFFFFFFFFFFFFFFFFFFFFFFF34
:109C4000FFFFFFFFFFFFFFFFFFFFFFFFFFFFFFFF24
:109C5000FFFFFFFFFFFFFFFFFFFFFFFFFFFFFFFF14
:109C6000FFFFFFFFFFFFFFFFFFFFFFFFFFFFFFFF04
:109C7000FFFFFFFFFFFFFFFFFFFFFFFFFFFFFFFFF4
:109C8000FFFFFFFFFFFFFFFFFFFFFFFFFFFFFFFFE4
:109C9000FFFFFFFFFFFFFFFFFFFFFFFFFFFFFFFFD4
:109CA000FFFFFFFFFFFFFFFFFFFFFFFFFFFFFFFFC4
:109CB000FFFFFFFFFFFFFFFFFFFFFFFFFFFFFFFFB4
:109CC000FFFFFFFFFFFFFFFFFFFFFFFFFFFFFFFFA4
:109CD000FFFFFFFFFFFFFFFFFFFFFFFFFFFFFFFF94
:109CE000FFFFFFFFFFFFFFFFFFFFFFFFFFFFFFFF84
:109CF000FFFFFFFFFFFFFFFFFFFFFFFFFFFFFFFF74
:109D0000FFFFFFFFFFFFFFFFFFFFFFFFFFFFFFFF63
:109D1000FFFFFFFFFFFFFFFFFFFFFFFFFFFFFFFF53
:109D2000FFFFFFFFFFFFFFFFFFFFFFFFFFFFFFFF43
:109D3000FFFFFFFFFFFFFFFFFFFFFFFFFFFFFFFF33
:109D4000FFFFFFFFFFFFFFFFFFFFFFFFFFFFFFFF23
:109D5000FFFFFFFFFFFFFFFFFFFFFFFFFFFFFFFF13
:109D6000FFFFFFFFFFFFFFFFFFFFFFFFFFFFFFFF03
:109D7000FFFFFFFFFFFFFFFFFFFFFFFFFFFFFFFFF3
:109D8000FFFFFFFFFFFFFFFFFFFFFFFFFFFFFFFFE3
:109D9000FFFFFFFFFFFFFFFFFFFFFFFFFFFFFFFFD3
:109DA000FFFFFFFFFFFFFFFFFFFFFFFFFFFFFFFFC3
:109DB000FFFFFFFFFFFFFFFFFFFFFFFFFFFFFFFFB3
:109DC000FFFFFFFFFFFFFFFFFFFFFFFFFFFFFFFFA3
:109DD000FFFFFFFFFFFFFFFFFFFFFFFFFFFFFFFF93
:109DE000FFFFFFFFFFFFFFFFFFFFFFFFFFFFFFFF83
:109DF000FFFFFFFFFFFFFFFFFFFFFFFFFFFFFFFF73
:109E0000FFFFFFFFFFFFFFFFFFFFFFFFFFFFFFFF62
:109E1000FFFFFFFFFFFFFFFFFFFFFFFFFFFFFFFF52
:109E2000FFFFFFFFFFFFFFFFFFFFFFFFFFFFFFFF42
:109E3000FFFFFFFFFFFFFFFFFFFFFFFFFFFFFFFF32
:109E4000FFFFFFFFFFFFFFFFFFFFFFFFFFFFFFFF22
:109E5000FFFFFFFFFFFFFFFFFFFFFFFFFFFFFFFF12
:109E6000FFFFFFFFFFFFFFFFFFFFFFFFFFFFFFFF02
:109E7000FFFFFFFFFFFFFFFFFFFFFFFFFFFFFFFFF2
:109E8000FFFFFFFFFFFFFFFFFFFFFFFFFFFFFFFFE2
:109E9000FFFFFFFFFFFFFFFFFFFFFFFFFFFFFFFFD2
:109EA000FFFFFFFFFFFFFFFFFFFFFFFFFFFFFFFFC2
:109EB000FFFFFFFFFFFFFFFFFFFFFFFFFFFFFFFFB2
:109EC000FFFFFFFFFFFFFFFFFFFFFFFFFFFFFFFFA2
:109ED000FFFFFFFFFFFFFFFFFFFFFFFFFFFFFFFF92
:109EE000FFFFFFFFFFFFFFFFFFFFFFFFFFFFFFFF82
:109EF000FFFFFFFFFFFFFFFFFFFFFFFFFFFFFFFF72
:109F0000FFFFFFFFFFFFFFFFFFFFFFFFFFFFFFFF61
:109F1000FFFFFFFFFFFFFFFFFFFFFFFFFFFFFFFF51
:109F2000FFFFFFFFFFFFFFFFFFFFFFFFFFFFFFFF41
:109F3000FFFFFFFFFFFFFFFFFFFFFFFFFFFFFFFF31
:109F4000FFFFFFFFFFFFFFFFFFFFFFFFFFFFFFFF21
:109F5000FFFFFFFFFFFFFFFFFFFFFFFFFFFFFFFF11
:109F6000FFFFFFFFFFFFFFFFFFFFFFFFFFFFFFFF01
:109F7000FFFFFFFFFFFFFFFFFFFFFFFFFFFFFFFFF1
:109F8000FFFFFFFFFFFFFFFFFFFFFFFFFFFFFFFFE1
:109F9000FFFFFFFFFFFFFFFFFFFFFFFFFFFFFFFFD1
:109FA000FFFFFFFFFFFFFFFFFFFFFFFFFFFFFFFFC1
:109FB000FFFFFFFFFFFFFFFFFFFFFFFFFFFFFFFFB1
:109FC000FFFFFFFFFFFFFFFFFFFFFFFFFFFFFFFFA1
:109FD000FFFFFFFFFFFFFFFFFFFFFFFFFFFFFFFF91
:109FE000FFFFFFFFFFFFFFFFFFFFFFFFFFFFFFFF81
:109FF000FFFFFFFFFFFFFFFFFFFFFFFFFFFFFFFF71
:10A00000FFFFFFFFFFFFFFFFFFFFFFFFFFFFFFFF60
:10A01000FFFFFFFFFFFFFFFFFFFFFFFFFFFFFFFF50
:10A02000FFFFFFFFFFFFFFFFFFFFFFFFFFFFFFFF40
:10A03000FFFFFFFFFFFFFFFFFFFFFFFFFFFFFFFF30
:10A04000FFFFFFFFFFFFFFFFFFFFFFFFFFFFFFFF20
:10A05000FFFFFFFFFFFFFFFFFFFFFFFFFFFFFFFF10
:10A06000FFFFFFFFFFFFFFFFFFFFFFFFFFFFFFFF00
:10A07000FFFFFFFFFFFFFFFFFFFFFFFFFFFFFFFFF0
:10A08000FFFFFFFFFFFFFFFFFFFFFFFFFFFFFFFFE0
:10A09000FFFFFFFFFFFFFFFFFFFFFFFFFFFFFFFFD0
:10A0A000FFFFFFFFFFFFFFFFFFFFFFFFFFFFFFFFC0
:10A0B000FFFFFFFFFFFFFFFFFFFFFFFFFFFFFFFFB0
:10A0C000FFFFFFFFFFFFFFFFFFFFFFFFFFFFFFFFA0
:10A0D000FFFFFFFFFFFFFFFFFFFFFFFFFFFFFFFF90
:10A0E000FFFFFFFFFFFFFFFFFFFFFFFFFFFFFFFF80
:10A0F000FFFFFFFFFFFFFFFFFFFFFFFFFFFFFFFF70
:10A10000FFFFFFFFFFFFFFFFFFFFFFFFFFFFFFFF5F
:10A11000FFFFFFFFFFFFFFFFFFFFFFFFFFFFFFFF4F
:10A12000FFFFFFFFFFFFFFFFFFFFFFFFFFFFFFFF3F
:10A13000FFFFFFFFFFFFFFFFFFFFFFFFFFFFFFFF2F
:10A14000FFFFFFFFFFFFFFFFFFFFFFFFFFFFFFFF1F
:10A15000FFFFFFFFFFFFFFFFFFFFFFFFFFFFFFFF0F
:10A16000FFFFFFFFFFFFFFFFFFFFFFFFFFFFFFFFFF
:10A17000FFFFFFFFFFFFFFFFFFFFFFFFFFFFFFFFEF
:10A18000FFFFFFFFFFFFFFFFFFFFFFFFFFFFFFFFDF
:10A19000FFFFFFFFFFFFFFFFFFFFFFFFFFFFFFFFCF
:10A1A000FFFFFFFFFFFFFFFFFFFFFFFFFFFFFFFFBF
:10A1B000FFFFFFFFFFFFFFFFFFFFFFFFFFFFFFFFAF
:10A1C000FFFFFFFFFFFFFFFFFFFFFFFFFFFFFFFF9F
:10A1D000FFFFFFFFFFFFFFFFFFFFFFFFFFFFFFFF8F
:10A1E000FFFFFFFFFFFFFFFFFFFFFFFFFFFFFFFF7F
:10A1F000FFFFFFFFFFFFFFFFFFFFFFFFFFFFFFFF6F
:10A20000FFFFFFFFFFFFFFFFFFFFFFFFFFFFFFFF5E
:10A21000FFFFFFFFFFFFFFFFFFFFFFFFFFFFFFFF4E
:10A22000FFFFFFFFFFFFFFFFFFFFFFFFFFFFFFFF3E
:10A23000FFFFFFFFFFFFFFFFFFFFFFFFFFFFFFFF2E
:10A24000FFFFFFFFFFFFFFFFFFFFFFFFFFFFFFFF1E
:10A25000FFFFFFFFFFFFFFFFFFFFFFFFFFFFFFFF0E
:10A26000FFFFFFFFFFFFFFFFFFFFFFFFFFFFFFFFFE
:10A27000FFFFFFFFFFFFFFFFFFFFFFFFFFFFFFFFEE
:10A28000FFFFFFFFFFFFFFFFFFFFFFFFFFFFFFFFDE
:10A29000FFFFFFFFFFFFFFFFFFFFFFFFFFFFFFFFCE
:10A2A000FFFFFFFFFFFFFFFFFFFFFFFFFFFFFFFFBE
:10A2B000FFFFFFFFFFFFFFFFFFFFFFFFFFFFFFFFAE
:10A2C000FFFFFFFFFFFFFFFFFFFFFFFFFFFFFFFF9E
:10A2D000FFFFFFFFFFFFFFFFFFFFFFFFFFFFFFFF8E
:10A2E000FFFFFFFFFFFFFFFFFFFFFFFFFFFFFFFF7E
:10A2F000FFFFFFFFFFFFFFFFFFFFFFFFFFFFFFFF6E
:10A30000FFFFFFFFFFFFFFFFFFFFFFFFFFFFFFFF5D
:10A31000FFFFFFFFFFFFFFFFFFFFFFFFFFFFFFFF4D
:10A32000FFFFFFFFFFFFFFFFFFFFFFFFFFFFFFFF3D
:10A33000FFFFFFFFFFFFFFFFFFFFFFFFFFFFFFFF2D
:10A34000FFFFFFFFFFFFFFFFFFFFFFFFFFFFFFFF1D
:10A35000FFFFFFFFFFFFFFFFFFFFFFFFFFFFFFFF0D
:10A36000FFFFFFFFFFFFFFFFFFFFFFFFFFFFFFFFFD
:10A37000FFFFFFFFFFFFFFFFFFFFFFFFFFFFFFFFED
:10A38000FFFFFFFFFFFFFFFFFFFFFFFFFFFFFFFFDD
:10A39000FFFFFFFFFFFFFFFFFFFFFFFFFFFFFFFFCD
:10A3A000FFFFFFFFFFFFFFFFFFFFFFFFFFFFFFFFBD
:10A3B000FFFFFFFFFFFFFFFFFFFFFFFFFFFFFFFFAD
:10A3C000FFFFFFFFFFFFFFFFFFFFFFFFFFFFFFFF9D
:10A3D000FFFFFFFFFFFFFFFFFFFFFFFFFFFFFFFF8D
:10A3E000FFFFFFFFFFFFFFFFFFFFFFFFFFFFFFFF7D
:10A3F000FFFFFFFFFFFFFFFFFFFFFFFFFFFFFFFF6D
:10A40000FFFFFFFFFFFFFFFFFFFFFFFFFFFFFFFF5C
:10A41000FFFFFFFFFFFFFFFFFFFFFFFFFFFFFFFF4C
:10A42000FFFFFFFFFFFFFFFFFFFFFFFFFFFFFFFF3C
:10A43000FFFFFFFFFFFFFFFFFFFFFFFFFFFFFFFF2C
:10A44000FFFFFFFFFFFFFFFFFFFFFFFFFFFFFFFF1C
:10A45000FFFFFFFFFFFFFFFFFFFFFFFFFFFFFFFF0C
:10A46000FFFFFFFFFFFFFFFFFFFFFFFFFFFFFFFFFC
:10A47000FFFFFFFFFFFFFFFFFFFFFFFFFFFFFFFFEC
:10A48000FFFFFFFFFFFFFFFFFFFFFFFFFFFFFFFFDC
:10A49000FFFFFFFFFFFFFFFFFFFFFFFFFFFFFFFFCC
:10A4A000FFFFFFFFFFFFFFFFFFFFFFFFFFFFFFFFBC
:10A4B000FFFFFFFFFFFFFFFFFFFFFFFFFFFFFFFFAC
:10A4C000FFFFFFFFFFFFFFFFFFFFFFFFFFFFFFFF9C
:10A4D000FFFFFFFFFFFFFFFFFFFFFFFFFFFFFFFF8C
:10A4E000FFFFFFFFFFFFFFFFFFFFFFFFFFFFFFFF7C
:10A4F000FFFFFFFFFFFFFFFFFFFFFFFFFFFFFFFF6C
:10A50000FFFFFFFFFFFFFFFFFFFFFFFFFFFFFFFF5B
:10A51000FFFFFFFFFFFFFFFFFFFFFFFFFFFFFFFF4B
:10A52000FFFFFFFFFFFFFFFFFFFFFFFFFFFFFFFF3B
:10A53000FFFFFFFFFFFFFFFFFFFFFFFFFFFFFFFF2B
:10A54000FFFFFFFFFFFFFFFFFFFFFFFFFFFFFFFF1B
:10A55000FFFFFFFFFFFFFFFFFFFFFFFFFFFFFFFF0B
:10A56000FFFFFFFFFFFFFFFFFFFFFFFFFFFFFFFFFB
:10A57000FFFFFFFFFFFFFFFFFFFFFFFFFFFFFFFFEB
:10A58000FFFFFFFFFFFFFFFFFFFFFFFFFFFFFFFFDB
:10A59000FFFFFFFFFFFFFFFFFFFFFFFFFFFFFFFFCB
:10A5A000FFFFFFFFFFFFFFFFFFFFFFFFFFFFFFFFBB
:10A5B000FFFFFFFFFFFFFFFFFFFFFFFFFFFFFFFFAB
:10A5C000FFFFFFFFFFFFFFFFFFFFFFFFFFFFFFFF9B
:10A5D000FFFFFFFFFFFFFFFFFFFFFFFFFFFFFFFF8B
:10A5E000FFFFFFFFFFFFFFFFFFFFFFFFFFFFFFFF7B
:10A5F000FFFFFFFFFFFFFFFFFFFFFFFFFFFFFFFF6B
:10A60000FFFFFFFFFFFFFFFFFFFFFFFFFFFFFFFF5A
:10A61000FFFFFFFFFFFFFFFFFFFFFFFFFFFFFFFF4A
:10A62000FFFFFFFFFFFFFFFFFFFFFFFFFFFFFFFF3A
:10A63000FFFFFFFFFFFFFFFFFFFFFFFFFFFFFFFF2A
:10A64000FFFFFFFFFFFFFFFFFFFFFFFFFFFFFFFF1A
:10A65000FFFFFFFFFFFFFFFFFFFFFFFFFFFFFFFF0A
:10A66000FFFFFFFFFFFFFFFFFFFFFFFFFFFFFFFFFA
:10A67000FFFFFFFFFFFFFFFFFFFFFFFFFFFFFFFFEA
:10A68000FFFFFFFFFFFFFFFFFFFFFFFFFFFFFFFFDA
:10A69000FFFFFFFFFFFFFFFFFFFFFFFFFFFFFFFFCA
:10A6A000FFFFFFFFFFFFFFFFFFFFFFFFFFFFFFFFBA
:10A6B000FFFFFFFFFFFFFFFFFFFFFFFFFFFFFFFFAA
:10A6C000FFFFFFFFFFFFFFFFFFFFFFFFFFFFFFFF9A
:10A6D000FFFFFFFFFFFFFFFFFFFFFFFFFFFFFFFF8A
:10A6E000FFFFFFFFFFFFFFFFFFFFFFFFFFFFFFFF7A
:10A6F000FFFFFFFFFFFFFFFFFFFFFFFFFFFFFFFF6A
:10A70000FFFFFFFFFFFFFFFFFFFFFFFFFFFFFFFF59
:10A71000FFFFFFFFFFFFFFFFFFFFFFFFFFFFFFFF49
:10A72000FFFFFFFFFFFFFFFFFFFFFFFFFFFFFFFF39
:10A73000FFFFFFFFFFFFFFFFFFFFFFFFFFFFFFFF29
:10A74000FFFFFFFFFFFFFFFFFFFFFFFFFFFFFFFF19
:10A75000FFFFFFFFFFFFFFFFFFFFFFFFFFFFFFFF09
:10A76000FFFFFFFFFFFFFFFFFFFFFFFFFFFFFFFFF9
:10A77000FFFFFFFFFFFFFFFFFFFFFFFFFFFFFFFFE9
:10A78000FFFFFFFFFFFFFFFFFFFFFFFFFFFFFFFFD9
:10A79000FFFFFFFFFFFFFFFFFFFFFFFFFFFFFFFFC9
:10A7A000FFFFFFFFFFFFFFFFFFFFFFFFFFFFFFFFB9
:10A7B000FFFFFFFFFFFFFFFFFFFFFFFFFFFFFFFFA9
:10A7C000FFFFFFFFFFFFFFFFFFFFFFFFFFFFFFFF99
:10A7D000FFFFFFFFFFFFFFFFFFFFFFFFFFFFFFFF89
:10A7E000FFFFFFFFFFFFFFFFFFFFFFFFFFFFFFFF79
:10A7F000FFFFFFFFFFFFFFFFFFFFFFFFFFFFFFFF69
:10A80000FFFFFFFFFFFFFFFFFFFFFFFFFFFFFFFF58
:10A81000FFFFFFFFFFFFFFFFFFFFFFFFFFFFFFFF48
:10A82000FFFFFFFFFFFFFFFFFFFFFFFFFFFFFFFF38
:10A83000FFFFFFFFFFFFFFFFFFFFFFFFFFFFFFFF28
:10A84000FFFFFFFFFFFFFFFFFFFFFFFFFFFFFFFF18
:10A85000FFFFFFFFFFFFFFFFFFFFFFFFFFFFFFFF08
:10A86000FFFFFFFFFFFFFFFFFFFFFFFFFFFFFFFFF8
:10A87000FFFFFFFFFFFFFFFFFFFFFFFFFFFFFFFFE8
:10A88000FFFFFFFFFFFFFFFFFFFFFFFFFFFFFFFFD8
:10A89000FFFFFFFFFFFFFFFFFFFFFFFFFFFFFFFFC8
:10A8A000FFFFFFFFFFFFFFFFFFFFFFFFFFFFFFFFB8
:10A8B000FFFFFFFFFFFFFFFFFFFFFFFFFFFFFFFFA8
:10A8C000FFFFFFFFFFFFFFFFFFFFFFFFFFFFFFFF98
:10A8D000FFFFFFFFFFFFFFFFFFFFFFFFFFFFFFFF88
:10A8E000FFFFFFFFFFFFFFFFFFFFFFFFFFFFFFFF78
:10A8F000FFFFFFFFFFFFFFFFFFFFFFFFFFFFFFFF68
:10A90000FFFFFFFFFFFFFFFFFFFFFFFFFFFFFFFF57
:10A91000FFFFFFFFFFFFFFFFFFFFFFFFFFFFFFFF47
:10A92000FFFFFFFFFFFFFFFFFFFFFFFFFFFFFFFF37
:10A93000FFFFFFFFFFFFFFFFFFFFFFFFFFFFFFFF27
:10A94000FFFFFFFFFFFFFFFFFFFFFFFFFFFFFFFF17
:10A95000FFFFFFFFFFFFFFFFFFFFFFFFFFFFFFFF07
:10A96000FFFFFFFFFFFFFFFFFFFFFFFFFFFFFFFFF7
:10A97000FFFFFFFFFFFFFFFFFFFFFFFFFFFFFFFFE7
:10A98000FFFFFFFFFFFFFFFFFFFFFFFFFFFFFFFFD7
:10A99000FFFFFFFFFFFFFFFFFFFFFFFFFFFFFFFFC7
:10A9A000FFFFFFFFFFFFFFFFFFFFFFFFFFFFFFFFB7
:10A9B000FFFFFFFFFFFFFFFFFFFFFFFFFFFFFFFFA7
:10A9C000FFFFFFFFFFFFFFFFFFFFFFFFFFFFFFFF97
:10A9D000FFFFFFFFFFFFFFFFFFFFFFFFFFFFFFFF87
:10A9E000FFFFFFFFFFFFFFFFFFFFFFFFFFFFFFFF77
:10A9F000FFFFFFFFFFFFFFFFFFFFFFFFFFFFFFFF67
:10AA0000FFFFFFFFFFFFFFFFFFFFFFFFFFFFFFFF56
:10AA1000FFFFFFFFFFFFFFFFFFFFFFFFFFFFFFFF46
:10AA2000FFFFFFFFFFFFFFFFFFFFFFFFFFFFFFFF36
:10AA3000FFFFFFFFFFFFFFFFFFFFFFFFFFFFFFFF26
:10AA4000FFFFFFFFFFFFFFFFFFFFFFFFFFFFFFFF16
:10AA5000FFFFFFFFFFFFFFFFFFFFFFFFFFFFFFFF06
:10AA6000FFFFFFFFFFFFFFFFFFFFFFFFFFFFFFFFF6
:10AA7000FFFFFFFFFFFFFFFFFFFFFFFFFFFFFFFFE6
:10AA8000FFFFFFFFFFFFFFFFFFFFFFFFFFFFFFFFD6
:10AA9000FFFFFFFFFFFFFFFFFFFFFFFFFFFFFFFFC6
:10AAA000FFFFFFFFFFFFFFFFFFFFFFFFFFFFFFFFB6
:10AAB000FFFFFFFFFFFFFFFFFFFFFFFFFFFFFFFFA6
:10AAC000FFFFFFFFFFFFFFFFFFFFFFFFFFFFFFFF96
:10AAD000FFFFFFFFFFFFFFFFFFFFFFFFFFFFFFFF86
:10AAE000FFFFFFFFFFFFFFFFFFFFFFFFFFFFFFFF76
:10AAF000FFFFFFFFFFFFFFFFFFFFFFFFFFFFFFFF66
:10AB0000FFFFFFFFFFFFFFFFFFFFFFFFFFFFFFFF55
:10AB1000FFFFFFFFFFFFFFFFFFFFFFFFFFFFFFFF45
:10AB2000FFFFFFFFFFFFFFFFFFFFFFFFFFFFFFFF35
:10AB3000FFFFFFFFFFFFFFFFFFFFFFFFFFFFFFFF25
:10AB4000FFFFFFFFFFFFFFFFFFFFFFFFFFFFFFFF15
:10AB5000FFFFFFFFFFFFFFFFFFFFFFFFFFFFFFFF05
:10AB6000FFFFFFFFFFFFFFFFFFFFFFFFFFFFFFFFF5
:10AB7000FFFFFFFFFFFFFFFFFFFFFFFFFFFFFFFFE5
:10AB8000FFFFFFFFFFFFFFFFFFFFFFFFFFFFFFFFD5
:10AB9000FFFFFFFFFFFFFFFFFFFFFFFFFFFFFFFFC5
:10ABA000FFFFFFFFFFFFFFFFFFFFFFFFFFFFFFFFB5
:10ABB000FFFFFFFFFFFFFFFFFFFFFFFFFFFFFFFFA5
:10ABC000FFFFFFFFFFFFFFFFFFFFFFFFFFFFFFFF95
:10ABD000FFFFFFFFFFFFFFFFFFFFFFFFFFFFFFFF85
:10ABE000FFFFFFFFFFFFFFFFFFFFFFFFFFFFFFFF75
:10ABF000FFFFFFFFFFFFFFFFFFFFFFFFFFFFFFFF65
:10AC0000FFFFFFFFFFFFFFFFFFFFFFFFFFFFFFFF54
:10AC1000FFFFFFFFFFFFFFFFFFFFFFFFFFFFFFFF44
:10AC2000FFFFFFFFFFFFFFFFFFFFFFFFFFFFFFFF34
:10AC3000FFFFFFFFFFFFFFFFFFFFFFFFFFFFFFFF24
:10AC4000FFFFFFFFFFFFFFFFFFFFFFFFFFFFFFFF14
:10AC5000FFFFFFFFFFFFFFFFFFFFFFFFFFFFFFFF04
:10AC6000FFFFFFFFFFFFFFFFFFFFFFFFFFFFFFFFF4
:10AC7000FFFFFFFFFFFFFFFFFFFFFFFFFFFFFFFFE4
:10AC8000FFFFFFFFFFFFFFFFFFFFFFFFFFFFFFFFD4
:10AC9000FFFFFFFFFFFFFFFFFFFFFFFFFFFFFFFFC4
:10ACA000FFFFFFFFFFFFFFFFFFFFFFFFFFFFFFFFB4
:10ACB000FFFFFFFFFFFFFFFFFFFFFFFFFFFFFFFFA4
:10ACC000FFFFFFFFFFFFFFFFFFFFFFFFFFFFFFFF94
:10ACD000FFFFFFFFFFFFFFFFFFFFFFFFFFFFFFFF84
:10ACE000FFFFFFFFFFFFFFFFFFFFFFFFFFFFFFFF74
:10ACF000FFFFFFFFFFFFFFFFFFFFFFFFFFFFFFFF64
:10AD0000FFFFFFFFFFFFFFFFFFFFFFFFFFFFFFFF53
:10AD1000FFFFFFFFFFFFFFFFFFFFFFFFFFFFFFFF43
:10AD2000FFFFFFFFFFFFFFFFFFFFFFFFFFFFFFFF33
:10AD3000FFFFFFFFFFFFFFFFFFFFFFFFFFFFFFFF23
:10AD4000FFFFFFFFFFFFFFFFFFFFFFFFFFFFFFFF13
:10AD5000FFFFFFFFFFFFFFFFFFFFFFFFFFFFFFFF03
:10AD6000FFFFFFFFFFFFFFFFFFFFFFFFFFFFFFFFF3
:10AD7000FFFFFFFFFFFFFFFFFFFFFFFFFFFFFFFFE3
:10AD8000FFFFFFFFFFFFFFFFFFFFFFFFFFFFFFFFD3
:10AD9000FFFFFFFFFFFFFFFFFFFFFFFFFFFFFFFFC3
:10ADA000FFFFFFFFFFFFFFFFFFFFFFFFFFFFFFFFB3
:10ADB000FFFFFFFFFFFFFFFFFFFFFFFFFFFFFFFFA3
:10ADC000FFFFFFFFFFFFFFFFFFFFFFFFFFFFFFFF93
:10ADD000FFFFFFFFFFFFFFFFFFFFFFFFFFFFFFFF83
:10ADE000FFFFFFFFFFFFFFFFFFFFFFFFFFFFFFFF73
:10ADF000FFFFFFFFFFFFFFFFFFFFFFFFFFFFFFFF63
:10AE0000FFFFFFFFFFFFFFFFFFFFFFFFFFFFFFFF52
:10AE1000FFFFFFFFFFFFFFFFFFFFFFFFFFFFFFFF42
:10AE2000FFFFFFFFFFFFFFFFFFFFFFFFFFFFFFFF32
:10AE3000FFFFFFFFFFFFFFFFFFFFFFFFFFFFFFFF22
:10AE4000FFFFFFFFFFFFFFFFFFFFFFFFFFFFFFFF12
:10AE5000FFFFFFFFFFFFFFFFFFFFFFFFFFFFFFFF02
:10AE6000FFFFFFFFFFFFFFFFFFFFFFFFFFFFFFFFF2
:10AE7000FFFFFFFFFFFFFFFFFFFFFFFFFFFFFFFFE2
:10AE8000FFFFFFFFFFFFFFFFFFFFFFFFFFFFFFFFD2
:10AE9000FFFFFFFFFFFFFFFFFFFFFFFFFFFFFFFFC2
:10AEA000FFFFFFFFFFFFFFFFFFFFFFFFFFFFFFFFB2
:10AEB000FFFFFFFFFFFFFFFFFFFFFFFFFFFFFFFFA2
:10AEC000FFFFFFFFFFFFFFFFFFFFFFFFFFFFFFFF92
:10AED000FFFFFFFFFFFFFFFFFFFFFFFFFFFFFFFF82
:10AEE000FFFFFFFFFFFFFFFFFFFFFFFFFFFFFFFF72
:10AEF000FFFFFFFFFFFFFFFFFFFFFFFFFFFFFFFF62
:10AF0000FFFFFFFFFFFFFFFFFFFFFFFFFFFFFFFF51
:10AF1000FFFFFFFFFFFFFFFFFFFFFFFFFFFFFFFF41
:10AF2000FFFFFFFFFFFFFFFFFFFFFFFFFFFFFFFF31
:10AF3000FFFFFFFFFFFFFFFFFFFFFFFFFFFFFFFF21
:10AF4000FFFFFFFFFFFFFFFFFFFFFFFFFFFFFFFF11
:10AF5000FFFFFFFFFFFFFFFFFFFFFFFFFFFFFFFF01
:10AF6000FFFFFFFFFFFFFFFFFFFFFFFFFFFFFFFFF1
:10AF7000FFFFFFFFFFFFFFFFFFFFFFFFFFFFFFFFE1
:10AF8000FFFFFFFFFFFFFFFFFFFFFFFFFFFFFFFFD1
:10AF9000FFFFFFFFFFFFFFFFFFFFFFFFFFFFFFFFC1
:10AFA000FFFFFFFFFFFFFFFFFFFFFFFFFFFFFFFFB1
:10AFB000FFFFFFFFFFFFFFFFFFFFFFFFFFFFFFFFA1
:10AFC000FFFFFFFFFFFFFFFFFFFFFFFFFFFFFFFF91
:10AFD000FFFFFFFFFFFFFFFFFFFFFFFFFFFFFFFF81
:10AFE000FFFFFFFFFFFFFFFFFFFFFFFFFFFFFFFF71
:10AFF000FFFFFFFFFFFFFFFFFFFFFFFFFFFFFFFF61
:10B00000FFFFFFFFFFFFFFFFFFFFFFFFFFFFFFFF50
:10B01000FFFFFFFFFFFFFFFFFFFFFFFFFFFFFFFF40
:10B02000FFFFFFFFFFFFFFFFFFFFFFFFFFFFFFFF30
:10B03000FFFFFFFFFFFFFFFFFFFFFFFFFFFFFFFF20
:10B04000FFFFFFFFFFFFFFFFFFFFFFFFFFFFFFFF10
:10B05000FFFFFFFFFFFFFFFFFFFFFFFFFFFFFFFF00
:10B06000FFFFFFFFFFFFFFFFFFFFFFFFFFFFFFFFF0
:10B07000FFFFFFFFFFFFFFFFFFFFFFFFFFFFFFFFE0
:10B08000FFFFFFFFFFFFFFFFFFFFFFFFFFFFFFFFD0
:10B09000FFFFFFFFFFFFFFFFFFFFFFFFFFFFFFFFC0
:10B0A000FFFFFFFFFFFFFFFFFFFFFFFFFFFFFFFFB0
:10B0B000FFFFFFFFFFFFFFFFFFFFFFFFFFFFFFFFA0
:10B0C000FFFFFFFFFFFFFFFFFFFFFFFFFFFFFFFF90
:10B0D000FFFFFFFFFFFFFFFFFFFFFFFFFFFFFFFF80
:10B0E000FFFFFFFFFFFFFFFFFFFFFFFFFFFFFFFF70
:10B0F000FFFFFFFFFFFFFFFFFFFFFFFFFFFFFFFF60
:10B10000FFFFFFFFFFFFFFFFFFFFFFFFFFFFFFFF4F
:10B11000FFFFFFFFFFFFFFFFFFFFFFFFFFFFFFFF3F
:10B12000FFFFFFFFFFFFFFFFFFFFFFFFFFFFFFFF2F
:10B13000FFFFFFFFFFFFFFFFFFFFFFFFFFFFFFFF1F
:10B14000FFFFFFFFFFFFFFFFFFFFFFFFFFFFFFFF0F
:10B15000FFFFFFFFFFFFFFFFFFFFFFFFFFFFFFFFFF
:10B16000FFFFFFFFFFFFFFFFFFFFFFFFFFFFFFFFEF
:10B17000FFFFFFFFFFFFFFFFFFFFFFFFFFFFFFFFDF
:10B18000FFFFFFFFFFFFFFFFFFFFFFFFFFFFFFFFCF
:10B19000FFFFFFFFFFFFFFFFFFFFFFFFFFFFFFFFBF
:10B1A000FFFFFFFFFFFFFFFFFFFFFFFFFFFFFFFFAF
:10B1B000FFFFFFFFFFFFFFFFFFFFFFFFFFFFFFFF9F
:10B1C000FFFFFFFFFFFFFFFFFFFFFFFFFFFFFFFF8F
:10B1D000FFFFFFFFFFFFFFFFFFFFFFFFFFFFFFFF7F
:10B1E000FFFFFFFFFFFFFFFFFFFFFFFFFFFFFFFF6F
:10B1F000FFFFFFFFFFFFFFFFFFFFFFFFFFFFFFFF5F
:10B20000FFFFFFFFFFFFFFFFFFFFFFFFFFFFFFFF4E
:10B21000FFFFFFFFFFFFFFFFFFFFFFFFFFFFFFFF3E
:10B22000FFFFFFFFFFFFFFFFFFFFFFFFFFFFFFFF2E
:10B23000FFFFFFFFFFFFFFFFFFFFFFFFFFFFFFFF1E
:10B24000FFFFFFFFFFFFFFFFFFFFFFFFFFFFFFFF0E
:10B25000FFFFFFFFFFFFFFFFFFFFFFFFFFFFFFFFFE
:10B26000FFFFFFFFFFFFFFFFFFFFFFFFFFFFFFFFEE
:10B27000FFFFFFFFFFFFFFFFFFFFFFFFFFFFFFFFDE
:10B28000FFFFFFFFFFFFFFFFFFFFFFFFFFFFFFFFCE
:10B29000FFFFFFFFFFFFFFFFFFFFFFFFFFFFFFFFBE
:10B2A000FFFFFFFFFFFFFFFFFFFFFFFFFFFFFFFFAE
:10B2B000FFFFFFFFFFFFFFFFFFFFFFFFFFFFFFFF9E
:10B2C000FFFFFFFFFFFFFFFFFFFFFFFFFFFFFFFF8E
:10B2D000FFFFFFFFFFFFFFFFFFFFFFFFFFFFFFFF7E
:10B2E000FFFFFFFFFFFFFFFFFFFFFFFFFFFFFFFF6E
:10B2F000FFFFFFFFFFFFFFFFFFFFFFFFFFFFFFFF5E
:10B30000FFFFFFFFFFFFFFFFFFFFFFFFFFFFFFFF4D
:10B31000FFFFFFFFFFFFFFFFFFFFFFFFFFFFFFFF3D
:10B32000FFFFFFFFFFFFFFFFFFFFFFFFFFFFFFFF2D
:10B33000FFFFFFFFFFFFFFFFFFFFFFFFFFFFFFFF1D
:10B34000FFFFFFFFFFFFFFFFFFFFFFFFFFFFFFFF0D
:10B35000FFFFFFFFFFFFFFFFFFFFFFFFFFFFFFFFFD
:10B36000FFFFFFFFFFFFFFFFFFFFFFFFFFFFFFFFED
:10B37000FFFFFFFFFFFFFFFFFFFFFFFFFFFFFFFFDD
:10B38000FFFFFFFFFFFFFFFFFFFFFFFFFFFFFFFFCD
:10B39000FFFFFFFFFFFFFFFFFFFFFFFFFFFFFFFFBD
:10B3A000FFFFFFFFFFFFFFFFFFFFFFFFFFFFFFFFAD
:10B3B000FFFFFFFFFFFFFFFFFFFFFFFFFFFFFFFF9D
:10B3C000FFFFFFFFFFFFFFFFFFFFFFFFFFFFFFFF8D
:10B3D000FFFFFFFFFFFFFFFFFFFFFFFFFFFFFFFF7D
:10B3E000FFFFFFFFFFFFFFFFFFFFFFFFFFFFFFFF6D
:10B3F000FFFFFFFFFFFFFFFFFFFFFFFFFFFFFFFF5D
:10B40000FFFFFFFFFFFFFFFFFFFFFFFFFFFFFFFF4C
:10B41000FFFFFFFFFFFFFFFFFFFFFFFFFFFFFFFF3C
:10B42000FFFFFFFFFFFFFFFFFFFFFFFFFFFFFFFF2C
:10B43000FFFFFFFFFFFFFFFFFFFFFFFFFFFFFFFF1C
:10B44000FFFFFFFFFFFFFFFFFFFFFFFFFFFFFFFF0C
:10B45000FFFFFFFFFFFFFFFFFFFFFFFFFFFFFFFFFC
:10B46000FFFFFFFFFFFFFFFFFFFFFFFFFFFFFFFFEC
:10B47000FFFFFFFFFFFFFFFFFFFFFFFFFFFFFFFFDC
:10B48000FFFFFFFFFFFFFFFFFFFFFFFFFFFFFFFFCC
:10B49000FFFFFFFFFFFFFFFFFFFFFFFFFFFFFFFFBC
:10B4A000FFFFFFFFFFFFFFFFFFFFFFFFFFFFFFFFAC
:10B4B000FFFFFFFFFFFFFFFFFFFFFFFFFFFFFFFF9C
:10B4C000FFFFFFFFFFFFFFFFFFFFFFFFFFFFFFFF8C
:10B4D000FFFFFFFFFFFFFFFFFFFFFFFFFFFFFFFF7C
:10B4E000FFFFFFFFFFFFFFFFFFFFFFFFFFFFFFFF6C
:10B4F000FFFFFFFFFFFFFFFFFFFFFFFFFFFFFFFF5C
:10B50000FFFFFFFFFFFFFFFFFFFFFFFFFFFFFFFF4B
:10B51000FFFFFFFFFFFFFFFFFFFFFFFFFFFFFFFF3B
:10B52000FFFFFFFFFFFFFFFFFFFFFFFFFFFFFFFF2B
:10B53000FFFFFFFFFFFFFFFFFFFFFFFFFFFFFFFF1B
:10B54000FFFFFFFFFFFFFFFFFFFFFFFFFFFFFFFF0B
:10B55000FFFFFFFFFFFFFFFFFFFFFFFFFFFFFFFFFB
:10B56000FFFFFFFFFFFFFFFFFFFFFFFFFFFFFFFFEB
:10B57000FFFFFFFFFFFFFFFFFFFFFFFFFFFFFFFFDB
:10B58000FFFFFFFFFFFFFFFFFFFFFFFFFFFFFFFFCB
:10B59000FFFFFFFFFFFFFFFFFFFFFFFFFFFFFFFFBB
:10B5A000FFFFFFFFFFFFFFFFFFFFFFFFFFFFFFFFAB
:10B5B000FFFFFFFFFFFFFFFFFFFFFFFFFFFFFFFF9B
:10B5C000FFFFFFFFFFFFFFFFFFFFFFFFFFFFFFFF8B
:10B5D000FFFFFFFFFFFFFFFFFFFFFFFFFFFFFFFF7B
:10B5E000FFFFFFFFFFFFFFFFFFFFFFFFFFFFFFFF6B
:10B5F000FFFFFFFFFFFFFFFFFFFFFFFFFFFFFFFF5B
:10B60000FFFFFFFFFFFFFFFFFFFFFFFFFFFFFFFF4A
:10B61000FFFFFFFFFFFFFFFFFFFFFFFFFFFFFFFF3A
:10B62000FFFFFFFFFFFFFFFFFFFFFFFFFFFFFFFF2A
:10B63000FFFFFFFFFFFFFFFFFFFFFFFFFFFFFFFF1A
:10B64000FFFFFFFFFFFFFFFFFFFFFFFFFFFFFFFF0A
:10B65000FFFFFFFFFFFFFFFFFFFFFFFFFFFFFFFFFA
:10B66000FFFFFFFFFFFFFFFFFFFFFFFFFFFFFFFFEA
:10B67000FFFFFFFFFFFFFFFFFFFFFFFFFFFFFFFFDA
:10B68000FFFFFFFFFFFFFFFFFFFFFFFFFFFFFFFFCA
:10B69000FFFFFFFFFFFFFFFFFFFFFFFFFFFFFFFFBA
:10B6A000FFFFFFFFFFFFFFFFFFFFFFFFFFFFFFFFAA
:10B6B000FFFFFFFFFFFFFFFFFFFFFFFFFFFFFFFF9A
:10B6C000FFFFFFFFFFFFFFFFFFFFFFFFFFFFFFFF8A
:10B6D000FFFFFFFFFFFFFFFFFFFFFFFFFFFFFFFF7A
:10B6E000FFFFFFFFFFFFFFFFFFFFFFFFFFFFFFFF6A
:10B6F000FFFFFFFFFFFFFFFFFFFFFFFFFFFFFFFF5A
:10B70000FFFFFFFFFFFFFFFFFFFFFFFFFFFFFFFF49
:10B71000FFFFFFFFFFFFFFFFFFFFFFFFFFFFFFFF39
:10B72000FFFFFFFFFFFFFFFFFFFFFFFFFFFFFFFF29
:10B73000FFFFFFFFFFFFFFFFFFFFFFFFFFFFFFFF19
:10B74000FFFFFFFFFFFFFFFFFFFFFFFFFFFFFFFF09
:10B75000FFFFFFFFFFFFFFFFFFFFFFFFFFFFFFFFF9
:10B76000FFFFFFFFFFFFFFFFFFFFFFFFFFFFFFFFE9
:10B77000FFFFFFFFFFFFFFFFFFFFFFFFFFFFFFFFD9
:10B78000FFFFFFFFFFFFFFFFFFFFFFFFFFFFFFFFC9
:10B79000FFFFFFFFFFFFFFFFFFFFFFFFFFFFFFFFB9
:10B7A000FFFFFFFFFFFFFFFFFFFFFFFFFFFFFFFFA9
:10B7B000FFFFFFFFFFFFFFFFFFFFFFFFFFFFFFFF99
:10B7C000FFFFFFFFFFFFFFFFFFFFFFFFFFFFFFFF89
:10B7D000FFFFFFFFFFFFFFFFFFFFFFFFFFFFFFFF79
:10B7E000FFFFFFFFFFFFFFFFFFFFFFFFFFFFFFFF69
:10B7F000FFFFFFFFFFFFFFFFFFFFFFFFFFFFFFFF59
:10B80000FFFFFFFFFFFFFFFFFFFFFFFFFFFFFFFF48
:10B81000FFFFFFFFFFFFFFFFFFFFFFFFFFFFFFFF38
:10B82000FFFFFFFFFFFFFFFFFFFFFFFFFFFFFFFF28
:10B83000FFFFFFFFFFFFFFFFFFFFFFFFFFFFFFFF18
:10B84000FFFFFFFFFFFFFFFFFFFFFFFFFFFFFFFF08
:10B85000FFFFFFFFFFFFFFFFFFFFFFFFFFFFFFFFF8
:10B86000FFFFFFFFFFFFFFFFFFFFFFFFFFFFFFFFE8
:10B87000FFFFFFFFFFFFFFFFFFFFFFFFFFFFFFFFD8
:10B88000FFFFFFFFFFFFFFFFFFFFFFFFFFFFFFFFC8
:10B89000FFFFFFFFFFFFFFFFFFFFFFFFFFFFFFFFB8
:10B8A000FFFFFFFFFFFFFFFFFFFFFFFFFFFFFFFFA8
:10B8B000FFFFFFFFFFFFFFFFFFFFFFFFFFFFFFFF98
:10B8C000FFFFFFFFFFFFFFFFFFFFFFFFFFFFFFFF88
:10B8D000FFFFFFFFFFFFFFFFFFFFFFFFFFFFFFFF78
:10B8E000FFFFFFFFFFFFFFFFFFFFFFFFFFFFFFFF68
:10B8F000FFFFFFFFFFFFFFFFFFFFFFFFFFFFFFFF58
:10B90000FFFFFFFFFFFFFFFFFFFFFFFFFFFFFFFF47
:10B91000FFFFFFFFFFFFFFFFFFFFFFFFFFFFFFFF37
:10B92000FFFFFFFFFFFFFFFFFFFFFFFFFFFFFFFF27
:10B93000FFFFFFFFFFFFFFFFFFFFFFFFFFFFFFFF17
:10B94000FFFFFFFFFFFFFFFFFFFFFFFFFFFFFFFF07
:10B95000FFFFFFFFFFFFFFFFFFFFFFFFFFFFFFFFF7
:10B96000FFFFFFFFFFFFFFFFFFFFFFFFFFFFFFFFE7
:10B97000FFFFFFFFFFFFFFFFFFFFFFFFFFFFFFFFD7
:10B98000FFFFFFFFFFFFFFFFFFFFFFFFFFFFFFFFC7
:10B99000FFFFFFFFFFFFFFFFFFFFFFFFFFFFFFFFB7
:10B9A000FFFFFFFFFFFFFFFFFFFFFFFFFFFFFFFFA7
:10B9B000FFFFFFFFFFFFFFFFFFFFFFFFFFFFFFFF97
:10B9C000FFFFFFFFFFFFFFFFFFFFFFFFFFFFFFFF87
:10B9D000FFFFFFFFFFFFFFFFFFFFFFFFFFFFFFFF77
:10B9E000FFFFFFFFFFFFFFFFFFFFFFFFFFFFFFFF67
:10B9F000FFFFFFFFFFFFFFFFFFFFFFFFFFFFFFFF57
:10BA0000FFFFFFFFFFFFFFFFFFFFFFFFFFFFFFFF46
:10BA1000FFFFFFFFFFFFFFFFFFFFFFFFFFFFFFFF36
:10BA2000FFFFFFFFFFFFFFFFFFFFFFFFFFFFFFFF26
:10BA3000FFFFFFFFFFFFFFFFFFFFFFFFFFFFFFFF16
:10BA4000FFFFFFFFFFFFFFFFFFFFFFFFFFFFFFFF06
:10BA5000FFFFFFFFFFFFFFFFFFFFFFFFFFFFFFFFF6
:10BA6000FFFFFFFFFFFFFFFFFFFFFFFFFFFFFFFFE6
:10BA7000FFFFFFFFFFFFFFFFFFFFFFFFFFFFFFFFD6
:10BA8000FFFFFFFFFFFFFFFFFFFFFFFFFFFFFFFFC6
:10BA9000FFFFFFFFFFFFFFFFFFFFFFFFFFFFFFFFB6
:10BAA000FFFFFFFFFFFFFFFFFFFFFFFFFFFFFFFFA6
:10BAB000FFFFFFFFFFFFFFFFFFFFFFFFFFFFFFFF96
:10BAC000FFFFFFFFFFFFFFFFFFFFFFFFFFFFFFFF86
:10BAD000FFFFFFFFFFFFFFFFFFFFFFFFFFFFFFFF76
:10BAE000FFFFFFFFFFFFFFFFFFFFFFFFFFFFFFFF66
:10BAF000FFFFFFFFFFFFFFFFFFFFFFFFFFFFFFFF56
:10BB0000FFFFFFFFFFFFFFFFFFFFFFFFFFFFFFFF45
:10BB1000FFFFFFFFFFFFFFFFFFFFFFFFFFFFFFFF35
:10BB2000FFFFFFFFFFFFFFFFFFFFFFFFFFFFFFFF25
:10BB3000FFFFFFFFFFFFFFFFFFFFFFFFFFFFFFFF15
:10BB4000FFFFFFFFFFFFFFFFFFFFFFFFFFFFFFFF05
:10BB5000FFFFFFFFFFFFFFFFFFFFFFFFFFFFFFFFF5
:10BB6000FFFFFFFFFFFFFFFFFFFFFFFFFFFFFFFFE5
:10BB7000FFFFFFFFFFFFFFFFFFFFFFFFFFFFFFFFD5
:10BB8000FFFFFFFFFFFFFFFFFFFFFFFFFFFFFFFFC5
:10BB9000FFFFFFFFFFFFFFFFFFFFFFFFFFFFFFFFB5
:10BBA000FFFFFFFFFFFFFFFFFFFFFFFFFFFFFFFFA5
:10BBB000FFFFFFFFFFFFFFFFFFFFFFFFFFFFFFFF95
:10BBC000FFFFFFFFFFFFFFFFFFFFFFFFFFFFFFFF85
:10BBD000FFFFFFFFFFFFFFFFFFFFFFFFFFFFFFFF75
:10BBE000FFFFFFFFFFFFFFFFFFFFFFFFFFFFFFFF65
:10BBF000FFFFFFFFFFFFFFFFFFFFFFFFFFFFFFFF55
:10BC0000FFFFFFFFFFFFFFFFFFFFFFFFFFFFFFFF44
:10BC1000FFFFFFFFFFFFFFFFFFFFFFFFFFFFFFFF34
:10BC2000FFFFFFFFFFFFFFFFFFFFFFFFFFFFFFFF24
:10BC3000FFFFFFFFFFFFFFFFFFFFFFFFFFFFFFFF14
:10BC4000FFFFFFFFFFFFFFFFFFFFFFFFFFFFFFFF04
:10BC5000FFFFFFFFFFFFFFFFFFFFFFFFFFFFFFFFF4
:10BC6000FFFFFFFFFFFFFFFFFFFFFFFFFFFFFFFFE4
:10BC7000FFFFFFFFFFFFFFFFFFFFFFFFFFFFFFFFD4
:10BC8000FFFFFFFFFFFFFFFFFFFFFFFFFFFFFFFFC4
:10BC9000FFFFFFFFFFFFFFFFFFFFFFFFFFFFFFFFB4
:10BCA000FFFFFFFFFFFFFFFFFFFFFFFFFFFFFFFFA4
:10BCB000FFFFFFFFFFFFFFFFFFFFFFFFFFFFFFFF94
:10BCC000FFFFFFFFFFFFFFFFFFFFFFFFFFFFFFFF84
:10BCD000FFFFFFFFFFFFFFFFFFFFFFFFFFFFFFFF74
:10BCE000FFFFFFFFFFFFFFFFFFFFFFFFFFFFFFFF64
:10BCF000FFFFFFFFFFFFFFFFFFFFFFFFFFFFFFFF54
:10BD0000FFFFFFFFFFFFFFFFFFFFFFFFFFFFFFFF43
:10BD1000FFFFFFFFFFFFFFFFFFFFFFFFFFFFFFFF33
:10BD2000FFFFFFFFFFFFFFFFFFFFFFFFFFFFFFFF23
:10BD3000FFFFFFFFFFFFFFFFFFFFFFFFFFFFFFFF13
:10BD4000FFFFFFFFFFFFFFFFFFFFFFFFFFFFFFFF03
:10BD5000FFFFFFFFFFFFFFFFFFFFFFFFFFFFFFFFF3
:10BD6000FFFFFFFFFFFFFFFFFFFFFFFFFFFFFFFFE3
:10BD7000FFFFFFFFFFFFFFFFFFFFFFFFFFFFFFFFD3
:10BD8000FFFFFFFFFFFFFFFFFFFFFFFFFFFFFFFFC3
:10BD9000FFFFFFFFFFFFFFFFFFFFFFFFFFFFFFFFB3
:10BDA000FFFFFFFFFFFFFFFFFFFFFFFFFFFFFFFFA3
:10BDB000FFFFFFFFFFFFFFFFFFFFFFFFFFFFFFFF93
:10BDC000FFFFFFFFFFFFFFFFFFFFFFFFFFFFFFFF83
:10BDD000FFFFFFFFFFFFFFFFFFFFFFFFFFFFFFFF73
:10BDE000FFFFFFFFFFFFFFFFFFFFFFFFFFFFFFFF63
:10BDF000FFFFFFFFFFFFFFFFFFFFFFFFFFFFFFFF53
:10BE0000FFFFFFFFFFFFFFFFFFFFFFFFFFFFFFFF42
:10BE1000FFFFFFFFFFFFFFFFFFFFFFFFFFFFFFFF32
:10BE2000FFFFFFFFFFFFFFFFFFFFFFFFFFFFFFFF22
:10BE3000FFFFFFFFFFFFFFFFFFFFFFFFFFFFFFFF12
:10BE4000FFFFFFFFFFFFFFFFFFFFFFFFFFFFFFFF02
:10BE5000FFFFFFFFFFFFFFFFFFFFFFFFFFFFFFFFF2
:10BE6000FFFFFFFFFFFFFFFFFFFFFFFFFFFFFFFFE2
:10BE7000FFFFFFFFFFFFFFFFFFFFFFFFFFFFFFFFD2
:10BE8000FFFFFFFFFFFFFFFFFFFFFFFFFFFFFFFFC2
:10BE9000FFFFFFFFFFFFFFFFFFFFFFFFFFFFFFFFB2
:10BEA000FFFFFFFFFFFFFFFFFFFFFFFFFFFFFFFFA2
:10BEB000FFFFFFFFFFFFFFFFFFFFFFFFFFFFFFFF92
:10BEC000FFFFFFFFFFFFFFFFFFFFFFFFFFFFFFFF82
:10BED000FFFFFFFFFFFFFFFFFFFFFFFFFFFFFFFF72
:10BEE000FFFFFFFFFFFFFFFFFFFFFFFFFFFFFFFF62
:10BEF000FFFFFFFFFFFFFFFFFFFFFFFFFFFFFFFF52
:10BF0000FFFFFFFFFFFFFFFFFFFFFFFFFFFFFFFF41
:10BF1000FFFFFFFFFFFFFFFFFFFFFFFFFFFFFFFF31
:10BF2000FFFFFFFFFFFFFFFFFFFFFFFFFFFFFFFF21
:10BF3000FFFFFFFFFFFFFFFFFFFFFFFFFFFFFFFF11
:10BF4000FFFFFFFFFFFFFFFFFFFFFFFFFFFFFFFF01
:10BF5000FFFFFFFFFFFFFFFFFFFFFFFFFFFFFFFFF1
:10BF6000FFFFFFFFFFFFFFFFFFFFFFFFFFFFFFFFE1
:10BF7000FFFFFFFFFFFFFFFFFFFFFFFFFFFFFFFFD1
:10BF8000FFFFFFFFFFFFFFFFFFFFFFFFFFFFFFFFC1
:10BF9000FFFFFFFFFFFFFFFFFFFFFFFFFFFFFFFFB1
:10BFA000FFFFFFFFFFFFFFFFFFFFFFFFFFFFFFFFA1
:10BFB000FFFFFFFFFFFFFFFFFFFFFFFFFFFFFFFF91
:10BFC000FFFFFFFFFFFFFFFFFFFFFFFFFFFFFFFF81
:10BFD000FFFFFFFFFFFFFFFFFFFFFFFFFFFFFFFF71
:10BFE000FFFFFFFFFFFFFFFFFFFFFFFFFFFFFFFF61
:10BFF000FFFFFFFFFFFFFFFFFFFFFFFFFFFFFFFF51
:10C00000FFFFFFFFFFFFFFFFFFFFFFFFFFFFFFFF40
:10C01000FFFFFFFFFFFFFFFFFFFFFFFFFFFFFFFF30
:10C02000FFFFFFFFFFFFFFFFFFFFFFFFFFFFFFFF20
:10C03000FFFFFFFFFFFFFFFFFFFFFFFFFFFFFFFF10
:10C04000FFFFFFFFFFFFFFFFFFFFFFFFFFFFFFFF00
:10C05000FFFFFFFFFFFFFFFFFFFFFFFFFFFFFFFFF0
:10C06000FFFFFFFFFFFFFFFFFFFFFFFFFFFFFFFFE0
:10C07000FFFFFFFFFFFFFFFFFFFFFFFFFFFFFFFFD0
:10C08000FFFFFFFFFFFFFFFFFFFFFFFFFFFFFFFFC0
:10C09000FFFFFFFFFFFFFFFFFFFFFFFFFFFFFFFFB0
:10C0A000FFFFFFFFFFFFFFFFFFFFFFFFFFFFFFFFA0
:10C0B000FFFFFFFFFFFFFFFFFFFFFFFFFFFFFFFF90
:10C0C000FFFFFFFFFFFFFFFFFFFFFFFFFFFFFFFF80
:10C0D000FFFFFFFFFFFFFFFFFFFFFFFFFFFFFFFF70
:10C0E000FFFFFFFFFFFFFFFFFFFFFFFFFFFFFFFF60
:10C0F000FFFFFFFFFFFFFFFFFFFFFFFFFFFFFFFF50
:10C10000FFFFFFFFFFFFFFFFFFFFFFFFFFFFFFFF3F
:10C11000FFFFFFFFFFFFFFFFFFFFFFFFFFFFFFFF2F
:10C12000FFFFFFFFFFFFFFFFFFFFFFFFFFFFFFFF1F
:10C13000FFFFFFFFFFFFFFFFFFFFFFFFFFFFFFFF0F
:10C14000FFFFFFFFFFFFFFFFFFFFFFFFFFFFFFFFFF
:10C15000FFFFFFFFFFFFFFFFFFFFFFFFFFFFFFFFEF
:10C16000FFFFFFFFFFFFFFFFFFFFFFFFFFFFFFFFDF
:10C17000FFFFFFFFFFFFFFFFFFFFFFFFFFFFFFFFCF
:10C18000FFFFFFFFFFFFFFFFFFFFFFFFFFFFFFFFBF
:10C19000FFFFFFFFFFFFFFFFFFFFFFFFFFFFFFFFAF
:10C1A000FFFFFFFFFFFFFFFFFFFFFFFFFFFFFFFF9F
:10C1B000FFFFFFFFFFFFFFFFFFFFFFFFFFFFFFFF8F
:10C1C000FFFFFFFFFFFFFFFFFFFFFFFFFFFFFFFF7F
:10C1D000FFFFFFFFFFFFFFFFFFFFFFFFFFFFFFFF6F
:10C1E000FFFFFFFFFFFFFFFFFFFFFFFFFFFFFFFF5F
:10C1F000FFFFFFFFFFFFFFFFFFFFFFFFFFFFFFFF4F
:10C20000FFFFFFFFFFFFFFFFFFFFFFFFFFFFFFFF3E
:10C21000FFFFFFFFFFFFFFFFFFFFFFFFFFFFFFFF2E
:10C22000FFFFFFFFFFFFFFFFFFFFFFFFFFFFFFFF1E
:10C23000FFFFFFFFFFFFFFFFFFFFFFFFFFFFFFFF0E
:10C24000FFFFFFFFFFFFFFFFFFFFFFFFFFFFFFFFFE
:10C25000FFFFFFFFFFFFFFFFFFFFFFFFFFFFFFFFEE
:10C26000FFFFFFFFFFFFFFFFFFFFFFFFFFFFFFFFDE
:10C27000FFFFFFFFFFFFFFFFFFFFFFFFFFFFFFFFCE
:10C28000FFFFFFFFFFFFFFFFFFFFFFFFFFFFFFFFBE
:10C29000FFFFFFFFFFFFFFFFFFFFFFFFFFFFFFFFAE
:10C2A000FFFFFFFFFFFFFFFFFFFFFFFFFFFFFFFF9E
:10C2B000FFFFFFFFFFFFFFFFFFFFFFFFFFFFFFFF8E
:10C2C000FFFFFFFFFFFFFFFFFFFFFFFFFFFFFFFF7E
:10C2D000FFFFFFFFFFFFFFFFFFFFFFFFFFFFFFFF6E
:10C2E000FFFFFFFFFFFFFFFFFFFFFFFFFFFFFFFF5E
:10C2F000FFFFFFFFFFFFFFFFFFFFFFFFFFFFFFFF4E
:10C30000FFFFFFFFFFFFFFFFFFFFFFFFFFFFFFFF3D
:10C31000FFFFFFFFFFFFFFFFFFFFFFFFFFFFFFFF2D
:10C32000FFFFFFFFFFFFFFFFFFFFFFFFFFFFFFFF1D
:10C33000FFFFFFFFFFFFFFFFFFFFFFFFFFFFFFFF0D
:10C34000FFFFFFFFFFFFFFFFFFFFFFFFFFFFFFFFFD
:10C35000FFFFFFFFFFFFFFFFFFFFFFFFFFFFFFFFED
:10C36000FFFFFFFFFFFFFFFFFFFFFFFFFFFFFFFFDD
:10C37000FFFFFFFFFFFFFFFFFFFFFFFFFFFFFFFFCD
:10C38000FFFFFFFFFFFFFFFFFFFFFFFFFFFFFFFFBD
:10C39000FFFFFFFFFFFFFFFFFFFFFFFFFFFFFFFFAD
:10C3A000FFFFFFFFFFFFFFFFFFFFFFFFFFFFFFFF9D
:10C3B000FFFFFFFFFFFFFFFFFFFFFFFFFFFFFFFF8D
:10C3C000FFFFFFFFFFFFFFFFFFFFFFFFFFFFFFFF7D
:10C3D000FFFFFFFFFFFFFFFFFFFFFFFFFFFFFFFF6D
:10C3E000FFFFFFFFFFFFFFFFFFFFFFFFFFFFFFFF5D
:10C3F000FFFFFFFFFFFFFFFFFFFFFFFFFFFFFFFF4D
:10C40000FFFFFFFFFFFFFFFFFFFFFFFFFFFFFFFF3C
:10C41000FFFFFFFFFFFFFFFFFFFFFFFFFFFFFFFF2C
:10C42000FFFFFFFFFFFFFFFFFFFFFFFFFFFFFFFF1C
:10C43000FFFFFFFFFFFFFFFFFFFFFFFFFFFFFFFF0C
:10C44000FFFFFFFFFFFFFFFFFFFFFFFFFFFFFFFFFC
:10C45000FFFFFFFFFFFFFFFFFFFFFFFFFFFFFFFFEC
:10C46000FFFFFFFFFFFFFFFFFFFFFFFFFFFFFFFFDC
:10C47000FFFFFFFFFFFFFFFFFFFFFFFFFFFFFFFFCC
:10C48000FFFFFFFFFFFFFFFFFFFFFFFFFFFFFFFFBC
:10C49000FFFFFFFFFFFFFFFFFFFFFFFFFFFFFFFFAC
:10C4A000FFFFFFFFFFFFFFFFFFFFFFFFFFFFFFFF9C
:10C4B000FFFFFFFFFFFFFFFFFFFFFFFFFFFFFFFF8C
:10C4C000FFFFFFFFFFFFFFFFFFFFFFFFFFFFFFFF7C
:10C4D000FFFFFFFFFFFFFFFFFFFFFFFFFFFFFFFF6C
:10C4E000FFFFFFFFFFFFFFFFFFFFFFFFFFFFFFFF5C
:10C4F000FFFFFFFFFFFFFFFFFFFFFFFFFFFFFFFF4C
:10C50000FFFFFFFFFFFFFFFFFFFFFFFFFFFFFFFF3B
:10C51000FFFFFFFFFFFFFFFFFFFFFFFFFFFFFFFF2B
:10C52000FFFFFFFFFFFFFFFFFFFFFFFFFFFFFFFF1B
:10C53000FFFFFFFFFFFFFFFFFFFFFFFFFFFFFFFF0B
:10C54000FFFFFFFFFFFFFFFFFFFFFFFFFFFFFFFFFB
:10C55000FFFFFFFFFFFFFFFFFFFFFFFFFFFFFFFFEB
:10C56000FFFFFFFFFFFFFFFFFFFFFFFFFFFFFFFFDB
:10C57000FFFFFFFFFFFFFFFFFFFFFFFFFFFFFFFFCB
:10C58000FFFFFFFFFFFFFFFFFFFFFFFFFFFFFFFFBB
:10C59000FFFFFFFFFFFFFFFFFFFFFFFFFFFFFFFFAB
:10C5A000FFFFFFFFFFFFFFFFFFFFFFFFFFFFFFFF9B
:10C5B000FFFFFFFFFFFFFFFFFFFFFFFFFFFFFFFF8B
:10C5C000FFFFFFFFFFFFFFFFFFFFFFFFFFFFFFFF7B
:10C5D000FFFFFFFFFFFFFFFFFFFFFFFFFFFFFFFF6B
:10C5E000FFFFFFFFFFFFFFFFFFFFFFFFFFFFFFFF5B
:10C5F000FFFFFFFFFFFFFFFFFFFFFFFFFFFFFFFF4B
:10C60000FFFFFFFFFFFFFFFFFFFFFFFFFFFFFFFF3A
:10C61000FFFFFFFFFFFFFFFFFFFFFFFFFFFFFFFF2A
:10C62000FFFFFFFFFFFFFFFFFFFFFFFFFFFFFFFF1A
:10C63000FFFFFFFFFFFFFFFFFFFFFFFFFFFFFFFF0A
:10C64000FFFFFFFFFFFFFFFFFFFFFFFFFFFFFFFFFA
:10C65000FFFFFFFFFFFFFFFFFFFFFFFFFFFFFFFFEA
:10C66000FFFFFFFFFFFFFFFFFFFFFFFFFFFFFFFFDA
:10C67000FFFFFFFFFFFFFFFFFFFFFFFFFFFFFFFFCA
:10C68000FFFFFFFFFFFFFFFFFFFFFFFFFFFFFFFFBA
:10C69000FFFFFFFFFFFFFFFFFFFFFFFFFFFFFFFFAA
:10C6A000FFFFFFFFFFFFFFFFFFFFFFFFFFFFFFFF9A
:10C6B000FFFFFFFFFFFFFFFFFFFFFFFFFFFFFFFF8A
:10C6C000FFFFFFFFFFFFFFFFFFFFFFFFFFFFFFFF7A
:10C6D000FFFFFFFFFFFFFFFFFFFFFFFFFFFFFFFF6A
:10C6E000FFFFFFFFFFFFFFFFFFFFFFFFFFFFFFFF5A
:10C6F000FFFFFFFFFFFFFFFFFFFFFFFFFFFFFFFF4A
:10C70000FFFFFFFFFFFFFFFFFFFFFFFFFFFFFFFF39
:10C71000FFFFFFFFFFFFFFFFFFFFFFFFFFFFFFFF29
:10C72000FFFFFFFFFFFFFFFFFFFFFFFFFFFFFFFF19
:10C73000FFFFFFFFFFFFFFFFFFFFFFFFFFFFFFFF09
:10C74000FFFFFFFFFFFFFFFFFFFFFFFFFFFFFFFFF9
:10C75000FFFFFFFFFFFFFFFFFFFFFFFFFFFFFFFFE9
:10C76000FFFFFFFFFFFFFFFFFFFFFFFFFFFFFFFFD9
:10C77000FFFFFFFFFFFFFFFFFFFFFFFFFFFFFFFFC9
:10C78000FFFFFFFFFFFFFFFFFFFFFFFFFFFFFFFFB9
:10C79000FFFFFFFFFFFFFFFFFFFFFFFFFFFFFFFFA9
:10C7A000FFFFFFFFFFFFFFFFFFFFFFFFFFFFFFFF99
:10C7B000FFFFFFFFFFFFFFFFFFFFFFFFFFFFFFFF89
:10C7C000FFFFFFFFFFFFFFFFFFFFFFFFFFFFFFFF79
:10C7D000FFFFFFFFFFFFFFFFFFFFFFFFFFFFFFFF69
:10C7E000FFFFFFFFFFFFFFFFFFFFFFFFFFFFFFFF59
:10C7F000FFFFFFFFFFFFFFFFFFFFFFFFFFFFFFFF49
:10C80000FFFFFFFFFFFFFFFFFFFFFFFFFFFFFFFF38
:10C81000FFFFFFFFFFFFFFFFFFFFFFFFFFFFFFFF28
:10C82000FFFFFFFFFFFFFFFFFFFFFFFFFFFFFFFF18
:10C83000FFFFFFFFFFFFFFFFFFFFFFFFFFFFFFFF08
:10C84000FFFFFFFFFFFFFFFFFFFFFFFFFFFFFFFFF8
:10C85000FFFFFFFFFFFFFFFFFFFFFFFFFFFFFFFFE8
:10C86000FFFFFFFFFFFFFFFFFFFFFFFFFFFFFFFFD8
:10C87000FFFFFFFFFFFFFFFFFFFFFFFFFFFFFFFFC8
:10C88000FFFFFFFFFFFFFFFFFFFFFFFFFFFFFFFFB8
:10C89000FFFFFFFFFFFFFFFFFFFFFFFFFFFFFFFFA8
:10C8A000FFFFFFFFFFFFFFFFFFFFFFFFFFFFFFFF98
:10C8B000FFFFFFFFFFFFFFFFFFFFFFFFFFFFFFFF88
:10C8C000FFFFFFFFFFFFFFFFFFFFFFFFFFFFFFFF78
:10C8D000FFFFFFFFFFFFFFFFFFFFFFFFFFFFFFFF68
:10C8E000FFFFFFFFFFFFFFFFFFFFFFFFFFFFFFFF58
:10C8F000FFFFFFFFFFFFFFFFFFFFFFFFFFFFFFFF48
:10C90000FFFFFFFFFFFFFFFFFFFFFFFFFFFFFFFF37
:10C91000FFFFFFFFFFFFFFFFFFFFFFFFFFFFFFFF27
:10C92000FFFFFFFFFFFFFFFFFFFFFFFFFFFFFFFF17
:10C93000FFFFFFFFFFFFFFFFFFFFFFFFFFFFFFFF07
:10C94000FFFFFFFFFFFFFFFFFFFFFFFFFFFFFFFFF7
:10C95000FFFFFFFFFFFFFFFFFFFFFFFFFFFFFFFFE7
:10C96000FFFFFFFFFFFFFFFFFFFFFFFFFFFFFFFFD7
:10C97000FFFFFFFFFFFFFFFFFFFFFFFFFFFFFFFFC7
:10C98000FFFFFFFFFFFFFFFFFFFFFFFFFFFFFFFFB7
:10C99000FFFFFFFFFFFFFFFFFFFFFFFFFFFFFFFFA7
:10C9A000FFFFFFFFFFFFFFFFFFFFFFFFFFFFFFFF97
:10C9B000FFFFFFFFFFFFFFFFFFFFFFFFFFFFFFFF87
:10C9C000FFFFFFFFFFFFFFFFFFFFFFFFFFFFFFFF77
:10C9D000FFFFFFFFFFFFFFFFFFFFFFFFFFFFFFFF67
:10C9E000FFFFFFFFFFFFFFFFFFFFFFFFFFFFFFFF57
:10C9F000FFFFFFFFFFFFFFFFFFFFFFFFFFFFFFFF47
:10CA0000FFFFFFFFFFFFFFFFFFFFFFFFFFFFFFFF36
:10CA1000FFFFFFFFFFFFFFFFFFFFFFFFFFFFFFFF26
:10CA2000FFFFFFFFFFFFFFFFFFFFFFFFFFFFFFFF16
:10CA3000FFFFFFFFFFFFFFFFFFFFFFFFFFFFFFFF06
:10CA4000FFFFFFFFFFFFFFFFFFFFFFFFFFFFFFFFF6
:10CA5000FFFFFFFFFFFFFFFFFFFFFFFFFFFFFFFFE6
:10CA6000FFFFFFFFFFFFFFFFFFFFFFFFFFFFFFFFD6
:10CA7000FFFFFFFFFFFFFFFFFFFFFFFFFFFFFFFFC6
:10CA8000FFFFFFFFFFFFFFFFFFFFFFFFFFFFFFFFB6
:10CA9000FFFFFFFFFFFFFFFFFFFFFFFFFFFFFFFFA6
:10CAA000FFFFFFFFFFFFFFFFFFFFFFFFFFFFFFFF96
:10CAB000FFFFFFFFFFFFFFFFFFFFFFFFFFFFFFFF86
:10CAC000FFFFFFFFFFFFFFFFFFFFFFFFFFFFFFFF76
:10CAD000FFFFFFFFFFFFFFFFFFFFFFFFFFFFFFFF66
:10CAE000FFFFFFFFFFFFFFFFFFFFFFFFFFFFFFFF56
:10CAF000FFFFFFFFFFFFFFFFFFFFFFFFFFFFFFFF46
:10CB0000FFFFFFFFFFFFFFFFFFFFFFFFFFFFFFFF35
:10CB1000FFFFFFFFFFFFFFFFFFFFFFFFFFFFFFFF25
:10CB2000FFFFFFFFFFFFFFFFFFFFFFFFFFFFFFFF15
:10CB3000FFFFFFFFFFFFFFFFFFFFFFFFFFFFFFFF05
:10CB4000FFFFFFFFFFFFFFFFFFFFFFFFFFFFFFFFF5
:10CB5000FFFFFFFFFFFFFFFFFFFFFFFFFFFFFFFFE5
:10CB6000FFFFFFFFFFFFFFFFFFFFFFFFFFFFFFFFD5
:10CB7000FFFFFFFFFFFFFFFFFFFFFFFFFFFFFFFFC5
:10CB8000FFFFFFFFFFFFFFFFFFFFFFFFFFFFFFFFB5
:10CB9000FFFFFFFFFFFFFFFFFFFFFFFFFFFFFFFFA5
:10CBA000FFFFFFFFFFFFFFFFFFFFFFFFFFFFFFFF95
:10CBB000FFFFFFFFFFFFFFFFFFFFFFFFFFFFFFFF85
:10CBC000FFFFFFFFFFFFFFFFFFFFFFFFFFFFFFFF75
:10CBD000FFFFFFFFFFFFFFFFFFFFFFFFFFFFFFFF65
:10CBE000FFFFFFFFFFFFFFFFFFFFFFFFFFFFFFFF55
:10CBF000FFFFFFFFFFFFFFFFFFFFFFFFFFFFFFFF45
:10CC0000FFFFFFFFFFFFFFFFFFFFFFFFFFFFFFFF34
:10CC1000FFFFFFFFFFFFFFFFFFFFFFFFFFFFFFFF24
:10CC2000FFFFFFFFFFFFFFFFFFFFFFFFFFFFFFFF14
:10CC3000FFFFFFFFFFFFFFFFFFFFFFFFFFFFFFFF04
:10CC4000FFFFFFFFFFFFFFFFFFFFFFFFFFFFFFFFF4
:10CC5000FFFFFFFFFFFFFFFFFFFFFFFFFFFFFFFFE4
:10CC6000FFFFFFFFFFFFFFFFFFFFFFFFFFFFFFFFD4
:10CC7000FFFFFFFFFFFFFFFFFFFFFFFFFFFFFFFFC4
:10CC8000FFFFFFFFFFFFFFFFFFFFFFFFFFFFFFFFB4
:10CC9000FFFFFFFFFFFFFFFFFFFFFFFFFFFFFFFFA4
:10CCA000FFFFFFFFFFFFFFFFFFFFFFFFFFFFFFFF94
:10CCB000FFFFFFFFFFFFFFFFFFFFFFFFFFFFFFFF84
:10CCC000FFFFFFFFFFFFFFFFFFFFFFFFFFFFFFFF74
:10CCD000FFFFFFFFFFFFFFFFFFFFFFFFFFFFFFFF64
:10CCE000FFFFFFFFFFFFFFFFFFFFFFFFFFFFFFFF54
:10CCF000FFFFFFFFFFFFFFFFFFFFFFFFFFFFFFFF44
:10CD0000FFFFFFFFFFFFFFFFFFFFFFFFFFFFFFFF33
:10CD1000FFFFFFFFFFFFFFFFFFFFFFFFFFFFFFFF23
:10CD2000FFFFFFFFFFFFFFFFFFFFFFFFFFFFFFFF13
:10CD3000FFFFFFFFFFFFFFFFFFFFFFFFFFFFFFFF03
:10CD4000FFFFFFFFFFFFFFFFFFFFFFFFFFFFFFFFF3
:10CD5000FFFFFFFFFFFFFFFFFFFFFFFFFFFFFFFFE3
:10CD6000FFFFFFFFFFFFFFFFFFFFFFFFFFFFFFFFD3
:10CD7000FFFFFFFFFFFFFFFFFFFFFFFFFFFFFFFFC3
:10CD8000FFFFFFFFFFFFFFFFFFFFFFFFFFFFFFFFB3
:10CD9000FFFFFFFFFFFFFFFFFFFFFFFFFFFFFFFFA3
:10CDA000FFFFFFFFFFFFFFFFFFFFFFFFFFFFFFFF93
:10CDB000FFFFFFFFFFFFFFFFFFFFFFFFFFFFFFFF83
:10CDC000FFFFFFFFFFFFFFFFFFFFFFFFFFFFFFFF73
:10CDD000FFFFFFFFFFFFFFFFFFFFFFFFFFFFFFFF63
:10CDE000FFFFFFFFFFFFFFFFFFFFFFFFFFFFFFFF53
:10CDF000FFFFFFFFFFFFFFFFFFFFFFFFFFFFFFFF43
:10CE0000FFFFFFFFFFFFFFFFFFFFFFFFFFFFFFFF32
:10CE1000FFFFFFFFFFFFFFFFFFFFFFFFFFFFFFFF22
:10CE2000FFFFFFFFFFFFFFFFFFFFFFFFFFFFFFFF12
:10CE3000FFFFFFFFFFFFFFFFFFFFFFFFFFFFFFFF02
:10CE4000FFFFFFFFFFFFFFFFFFFFFFFFFFFFFFFFF2
:10CE5000FFFFFFFFFFFFFFFFFFFFFFFFFFFFFFFFE2
:10CE6000FFFFFFFFFFFFFFFFFFFFFFFFFFFFFFFFD2
:10CE7000FFFFFFFFFFFFFFFFFFFFFFFFFFFFFFFFC2
:10CE8000FFFFFFFFFFFFFFFFFFFFFFFFFFFFFFFFB2
:10CE9000FFFFFFFFFFFFFFFFFFFFFFFFFFFFFFFFA2
:10CEA000FFFFFFFFFFFFFFFFFFFFFFFFFFFFFFFF92
:10CEB000FFFFFFFFFFFFFFFFFFFFFFFFFFFFFFFF82
:10CEC000FFFFFFFFFFFFFFFFFFFFFFFFFFFFFFFF72
:10CED000FFFFFFFFFFFFFFFFFFFFFFFFFFFFFFFF62
:10CEE000FFFFFFFFFFFFFFFFFFFFFFFFFFFFFFFF52
:10CEF000FFFFFFFFFFFFFFFFFFFFFFFFFFFFFFFF42
:10CF0000FFFFFFFFFFFFFFFFFFFFFFFFFFFFFFFF31
:10CF1000FFFFFFFFFFFFFFFFFFFFFFFFFFFFFFFF21
:10CF2000FFFFFFFFFFFFFFFFFFFFFFFFFFFFFFFF11
:10CF3000FFFFFFFFFFFFFFFFFFFFFFFFFFFFFFFF01
:10CF4000FFFFFFFFFFFFFFFFFFFFFFFFFFFFFFFFF1
:10CF5000FFFFFFFFFFFFFFFFFFFFFFFFFFFFFFFFE1
:10CF6000FFFFFFFFFFFFFFFFFFFFFFFFFFFFFFFFD1
:10CF7000FFFFFFFFFFFFFFFFFFFFFFFFFFFFFFFFC1
:10CF8000FFFFFFFFFFFFFFFFFFFFFFFFFFFFFFFFB1
:10CF9000FFFFFFFFFFFFFFFFFFFFFFFFFFFFFFFFA1
:10CFA000FFFFFFFFFFFFFFFFFFFFFFFFFFFFFFFF91
:10CFB000FFFFFFFFFFFFFFFFFFFFFFFFFFFFFFFF81
:10CFC000FFFFFFFFFFFFFFFFFFFFFFFFFFFFFFFF71
:10CFD000FFFFFFFFFFFFFFFFFFFFFFFFFFFFFFFF61
:10CFE000FFFFFFFFFFFFFFFFFFFFFFFFFFFFFFFF51
:10CFF000FFFFFFFFFFFFFFFFFFFFFFFFFFFFFFFF41
:10D00000FFFFFFFFFFFFFFFFFFFFFFFFFFFFFFFF30
:10D01000FFFFFFFFFFFFFFFFFFFFFFFFFFFFFFFF20
:10D02000FFFFFFFFFFFFFFFFFFFFFFFFFFFFFFFF10
:10D03000FFFFFFFFFFFFFFFFFFFFFFFFFFFFFFFF00
:10D04000FFFFFFFFFFFFFFFFFFFFFFFFFFFFFFFFF0
:10D05000FFFFFFFFFFFFFFFFFFFFFFFFFFFFFFFFE0
:10D06000FFFFFFFFFFFFFFFFFFFFFFFFFFFFFFFFD0
:10D07000FFFFFFFFFFFFFFFFFFFFFFFFFFFFFFFFC0
:10D08000FFFFFFFFFFFFFFFFFFFFFFFFFFFFFFFFB0
:10D09000FFFFFFFFFFFFFFFFFFFFFFFFFFFFFFFFA0
:10D0A000FFFFFFFFFFFFFFFFFFFFFFFFFFFFFFFF90
:10D0B000FFFFFFFFFFFFFFFFFFFFFFFFFFFFFFFF80
:10D0C000FFFFFFFFFFFFFFFFFFFFFFFFFFFFFFFF70
:10D0D000FFFFFFFFFFFFFFFFFFFFFFFFFFFFFFFF60
:10D0E000FFFFFFFFFFFFFFFFFFFFFFFFFFFFFFFF50
:10D0F000FFFFFFFFFFFFFFFFFFFFFFFFFFFFFFFF40
:10D10000FFFFFFFFFFFFFFFFFFFFFFFFFFFFFFFF2F
:10D11000FFFFFFFFFFFFFFFFFFFFFFFFFFFFFFFF1F
:10D12000FFFFFFFFFFFFFFFFFFFFFFFFFFFFFFFF0F
:10D13000FFFFFFFFFFFFFFFFFFFFFFFFFFFFFFFFFF
:10D14000FFFFFFFFFFFFFFFFFFFFFFFFFFFFFFFFEF
:10D15000FFFFFFFFFFFFFFFFFFFFFFFFFFFFFFFFDF
:10D16000FFFFFFFFFFFFFFFFFFFFFFFFFFFFFFFFCF
:10D17000FFFFFFFFFFFFFFFFFFFFFFFFFFFFFFFFBF
:10D18000FFFFFFFFFFFFFFFFFFFFFFFFFFFFFFFFAF
:10D19000FFFFFFFFFFFFFFFFFFFFFFFFFFFFFFFF9F
:10D1A000FFFFFFFFFFFFFFFFFFFFFFFFFFFFFFFF8F
:10D1B000FFFFFFFFFFFFFFFFFFFFFFFFFFFFFFFF7F
:10D1C000FFFFFFFFFFFFFFFFFFFFFFFFFFFFFFFF6F
:10D1D000FFFFFFFFFFFFFFFFFFFFFFFFFFFFFFFF5F
:10D1E000FFFFFFFFFFFFFFFFFFFFFFFFFFFFFFFF4F
:10D1F000FFFFFFFFFFFFFFFFFFFFFFFFFFFFFFFF3F
:10D20000FFFFFFFFFFFFFFFFFFFFFFFFFFFFFFFF2E
:10D21000FFFFFFFFFFFFFFFFFFFFFFFFFFFFFFFF1E
:10D22000FFFFFFFFFFFFFFFFFFFFFFFFFFFFFFFF0E
:10D23000FFFFFFFFFFFFFFFFFFFFFFFFFFFFFFFFFE
:10D24000FFFFFFFFFFFFFFFFFFFFFFFFFFFFFFFFEE
:10D25000FFFFFFFFFFFFFFFFFFFFFFFFFFFFFFFFDE
:10D26000FFFFFFFFFFFFFFFFFFFFFFFFFFFFFFFFCE
:10D27000FFFFFFFFFFFFFFFFFFFFFFFFFFFFFFFFBE
:10D28000FFFFFFFFFFFFFFFFFFFFFFFFFFFFFFFFAE
:10D29000FFFFFFFFFFFFFFFFFFFFFFFFFFFFFFFF9E
:10D2A000FFFFFFFFFFFFFFFFFFFFFFFFFFFFFFFF8E
:10D2B000FFFFFFFFFFFFFFFFFFFFFFFFFFFFFFFF7E
:10D2C000FFFFFFFFFFFFFFFFFFFFFFFFFFFFFFFF6E
:10D2D000FFFFFFFFFFFFFFFFFFFFFFFFFFFFFFFF5E
:10D2E000FFFFFFFFFFFFFFFFFFFFFFFFFFFFFFFF4E
:10D2F000FFFFFFFFFFFFFFFFFFFFFFFFFFFFFFFF3E
:10D30000FFFFFFFFFFFFFFFFFFFFFFFFFFFFFFFF2D
:10D31000FFFFFFFFFFFFFFFFFFFFFFFFFFFFFFFF1D
:10D32000FFFFFFFFFFFFFFFFFFFFFFFFFFFFFFFF0D
:10D33000FFFFFFFFFFFFFFFFFFFFFFFFFFFFFFFFFD
:10D34000FFFFFFFFFFFFFFFFFFFFFFFFFFFFFFFFED
:10D35000FFFFFFFFFFFFFFFFFFFFFFFFFFFFFFFFDD
:10D36000FFFFFFFFFFFFFFFFFFFFFFFFFFFFFFFFCD
:10D37000FFFFFFFFFFFFFFFFFFFFFFFFFFFFFFFFBD
:10D38000FFFFFFFFFFFFFFFFFFFFFFFFFFFFFFFFAD
:10D39000FFFFFFFFFFFFFFFFFFFFFFFFFFFFFFFF9D
:10D3A000FFFFFFFFFFFFFFFFFFFFFFFFFFFFFFFF8D
:10D3B000FFFFFFFFFFFFFFFFFFFFFFFFFFFFFFFF7D
:10D3C000FFFFFFFFFFFFFFFFFFFFFFFFFFFFFFFF6D
:10D3D000FFFFFFFFFFFFFFFFFFFFFFFFFFFFFFFF5D
:10D3E000FFFFFFFFFFFFFFFFFFFFFFFFFFFFFFFF4D
:10D3F000FFFFFFFFFFFFFFFFFFFFFFFFFFFFFFFF3D
:10D40000FFFFFFFFFFFFFFFFFFFFFFFFFFFFFFFF2C
:10D41000FFFFFFFFFFFFFFFFFFFFFFFFFFFFFFFF1C
:10D42000FFFFFFFFFFFFFFFFFFFFFFFFFFFFFFFF0C
:10D43000FFFFFFFFFFFFFFFFFFFFFFFFFFFFFFFFFC
:10D44000FFFFFFFFFFFFFFFFFFFFFFFFFFFFFFFFEC
:10D45000FFFFFFFFFFFFFFFFFFFFFFFFFFFFFFFFDC
:10D46000FFFFFFFFFFFFFFFFFFFFFFFFFFFFFFFFCC
:10D47000FFFFFFFFFFFFFFFFFFFFFFFFFFFFFFFFBC
:10D48000FFFFFFFFFFFFFFFFFFFFFFFFFFFFFFFFAC
:10D49000FFFFFFFFFFFFFFFFFFFFFFFFFFFFFFFF9C
:10D4A000FFFFFFFFFFFFFFFFFFFFFFFFFFFFFFFF8C
:10D4B000FFFFFFFFFFFFFFFFFFFFFFFFFFFFFFFF7C
:10D4C000FFFFFFFFFFFFFFFFFFFFFFFFFFFFFFFF6C
:10D4D000FFFFFFFFFFFFFFFFFFFFFFFFFFFFFFFF5C
:10D4E000FFFFFFFFFFFFFFFFFFFFFFFFFFFFFFFF4C
:10D4F000FFFFFFFFFFFFFFFFFFFFFFFFFFFFFFFF3C
:10D50000FFFFFFFFFFFFFFFFFFFFFFFFFFFFFFFF2B
:10D51000FFFFFFFFFFFFFFFFFFFFFFFFFFFFFFFF1B
:10D52000FFFFFFFFFFFFFFFFFFFFFFFFFFFFFFFF0B
:10D53000FFFFFFFFFFFFFFFFFFFFFFFFFFFFFFFFFB
:10D54000FFFFFFFFFFFFFFFFFFFFFFFFFFFFFFFFEB
:10D55000FFFFFFFFFFFFFFFFFFFFFFFFFFFFFFFFDB
:10D56000FFFFFFFFFFFFFFFFFFFFFFFFFFFFFFFFCB
:10D57000FFFFFFFFFFFFFFFFFFFFFFFFFFFFFFFFBB
:10D58000FFFFFFFFFFFFFFFFFFFFFFFFFFFFFFFFAB
:10D59000FFFFFFFFFFFFFFFFFFFFFFFFFFFFFFFF9B
:10D5A000FFFFFFFFFFFFFFFFFFFFFFFFFFFFFFFF8B
:10D5B000FFFFFFFFFFFFFFFFFFFFFFFFFFFFFFFF7B
:10D5C000FFFFFFFFFFFFFFFFFFFFFFFFFFFFFFFF6B
:10D5D000FFFFFFFFFFFFFFFFFFFFFFFFFFFFFFFF5B
:10D5E000FFFFFFFFFFFFFFFFFFFFFFFFFFFFFFFF4B
:10D5F000FFFFFFFFFFFFFFFFFFFFFFFFFFFFFFFF3B
:10D60000FFFFFFFFFFFFFFFFFFFFFFFFFFFFFFFF2A
:10D61000FFFFFFFFFFFFFFFFFFFFFFFFFFFFFFFF1A
:10D62000FFFFFFFFFFFFFFFFFFFFFFFFFFFFFFFF0A
:10D63000FFFFFFFFFFFFFFFFFFFFFFFFFFFFFFFFFA
:10D64000FFFFFFFFFFFFFFFFFFFFFFFFFFFFFFFFEA
:10D65000FFFFFFFFFFFFFFFFFFFFFFFFFFFFFFFFDA
:10D66000FFFFFFFFFFFFFFFFFFFFFFFFFFFFFFFFCA
:10D67000FFFFFFFFFFFFFFFFFFFFFFFFFFFFFFFFBA
:10D68000FFFFFFFFFFFFFFFFFFFFFFFFFFFFFFFFAA
:10D69000FFFFFFFFFFFFFFFFFFFFFFFFFFFFFFFF9A
:10D6A000FFFFFFFFFFFFFFFFFFFFFFFFFFFFFFFF8A
:10D6B000FFFFFFFFFFFFFFFFFFFFFFFFFFFFFFFF7A
:10D6C000FFFFFFFFFFFFFFFFFFFFFFFFFFFFFFFF6A
:10D6D000FFFFFFFFFFFFFFFFFFFFFFFFFFFFFFFF5A
:10D6E000FFFFFFFFFFFFFFFFFFFFFFFFFFFFFFFF4A
:10D6F000FFFFFFFFFFFFFFFFFFFFFFFFFFFFFFFF3A
:10D70000FFFFFFFFFFFFFFFFFFFFFFFFFFFFFFFF29
:10D71000FFFFFFFFFFFFFFFFFFFFFFFFFFFFFFFF19
:10D72000FFFFFFFFFFFFFFFFFFFFFFFFFFFFFFFF09
:10D73000FFFFFFFFFFFFFFFFFFFFFFFFFFFFFFFFF9
:10D74000FFFFFFFFFFFFFFFFFFFFFFFFFFFFFFFFE9
:10D75000FFFFFFFFFFFFFFFFFFFFFFFFFFFFFFFFD9
:10D76000FFFFFFFFFFFFFFFFFFFFFFFFFFFFFFFFC9
:10D77000FFFFFFFFFFFFFFFFFFFFFFFFFFFFFFFFB9
:10D78000FFFFFFFFFFFFFFFFFFFFFFFFFFFFFFFFA9
:10D79000FFFFFFFFFFFFFFFFFFFFFFFFFFFFFFFF99
:10D7A000FFFFFFFFFFFFFFFFFFFFFFFFFFFFFFFF89
:10D7B000FFFFFFFFFFFFFFFFFFFFFFFFFFFFFFFF79
:10D7C000FFFFFFFFFFFFFFFFFFFFFFFFFFFFFFFF69
:10D7D000FFFFFFFFFFFFFFFFFFFFFFFFFFFFFFFF59
:10D7E000FFFFFFFFFFFFFFFFFFFFFFFFFFFFFFFF49
:10D7F000FFFFFFFFFFFFFFFFFFFFFFFFFFFFFFFF39
:10D80000FFFFFFFFFFFFFFFFFFFFFFFFFFFFFFFF28
:10D81000FFFFFFFFFFFFFFFFFFFFFFFFFFFFFFFF18
:10D82000FFFFFFFFFFFFFFFFFFFFFFFFFFFFFFFF08
:10D83000FFFFFFFFFFFFFFFFFFFFFFFFFFFFFFFFF8
:10D84000FFFFFFFFFFFFFFFFFFFFFFFFFFFFFFFFE8
:10D85000FFFFFFFFFFFFFFFFFFFFFFFFFFFFFFFFD8
:10D86000FFFFFFFFFFFFFFFFFFFFFFFFFFFFFFFFC8
:10D87000FFFFFFFFFFFFFFFFFFFFFFFFFFFFFFFFB8
:10D88000FFFFFFFFFFFFFFFFFFFFFFFFFFFFFFFFA8
:10D89000FFFFFFFFFFFFFFFFFFFFFFFFFFFFFFFF98
:10D8A000FFFFFFFFFFFFFFFFFFFFFFFFFFFFFFFF88
:10D8B000FFFFFFFFFFFFFFFFFFFFFFFFFFFFFFFF78
:10D8C000FFFFFFFFFFFFFFFFFFFFFFFFFFFFFFFF68
:10D8D000FFFFFFFFFFFFFFFFFFFFFFFFFFFFFFFF58
:10D8E000FFFFFFFFFFFFFFFFFFFFFFFFFFFFFFFF48
:10D8F000FFFFFFFFFFFFFFFFFFFFFFFFFFFFFFFF38
:10D90000FFFFFFFFFFFFFFFFFFFFFFFFFFFFFFFF27
:10D91000FFFFFFFFFFFFFFFFFFFFFFFFFFFFFFFF17
:10D92000FFFFFFFFFFFFFFFFFFFFFFFFFFFFFFFF07
:10D93000FFFFFFFFFFFFFFFFFFFFFFFFFFFFFFFFF7
:10D94000FFFFFFFFFFFFFFFFFFFFFFFFFFFFFFFFE7
:10D95000FFFFFFFFFFFFFFFFFFFFFFFFFFFFFFFFD7
:10D96000FFFFFFFFFFFFFFFFFFFFFFFFFFFFFFFFC7
:10D97000FFFFFFFFFFFFFFFFFFFFFFFFFFFFFFFFB7
:10D98000FFFFFFFFFFFFFFFFFFFFFFFFFFFFFFFFA7
:10D99000FFFFFFFFFFFFFFFFFFFFFFFFFFFFFFFF97
:10D9A000FFFFFFFFFFFFFFFFFFFFFFFFFFFFFFFF87
:10D9B000FFFFFFFFFFFFFFFFFFFFFFFFFFFFFFFF77
:10D9C000FFFFFFFFFFFFFFFFFFFFFFFFFFFFFFFF67
:10D9D000FFFFFFFFFFFFFFFFFFFFFFFFFFFFFFFF57
:10D9E000FFFFFFFFFFFFFFFFFFFFFFFFFFFFFFFF47
:10D9F000FFFFFFFFFFFFFFFFFFFFFFFFFFFFFFFF37
:10DA0000FFFFFFFFFFFFFFFFFFFFFFFFFFFFFFFF26
:10DA1000FFFFFFFFFFFFFFFFFFFFFFFFFFFFFFFF16
:10DA2000FFFFFFFFFFFFFFFFFFFFFFFFFFFFFFFF06
:10DA3000FFFFFFFFFFFFFFFFFFFFFFFFFFFFFFFFF6
:10DA4000FFFFFFFFFFFFFFFFFFFFFFFFFFFFFFFFE6
:10DA5000FFFFFFFFFFFFFFFFFFFFFFFFFFFFFFFFD6
:10DA6000FFFFFFFFFFFFFFFFFFFFFFFFFFFFFFFFC6
:10DA7000FFFFFFFFFFFFFFFFFFFFFFFFFFFFFFFFB6
:10DA8000FFFFFFFFFFFFFFFFFFFFFFFFFFFFFFFFA6
:10DA9000FFFFFFFFFFFFFFFFFFFFFFFFFFFFFFFF96
:10DAA000FFFFFFFFFFFFFFFFFFFFFFFFFFFFFFFF86
:10DAB000FFFFFFFFFFFFFFFFFFFFFFFFFFFFFFFF76
:10DAC000FFFFFFFFFFFFFFFFFFFFFFFFFFFFFFFF66
:10DAD000FFFFFFFFFFFFFFFFFFFFFFFFFFFFFFFF56
:10DAE000FFFFFFFFFFFFFFFFFFFFFFFFFFFFFFFF46
:10DAF000FFFFFFFFFFFFFFFFFFFFFFFFFFFFFFFF36
:10DB0000FFFFFFFFFFFFFFFFFFFFFFFFFFFFFFFF25
:10DB1000FFFFFFFFFFFFFFFFFFFFFFFFFFFFFFFF15
:10DB2000FFFFFFFFFFFFFFFFFFFFFFFFFFFFFFFF05
:10DB3000FFFFFFFFFFFFFFFFFFFFFFFFFFFFFFFFF5
:10DB4000FFFFFFFFFFFFFFFFFFFFFFFFFFFFFFFFE5
:10DB5000FFFFFFFFFFFFFFFFFFFFFFFFFFFFFFFFD5
:10DB6000FFFFFFFFFFFFFFFFFFFFFFFFFFFFFFFFC5
:10DB7000FFFFFFFFFFFFFFFFFFFFFFFFFFFFFFFFB5
:10DB8000FFFFFFFFFFFFFFFFFFFFFFFFFFFFFFFFA5
:10DB9000FFFFFFFFFFFFFFFFFFFFFFFFFFFFFFFF95
:10DBA000FFFFFFFFFFFFFFFFFFFFFFFFFFFFFFFF85
:10DBB000FFFFFFFFFFFFFFFFFFFFFFFFFFFFFFFF75
:10DBC000FFFFFFFFFFFFFFFFFFFFFFFFFFFFFFFF65
:10DBD000FFFFFFFFFFFFFFFFFFFFFFFFFFFFFFFF55
:10DBE000FFFFFFFFFFFFFFFFFFFFFFFFFFFFFFFF45
:10DBF000FFFFFFFFFFFFFFFFFFFFFFFFFFFFFFFF35
:10DC0000FFFFFFFFFFFFFFFFFFFFFFFFFFFFFFFF24
:10DC1000FFFFFFFFFFFFFFFFFFFFFFFFFFFFFFFF14
:10DC2000FFFFFFFFFFFFFFFFFFFFFFFFFFFFFFFF04
:10DC3000FFFFFFFFFFFFFFFFFFFFFFFFFFFFFFFFF4
:10DC4000FFFFFFFFFFFFFFFFFFFFFFFFFFFFFFFFE4
:10DC5000FFFFFFFFFFFFFFFFFFFFFFFFFFFFFFFFD4
:10DC6000FFFFFFFFFFFFFFFFFFFFFFFFFFFFFFFFC4
:10DC7000FFFFFFFFFFFFFFFFFFFFFFFFFFFFFFFFB4
:10DC8000FFFFFFFFFFFFFFFFFFFFFFFFFFFFFFFFA4
:10DC9000FFFFFFFFFFFFFFFFFFFFFFFFFFFFFFFF94
:10DCA000FFFFFFFFFFFFFFFFFFFFFFFFFFFFFFFF84
:10DCB000FFFFFFFFFFFFFFFFFFFFFFFFFFFFFFFF74
:10DCC000FFFFFFFFFFFFFFFFFFFFFFFFFFFFFFFF64
:10DCD000FFFFFFFFFFFFFFFFFFFFFFFFFFFFFFFF54
:10DCE000FFFFFFFFFFFFFFFFFFFFFFFFFFFFFFFF44
:10DCF000FFFFFFFFFFFFFFFFFFFFFFFFFFFFFFFF34
:10DD0000FFFFFFFFFFFFFFFFFFFFFFFFFFFFFFFF23
:10DD1000FFFFFFFFFFFFFFFFFFFFFFFFFFFFFFFF13
:10DD2000FFFFFFFFFFFFFFFFFFFFFFFFFFFFFFFF03
:10DD3000FFFFFFFFFFFFFFFFFFFFFFFFFFFFFFFFF3
:10DD4000FFFFFFFFFFFFFFFFFFFFFFFFFFFFFFFFE3
:10DD5000FFFFFFFFFFFFFFFFFFFFFFFFFFFFFFFFD3
:10DD6000FFFFFFFFFFFFFFFFFFFFFFFFFFFFFFFFC3
:10DD7000FFFFFFFFFFFFFFFFFFFFFFFFFFFFFFFFB3
:10DD8000FFFFFFFFFFFFFFFFFFFFFFFFFFFFFFFFA3
:10DD9000FFFFFFFFFFFFFFFFFFFFFFFFFFFFFFFF93
:10DDA000FFFFFFFFFFFFFFFFFFFFFFFFFFFFFFFF83
:10DDB000FFFFFFFFFFFFFFFFFFFFFFFFFFFFFFFF73
:10DDC000FFFFFFFFFFFFFFFFFFFFFFFFFFFFFFFF63
:10DDD000FFFFFFFFFFFFFFFFFFFFFFFFFFFFFFFF53
:10DDE000FFFFFFFFFFFFFFFFFFFFFFFFFFFFFFFF43
:10DDF000FFFFFFFFFFFFFFFFFFFFFFFFFFFFFFFF33
:10DE0000FFFFFFFFFFFFFFFFFFFFFFFFFFFFFFFF22
:10DE1000FFFFFFFFFFFFFFFFFFFFFFFFFFFFFFFF12
:10DE2000FFFFFFFFFFFFFFFFFFFFFFFFFFFFFFFF02
:10DE3000FFFFFFFFFFFFFFFFFFFFFFFFFFFFFFFFF2
:10DE4000FFFFFFFFFFFFFFFFFFFFFFFFFFFFFFFFE2
:10DE5000FFFFFFFFFFFFFFFFFFFFFFFFFFFFFFFFD2
:10DE6000FFFFFFFFFFFFFFFFFFFFFFFFFFFFFFFFC2
:10DE7000FFFFFFFFFFFFFFFFFFFFFFFFFFFFFFFFB2
:10DE8000FFFFFFFFFFFFFFFFFFFFFFFFFFFFFFFFA2
:10DE9000FFFFFFFFFFFFFFFFFFFFFFFFFFFFFFFF92
:10DEA000FFFFFFFFFFFFFFFFFFFFFFFFFFFFFFFF82
:10DEB000FFFFFFFFFFFFFFFFFFFFFFFFFFFFFFFF72
:10DEC000FFFFFFFFFFFFFFFFFFFFFFFFFFFFFFFF62
:10DED000FFFFFFFFFFFFFFFFFFFFFFFFFFFFFFFF52
:10DEE000FFFFFFFFFFFFFFFFFFFFFFFFFFFFFFFF42
:10DEF000FFFFFFFFFFFFFFFFFFFFFFFFFFFFFFFF32
:10DF0000FFFFFFFFFFFFFFFFFFFFFFFFFFFFFFFF21
:10DF1000FFFFFFFFFFFFFFFFFFFFFFFFFFFFFFFF11
:10DF2000FFFFFFFFFFFFFFFFFFFFFFFFFFFFFFFF01
:10DF3000FFFFFFFFFFFFFFFFFFFFFFFFFFFFFFFFF1
:10DF4000FFFFFFFFFFFFFFFFFFFFFFFFFFFFFFFFE1
:10DF5000FFFFFFFFFFFFFFFFFFFFFFFFFFFFFFFFD1
:10DF6000FFFFFFFFFFFFFFFFFFFFFFFFFFFFFFFFC1
:10DF7000FFFFFFFFFFFFFFFFFFFFFFFFFFFFFFFFB1
:10DF8000FFFFFFFFFFFFFFFFFFFFFFFFFFFFFFFFA1
:10DF9000FFFFFFFFFFFFFFFFFFFFFFFFFFFFFFFF91
:10DFA000FFFFFFFFFFFFFFFFFFFFFFFFFFFFFFFF81
:10DFB000FFFFFFFFFFFFFFFFFFFFFFFFFFFFFFFF71
:10DFC000FFFFFFFFFFFFFFFFFFFFFFFFFFFFFFFF61
:10DFD000FFFFFFFFFFFFFFFFFFFFFFFFFFFFFFFF51
:10DFE000FFFFFFFFFFFFFFFFFFFFFFFFFFFFFFFF41
:10DFF000FFFFFFFFFFFFFFFFFFFFFFFFFFFFFFFF31
:10E00000FFFFFFFFFFFFFFFFFFFFFFFFFFFFFFFF20
:10E01000FFFFFFFFFFFFFFFFFFFFFFFFFFFFFFFF10
:10E02000FFFFFFFFFFFFFFFFFFFFFFFFFFFFFFFF00
:10E03000FFFFFFFFFFFFFFFFFFFFFFFFFFFFFFFFF0
:10E04000FFFFFFFFFFFFFFFFFFFFFFFFFFFFFFFFE0
:10E05000FFFFFFFFFFFFFFFFFFFFFFFFFFFFFFFFD0
:10E06000FFFFFFFFFFFFFFFFFFFFFFFFFFFFFFFFC0
:10E07000FFFFFFFFFFFFFFFFFFFFFFFFFFFFFFFFB0
:10E08000FFFFFFFFFFFFFFFFFFFFFFFFFFFFFFFFA0
:10E09000FFFFFFFFFFFFFFFFFFFFFFFFFFFFFFFF90
:10E0A000FFFFFFFFFFFFFFFFFFFFFFFFFFFFFFFF80
:10E0B000FFFFFFFFFFFFFFFFFFFFFFFFFFFFFFFF70
:10E0C000FFFFFFFFFFFFFFFFFFFFFFFFFFFFFFFF60
:10E0D000FFFFFFFFFFFFFFFFFFFFFFFFFFFFFFFF50
:10E0E000FFFFFFFFFFFFFFFFFFFFFFFFFFFFFFFF40
:10E0F000FFFFFFFFFFFFFFFFFFFFFFFFFFFFFFFF30
:10E10000FFFFFFFFFFFFFFFFFFFFFFFFFFFFFFFF1F
:10E11000FFFFFFFFFFFFFFFFFFFFFFFFFFFFFFFF0F
:10E12000FFFFFFFFFFFFFFFFFFFFFFFFFFFFFFFFFF
:10E13000FFFFFFFFFFFFFFFFFFFFFFFFFFFFFFFFEF
:10E14000FFFFFFFFFFFFFFFFFFFFFFFFFFFFFFFFDF
:10E15000FFFFFFFFFFFFFFFFFFFFFFFFFFFFFFFFCF
:10E16000FFFFFFFFFFFFFFFFFFFFFFFFFFFFFFFFBF
:10E17000FFFFFFFFFFFFFFFFFFFFFFFFFFFFFFFFAF
:10E18000FFFFFFFFFFFFFFFFFFFFFFFFFFFFFFFF9F
:10E19000FFFFFFFFFFFFFFFFFFFFFFFFFFFFFFFF8F
:10E1A000FFFFFFFFFFFFFFFFFFFFFFFFFFFFFFFF7F
:10E1B000FFFFFFFFFFFFFFFFFFFFFFFFFFFFFFFF6F
:10E1C000FFFFFFFFFFFFFFFFFFFFFFFFFFFFFFFF5F
:10E1D000FFFFFFFFFFFFFFFFFFFFFFFFFFFFFFFF4F
:10E1E000FFFFFFFFFFFFFFFFFFFFFFFFFFFFFFFF3F
:10E1F000FFFFFFFFFFFFFFFFFFFFFFFFFFFFFFFF2F
:10E20000FFFFFFFFFFFFFFFFFFFFFFFFFFFFFFFF1E
:10E21000FFFFFFFFFFFFFFFFFFFFFFFFFFFFFFFF0E
:10E22000FFFFFFFFFFFFFFFFFFFFFFFFFFFFFFFFFE
:10E23000FFFFFFFFFFFFFFFFFFFFFFFFFFFFFFFFEE
:10E24000FFFFFFFFFFFFFFFFFFFFFFFFFFFFFFFFDE
:10E25000FFFFFFFFFFFFFFFFFFFFFFFFFFFFFFFFCE
:10E26000FFFFFFFFFFFFFFFFFFFFFFFFFFFFFFFFBE
:10E27000FFFFFFFFFFFFFFFFFFFFFFFFFFFFFFFFAE
:10E28000FFFFFFFFFFFFFFFFFFFFFFFFFFFFFFFF9E
:10E29000FFFFFFFFFFFFFFFFFFFFFFFFFFFFFFFF8E
:10E2A000FFFFFFFFFFFFFFFFFFFFFFFFFFFFFFFF7E
:10E2B000FFFFFFFFFFFFFFFFFFFFFFFFFFFFFFFF6E
:10E2C000FFFFFFFFFFFFFFFFFFFFFFFFFFFFFFFF5E
:10E2D000FFFFFFFFFFFFFFFFFFFFFFFFFFFFFFFF4E
:10E2E000FFFFFFFFFFFFFFFFFFFFFFFFFFFFFFFF3E
:10E2F000FFFFFFFFFFFFFFFFFFFFFFFFFFFFFFFF2E
:10E30000FFFFFFFFFFFFFFFFFFFFFFFFFFFFFFFF1D
:10E31000FFFFFFFFFFFFFFFFFFFFFFFFFFFFFFFF0D
:10E32000FFFFFFFFFFFFFFFFFFFFFFFFFFFFFFFFFD
:10E33000FFFFFFFFFFFFFFFFFFFFFFFFFFFFFFFFED
:10E34000FFFFFFFFFFFFFFFFFFFFFFFFFFFFFFFFDD
:10E35000FFFFFFFFFFFFFFFFFFFFFFFFFFFFFFFFCD
:10E36000FFFFFFFFFFFFFFFFFFFFFFFFFFFFFFFFBD
:10E37000FFFFFFFFFFFFFFFFFFFFFFFFFFFFFFFFAD
:10E38000FFFFFFFFFFFFFFFFFFFFFFFFFFFFFFFF9D
:10E39000FFFFFFFFFFFFFFFFFFFFFFFFFFFFFFFF8D
:10E3A000FFFFFFFFFFFFFFFFFFFFFFFFFFFFFFFF7D
:10E3B000FFFFFFFFFFFFFFFFFFFFFFFFFFFFFFFF6D
:10E3C000FFFFFFFFFFFFFFFFFFFFFFFFFFFFFFFF5D
:10E3D000FFFFFFFFFFFFFFFFFFFFFFFFFFFFFFFF4D
:10E3E000FFFFFFFFFFFFFFFFFFFFFFFFFFFFFFFF3D
:10E3F000FFFFFFFFFFFFFFFFFFFFFFFFFFFFFFFF2D
:10E40000FFFFFFFFFFFFFFFFFFFFFFFFFFFFFFFF1C
:10E41000FFFFFFFFFFFFFFFFFFFFFFFFFFFFFFFF0C
:10E42000FFFFFFFFFFFFFFFFFFFFFFFFFFFFFFFFFC
:10E43000FFFFFFFFFFFFFFFFFFFFFFFFFFFFFFFFEC
:10E44000FFFFFFFFFFFFFFFFFFFFFFFFFFFFFFFFDC
:10E45000FFFFFFFFFFFFFFFFFFFFFFFFFFFFFFFFCC
:10E46000FFFFFFFFFFFFFFFFFFFFFFFFFFFFFFFFBC
:10E47000FFFFFFFFFFFFFFFFFFFFFFFFFFFFFFFFAC
:10E48000FFFFFFFFFFFFFFFFFFFFFFFFFFFFFFFF9C
:10E49000FFFFFFFFFFFFFFFFFFFFFFFFFFFFFFFF8C
:10E4A000FFFFFFFFFFFFFFFFFFFFFFFFFFFFFFFF7C
:10E4B000FFFFFFFFFFFFFFFFFFFFFFFFFFFFFFFF6C
:10E4C000FFFFFFFFFFFFFFFFFFFFFFFFFFFFFFFF5C
:10E4D000FFFFFFFFFFFFFFFFFFFFFFFFFFFFFFFF4C
:10E4E000FFFFFFFFFFFFFFFFFFFFFFFFFFFFFFFF3C
:10E4F000FFFFFFFFFFFFFFFFFFFFFFFFFFFFFFFF2C
:10E50000FFFFFFFFFFFFFFFFFFFFFFFFFFFFFFFF1B
:10E51000FFFFFFFFFFFFFFFFFFFFFFFFFFFFFFFF0B
:10E52000FFFFFFFFFFFFFFFFFFFFFFFFFFFFFFFFFB
:10E53000FFFFFFFFFFFFFFFFFFFFFFFFFFFFFFFFEB
:10E54000FFFFFFFFFFFFFFFFFFFFFFFFFFFFFFFFDB
:10E55000FFFFFFFFFFFFFFFFFFFFFFFFFFFFFFFFCB
:10E56000FFFFFFFFFFFFFFFFFFFFFFFFFFFFFFFFBB
:10E57000FFFFFFFFFFFFFFFFFFFFFFFFFFFFFFFFAB
:10E58000FFFFFFFFFFFFFFFFFFFFFFFFFFFFFFFF9B
:10E59000FFFFFFFFFFFFFFFFFFFFFFFFFFFFFFFF8B
:10E5A000FFFFFFFFFFFFFFFFFFFFFFFFFFFFFFFF7B
:10E5B000FFFFFFFFFFFFFFFFFFFFFFFFFFFFFFFF6B
:10E5C000FFFFFFFFFFFFFFFFFFFFFFFFFFFFFFFF5B
:10E5D000FFFFFFFFFFFFFFFFFFFFFFFFFFFFFFFF4B
:10E5E000FFFFFFFFFFFFFFFFFFFFFFFFFFFFFFFF3B
:10E5F000FFFFFFFFFFFFFFFFFFFFFFFFFFFFFFFF2B
:10E60000FFFFFFFFFFFFFFFFFFFFFFFFFFFFFFFF1A
:10E61000FFFFFFFFFFFFFFFFFFFFFFFFFFFFFFFF0A
:10E62000FFFFFFFFFFFFFFFFFFFFFFFFFFFFFFFFFA
:10E63000FFFFFFFFFFFFFFFFFFFFFFFFFFFFFFFFEA
:10E64000FFFFFFFFFFFFFFFFFFFFFFFFFFFFFFFFDA
:10E65000FFFFFFFFFFFFFFFFFFFFFFFFFFFFFFFFCA
:10E66000FFFFFFFFFFFFFFFFFFFFFFFFFFFFFFFFBA
:10E67000FFFFFFFFFFFFFFFFFFFFFFFFFFFFFFFFAA
:10E68000FFFFFFFFFFFFFFFFFFFFFFFFFFFFFFFF9A
:10E69000FFFFFFFFFFFFFFFFFFFFFFFFFFFFFFFF8A
:10E6A000FFFFFFFFFFFFFFFFFFFFFFFFFFFFFFFF7A
:10E6B000FFFFFFFFFFFFFFFFFFFFFFFFFFFFFFFF6A
:10E6C000FFFFFFFFFFFFFFFFFFFFFFFFFFFFFFFF5A
:10E6D000FFFFFFFFFFFFFFFFFFFFFFFFFFFFFFFF4A
:10E6E000FFFFFFFFFFFFFFFFFFFFFFFFFFFFFFFF3A
:10E6F000FFFFFFFFFFFFFFFFFFFFFFFFFFFFFFFF2A
:10E70000FFFFFFFFFFFFFFFFFFFFFFFFFFFFFFFF19
:10E71000FFFFFFFFFFFFFFFFFFFFFFFFFFFFFFFF09
:10E72000FFFFFFFFFFFFFFFFFFFFFFFFFFFFFFFFF9
:10E73000FFFFFFFFFFFFFFFFFFFFFFFFFFFFFFFFE9
:10E74000FFFFFFFFFFFFFFFFFFFFFFFFFFFFFFFFD9
:10E75000FFFFFFFFFFFFFFFFFFFFFFFFFFFFFFFFC9
:10E76000FFFFFFFFFFFFFFFFFFFFFFFFFFFFFFFFB9
:10E77000FFFFFFFFFFFFFFFFFFFFFFFFFFFFFFFFA9
:10E78000FFFFFFFFFFFFFFFFFFFFFFFFFFFFFFFF99
:10E79000FFFFFFFFFFFFFFFFFFFFFFFFFFFFFFFF89
:10E7A000FFFFFFFFFFFFFFFFFFFFFFFFFFFFFFFF79
:10E7B000FFFFFFFFFFFFFFFFFFFFFFFFFFFFFFFF69
:10E7C000FFFFFFFFFFFFFFFFFFFFFFFFFFFFFFFF59
:10E7D000FFFFFFFFFFFFFFFFFFFFFFFFFFFFFFFF49
:10E7E000FFFFFFFFFFFFFFFFFFFFFFFFFFFFFFFF39
:10E7F000FFFFFFFFFFFFFFFFFFFFFFFFFFFFFFFF29
:10E80000FFFFFFFFFFFFFFFFFFFFFFFFFFFFFFFF18
:10E81000FFFFFFFFFFFFFFFFFFFFFFFFFFFFFFFF08
:10E82000FFFFFFFFFFFFFFFFFFFFFFFFFFFFFFFFF8
:10E83000FFFFFFFFFFFFFFFFFFFFFFFFFFFFFFFFE8
:10E84000FFFFFFFFFFFFFFFFFFFFFFFFFFFFFFFFD8
:10E85000FFFFFFFFFFFFFFFFFFFFFFFFFFFFFFFFC8
:10E86000FFFFFFFFFFFFFFFFFFFFFFFFFFFFFFFFB8
:10E87000FFFFFFFFFFFFFFFFFFFFFFFFFFFFFFFFA8
:10E88000FFFFFFFFFFFFFFFFFFFFFFFFFFFFFFFF98
:10E89000FFFFFFFFFFFFFFFFFFFFFFFFFFFFFFFF88
:10E8A000FFFFFFFFFFFFFFFFFFFFFFFFFFFFFFFF78
:10E8B000FFFFFFFFFFFFFFFFFFFFFFFFFFFFFFFF68
:10E8C000FFFFFFFFFFFFFFFFFFFFFFFFFFFFFFFF58
:10E8D000FFFFFFFFFFFFFFFFFFFFFFFFFFFFFFFF48
:10E8E000FFFFFFFFFFFFFFFFFFFFFFFFFFFFFFFF38
:10E8F000FFFFFFFFFFFFFFFFFFFFFFFFFFFFFFFF28
:10E90000FFFFFFFFFFFFFFFFFFFFFFFFFFFFFFFF17
:10E91000FFFFFFFFFFFFFFFFFFFFFFFFFFFFFFFF07
:10E92000FFFFFFFFFFFFFFFFFFFFFFFFFFFFFFFFF7
:10E93000FFFFFFFFFFFFFFFFFFFFFFFFFFFFFFFFE7
:10E94000FFFFFFFFFFFFFFFFFFFFFFFFFFFFFFFFD7
:10E95000FFFFFFFFFFFFFFFFFFFFFFFFFFFFFFFFC7
:10E96000FFFFFFFFFFFFFFFFFFFFFFFFFFFFFFFFB7
:10E97000FFFFFFFFFFFFFFFFFFFFFFFFFFFFFFFFA7
:10E98000FFFFFFFFFFFFFFFFFFFFFFFFFFFFFFFF97
:10E99000FFFFFFFFFFFFFFFFFFFFFFFFFFFFFFFF87
:10E9A000FFFFFFFFFFFFFFFFFFFFFFFFFFFFFFFF77
:10E9B000FFFFFFFFFFFFFFFFFFFFFFFFFFFFFFFF67
:10E9C000FFFFFFFFFFFFFFFFFFFFFFFFFFFFFFFF57
:10E9D000FFFFFFFFFFFFFFFFFFFFFFFFFFFFFFFF47
:10E9E000FFFFFFFFFFFFFFFFFFFFFFFFFFFFFFFF37
:10E9F000FFFFFFFFFFFFFFFFFFFFFFFFFFFFFFFF27
:10EA0000FFFFFFFFFFFFFFFFFFFFFFFFFFFFFFFF16
:10EA1000FFFFFFFFFFFFFFFFFFFFFFFFFFFFFFFF06
:10EA2000FFFFFFFFFFFFFFFFFFFFFFFFFFFFFFFFF6
:10EA3000FFFFFFFFFFFFFFFFFFFFFFFFFFFFFFFFE6
:10EA4000FFFFFFFFFFFFFFFFFFFFFFFFFFFFFFFFD6
:10EA5000FFFFFFFFFFFFFFFFFFFFFFFFFFFFFFFFC6
:10EA6000FFFFFFFFFFFFFFFFFFFFFFFFFFFFFFFFB6
:10EA7000FFFFFFFFFFFFFFFFFFFFFFFFFFFFFFFFA6
:10EA8000FFFFFFFFFFFFFFFFFFFFFFFFFFFFFFFF96
:10EA9000FFFFFFFFFFFFFFFFFFFFFFFFFFFFFFFF86
:10EAA000FFFFFFFFFFFFFFFFFFFFFFFFFFFFFFFF76
:10EAB000FFFFFFFFFFFFFFFFFFFFFFFFFFFFFFFF66
:10EAC000FFFFFFFFFFFFFFFFFFFFFFFFFFFFFFFF56
:10EAD000FFFFFFFFFFFFFFFFFFFFFFFFFFFFFFFF46
:10EAE000FFFFFFFFFFFFFFFFFFFFFFFFFFFFFFFF36
:10EAF000FFFFFFFFFFFFFFFFFFFFFFFFFFFFFFFF26
:10EB0000FFFFFFFFFFFFFFFFFFFFFFFFFFFFFFFF15
:10EB1000FFFFFFFFFFFFFFFFFFFFFFFFFFFFFFFF05
:10EB2000FFFFFFFFFFFFFFFFFFFFFFFFFFFFFFFFF5
:10EB3000FFFFFFFFFFFFFFFFFFFFFFFFFFFFFFFFE5
:10EB4000FFFFFFFFFFFFFFFFFFFFFFFFFFFFFFFFD5
:10EB5000FFFFFFFFFFFFFFFFFFFFFFFFFFFFFFFFC5
:10EB6000FFFFFFFFFFFFFFFFFFFFFFFFFFFFFFFFB5
:10EB7000FFFFFFFFFFFFFFFFFFFFFFFFFFFFFFFFA5
:10EB8000FFFFFFFFFFFFFFFFFFFFFFFFFFFFFFFF95
:10EB9000FFFFFFFFFFFFFFFFFFFFFFFFFFFFFFFF85
:10EBA000FFFFFFFFFFFFFFFFFFFFFFFFFFFFFFFF75
:10EBB000FFFFFFFFFFFFFFFFFFFFFFFFFFFFFFFF65
:10EBC000FFFFFFFFFFFFFFFFFFFFFFFFFFFFFFFF55
:10EBD000FFFFFFFFFFFFFFFFFFFFFFFFFFFFFFFF45
:10EBE000FFFFFFFFFFFFFFFFFFFFFFFFFFFFFFFF35
:10EBF000FFFFFFFFFFFFFFFFFFFFFFFFFFFFFFFF25
:10EC0000FFFFFFFFFFFFFFFFFFFFFFFFFFFFFFFF14
:10EC1000FFFFFFFFFFFFFFFFFFFFFFFFFFFFFFFF04
:10EC2000FFFFFFFFFFFFFFFFFFFFFFFFFFFFFFFFF4
:10EC3000FFFFFFFFFFFFFFFFFFFFFFFFFFFFFFFFE4
:10EC4000FFFFFFFFFFFFFFFFFFFFFFFFFFFFFFFFD4
:10EC5000FFFFFFFFFFFFFFFFFFFFFFFFFFFFFFFFC4
:10EC6000FFFFFFFFFFFFFFFFFFFFFFFFFFFFFFFFB4
:10EC7000FFFFFFFFFFFFFFFFFFFFFFFFFFFFFFFFA4
:10EC8000FFFFFFFFFFFFFFFFFFFFFFFFFFFFFFFF94
:10EC9000FFFFFFFFFFFFFFFFFFFFFFFFFFFFFFFF84
:10ECA000FFFFFFFFFFFFFFFFFFFFFFFFFFFFFFFF74
:10ECB000FFFFFFFFFFFFFFFFFFFFFFFFFFFFFFFF64
:10ECC000FFFFFFFFFFFFFFFFFFFFFFFFFFFFFFFF54
:10ECD000FFFFFFFFFFFFFFFFFFFFFFFFFFFFFFFF44
:10ECE000FFFFFFFFFFFFFFFFFFFFFFFFFFFFFFFF34
:10ECF000FFFFFFFFFFFFFFFFFFFFFFFFFFFFFFFF24
:10ED0000FFFFFFFFFFFFFFFFFFFFFFFFFFFFFFFF13
:10ED1000FFFFFFFFFFFFFFFFFFFFFFFFFFFFFFFF03
:10ED2000FFFFFFFFFFFFFFFFFFFFFFFFFFFFFFFFF3
:10ED3000FFFFFFFFFFFFFFFFFFFFFFFFFFFFFFFFE3
:10ED4000FFFFFFFFFFFFFFFFFFFFFFFFFFFFFFFFD3
:10ED5000FFFFFFFFFFFFFFFFFFFFFFFFFFFFFFFFC3
:10ED6000FFFFFFFFFFFFFFFFFFFFFFFFFFFFFFFFB3
:10ED7000FFFFFFFFFFFFFFFFFFFFFFFFFFFFFFFFA3
:10ED8000FFFFFFFFFFFFFFFFFFFFFFFFFFFFFFFF93
:10ED9000FFFFFFFFFFFFFFFFFFFFFFFFFFFFFFFF83
:10EDA000FFFFFFFFFFFFFFFFFFFFFFFFFFFFFFFF73
:10EDB000FFFFFFFFFFFFFFFFFFFFFFFFFFFFFFFF63
:10EDC000FFFFFFFFFFFFFFFFFFFFFFFFFFFFFFFF53
:10EDD000FFFFFFFFFFFFFFFFFFFFFFFFFFFFFFFF43
:10EDE000FFFFFFFFFFFFFFFFFFFFFFFFFFFFFFFF33
:10EDF000FFFFFFFFFFFFFFFFFFFFFFFFFFFFFFFF23
:10EE0000FFFFFFFFFFFFFFFFFFFFFFFFFFFFFFFF12
:10EE1000FFFFFFFFFFFFFFFFFFFFFFFFFFFFFFFF02
:10EE2000FFFFFFFFFFFFFFFFFFFFFFFFFFFFFFFFF2
:10EE3000FFFFFFFFFFFFFFFFFFFFFFFFFFFFFFFFE2
:10EE4000FFFFFFFFFFFFFFFFFFFFFFFFFFFFFFFFD2
:10EE5000FFFFFFFFFFFFFFFFFFFFFFFFFFFFFFFFC2
:10EE6000FFFFFFFFFFFFFFFFFFFFFFFFFFFFFFFFB2
:10EE7000FFFFFFFFFFFFFFFFFFFFFFFFFFFFFFFFA2
:10EE8000FFFFFFFFFFFFFFFFFFFFFFFFFFFFFFFF92
:10EE9000FFFFFFFFFFFFFFFFFFFFFFFFFFFFFFFF82
:10EEA000FFFFFFFFFFFFFFFFFFFFFFFFFFFFFFFF72
:10EEB000FFFFFFFFFFFFFFFFFFFFFFFFFFFFFFFF62
:10EEC000FFFFFFFFFFFFFFFFFFFFFFFFFFFFFFFF52
:10EED000FFFFFFFFFFFFFFFFFFFFFFFFFFFFFFFF42
:10EEE000FFFFFFFFFFFFFFFFFFFFFFFFFFFFFFFF32
:10EEF000FFFFFFFFFFFFFFFFFFFFFFFFFFFFFFFF22
:10EF0000FFFFFFFFFFFFFFFFFFFFFFFFFFFFFFFF11
:10EF1000FFFFFFFFFFFFFFFFFFFFFFFFFFFFFFFF01
:10EF2000FFFFFFFFFFFFFFFFFFFFFFFFFFFFFFFFF1
:10EF3000FFFFFFFFFFFFFFFFFFFFFFFFFFFFFFFFE1
:10EF4000FFFFFFFFFFFFFFFFFFFFFFFFFFFFFFFFD1
:10EF5000FFFFFFFFFFFFFFFFFFFFFFFFFFFFFFFFC1
:10EF6000FFFFFFFFFFFFFFFFFFFFFFFFFFFFFFFFB1
:10EF7000FFFFFFFFFFFFFFFFFFFFFFFFFFFFFFFFA1
:10EF8000FFFFFFFFFFFFFFFFFFFFFFFFFFFFFFFF91
:10EF9000FFFFFFFFFFFFFFFFFFFFFFFFFFFFFFFF81
:10EFA000FFFFFFFFFFFFFFFFFFFFFFFFFFFFFFFF71
:10EFB000FFFFFFFFFFFFFFFFFFFFFFFFFFFFFFFF61
:10EFC000FFFFFFFFFFFFFFFFFFFFFFFFFFFFFFFF51
:10EFD000FFFFFFFFFFFFFFFFFFFFFFFFFFFFFFFF41
:10EFE000FFFFFFFFFFFFFFFFFFFFFFFFFFFFFFFF31
:10EFF000FFFFFFFFFFFFFFFFFFFFFFFFFFFFFFFF21
:10F00000FFFFFFFFFFFFFFFFFFFFFFFFFFFFFFFF10
:10F01000FFFFFFFFFFFFFFFFFFFFFFFFFFFFFFFF00
:10F02000FFFFFFFFFFFFFFFFFFFFFFFFFFFFFFFFF0
:10F03000FFFFFFFFFFFFFFFFFFFFFFFFFFFFFFFFE0
:10F04000FFFFFFFFFFFFFFFFFFFFFFFFFFFFFFFFD0
:10F05000FFFFFFFFFFFFFFFFFFFFFFFFFFFFFFFFC0
:10F06000FFFFFFFFFFFFFFFFFFFFFFFFFFFFFFFFB0
:10F07000FFFFFFFFFFFFFFFFFFFFFFFFFFFFFFFFA0
:10F08000FFFFFFFFFFFFFFFFFFFFFFFFFFFFFFFF90
:10F09000FFFFFFFFFFFFFFFFFFFFFFFFFFFFFFFF80
:10F0A000FFFFFFFFFFFFFFFFFFFFFFFFFFFFFFFF70
:10F0B000FFFFFFFFFFFFFFFFFFFFFFFFFFFFFFFF60
:10F0C000FFFFFFFFFFFFFFFFFFFFFFFFFFFFFFFF50
:10F0D000FFFFFFFFFFFFFFFFFFFFFFFFFFFFFFFF40
:10F0E000FFFFFFFFFFFFFFFFFFFFFFFFFFFFFFFF30
:10F0F000FFFFFFFFFFFFFFFFFFFFFFFFFFFFFFFF20
:10F10000FFFFFFFFFFFFFFFFFFFFFFFFFFFFFFFF0F
:10F11000FFFFFFFFFFFFFFFFFFFFFFFFFFFFFFFFFF
:10F12000FFFFFFFFFFFFFFFFFFFFFFFFFFFFFFFFEF
:10F13000FFFFFFFFFFFFFFFFFFFFFFFFFFFFFFFFDF
:10F14000FFFFFFFFFFFFFFFFFFFFFFFFFFFFFFFFCF
:10F15000FFFFFFFFFFFFFFFFFFFFFFFFFFFFFFFFBF
:10F16000FFFFFFFFFFFFFFFFFFFFFFFFFFFFFFFFAF
:10F17000FFFFFFFFFFFFFFFFFFFFFFFFFFFFFFFF9F
:10F18000FFFFFFFFFFFFFFFFFFFFFFFFFFFFFFFF8F
:10F19000FFFFFFFFFFFFFFFFFFFFFFFFFFFFFFFF7F
:10F1A000FFFFFFFFFFFFFFFFFFFFFFFFFFFFFFFF6F
:10F1B000FFFFFFFFFFFFFFFFFFFFFFFFFFFFFFFF5F
:10F1C000FFFFFFFFFFFFFFFFFFFFFFFFFFFFFFFF4F
:10F1D000FFFFFFFFFFFFFFFFFFFFFFFFFFFFFFFF3F
:10F1E000FFFFFFFFFFFFFFFFFFFFFFFFFFFFFFFF2F
:10F1F000FFFFFFFFFFFFFFFFFFFFFFFFFFFFFFFF1F
:10F20000FFFFFFFFFFFFFFFFFFFFFFFFFFFFFFFF0E
:10F21000FFFFFFFFFFFFFFFFFFFFFFFFFFFFFFFFFE
:10F22000FFFFFFFFFFFFFFFFFFFFFFFFFFFFFFFFEE
:10F23000FFFFFFFFFFFFFFFFFFFFFFFFFFFFFFFFDE
:10F24000FFFFFFFFFFFFFFFFFFFFFFFFFFFFFFFFCE
:10F25000FFFFFFFFFFFFFFFFFFFFFFFFFFFFFFFFBE
:10F26000FFFFFFFFFFFFFFFFFFFFFFFFFFFFFFFFAE
:10F27000FFFFFFFFFFFFFFFFFFFFFFFFFFFFFFFF9E
:10F28000FFFFFFFFFFFFFFFFFFFFFFFFFFFFFFFF8E
:10F29000FFFFFFFFFFFFFFFFFFFFFFFFFFFFFFFF7E
:10F2A000FFFFFFFFFFFFFFFFFFFFFFFFFFFFFFFF6E
:10F2B000FFFFFFFFFFFFFFFFFFFFFFFFFFFFFFFF5E
:10F2C000FFFFFFFFFFFFFFFFFFFFFFFFFFFFFFFF4E
:10F2D000FFFFFFFFFFFFFFFFFFFFFFFFFFFFFFFF3E
:10F2E000FFFFFFFFFFFFFFFFFFFFFFFFFFFFFFFF2E
:10F2F000FFFFFFFFFFFFFFFFFFFFFFFFFFFFFFFF1E
:10F30000FFFFFFFFFFFFFFFFFFFFFFFFFFFFFFFF0D
:10F31000FFFFFFFFFFFFFFFFFFFFFFFFFFFFFFFFFD
:10F32000FFFFFFFFFFFFFFFFFFFFFFFFFFFFFFFFED
:10F33000FFFFFFFFFFFFFFFFFFFFFFFFFFFFFFFFDD
:10F34000FFFFFFFFFFFFFFFFFFFFFFFFFFFFFFFFCD
:10F35000FFFFFFFFFFFFFFFFFFFFFFFFFFFFFFFFBD
:10F36000FFFFFFFFFFFFFFFFFFFFFFFFFFFFFFFFAD
:10F37000FFFFFFFFFFFFFFFFFFFFFFFFFFFFFFFF9D
:10F38000FFFFFFFFFFFFFFFFFFFFFFFFFFFFFFFF8D
:10F39000FFFFFFFFFFFFFFFFFFFFFFFFFFFFFFFF7D
:10F3A000FFFFFFFFFFFFFFFFFFFFFFFFFFFFFFFF6D
:10F3B000FFFFFFFFFFFFFFFFFFFFFFFFFFFFFFFF5D
:10F3C000FFFFFFFFFFFFFFFFFFFFFFFFFFFFFFFF4D
:10F3D000FFFFFFFFFFFFFFFFFFFFFFFFFFFFFFFF3D
:10F3E000FFFFFFFFFFFFFFFFFFFFFFFFFFFFFFFF2D
:10F3F000FFFFFFFFFFFFFFFFFFFFFFFFFFFFFFFF1D
:10F40000FFFFFFFFFFFFFFFFFFFFFFFFFFFFFFFF0C
:10F41000FFFFFFFFFFFFFFFFFFFFFFFFFFFFFFFFFC
:10F42000FFFFFFFFFFFFFFFFFFFFFFFFFFFFFFFFEC
:10F43000FFFFFFFFFFFFFFFFFFFFFFFFFFFFFFFFDC
:10F44000FFFFFFFFFFFFFFFFFFFFFFFFFFFFFFFFCC
:10F45000FFFFFFFFFFFFFFFFFFFFFFFFFFFFFFFFBC
:10F46000FFFFFFFFFFFFFFFFFFFFFFFFFFFFFFFFAC
:10F47000FFFFFFFFFFFFFFFFFFFFFFFFFFFFFFFF9C
:10F48000FFFFFFFFFFFFFFFFFFFFFFFFFFFFFFFF8C
:10F49000FFFFFFFFFFFFFFFFFFFFFFFFFFFFFFFF7C
:10F4A000FFFFFFFFFFFFFFFFFFFFFFFFFFFFFFFF6C
:10F4B000FFFFFFFFFFFFFFFFFFFFFFFFFFFFFFFF5C
:10F4C000FFFFFFFFFFFFFFFFFFFFFFFFFFFFFFFF4C
:10F4D000FFFFFFFFFFFFFFFFFFFFFFFFFFFFFFFF3C
:10F4E000FFFFFFFFFFFFFFFFFFFFFFFFFFFFFFFF2C
:10F4F000FFFFFFFFFFFFFFFFFFFFFFFFFFFFFFFF1C
:10F50000FFFFFFFFFFFFFFFFFFFFFFFFFFFFFFFF0B
:10F51000FFFFFFFFFFFFFFFFFFFFFFFFFFFFFFFFFB
:10F52000FFFFFFFFFFFFFFFFFFFFFFFFFFFFFFFFEB
:10F53000FFFFFFFFFFFFFFFFFFFFFFFFFFFFFFFFDB
:10F54000FFFFFFFFFFFFFFFFFFFFFFFFFFFFFFFFCB
:10F55000FFFFFFFFFFFFFFFFFFFFFFFFFFFFFFFFBB
:10F56000FFFFFFFFFFFFFFFFFFFFFFFFFFFFFFFFAB
:10F57000FFFFFFFFFFFFFFFFFFFFFFFFFFFFFFFF9B
:10F58000FFFFFFFFFFFFFFFFFFFFFFFFFFFFFFFF8B
:10F59000FFFFFFFFFFFFFFFFFFFFFFFFFFFFFFFF7B
:10F5A000FFFFFFFFFFFFFFFFFFFFFFFFFFFFFFFF6B
:10F5B000FFFFFFFFFFFFFFFFFFFFFFFFFFFFFFFF5B
:10F5C000FFFFFFFFFFFFFFFFFFFFFFFFFFFFFFFF4B
:10F5D000FFFFFFFFFFFFFFFFFFFFFFFFFFFFFFFF3B
:10F5E000FFFFFFFFFFFFFFFFFFFFFFFFFFFFFFFF2B
:10F5F000FFFFFFFFFFFFFFFFFFFFFFFFFFFFFFFF1B
:10F60000FFFFFFFFFFFFFFFFFFFFFFFFFFFFFFFF0A
:10F61000FFFFFFFFFFFFFFFFFFFFFFFFFFFFFFFFFA
:10F62000FFFFFFFFFFFFFFFFFFFFFFFFFFFFFFFFEA
:10F63000FFFFFFFFFFFFFFFFFFFFFFFFFFFFFFFFDA
:10F64000FFFFFFFFFFFFFFFFFFFFFFFFFFFFFFFFCA
:10F65000FFFFFFFFFFFFFFFFFFFFFFFFFFFFFFFFBA
:10F66000FFFFFFFFFFFFFFFFFFFFFFFFFFFFFFFFAA
:10F67000FFFFFFFFFFFFFFFFFFFFFFFFFFFFFFFF9A
:10F68000FFFFFFFFFFFFFFFFFFFFFFFFFFFFFFFF8A
:10F69000FFFFFFFFFFFFFFFFFFFFFFFFFFFFFFFF7A
:10F6A000FFFFFFFFFFFFFFFFFFFFFFFFFFFFFFFF6A
:10F6B000FFFFFFFFFFFFFFFFFFFFFFFFFFFFFFFF5A
:10F6C000FFFFFFFFFFFFFFFFFFFFFFFFFFFFFFFF4A
:10F6D000FFFFFFFFFFFFFFFFFFFFFFFFFFFFFFFF3A
:10F6E000FFFFFFFFFFFFFFFFFFFFFFFFFFFFFFFF2A
:10F6F000FFFFFFFFFFFFFFFFFFFFFFFFFFFFFFFF1A
:10F70000FFFFFFFFFFFFFFFFFFFFFFFFFFFFFFFF09
:10F71000FFFFFFFFFFFFFFFFFFFFFFFFFFFFFFFFF9
:10F72000FFFFFFFFFFFFFFFFFFFFFFFFFFFFFFFFE9
:10F73000FFFFFFFFFFFFFFFFFFFFFFFFFFFFFFFFD9
:10F74000FFFFFFFFFFFFFFFFFFFFFFFFFFFFFFFFC9
:10F75000FFFFFFFFFFFFFFFFFFFFFFFFFFFFFFFFB9
:10F76000FFFFFFFFFFFFFFFFFFFFFFFFFFFFFFFFA9
:10F77000FFFFFFFFFFFFFFFFFFFFFFFFFFFFFFFF99
:10F78000FFFFFFFFFFFFFFFFFFFFFFFFFFFFFFFF89
:10F79000FFFFFFFFFFFFFFFFFFFFFFFFFFFFFFFF79
:10F7A000FFFFFFFFFFFFFFFFFFFFFFFFFFFFFFFF69
:10F7B000FFFFFFFFFFFFFFFFFFFFFFFFFFFFFFFF59
:10F7C000FFFFFFFFFFFFFFFFFFFFFFFFFFFFFFFF49
:10F7D000FFFFFFFFFFFFFFFFFFFFFFFFFFFFFFFF39
:10F7E000FFFFFFFFFFFFFFFFFFFFFFFFFFFFFFFF29
:10F7F000FFFFFFFFFFFFFFFFFFFFFFFFFFFFFFFF19
:10F80000FFFFFFFFFFFFFFFFFFFFFFFFFFFFFFFF08
:10F81000FFFFFFFFFFFFFFFFFFFFFFFFFFFFFFFFF8
:10F82000FFFFFFFFFFFFFFFFFFFFFFFFFFFFFFFFE8
:10F83000FFFFFFFFFFFFFFFFFFFFFFFFFFFFFFFFD8
:10F84000FFFFFFFFFFFFFFFFFFFFFFFFFFFFFFFFC8
:10F85000FFFFFFFFFFFFFFFFFFFFFFFFFFFFFFFFB8
:10F86000FFFFFFFFFFFFFFFFFFFFFFFFFFFFFFFFA8
:10F87000FFFFFFFFFFFFFFFFFFFFFFFFFFFFFFFF98
:10F88000FFFFFFFFFFFFFFFFFFFFFFFFFFFFFFFF88
:10F89000FFFFFFFFFFFFFFFFFFFFFFFFFFFFFFFF78
:10F8A000FFFFFFFFFFFFFFFFFFFFFFFFFFFFFFFF68
:10F8B000FFFFFFFFFFFFFFFFFFFFFFFFFFFFFFFF58
:10F8C000FFFFFFFFFFFFFFFFFFFFFFFFFFFFFFFF48
:10F8D000FFFFFFFFFFFFFFFFFFFFFFFFFFFFFFFF38
:10F8E000FFFFFFFFFFFFFFFFFFFFFFFFFFFFFFFF28
:10F8F000FFFFFFFFFFFFFFFFFFFFFFFFFFFFFFFF18
:10F90000FFFFFFFFFFFFFFFFFFFFFFFFFFFFFFFF07
:10F91000FFFFFFFFFFFFFFFFFFFFFFFFFFFFFFFFF7
:10F92000FFFFFFFFFFFFFFFFFFFFFFFFFFFFFFFFE7
:10F93000FFFFFFFFFFFFFFFFFFFFFFFFFFFFFFFFD7
:10F94000FFFFFFFFFFFFFFFFFFFFFFFFFFFFFFFFC7
:10F95000FFFFFFFFFFFFFFFFFFFFFFFFFFFFFFFFB7
:10F96000FFFFFFFFFFFFFFFFFFFFFFFFFFFFFFFFA7
:10F97000FFFFFFFFFFFFFFFFFFFFFFFFFFFFFFFF97
:10F98000FFFFFFFFFFFFFFFFFFFFFFFFFFFFFFFF87
:10F99000FFFFFFFFFFFFFFFFFFFFFFFFFFFFFFFF77
:10F9A000FFFFFFFFFFFFFFFFFFFFFFFFFFFFFFFF67
:10F9B000FFFFFFFFFFFFFFFFFFFFFFFFFFFFFFFF57
:10F9C000FFFFFFFFFFFFFFFFFFFFFFFFFFFFFFFF47
:10F9D000FFFFFFFFFFFFFFFFFFFFFFFFFFFFFFFF37
:10F9E000FFFFFFFFFFFFFFFFFFFFFFFFFFFFFFFF27
:10F9F000FFFFFFFFFFFFFFFFFFFFFFFFFFFFFFFF17
:10FA0000FFFFFFFFFFFFFFFFFFFFFFFFFFFFFFFF06
:10FA1000FFFFFFFFFFFFFFFFFFFFFFFFFFFFFFFFF6
:10FA2000FFFFFFFFFFFFFFFFFFFFFFFFFFFFFFFFE6
:10FA3000FFFFFFFFFFFFFFFFFFFFFFFFFFFFFFFFD6
:10FA4000FFFFFFFFFFFFFFFFFFFFFFFFFFFFFFFFC6
:10FA5000FFFFFFFFFFFFFFFFFFFFFFFFFFFFFFFFB6
:10FA6000FFFFFFFFFFFFFFFFFFFFFFFFFFFFFFFFA6
:10FA7000FFFFFFFFFFFFFFFFFFFFFFFFFFFFFFFF96
:10FA8000FFFFFFFFFFFFFFFFFFFFFFFFFFFFFFFF86
:10FA9000FFFFFFFFFFFFFFFFFFFFFFFFFFFFFFFF76
:10FAA000FFFFFFFFFFFFFFFFFFFFFFFFFFFFFFFF66
:10FAB000FFFFFFFFFFFFFFFFFFFFFFFFFFFFFFFF56
:10FAC000FFFFFFFFFFFFFFFFFFFFFFFFFFFFFFFF46
:10FAD000FFFFFFFFFFFFFFFFFFFFFFFFFFFFFFFF36
:10FAE000FFFFFFFFFFFFFFFFFFFFFFFFFFFFFFFF26
:10FAF000FFFFFFFFFFFFFFFFFFFFFFFFFFFFFFFF16
:10FB0000FFFFFFFFFFFFFFFFFFFFFFFFFFFFFFFF05
:10FB1000FFFFFFFFFFFFFFFFFFFFFFFFFFFFFFFFF5
:10FB2000FFFFFFFFFFFFFFFFFFFFFFFFFFFFFFFFE5
:10FB3000FFFFFFFFFFFFFFFFFFFFFFFFFFFFFFFFD5
:10FB4000FFFFFFFFFFFFFFFFFFFFFFFFFFFFFFFFC5
:10FB5000FFFFFFFFFFFFFFFFFFFFFFFFFFFFFFFFB5
:10FB6000FFFFFFFFFFFFFFFFFFFFFFFFFFFFFFFFA5
:10FB7000FFFFFFFFFFFFFFFFFFFFFFFFFFFFFFFF95
:10FB8000FFFFFFFFFFFFFFFFFFFFFFFFFFFFFFFF85
:10FB9000FFFFFFFFFFFFFFFFFFFFFFFFFFFFFFFF75
:10FBA000FFFFFFFFFFFFFFFFFFFFFFFFFFFFFFFF65
:10FBB000FFFFFFFFFFFFFFFFFFFFFFFFFFFFFFFF55
:10FBC000FFFFFFFFFFFFFFFFFFFFFFFFFFFFFFFF45
:10FBD000FFFFFFFFFFFFFFFFFFFFFFFFFFFFFFFF35
:10FBE000FFFFFFFFFFFFFFFFFFFFFFFFFFFFFFFF25
:10FBF000FFFFFFFFFFFFFFFFFFFFFFFFFFFFFFFF15
:10FC0000FFFFFFFFFFFFFFFFFFFFFFFFFFFFFFFF04
:10FC1000FFFFFFFFFFFFFFFFFFFFFFFFFFFFFFFFF4
:10FC2000FFFFFFFFFFFFFFFFFFFFFFFFFFFFFFFFE4
:10FC3000FFFFFFFFFFFFFFFFFFFFFFFFFFFFFFFFD4
:10FC4000FFFFFFFFFFFFFFFFFFFFFFFFFFFFFFFFC4
:10FC5000FFFFFFFFFFFFFFFFFFFFFFFFFFFFFFFFB4
:10FC6000FFFFFFFFFFFFFFFFFFFFFFFFFFFFFFFFA4
:10FC7000FFFFFFFFFFFFFFFFFFFFFFFFFFFFFFFF94
:10FC8000FFFFFFFFFFFFFFFFFFFFFFFFFFFFFFFF84
:10FC9000FFFFFFFFFFFFFFFFFFFFFFFFFFFFFFFF74
:10FCA000FFFFFFFFFFFFFFFFFFFFFFFFFFFFFFFF64
:10FCB000FFFFFFFFFFFFFFFFFFFFFFFFFFFFFFFF54
:10FCC000FFFFFFFFFFFFFFFFFFFFFFFFFFFFFFFF44
:10FCD000FFFFFFFFFFFFFFFFFFFFFFFFFFFFFFFF34
:10FCE000FFFFFFFFFFFFFFFFFFFFFFFFFFFFFFFF24
:10FCF000FFFFFFFFFFFFFFFFFFFFFFFFFFFFFFFF14
:10FD0000FFFFFFFFFFFFFFFFFFFFFFFFFFFFFFFF03
:10FD1000FFFFFFFFFFFFFFFFFFFFFFFFFFFFFFFFF3
:10FD2000FFFFFFFFFFFFFFFFFFFFFFFFFFFFFFFFE3
:10FD3000FFFFFFFFFFFFFFFFFFFFFFFFFFFFFFFFD3
:10FD4000FFFFFFFFFFFFFFFFFFFFFFFFFFFFFFFFC3
:10FD5000FFFFFFFFFFFFFFFFFFFFFFFFFFFFFFFFB3
:10FD6000FFFFFFFFFFFFFFFFFFFFFFFFFFFFFFFFA3
:10FD7000FFFFFFFFFFFFFFFFFFFFFFFFFFFFFFFF93
:10FD8000FFFFFFFFFFFFFFFFFFFFFFFFFFFFFFFF83
:10FD9000FFFFFFFFFFFFFFFFFFFFFFFFFFFFFFFF73
:10FDA000FFFFFFFFFFFFFFFFFFFFFFFFFFFFFFFF63
:10FDB000FFFFFFFFFFFFFFFFFFFFFFFFFFFFFFFF53
:10FDC000FFFFFFFFFFFFFFFFFFFFFFFFFFFFFFFF43
:10FDD000FFFFFFFFFFFFFFFFFFFFFFFFFFFFFFFF33
:10FDE000FFFFFFFFFFFFFFFFFFFFFFFFFFFFFFFF23
:10FDF000FFFFFFFFFFFFFFFFFFFFFFFFFFFFFFFF13
:10FE0000FFFFFFFFFFFFFFFFFFFFFFFFFFFFFFFF02
:10FE1000FFFFFFFFFFFFFFFFFFFFFFFFFFFFFFFFF2
:10FE2000FFFFFFFFFFFFFFFFFFFFFFFFFFFFFFFFE2
:10FE3000FFFFFFFFFFFFFFFFFFFFFFFFFFFFFFFFD2
:10FE4000FFFFFFFFFFFFFFFFFFFFFFFFFFFFFFFFC2
:10FE5000FFFFFFFFFFFFFFFFFFFFFFFFFFFFFFFFB2
:10FE6000FFFFFFFFFFFFFFFFFFFFFFFFFFFFFFFFA2
:10FE7000FFFFFFFFFFFFFFFFFFFFFFFFFFFFFFFF92
:10FE8000FFFFFFFFFFFFFFFFFFFFFFFFFFFFFFFF82
:10FE9000FFFFFFFFFFFFFFFFFFFFFFFFFFFFFFFF72
:10FEA000FFFFFFFFFFFFFFFFFFFFFFFFFFFFFFFF62
:10FEB000FFFFFFFFFFFFFFFFFFFFFFFFFFFFFFFF52
:10FEC000FFFFFFFFFFFFFFFFFFFFFFFFFFFFFFFF42
:10FED000FFFFFFFFFFFFFFFFFFFFFFFFFFFFFFFF32
:10FEE000FFFFFFFFFFFFFFFFFFFFFFFFFFFFFFFF22
:10FEF000FFFFFFFFFFFFFFFFFFFFFFFFFFFFFFFF12
:10FF0000FFFFFFFFFFFFFFFFFFFFFFFFFFFFFFFF01
:10FF1000FFFFFFFFFFFFFFFFFFFFFFFFFFFFFFFFF1
:10FF2000FFFFFFFFFFFFFFFFFFFFFFFFFFFFFFFFE1
:10FF3000FFFFFFFFFFFFFFFFFFFFFFFFFFFFFFFFD1
:10FF4000FFFFFFFFFFFFFFFFFFFFFFFFFFFFFFFFC1
:10FF5000FFFFFFFFFFFFFFFFFFFFFFFFFFFFFFFFB1
:10FF6000FFFFFFFFFFFFFFFFFFFFFFFFFFFFFFFFA1
:10FF7000FFFFFFFFFFFFFFFFFFFFFFFFFFFFFFFF91
:10FF8000FFFFFFFFFFFFFFFFFFFFFFFFFFFFFFFF81
:10FF9000FFFFFFFFFFFFFFFFFFFFFFFFFFFFFFFF71
:10FFA000FFFFFFFFFFFFFFFFFFFFFFFFFFFFFFFF61
:10FFB000FFFFFFFFFFFFFFFFFFFFFFFFFFFFFFFF51
:10FFC000FFFFFFFFFFFFFFFFFFFFFFFFFFFFFFFF41
:10FFD000FFFFFFFFFFFFFFFFFFFFFFFFFFFFFFFF31
:10FFE000FFFFFFFFFFFFFFFFFFFFFFFFFFFFFFFF21
:10FFF000FFFFFFFFFFFFFFFFFFFFFFFFFFFFB02936
:020000040020DA
:080000000F06000000000000E3
:020000040030CA
:0E0000001D187F7C018991FF00C0FFE0FF40CA
:0200000400F00A
:10000000C8006E00B400B4000100580201000E0FD9
:100010002C0164009600FA000000580200001E1F28
:100020008A023002440244020100580202002E2FCC
:10003000000406000000003700000000F89B0200EA
:100040000864FDFF000000000014004B4C4D4E4FB3
:1000500000000000000000000000000000000000A0
:100060000000000000000000000000000000000090
:100070000000000000000000000000000000647F9D
:10008000000000000000000001000000000000006F
:00000001FF
