:040000000EEF00F00F
:0400080004EF10F001
:080018000CEF10F00FEF0EF0E9
:1010000000BA1F005A1F004C1F00E61500581700B9
:10101000A01F00661900B61F00B21F00AE1F00AA75
:101020001F009A1F00941F008E1F00801F00681A67
:0510300000303736001E
:10103600060E276E300EE82EFED7272EFCD700D0E0
:101046008A8A200E276E2A0EE82EFED7272EFCD778
:101056002D6AC00E186E060E196E020E1A6E5BD839
:1010660079EC0EF0C00E186E050E196E3F0E1A6E54
:1010760052D879EC0EF0C00E186E040E196EEB0EF7
:101086001A6E49D879EC0EF0C00E186E010E196E64
:101096001A6A41D879EC0EF0C00E186E196A400E25
:1010A6001A6E39D879EC0EF0010E1C6E34D8E0ECCD
:1010B6000EF0C00E186E090E196E030E1A6E2BD89E
:1010C60079EC0EF02D500DE1040E286E540E296EAB
:1010D600040E2A6E780E2B6E280E236E300E3FEC11
:1010E6000EF02C6A24D81A6A16D879EC0EF02C2A3F
:1010F600170E2C64F7D7180E2C6E19D81A680BD851
:1011060079EC0EF02C2A9B0E2C64F7D72D2A020EB2
:101116002D649FD7020C2D50310F276E27C0F6FF86
:10112600100EF76E000EF86E0800F5501200400E15
:10113600186E2CC019F0400C550EBAEC0FF02D6A43
:101146000A0EBAEC0FF02D2A070E2D64F9D7ACA2C1
:10115600FED79EEC0FF02E6A2F6A2C6A090E2B6EB4
:1011660030D085EC0FF02A6E4AD82AC0DFFF2E4A0F
:101176002F2AAA0E0001601911E1030E61190EE172
:1011860062050CE1050E2E182F1008E185EC0FF014
:101196000F0E026E010EAFEC0EF015D0040E2E18D7
:1011A6002F100FE1020E601906E0050E601903E02C
:1011B600070E601906E120EE61F0DE502B26DD50A9
:1011C6002C2218D8CEE307EC09F010C02BF011C082
:1011D6002CF0550EBAEC0FF02E6A2F6A06D00FD8F7
:1011E600DF50BAEC0FF02E4A2F2A04D8F8E366EC4B
:1011F6000EF0ADD72B502E5C2C502F5812002E50CF
:10120600600FD96EDA6A120063C000F064C001F0A4
:1012160040D0E6EC0BF002C014F003C015F04ED03F
:10122600B0EC0AF002C014F003C015F047D033EC5E
:101236000BF002C014F003C015F040D0C4EC09F066
:1012460002C014F003C015F039D0010E696F366E76
:101256000CD0010E696F615103E1010E346E05D0A9
:10126600020E611902E1010E336E156A0A0E0DD0E7
:10127600166A1650600FD96EDA6A0A0EDF6E162AE3
:10128600070E1664F6D7156A080E146E17D069692C
:10129600ECD700016051126E136A1350F8E1125038
:1012A600B8E0020ABDE0010AC2E00B0AC7E0010A83
:1012B600CCE0030ACEE0A00ADBE0E9D714C010F0C8
:1012C60015C011F01200276E090E2718D8B41200A7
:1012D600286A1ED04CD8300E85EC0CF02AD02FD8B8
:1012E600300EC0EC0EF025D036D8300E55EC0CF092
:1012F60020D03DD8370E85EC0CF01BD020D8370E09
:10130600C0EC0EF016D027D8370E55EC0CF011D0E5
:101316002750256E266A26500CE12550DBE0010A8F
:10132600DEE0030AE1E0010AE4E0070AE7E0010A79
:10133600EAE0242A282A030E2864EAD7030C285058
:10134600020DF350100F296E010E1C6E290E1D6E34
:1013560024C01EF012002850020DF350080F296E0B
:10136600010E1C6E290E1D6E24C01EF012002850A0
:101376002824296E010E1C6E290E1D6E24C01EF037
:1013860012000001656B200E666F676BDF0E626FE1
:10139600FE0E616F010E636F41D8800E7F6E306A5C
:1013A600316A61C00CF062C00DF00E6A0F6A63C04C
:1013B60004F0056A066A076A05C007F004C006F06D
:1013C600056A046A04500C2605500D2206500E22AA
:1013D60007500F22086A096A0A6A0B6A0ED00900CA
:1013E600F5503026000E31220900F5503126020E46
:1013F6000826000E09220A220B220C50085C0D500A
:1014060009580E500A580F500B58E9E330C069F0DE
:1014160031C06AF0036A0B0E026E0B0C65C0F6FF54
:1014260066C0F7FF67C0F8FF12004BD8AFEC0EF0AE
:1014360037D8000E66EC09F01ED8030E66EC09F0EC
:1014460025D8010E66EC09F0060E386E790E396E57
:101456005E0E3A6E3B6A380E246E040E66EC09F098
:1014660028D8050E66EC09F024D8020E66EC09F0C1
:1014760028D8AFEF0EF05E0E386E770E396E780E06
:101486003A6E790E3B6E380E246E1200770E386E69
:10149600730E396E3A6E380E3B6E380E246E12009D
:1014A600386A396A3E0E3A6E730E3B6E380E246EFB
:1014B6001200400E386E396E3A6E3B6E380E246E50
:1014C6001200020E026E000C026E010E036E000187
:1014D600D2B541D002C0CBF0D293D285D2910E0EB6
:1014E600D06F010ECA6FF40EC96FD287C60EA96FF0
:1014F6001F0EAA6F000EAB6FBB6BBC6BC60EAC6F3C
:101506001F0EAD6F000EAE6FBD6BBE6BC60EAF6F1E
:101516001F0EB06F000EB16FBF6BC06BC60EB26F01
:101526001F0EB36F000EB46FC16BC26BC40EB56FE6
:101536001F0EB66F000EB76FC36BC46B9E96C6BA0E
:1015460009D001D007D0C76A080EC66EC56A270E35
:10155600C86EC68A036A0350120011EC0AF0A40E84
:101566007F6EF85009E1000EF65C200EF75804E293
:10157600FE0E0001696F30D0066A076A22D0065057
:10158600690FD96EDA6ADF50F56E65EC0BF0F0E2A2
:101596000D00F6CF04F03F0E04160DE0FF0E00011D
:1015A6006125046EFF0E6221056E0650041807E1E0
:1015B6000750051804E10A007CEC0FF00900064A02
:1015C600072A00016151065C62510758D8E3010EF3
:1015D600696F006A016A00D0036A0A0E026E0A0C7D
:1015E600C5BC01D002D0010E01D0000E000901E1F8
:1015F60028D0C1C00DF0C2C00EF020EEB2F001D866
:101606000AD00500FA6EDE50FD6EDE50FE6EDE502C
:10161600FF6EFA501200106E116A115002E0D5EFFB
:101626000FF01050010A02E1D5EF0FF0030A02E1B4
:10163600DBEF0FF0010A02E1D9EF0FF0070AD5EF51
:101646000FF0D291E1EC0BF0CC4BCD2BDF50026EBC
:1016560002C0C9FF0001DBEC0BF001E1060C030C34
:10166600010E356EF66A200EF76EF86AC00EF61495
:10167600046EFF0EF714056EFF0EF814066E065084
:1016860007E1200E055C04E2FE0E0001696F21D021
:10169600076A086A17D8F8E2940E7F6E7CEC0FF0A2
:1016A600400EF626000EF722F822074A082A800E78
:1016B600075C070E0858EEE3010E0001696F636BC5
:1016C600646B07D0000EF65C000EF758020EF85851
:1016D6001200036A0A0E026E0A0C64EC0AF0AFEC02
:1016E6000EF03C5012E1386A24D8326403D0326AD4
:1016F600010E3C6E380E246E050E66EC09F0386A53
:1017060022D8020E66EC09F010D0386A12D832647C
:1017160002D0326A3C6A380E246E020E66EC09F07C
:10172600386A11D8050E66EC09F064EC0AF0AFEFE2
:101736000EF0396A3A6A3B6A3250380FD96EDA6A65
:10174600DF68322A030C396A3A6A3B6A380E246E1D
:101756001200C95033D8DF6ECC4BCD2B29D803E00D
:10176600C59AC588050CD287DBEC0CF001D80AD0E7
:101776000500FA6EA951FD6EAA51FE6EAB51FF6EC1
:10178600FA501200106E116A115002E0CAEF0FF003
:101796001050010A02E1CAEF0FF0030A02E1C7EF97
:1017A6000FF0010A02E1C7EF0FF0070ACAEF0FF0C8
:1017B600CE07D8A0CF07CE51CF111200CCC0D9FF8B
:1017C600CDC0DAFF1200010E0001696F6A6F6B6B04
:1017D600010E6C6F6D6B6E6B3F0EF86EF768FE0E4A
:1017E600F66EC00E7F6E0900F5CF6FF00900F5CFDB
:1017F60070F0716B726B400E736F746F300EF86E13
:10180600F76AF66A0C0E046E09000450690FD96E69
:10181600DA6AF5CFDFFF042A0F0E0464F5D700015C
:10182600796B7A6B020E7B6F7C6B200E7D6F036A81
:101836001E0E026E1E0C33D09EA6FED701D0FCD71C
:101846009E960001D2A10ED001D00CD0C5BC01D00D
:1018560002D0010E01D0000E000904E001D002D032
:101866000F0ED06FD051030DF350010F126E12C040
:10187600F6FF100EF76EF86A000EF86E01D80DD05E
:101886000500FA6E0900F550FD6E0900F550FE6E72
:101896000900F550FF6EFA5012000001D06FD2A376
:1018A6001200CAD7226E24D80F0B236E21D8100B34
:1018B600216E100E211801E1238E13D81ED879EC63
:1018C6000EF016D81F6E050E206ED8901F32202EF1
:1018D600FCD71F50236E05D81F6E1F280ED879EF30
:1018E6000EF01CC018F01D50D96EDA6ADF501200D7
:1018F6001E50D96EDA6ADF501200196E23C01AF034
:1019060022501200216E1E5021D8D8901F36D89032
:101916001F36D8901F3412D81ED879EC0EF01E5000
:1019260015D8050E206ED8901F32202EFCD71F50DA
:1019360005D81F6E1F280FD879EF0EF0226E1CC037
:1019460018F01D50D96EDA6ADF501200D96EDA6AC5
:10195600DF501F6E1200196E22C01AF021501200BD
:10196600D28702D09E86030C23D801D80AD0050060
:10197600FA6EA951FD6EAA51FE6EAB51FF6EFA507A
:101986001200106E116A115002E0D5EF0FF01050E0
:10199600010A02E1D5EF0FF0030A02E1D7EF0FF0DB
:1019A600010A02E1D7EF0FF0070ADCE0D5EF0FF0EE
:1019B600BBC00DF0BCC00EF01200076E0250031043
:1019C60004100DE017D802C0DEFF03C0DEFF04C01E
:1019D600DEFF17D805C0DEFF06C0DDFF12000AD8FD
:1019E600C60EDE6E1F0EDE6E000EDE6E0AD8DE6AD4
:1019F600DD6A12000750030DF350A90FD96EDA6A9B
:101A060012000750020DF350BB0FD96EDA6A1200AE
:101A1600176E175067EC0AF00009FBE07C0E086EA3
:101A26001E0E096E000E0A6E160E0B6E0C6A58EC30
:101A36000FF0150E026E036A10D865EC0FF0086AF7
:101A4600096A0A6A0B6A0C6AFDEC0EF0C4EC0FF028
:101A5600EFEC0EF0E806FCE01200056A010E046EDB
:101A6600010CD291020ED16FBFC00DF0C0C00EF0B6
:101A760020EEAFF001D80AD00500FA6EDE50FD6EFA
:101A8600DE50FE6EDE50FF6EFA501200106E116AC6
:101A9600115002E0D5EF0FF01050020A02E1D7EF25
:101AA6000FF0010A02E1D7EF0FF0D5EF0FF064EC6B
:101AB6000AF0AFEC0EF049EC0AF0000E66EC09F005
:101AC6006E0E386E060E396E540E3A6E7D0E3B6EF5
:101AD600380E246E030E66EC09F053EC0AF0010E84
:101AE60066EC09F03EEC0AF0040E66EC09F064ECD4
:101AF6000AF0AFEF0EF0D0A8D0B201D0010C126AF6
:101B06000000122A1228FCE184AE010CC4EC09F094
:101B1600FE0EF66EF768010EF86E0900F5CF10F0AE
:101B2600116A0900F550112630501018E7E13150BE
:101B3600111801E0010C000C480E656E900EAB6E9C
:101B4600240EAC6E440EAF6ED46A000E026A036AAF
:101B5600046AE0EC0FF0000E026A036A046ADFEC26
:101B66000FF0000E026A036A046AE1EC0FF0376AAE
:101B760012008D6A8C6A896A8E6A8A6A8F6A400E3A
:101B86008B6E9668F80E976E92681F0E986EDF0E33
:101B9600936E9F0E946E95680F0125690F0E246F44
:101BA600010E236F538F538D010C20EE02F00D5062
:101BB600D9260E50DA22DF500F6E0FC002F0036AEC
:101BC6000DC0D9FF0EC0DAFF07D865EC0FF0A9ECFF
:101BD6000EF058EC0FF0020CDECF04F0DDCF05F06E
:101BE600120064EC0AF0AFEC0EF07C0E386E5C0E60
:101BF600396E3A6E780E3B6E380E246E000E66EC29
:101C060009F03E0E386EA6EC0BF0030E66EC09F0FA
:101C160064EC0AF0AFEF0EF0C80EF66E1F0EF76E0C
:101C2600000EF86E0900F5CF3CF000EE60F0730E82
:101C3600EE6AE806FDE100EE30F00C0EEE6AE8060C
:101C4600FDE100018EEF0FF020EE02F00D50D926D7
:101C56000E50DA22DF500F6E0FC002F0036A0DC07D
:101C6600D9FF0EC0DAFFEFEC0DF065EC0FF0A9EC32
:101C76000EF058EC0FF0020C246E266A265026242D
:101C8600256E010E1C6E250E1D6E23C01EF02450FF
:101C960085EC0CF0232A262A030E2664EFD7030CC4
:101CA600D3EC0FF0006A016A8B827EEC0DF0E80639
:101CB60004E1F4EC0DF09FEC08F0FC6AE06A8B920C
:101CC60000EF10F01200355004E05AEC0DF0356AC2
:101CD6001200345004E018EC0AF0346A1200335053
:101CE600D8B4120070EC0BF0336A12001B6E0000C1
:101CF600FD0E156E18C016F01B500BEC0DF019C03A
:101D060015F01AC016F01B500BEC0DF00000120077
:101D1600136E010E146E0001D2B30AD0D283146A78
:101D26001350010ED8B4020ED06FC5801EEC0CF015
:101D3600145012000DC002F00EC003F030EC0DF08E
:101D460065EC0FF003D858EC0FF0020C086A096A2C
:101D56000A6A0B6A0C6A1200036E0BD0035002E18A
:101D66008E8201D08E840000035002E18E9201D053
:101D76008E9402060228F2E112001F6E1CC018F0B3
:101D86001D50D96EDA6ADF50196E1E50D96EDA6AA6
:101D9600DF501A6E1F5079EF0EF00DC002F00EC024
:101DA60003F007D865EC0FF0A9EC0EF058EC0FF035
:101DB600020C056A020E046E020C1D6E1E6A1CC021
:101DC60018F01EC019F01A6A1D5079EC0EF01E2A82
:101DD600170E1E64F4D7170C010E026E0001D2B363
:101DE60007D0D295CB699E969D96C69AD1C002F031
:101DF6000250120008C002F009C003F00AC004F045
:101E06000BC005F00CC006F0020EE0EF0CF00DC0A2
:101E160002F00EC003F030EC0DF065EC0FF0A9EC0B
:101E26000EF058EC0FF0040C0DC002F00EC003F0DB
:101E360030EC0DF065EC0FF0A9EC0EF058EC0FF05D
:101E4600020C0DC002F00EC003F0DCEC0EF065ECE7
:101E56000FF0A9EC0EF058EC0FF0040C0DC002F0D8
:101E66000EC003F0DCEC0EF065EC0FF0A9EC0EF002
:101E760058EC0FF0020C0DC002F00EC003F030EC6F
:101E86000DF065EC0FF0A9EC0EF058EC0FF0040C19
:101E96000DC002F00EC003F0DCEC0EF065EC0FF0A6
:101EA600A9EC0EF058EC0FF0040C08C002F009C0C3
:101EB60003F00AC004F00BC005F00CC006F0000EDB
:101EC600E0EF0CF00001D2A7120002C0CCF003C074
:101ED600CDF004C0CEF005C0CFF0D2971200BCEC16
:101EE6000DF0B4EC0FF09FEC0DF096EC0FF053EF05
:101EF6000EF00F0100507E6F01507E6F7F82000052
:101F0600000012009EAAFED7376AABA202D0AB9899
:101F1600AB88AE501200979297948E928E940000E2
:101F260072EC0FF0FFD7C76A080EC66EC56A270E99
:101F3600C86EC69A270C3604D8A41200D088D08260
:101F46008B92FF001200D281CB51CB25026E02C0CC
:101F5600C9FF030CD281D880CB35026E02C0C9FFFF
:101F6600050C700ED36E646A9B6A2A6B1200026EB1
:101F76009EA8FED702C0ADFF120000D0D293D16B4F
:101F86000E0C000E8BEF0EF0C58AC588090CC58AAB
:101F9600C5880A0CC59AC588050CD291C586040C5D
:101FA6001BEF08F0C584000CC582010CC582020C2B
:101FB600C582010CC1EF0FF0120012001200050CD1
:031FC600010C010A
:1020000036EF10F0FFFFFFFFE3EF35F0FFFFFFFFBC
:10201000FFFFFFFFFFFFFFFFD8CF60F0E8CF61F0C9
:10202000E0CF62F0E1CF63F0E2CF64F0D9CF65F0AA
:10203000DACF66F01EEEACF09DB89EA802D058EC48
:1020400086F0A3B8A4A802D043EC86F0E55266C09F
:10205000DAFF65C0D9FF64C0E2FF63C0E1FF62C080
:10206000E0FF61C0E8FF60C0D8FF10001DEED6F0B1
:10207000ACEF2CF0006C21010A1E01F61D0144ACEE
:10208000001AC300602101F6DD007222016A2201FC
:10209000622201CA22011A220110220106220178BD
:1020A000210172EF00777C585E79716F760600002F
:1020B0003800545C7300506D781C0000006E00778F
:1020C0007C395E79716F760600003800373F730007
:1020D000506D783E0000006E0030313233343536BA
:1020E000373839616263646566003F065B4F666D31
:1020F0007D077F6705102030406080A0FF6E67C5B8
:1021000079DD61021A261F010A00060E0A003C0052
:102110000000361F010000580201000A006E240072
:1021200000000000002A90008632000223011E1EDB
:1021300001E466002E0601D62201000000C8DF007F
:1021400026980090210100000010E600CA8A009C39
:10215000210100000010E600CA8A000623010000E9
:1021600000F21F019A800000000000000064E600F9
:102170000CAB0000000000000078D9009C9B000020
:102180000000000000F622015ECC0000000000000C
:1021900000F22201F6A700AA02019138616C6C508E
:1021A0006F64427566666572735B504F445F42555B
:1021B000464645525F52585D20213D204E554C4CBD
:1021C00000616C6C506F64427566666572735B503B
:1021D0004F445F4255464645525F54585D20213D6D
:1021E000204E554C4C006F75744361706163697487
:1021F00079203E20444154414752414D5F4D494E64
:102200005F4F5645524845414400417373657274AF
:10221000696F6E206661696C65643A2025732028B9
:1022200025733A2025733A202564290A00636F6ECE
:102230006669672D3E7361766553657474696E6770
:102240007320213D204E554C4C00636F6E666967CC
:102250002D3E70726F7669646553697A6520213D01
:10226000204E554C4C007372632F44726976657230
:10227000732F506F6473436861696E556172742E79
:102280006300636F6E6669672D3E7772697465429D
:102290007974657320213D204E554C4C00636F6E60
:1022A0006669672D3E7265616442797465732021A9
:1022B0003D204E554C4C007372632F506F64734336
:1022C0006861696E2F506F6473436861696E2E6335
:1022D000007772697465506572696F64203E20747E
:1022E00061736B506572696F6400636F6D6D756EBD
:1022F000696361746557697468506F64734368619A
:10230000696E00696E70757453697A65203E3D2070
:1023100076616C756553697A6500736574506F6496
:1023200073436F6D6D734174747269627574657314
:10233000007372632F5461736B732F526164696F02
:102340005461736B2E63007372632F526164696F03
:102350002F566172496E742E63007372632F52613F
:1023600064696F2F526164696F2E630070726F63CE
:10237000657373526164696F427974657300706F3D
:1023800064735561727420213D204E554C4C0052AF
:102390006164696F5461736B5F496E69740063684F
:1023A00061696E20213D204E554C4C00696E697468
:1023B000506F6473436861696E006465636F646540
:1023C000566172496E7400382E382E382E382E0021
:1023D000302E324C4F00414C2E484900414C2E4C7F
:1023E0004F0048454C5000303030300031313131F1
:1023F0000032323232003333333300343434340079
:1024000035353535002D2D2D2D0065727231006565
:1024100072723200657272330065727234006572D6
:102420007255004461746100636F6E6E0050726F8C
:102430007500504831300050482034005048203753
:10244000004641494C004F4F4F4F005041535300FD
:102450004550742D004E47452E002D414343004307
:102460006F6E66006E636E6F006275737900636FE6
:102470006E7400372E310046414300644546006FBC
:1024800066660043414C0043484100506F6400457C
:102490007272004F4646002575006F6E0062720032
:1024A000454C004F52005552006E63004943007284
:1024B00064007048002A43002A4600454300390062
:1024C00000FF090EE126000EE222F30EE3CF05F035
:1024D000010FE3CF06F0010FE3CF07F0010FE3CFC9
:1024E00008F008C020F0800E2016FF0E20C0E3FF89
:1024F000D8900834206EFD0E20C0E3FFF30E05C017
:10250000E3FF010F06C0E3FF010F07C0E3FF010F68
:1025100008C0E3FFEF0EE3CF05F0010FE3CF06F0B5
:10252000010FE3CF07F0010FE3CF08F0F50EE12430
:10253000D96EFF0EE220DA6EDFAE02D0FD0EE38030
:10254000F30EE3CF09F0010FE3CF0AF0010FE3CF61
:102550000BF0010FE3CF0CF0FD0EE35009E0FD0E90
:10256000E32804E1096A0A6A0B6A0C6A0B8E04D03C
:10257000096A0A6A0B6A0C6A08C020F0800E2016ED
:10258000FF0EE124D96EFF0EE220DA6E2050DF1A32
:10259000085008240D6E07BE0D800D5008E00D2870
:1025A00004E1056A066A076A086A078E04D0056AAC
:1025B000066A076A086A0D5003E0FD0EE35005E164
:1025C000016A026A036A046A1ED207500902FB0EFE
:1025D000F3CFE3FF010FF4CFE3FFFE0E0DC0E3FFE7
:1025E000FB0EE3500D6E0E6A0F6A106AFC0EE124BA
:1025F000D96EFF0EE220DA6EDF50206E20C019F097
:102600001A6A1B6A1C6AF70E19C0E3FF010F1AC091
:10261000E3FF010F1BC0E3FF010F1CC0E3FF0650E7
:102620000A02FB0EF3CFE3FF010FF4CFE3FFFB0E33
:10263000E3500D26000E0E220F221022F70EE12489
:10264000D96EFF0EE220DA6EFC0EE124E96EFF0E79
:10265000E220EA6EEF50DE26000EDE22DE22DE22CF
:1026600005500B02FB0EF3CFE3FF010FF4CFE3FFA6
:10267000FB0EE3500D26000E0E220F221022F70E45
:10268000E124D96EFF0EE220DA6EFC0EE124E96E41
:10269000FF0EE220EA6EEF50DE26000EDE22DE2282
:1026A000DE22080ED8900D360E360F361036E82E84
:1026B000F9D705500A02FB0EF3CFE3FF010FF4CF69
:1026C000E3FFFB0EE3CF1FF0010FE3CF20F01F501D
:1026D0000D2620500E22000E0F2210220650090255
:1026E000FB0EF3CFE3FF010FF4CFE3FFFB0EE3CFCD
:1026F0001FF0010FE3CF20F01F500D2620500E22B7
:10270000000E0F221022080ED8900D360E360F360E
:102710001036E82EF9D705500902FB0EF3CFE3FF80
:10272000010FF4CFE3FFFB0EE3CF1FF0010FE3CF68
:1027300020F01F500D2620500E22000E0F221022D6
:1027400007500A02FB0EF3CFE3FF010FF4CFE3FFC4
:10275000FB0EE3CF1FF0010FE3CF20F0F70EE124D3
:10276000D96EFF0EE220DA6E1F50DE262050DE22E8
:10277000000EDE22DE2206500B02FB0EF3CFE3FF3B
:10278000010FF4CFE3FFFB0EE3CF1FF0010FE3CF08
:1027900020F0F70EE124D96EFF0EE220DA6E1F5012
:1027A000DE262050DE22000EDE22DE2207500B0243
:1027B000FB0EF3CFE3FF010FF4CFE3FFFF0EE3CFF8
:1027C00005F0FB0EE3CF1FF0010FE3CF20F01F5009
:1027D000196E20501A6E1B6A1C6A080ED8901936A2
:1027E0001A361B361C36E82EF9D7F70EE124D96EBF
:1027F000FF0EE220DA6E1950DE261A50DE221B5040
:10280000DE221C50DE22F70EE124D96EFF0EE220FC
:10281000DA6E1050DE26000EDE22DE22DE22080EE8
:10282000D8900D360E360F361036E82EF9D7FE0E3C
:10283000E3CF20F0FD0EE35020241D6E1E6A1E36ED
:10284000820E1D241F6EFF0E1E20206EFB0E1FC069
:10285000E3FF010F20C0E3FF1BD0D890F70EE33653
:10286000F80EE336F90EE336FA0EE33610AE02D078
:10287000F70EE380D8900D360E360F361036FB0E6D
:10288000E124D96EFF0EE220DA6EDE06000EDD5A7C
:10289000F90EE3AEE2D7FE0EE36A10AE15D00D508E
:1028A0001D6E0E501E6E0F501F6E7F0E1014206E88
:1028B0001D501E101F10201004E0FE0EE36AE32AD4
:1028C00003D0F70EE3B0F9D7FE0EE35031E0F70E78
:1028D000E124D96EFF0EE220DA6EDE2A000EDE223F
:1028E000DE22DE22FA0EE3A023D0010E206EF70EC8
:1028F000E124D96EFF0EE220DA6E2028DE5208D0E5
:10290000DE52D890DCBED880DD32DD32DD32DE3200
:10291000E82EF6D7FB0EE350010F016EFB0E01C04F
:10292000E3FF016AFC0EE3500122FC0E01C0E3FF4D
:10293000FC0EE3BE18D0E35003E1FB0EE32813E3E3
:102940001D6A1E6A800E1F6E7F0E206EF70E1DC060
:10295000E3FF010F1EC0E3FF010F1FC0E3FF010FE4
:1029600020C0E3FF3CD0FC0EE3BE05D0E3500DE1F8
:10297000FB0EE3040AE2F70EE36A010FE36A010FBC
:10298000E36A010FE36A056A2AD0FB0EE3CF01F088
:10299000FD0E01C0E3FFF70EE124D96EFF0EE22029
:1029A000DA6EFF0EDE16DE167F0EDE16000EDE1667
:1029B000FD0EE3A008D0F90EE124D96EFF0EE2204F
:1029C000DA6E000EDB8EFA0EE124D96EFF0EE220E5
:1029D000DA6EFD0EE3CF20F0D8902030DF6EFA0ED5
:1029E000E124D96EFF0EE220DA6E0550DF12F70EF9
:1029F000E3CF01F0010FE3CF02F0010FE3CF03F0CB
:102A0000010FE3CF04F0EF0EE126FF0EE222FF0CF0
:102A100001017A517B1170E17E0E00019E6F230E41
:102A20009F6F660EA06F220EA16F010EA36F7C0E2A
:102A3000A26FEA0EA46F220EA56F0DEC84F05CD09D
:102A40007AC1A3F07BC1A4F0000139DADFA005D080
:102A500001D003D034DADF904FD0A3C06EF0A4C011
:102A60006FF0000E62EC90F06EC06AF06FC06BF019
:102A7000000120EECCF06E51D9266F51DA22DF50E2
:102A8000050F6C6F81EC82F0E5EC78F0A3C067F085
:102A9000A4C068F0000120EECCF0A351D926A451C7
:102AA000DA22DECF69F0DDCF6AF06F6B050E6925A3
:102AB0006D6F000E6A216E6F11D06D516725D96E52
:102AC0006E516821DA6E6F516725E96E000E68213C
:102AD000EA6EDFCFEFFF6F2B6D4B6E2BFED9DF5011
:102AE0006B6F6C6B6B516D5D6C516E59E6E301D091
:102AF000E4D7F3D96FC0DFFF7AC17BF07BC17CF0F4
:102B000033D020EECFF07B51D9267C51DA2201D888
:102B10000AD00500FA6EDE50FD6EDE50FE6EDE500D
:102B2000FF6EFA5012007D6FD1D9DF507E6F7E515B
:102B30007B25D96E000E7C21DA6E7DC0DFFFC6D901
:102B400000EE64F07B51E9267C51EA22EF507D6F64
:102B50007D29676F686B000E68236A6B640E696F6E
:102B60008CEC6BF06751DF6E7BC067F07CC068F067
:102B7000000120EECAF06751D9266851DA22DECF73
:102B800069F0DDCF6AF069C0D9FF6AC0DAFFDF50B3
:102B90000009B7E101D0B5D77BC067F07CC068F011
:102BA00016D06B6B0CD05CD96B516725E96E000EAB
:102BB0006821EA6EDFCFEFFF53D9DF6A6B2B5CD958
:102BC000DE506B5DF0E301D0EED756D9DF0667C06B
:102BD000D9FF68C0DAFF1B0EDE1807E001D005D070
:102BE0004BD9DF50DEE101D0DCD77BC074F07CC074
:102BF00075F020EE64F02FD9030EDF6004D001D011
:102C000002D0000EAFD074C0D9FF75C0DAFF1B0E22
:102C1000DE1803E0F6D701D0F4D720EE02F01BD97E
:102C2000DF50766F20EE01F016D9DF50786F7651C5
:102C3000776F0AD977C0DEFF78C0DDFF05D9DECF18
:102C400076F0DDCF77F0060E7625796F000E7721CE
:102C50007A6F20EE64F0FFD8DF50766F776B795192
:102C6000765D7A51775903E2CCD701D0CAD7ECD838
:102C7000010EDB5005E15D0EDE5C10E301D00ED0ED
:102C800038D90001696B87EC3CF0692B630E6965EC
:102C9000FAD701D0F8D78FEC3CF0B3D774C06EF000
:102CA00075C06FF0D1D8DF50050F706F726B736B0A
:102CB000010E716F39D0720E676F71516E25D96E2A
:102CC000000E6F21DA6EDF50686F6851696F6A6BB2
:102CD00069C06AF0696B6751D96EDA6A6951DE1AA8
:102CE0006A51DD1A080E6D6FE2D86AAF14D001D0B8
:102CF00012D0DDD8D89069376A37210E69196B6F09
:102D0000100E6A196C6F6751D96EDA6A6BC0DEFFFC
:102D10006CC0DDFF03D06751B2EC27F06D076D5139
:102D2000E3E101D0E1D7712B7051715DC4E301D0B3
:102D3000C2D77251731101E002D0010E01D0000E12
:102D400000090FE101D00DD0D4D80001696B87ECE8
:102D50003CF0692B630E6965FAD79DD7F8D79BD7EE
:102D600050D7010E000901E06BD67AC167F07BC134
:102D700068F089D8DFA213D001D011D020EECEF0B8
:102D800089D8DFCF69F0DF2A0F0E696508D001D03E
:102D900006D079D8DF9220EECEF07CD8DF6A73D8E7
:102DA000DFB201D002D0010E01D0000E00094BE1CC
:102DB00081EC84F00101965144E097EC84F000012D
:102DC0006E6B16D0000E6E25D96EDA6A070EDA2207
:102DD0006E5101017A2500016C6F86D86D6F650E0A
:102DE0006C25E96E000E6D21EA6EDFCFEFFF6E2BD2
:102DF0000101975100016E5DE5E301D0E3D753D89F
:102E000082EC3CF097C1DFFF650E7A250001686F08
:102E10006BD8696F97C16AF042D882EC3CF001D858
:102E20000AD00500FA6EDE50FD6EDE50FE6EDE50FA
:102E3000FF6EFA50120037D882EC3CF0DF6A966BD6
:102E4000010CDEEC72F0010C20EECCF07451D926AE
:102E50007551DA2212007451D9267551DA22120006
:102E60006B516725696F000E68216A6F6929D96EF9
:102E7000000E6A21DA6E120020EE64F06751D92646
:102E80006851DA22120020EED2F06751D92668513B
:102E9000DA2212006751D9266851DA2212000101A4
:102EA00020EED3F01200010120EEC9F012006751AC
:102EB000D96EDA6ADECF69F0DDCF6AF0120020EE5B
:102EC000D2F0A351D926A451DA22120020EE64F0E8
:102ED0007B51D9267C51DA22120020EE64F0675132
:102EE000D9266851DA221200000E01017B2100016F
:102EF000120074C067F075C068F01200846B856BB7
:102F00007C51D96EDA6ADECFF6FFDDCFF7FF000E17
:102F1000F86E0800F550250A01E09AD17C51D96E6F
:102F2000DA6ADE2A000EDD227C51D96EDA6ADECF43
:102F300086F0DDCF87F086C0F6FF87C0F7FF000E72
:102F4000F86E0800F550640A0AE086C0F6FF87C0F4
:102F5000F7FF000EF86E0800F550690A72E17DC0B7
:102F6000D9FF7EC0DAFF020EDF26DF5CD96EDA6A97
:102F7000DECF88F0DECF89F086297F6F000E8721B3
:102F8000806F7C51D96EDA6A7FC0DEFF80C0DDFFC2
:102F9000200E8C6F010E89AF000E836F8C07320EEE
:102FA0008C25D96EDA6A050EDA2288C067F089C0EE
:102FB00068F06A6B0A0E696F8CEC6BF067C06DF09D
:102FC00068C06EF0C8EC8CF06D51300FDF6E88C0B9
:102FD00073F089C074F0766B0A0E756FADEC63F018
:102FE00073C088F074C089F0844B852B8851891197
:102FF00002E08C51D3E18C511CE083511AE08C0724
:10300000320E8C25D96EDA6A050EDA222D0EDF6EAD
:10301000844B852B0ED0320E8C25D96EDA6A050EC4
:10302000DA22DF50676F686B7BC069F0D5EC64F023
:103030008C2B200E8C19EFE184C07BF085C07CF0D6
:10304000120086C0F6FF87C0F7FF000EF86E08007A
:10305000F550750A60E17DC0D9FF7EC0DAFF020E2F
:10306000DF26DF5CD96EDA6ADECF88F0DECF89F04A
:1030700086297F6F000E8721806F7C51D96EDA6AB6
:103080007FC0DEFF80C0DDFF3CD0200E8C6F8C0740
:10309000320E8C25D96EDA6A050EDA2288C067F006
:1030A00089C068F06A6B0A0E696F6EEC7EF067513A
:1030B000300FDF6E88C067F089C068F06A6B0A0E57
:1030C000696FC0EC78F067C088F068C089F0844B05
:1030D000852B8851891111E08C510FE0D8D7320E21
:1030E0008C25D96EDA6A050EDA22DF50676F686BBD
:1030F0007BC069F0D5EC64F08C2B200E8C199CE021
:10310000EED786C0F6FF87C0F7FF000EF86E080006
:10311000F550750ABAE0836B7C51D96EDA6ADECF5E
:10312000F6FFDDCFF7FF000EF86E0800F550730ACA
:1031300009E17C51D96EDA6ADE2A000EDD22010E29
:10314000836F3CD07C51D96EDA6ADECFF6FFDDCFDB
:10315000F7FF000EF86E0800F5506C0A2FE17C5165
:10316000D96EDA6ADECF7FF0DDCF80F07F2B000EE4
:1031700080237FC0F6FF80C0F7FF000EF86E0800C6
:10318000F5506C0A1BE17C51D96EDA6ADECF7FF014
:10319000DDCF80F0020E7F27000E80237FC0F6FF78
:1031A00080C0F7FF000EF86E0800F550730A06E1C4
:1031B0007C51D96EDA6A030EDE26BFD783513FE019
:1031C0007DC0D9FF7EC0DAFF020EDF26DF5CD96E3C
:1031D000DA6ADECF81F0DECF82F01CD081C0F6FF4C
:1031E00082C0F7FF000EF86E0F0EF76403D00800E0
:1031F000F55005D0F6CFE9FFF7CFEAFFEF50000119
:10320000676F686B7BC069F0D5EC64F0844B852BED
:10321000814B822B81C0F6FF82C0F7FF000EF86E53
:103220000F0EF76403D00800F55005D0F6CFE9FF84
:10323000F7CFEAFFEF50000901E1FED6CFD77C516E
:10324000D96EDA6ADE2A000EDD227B6B7C6B1200FF
:103250007C51D96EDA6ADECFF6FFDDCFF7FF000EC4
:10326000F86E0800F550676F686B7BC069F0D5ECAD
:1032700064F07C51D96EDA6ADE2A000EDD227C6BA6
:10328000010E7B6F010CD3C375F0D4C376F0D5C3A8
:1032900077F0D6C378F07EEC7FF0000901E01200F1
:1032A0009FEC88F072C0D7F373C0D8F327D9DF50F2
:1032B000030B030A03E1010E0101926F0101920564
:1032C0000EE11CD9DF50030B030A09E017D9DF50C8
:1032D0000201FE6F700EFE1702E10101926B010107
:1032E000920501E0DFD06EEC90F067C0D9F368C0C2
:1032F000DAF304D9DFA822D0D9C367F0DAC368F0C3
:10330000EBD805EC85F0D9C36DF0DAC36EF003019C
:1033100020EE46F000D901D80AD00500FA6EDE5042
:10332000FD6EDE50FE6EDE50FF6EFA501200010E92
:103330000001676F000EBBEC80F01ED0D9C367F0B0
:10334000DAC368F0D2D831EC85F0D9C36DF0DAC3B6
:103350006EF0030120EE49F0DED801D80AD0050056
:10336000FA6EDE50FD6EDE50FE6EDE50FF6EFA50DD
:103370001200E0D8BBEC80F0EFEC90F067C0DBF31C
:1033800068C0DCF3BBD8DFAA21D0DBC367F0DCC3A5
:1033900068F0A2D805EC85F0DBC36DF0DCC36EF0FD
:1033A000030120EE46F0BCD801D80AD00500FA6E21
:1033B000DE50FD6EDE50FE6EDE50FF6EFA501200E3
:1033C000010E0001676FBBEC80F020D0DBC367F01B
:1033D000DCC368F08AD831EC85F0DBC36DF0DCC368
:1033E0006EF0030120EE49F09BD801D80AD0050009
:1033F000FA6EDE50FD6EDE50FE6EDE50FF6EFA504D
:1034000012000001676B010EBBEC80F0F4EC90F051
:1034100067C0DDF368C0DEF371D8DFAC22D0DDC356
:1034200067F0DEC368F058D805EC85F0DDC36DF0B9
:10343000DEC36EF0030120EE46F077D801D80AD043
:103440000500FA6EDE50FD6EDE50FE6EDE50FF6E41
:10345000FA501200010E0001676F020EBBEC80F003
:1034600030D0DDC367F0DEC368F03FD831EC85F0C3
:10347000DDC36DF0DEC36EF0030120EE49F055D8D8
:1034800001D80AD00500FA6EDE50FD6EDE50FE6EE9
:10349000DE50FF6EFA5012000001676B020EBBECAB
:1034A00080F00FD0899E899C8F968F9043D8BBEC7B
:1034B00080F0676B010EBBEC80F0676B020EBBEC1B
:1034C00080F0D3C3E6F1D4C3E7F1D5C3E8F1D6C3A6
:1034D000E9F119D87DEF36F0D3C369F0D4C36AF0AF
:1034E000D5C36BF0D6C36CF01200D3C369F0D4C35C
:1034F0006AF0D5C36BF0D6C36CF01200D7C3D9FF06
:10350000D8C3DAFF1200010E0101EA6FEB6BEC6B1E
:10351000ED6BEE6B010CD951D926DA51DA2212008B
:10352000DB51D926DC51DA221200DD51D926DE51D9
:10353000DA2212000001676B000C5EC1D9FF5FC187
:10354000DAFF01D80AD00500FA6EDE50FD6EDE50BB
:10355000FE6EDE50FF6EFA50120067C0E1F368C0E5
:10356000E2F30301E151E21138E001015C51030192
:10357000E11933E101015D510301E2192EE1800EF1
:103580000001696F080E6A6F6C6B800E6B6F010132
:1035900020EE03F01AD901D80AD00500FA6EDE50E9
:1035A000FD6EDE50FE6EDE50FF6EFA50120069C0F6
:1035B000DFF36AC0E0F3800E0101E86F080EE96FE7
:1035C000DFC3EAF1E0C3EBF1000EEC6F080EED6F24
:1035D000EF6B800EEE6F42EC38F0E1C35CF1E2C3BA
:1035E0005DF127C270F028C271F029C272F02AC2C0
:1035F00073F00201272B000E282329232A2370C0F1
:1036000067F071C068F072C069F073C06AF02BC2D5
:103610006BF02CC26CF02DC26DF02EC26EF058EC27
:103620006CF06751681169116A1101E002D0010E56
:1036300001D0000E00093CE0000E0301E36F080E0C
:10364000E46FE30E0001846F030E856F876B800EBD
:10365000866FE50E886F030E896F7BEC88F0E3C3FD
:1036600068F0E4C369F0E5C36AF0E6C36BF00101FA
:1036700020EE06F0AAD801D80AD00500FA6EDE5076
:10368000FD6EDE50FE6EDE50FF6EFA50120091D8D5
:10369000DFA606D001D004D08CD8DF968AD8DF8A86
:1036A0000101605104E001D002D0618101D061913B
:1036B00080D8DFAA20D001D01ED020EE02F080D822
:1036C0008FD8DD22DD52DD52030EDB500BE1020EFE
:1036D000DB5008E1010EDB5005E10A0EDE5C0BE376
:1036E00001D009D066D8DF8864D8DF9A20EE02F0D6
:1036F00067D851EC74F00001676B0101605109E07B
:1037000001D007D061A105D001D003D0010E000186
:10371000676F0001675100094BE001D0010C5AD8D6
:10372000040EBA653AD001D038D0010160A706D0A6
:1037300001D004D075EC91F00101609760A10CD02C
:1037400001D00AD0B2B101D002D0010E01D0000EDA
:10375000FEEC82F00101609160A306D001D004D09C
:1037600073EC8FF00101609360A506D001D004D006
:1037700073EC91F00101609560A90CD001D00AD0E2
:10378000B2B501D002D0010E01D0000E53EC8EF084
:10379000010160996191010E61171CD8BA2BBA37EB
:1037A000010161510001BA19010BBA190101616FE0
:1037B000010C20EE01F02550D9262650DA22120005
:1037C0002550D9262650DA2212005E51D9265F51A3
:1037D000DA221200010161317F0B0001BA6F120081
:1037E000DE2A000EDE22DE22000C5BEC90F067C0C9
:1037F00075F068C076F0290E00012BD96B6B020EB4
:103800006D6F49EC83F0270E24D9020E6B6F6D6F3C
:1038100049EC83F0230E1DD9040E2AD949EC83F01C
:10382000250E17D9060E24D949EC83F02B0E11D999
:10383000080E1ED949EC83F02D0E0BD90A0E18D9AB
:1038400049EC83F03A0E05D90C0E16D949EC83F0F9
:1038500017D90D0E11D949EC83F002D9D3EC60F0E1
:103860001AEC8EF067C075F068C076F0290E000182
:10387000F0D8100EFDD849EC83F0270EEAD8120ECE
:10388000F7D849EC83F0230EE4D8140EF1D849ECB4
:1038900083F0250EDED8160EEBD849EC83F02B0E04
:1038A000D8D8180EE5D849EC83F02D0ED2D81A0ED0
:1038B000DFD849EC83F03A0ECCD81C0EDDD849ECA9
:1038C00083F0DED81D0ED8D849EC83F0C9D8D3ECEC
:1038D00060F026EC8EF067C075F068C076F0290EB7
:1038E0000001B7D8200EC4D849EC83F0270EB1D818
:1038F000220EBED849EC83F0230EABD8240EB8D8E4
:1039000049EC83F0250EA5D8260EB2D849EC83F0F9
:103910002B0E9FD8280EACD849EC83F02D0E99D8E9
:103920002A0EA6D849EC83F03A0E93D82C0EA4D8D0
:1039300049EC83F0A5D82D0E9FD849EC83F090D8A0
:10394000D3EC60F0380E85D8440E92D849EC83F061
:103950009E0E696F010E6A6F6C6B300E8DD849EC4C
:1039600083F0A90E696F010E6A6F6C6B310E84D8FB
:1039700049EC83F0AA0E696F010E6A6F6C6B320E10
:103980007BD849EC83F00101AA97B90E0001696F59
:10399000010E6A6F6C6B330E78D849EC83F03D0EE4
:1039A000696F6A6B6C6B380E70D849EC83F0C10E8E
:1039B000696F010E6A6F6C6B3C0E67D849EC83F03F
:1039C000BD0E696F010E6A6F6C6B400E5ED849ECDC
:1039D00083F0F60E696F6A6B6C6B460E4DD849EC3E
:1039E00083F0C50E696F010E6A6F6C6B470E40D88D
:1039F00049EC83F0CB0E696F010E6A6F6C6B490E58
:103A000037D849EC83F0C2EC90F06729706F000E54
:103A10006821716F70C069F071C06AF06C6B500EF4
:103A20002BD849EC83F0736B732B0E0E7365FCD7A8
:103A3000720E696F6A6B6C6B880E1ED849EC83F04E
:103A400072B103D00101B29102D00101B281000034
:103A500012007525696F000E76216A6F6C6B12007B
:103A600075C067F076C068F074C069F06A6B1200C8
:103A70006B6F020E6D6F020C6B6F010E6D6F010CA0
:103A8000740E696F6A6B6C6B12006B6F040E6D6F56
:103A9000040C7F0501E028D15BEC90F067C078F062
:103AA00068C079F0290E000123D96D6B020E6F6F8B
:103AB00073EC75F0270E1CD9020E6D6F6F6F73ECEF
:103AC00075F0230E15D9040E1AD973EC75F0250E76
:103AD0000FD9060E14D973EC75F02B0E09D9080E08
:103AE0000ED973EC75F02D0E03D90A0E08D973ECBC
:103AF00075F03A0EFDD80C0E06D973EC75F0350E44
:103B0000F7D80D0E00D973EC75F01AEC8EF067C083
:103B100078F068C079F0290E0001EAD8100EEFD8CD
:103B200073EC75F0270EE4D8120EE9D873EC75F03B
:103B3000230EDED8140EE3D873EC75F0250ED8D81A
:103B4000160EDDD873EC75F02B0ED2D8180ED7D820
:103B500073EC75F02D0ECCD81A0ED1D873EC75F02D
:103B60003A0EC6D81C0ECFD873EC75F0350EC0D8FF
:103B70001D0EC9D873EC75F026EC8EF067C078F096
:103B800068C079F0290E0001B3D8200EB8D873ECC4
:103B900075F0270EADD8220EB2D873EC75F0230E57
:103BA000A7D8240EACD873EC75F0250EA1D8260E3C
:103BB000A6D873EC75F02B0E9BD8280EA0D873EC0A
:103BC00075F02D0E95D82A0E9AD873EC75F03A0E32
:103BD0008FD82C0E98D873EC75F0350E89D82D0E31
:103BE00092D873EC75F0380E83D8440E88D873ECF5
:103BF00075F09E0E6B6F010E6C6F6E6B300E83D87E
:103C000073EC75F0A90E6B6F010E6C6F6E6B310E5D
:103C10007AD873EC75F0AA0E6B6F010E6C6F6E6B39
:103C2000320E71D873EC75F0B90E6B6F010E6C6FBC
:103C30006E6B330E6CD873EC75F03D0E6B6F6C6B66
:103C40006E6B380E64D873EC75F0C10E6B6F010E9D
:103C50006C6F6E6B3C0E5BD873EC75F0BD0E6B6FCA
:103C6000010E6C6F6E6B400E52D873EC75F0F60E51
:103C70006B6F6C6B6E6B460E46D873EC75F0C50EB1
:103C80006B6F010E6C6F6E6B470E39D873EC75F06D
:103C9000CB0E6B6F010E6C6F6E6B490E30D873ECF0
:103CA00075F0C2EC90F06729746F000E6821756F93
:103CB00074C06BF075C06CF06E6B500E24D873EC52
:103CC00075F0776B772B0E0E7765FCD70101010E2F
:103CD000B2A1000E0001766F760E6B6F6C6B6E6B8F
:103CE000880E11D873EC75F001017F6B0000120093
:103CF00078256B6F000E79216C6F6E6B12006D6F03
:103D0000020E6F6F020C6D6F010E6F6F010C6D6F05
:103D1000040E6F6F040C00016A51800B736F6A51BF
:103D20006A25756F69BF7581755105E0752901E1D7
:103D300006D9698F03D0676B686B696B6A6B6E51CC
:103D4000800B746F731901E0738D6E516E25746F63
:103D50006DBF7481745108E0742904E16B6B6C6B66
:103D60006D6B6E6B6D8F03D06B6B6C6B6D6B6E6B75
:103D70007551745D22E273AD02D0800E731B75C065
:103D800076F074C075F076C074F067C076F06BC0E2
:103D900067F076C06BF068C076F06CC068F076C0F3
:103DA0006CF069C076F06DC069F076C06DF06AC0E5
:103DB00076F06EC06AF076C06EF0766B755174C0A6
:103DC0006FF0706B6F5F000E705B70BF15D070513D
:103DD00003E11A0E6F5D10E3C7D8010ED8B4000ED0
:103DE000766FADD874C075F00AD076A102D0B7D87E
:103DF00002D0D89076339AD87451755DF6E373BDCE
:103E000015D0755101E1A6D06B5167276C5168231D
:103E10006D5169236E516A236AA153D076A102D0F5
:103E20009ED802D0D890763381D84BD06B51675D45
:103E30006C5168596D5169596A51800A6F6F6E51A2
:103E4000800A6F591FE267516B5D6F6F68516C5943
:103E5000706F69516D59716F6A516E59726FFF0EB3
:103E60006F25676FFF0E7021686FFF0E7121696FFC
:103E7000FF0E72216A6F800E731B766D76510AE118
:103E800063D808D06B51675F6C51685B6D51695B9B
:103E90006E516A5B69D813E1765111E15BD0D8901D
:103EA0006737683769376A3776BF678176A102D08E
:103EB000D88001D0D8907637755101E0750769AF89
:103EC000EED7746B76AF0AD076C06FF07F0E6F17A7
:103ED00003E0010E746F02D067B1FBD774510BE0A1
:103EE00033D86AA108D06A356A33693368336733D7
:103EF000752901E0752B752902E0755104E11FD881
:103F0000755101E1736B75A102D0698F01D0699F72
:103F1000D89075316A6F73BF6A8F67C067F068C0E9
:103F200068F069C069F06AC06AF0120067B1768F04
:103F30006A356A33693368336733752B1200676BF0
:103F4000686B696B6A6B1200672B000E682369232C
:103F50006A23000C676B686B696B6A6B1200D89000
:103F600076310109766F12006751681169116A1183
:103F700012009D6F00019D5176EC78F06AC09EF0B2
:103F80006BC09FF000019E519F11D8B412009EC0DB
:103F900067F09FC068F036EC87F00009D8B41200D3
:103FA000250EA06FA10E936F946B93C0D9FF94C0A0
:103FB000DAFF9DC0DFFF20EE01F09351D926945126
:103FC000DA2200EE3AF0F1D8EA22EF5065EC89F0FF
:103FD000DF6EA00E74EC42F070EC56F020EE22F092
:103FE000BDD8DF501FE1260EA06FA10E956F966B16
:103FF00095C0D9FF96C0DAFFC8D8B0D800EE01F05E
:104000009551E9269651A4D820EE1FF0A7D800EECE
:1040100003F09551E9269651B3D874EC42F070EC58
:1040200056F04CD0270EA06FA10E996F9A6B99C0D5
:10403000D9FF9AC0DAFFA9D891D800EE23F0B5D8FD
:10404000E2EC46F096D8D8A020EE23F087D8DECF59
:104050008FF0DDCF90F020EE01F0ABD88FC0DEFF07
:1040600090C0DDFF20EE1FF079D800EE03F09951EB
:10407000E9269A51EA22DFCFEFFF20EE23F06ED837
:1040800000EE25F092D8E2EC46F073D8D8A020EEEE
:1040900023F064D8DECF91F0DDCF92F020EE04F073
:1040A00088D891C0DEFF92C0DDFF20EE1FF056D809
:1040B00000EE06F09951E9269A51AED7290EA06F6D
:1040C000A10E976F986B6AD820EE2BF047D84BD88B
:1040D0003FD8A00E74EC42F070EC56F02A0EA06FA0
:1040E0005DD820EE2DF03AD83ED832D8A00E74EC30
:1040F00042F070EC56F02B0EA06FA10E9B6F9C6BE4
:104100009BC0D9FF9CC0DAFF9DC0DFFF20EE27F0E7
:1041100025D800EE01F03ED81BD820EE1FF01ED8A7
:1041200000EE03F037D8EA22DFCFEFFF20EE29F0D0
:1041300015D800EE04F02ED80BD820EE1FF00ED8C4
:1041400000EE06F027D81CD874EC42F070EF56F061
:10415000EA22DECFEEFFDDCFEDFF12009E51D92621
:104160009F51DA22120000EE01F09751E926985192
:1041700012008E6FDE50800A8E5920EE25F012005C
:10418000EA22DFCFEFFFA00E12009DC0DFFF20EE7E
:1041900025F012009B51E9269C51120097C0D9FFCF
:1041A00098C0DAFF9DC0DFFF12009E51E9269F51A3
:1041B00012009951D9269A51DA2212007FEC71F03F
:1041C00007D90FD92BEC78F0F4D871EC63F07FC0ED
:1041D000D3F180C0D4F181C0D5F182C0D6F1CFC176
:1041E000D8F0D0C1D9F0D1C1DAF0D2C1DBF0D3C15F
:1041F000DCF0D4C1DDF0D5C1DEF0D6C1DFF0EC0ECD
:10420000E06F020EE16FE30EE26F020EE36F41EC2E
:1042100069F0D8C053F3D9C054F3DAD8320EE8D8D5
:104220002BEC78F0C6D871EC63F07FC0D7F180C07A
:10423000D8F181C0D9F182C0DAF1CAD8D2D82BEC3A
:1042400078F0B7D871EC63F07FC0DBF180C0DCF1AF
:1042500081C0DDF182C0DEF1D7C1C4F0D8C1C5F0A4
:10426000D9C1C6F0DAC1C7F0DBC1C8F0DCC1C9F002
:10427000DDC1CAF0DEC1CBF0BF0ECC6F030ECD6F37
:1042800022EC2EF0C4C055F3C5C056F3A1D8640E7D
:10429000AFD82BEC78F08DD871EC63F07FC08CF048
:1042A00080C08DF081C08EF082C08FF019EC86F056
:1042B0008CC057F38DC058F38BD8640E99D82BEC73
:1042C00078F077D871EC63F07FC0DFF180C0E0F167
:1042D00081C0E1F182C0E2F1CFC18CF0D0C18DF09C
:1042E000D1C18EF0D2C18FF0DFC190F0E0C191F06A
:1042F000E1C192F0E2C193F0CAEC61F08CC059F3D5
:104300008DC05AF365D86DD82BEC78F052D871EC8B
:1043100063F07FC08CF080C08DF081C08EF082C0D1
:104320008FF053EC84F08CC05BF38DC05CF350D8FD
:1043300058D82BEC78F03DD871EC63F07FC08CF04E
:1043400080C08DF081C08EF082C08FF0E8EC81F0EB
:104350008CC05DF38DC05EF33BD83C0E49D82BEC8E
:1043600078F027D871EC63F07FC0ADF080C0AEF07C
:1043700081C0AFF082C0B0F0B0EC7AF0ADC05FF3B6
:10438000AEC060F3530E676F030E686F6A6B070E63
:10439000696FCFC16BF0D0C16CF0D1C16DF0D2C1EB
:1043A0006EF0EE0E6F6F0F0E706F010E716F1BEFE0
:1043B00085F073C07FF074C080F075C081F076C066
:1043C00082F0E80E836F030E846F856B866B030C9F
:1043D000CFC173F0D0C174F0D1C175F0D2C176F005
:1043E0001200E80E776F030E786F796B7A6B030C0F
:1043F000776F786B796B7A6B12007F6F0001806B3F
:10440000070E7F190FE129EC80F0FDD822EC87F030
:1044100025EC80F0F8D822EC87F021EC80F0F3D87E
:1044200022EF87F0090E7F19D8B412007E6BA5D059
:104430007AC0D9FF7BC0DAFF78C0E9FF79C0EAFF14
:10444000DE50EE1801E1B3D08051220F736F300EB1
:10445000746F78C0D9FF79C0DAFFDF50756F805173
:104460001B0F22EC87F0A3D020EE01F0D4D800EE91
:1044700001F07851E9267951EA22DE50EE1801E187
:1044800096D08051770F736F300E746F20EE01F06D
:10449000A6D8700F22EC87F08AD020EE02F0BBD8AD
:1044A00000EE02F07851E9267951EA22DE50EE184A
:1044B0007EE08051470FA1D892D8440F22EC87F0BC
:1044C000B3D89BD88CD84B0F22EC87F0A9D895D8BD
:1044D00086D84B0F22EC87F06AD020EE03F09BD8F1
:1044E00000EE03F07851E9267951EA22DE50EE1809
:1044F0005EE08051220F736F370E746F20EE03F071
:104500006ED81B0F22EC87F052D020EE04F083D837
:1045100000EE04F07851E9267951EA22DE50EE18D7
:1045200046E08051770F736F370E746F20EE04F002
:1045300056D8700F22EC87F03AD020EE05F06BD8F9
:1045400000EE05F07851E9267951EA22DE50EE18A6
:104550002EE08051470F4BD842D8440F22EC87F011
:1045600063D845D83CD84B0F22EC87F059D83FD8B8
:1045700036D84B0F22EC87F01AD07F517C6F7D6BC1
:104580007D5115E17C5101E153D7010A01E16CD75E
:10459000030A83E0010AA1E0070AB7E0010ACDE0BF
:1045A000030A05E0010A03E00F0AD8A4010A0B0E72
:1045B000000180277E2B030E7E65DFD7060E7F610C
:1045C000060C7F517825D96E000E7921DA6E7F5165
:1045D0007A25E96E000E7B21EA6E16EF51F07851D4
:1045E000D9267951DA22DF50756F80511200736F2E
:1045F000370E746F20EE05F0370C736F300E746F4A
:1046000020EE02F0300C746F78C0D9FF79C0DAFF69
:10461000DF50756F180C7A51D9267B51DA221200BF
:10462000000180514E0F1200000180514B0F12000B
:1046300023C292F024C293F025C294F026C295F0D2
:104640007FC092F080C093F081C094F082C095F05A
:1046500092C083F093C084F094C085F095C086F03A
:10466000000185358635836F846B856B866B843757
:1046700083518F6F906B90BF0ED0905103E1960ED7
:104680008F5D09E37FC07FF080C080F081C081F042
:1046900082C082F01200010E95AF000E916F915111
:1046A00012E07FC067F080C068F081C069F082C00E
:1046B0006AF064EC8BF067C07FF068C080F069C07E
:1046C00081F06AC082F090BF05D0905108E17E0E63
:1046D0008F5D05E27F6B806B816B826B12006B6B71
:1046E0006C6B6D6B4B0E6E6F7FC067F080C068F0B7
:1046F00081C069F082C06AF08BEC1EF091D86B6BC0
:104700006C6B6D6BCB0E6E6F94D88BEC1EF067C02C
:1047100087F068C088F069C089F06AC08AF087C0F5
:1047200077F088C078F089C079F08AC07AF07FC0CD
:104730007BF080C07CF081C07DF082C07EF066ECB2
:1047400080F077C09AF078C09BF079C09CF07AC076
:104750009DF08B6B8C6B8D6B8E6B676B686B696B75
:104760003F0E54D82AEC5CF003E26CD8BF0E0AD09E
:10477000676B686B696BBF0E49D82AEC5CF003E38A
:1047800061D83F0E8E6F7FC06BF080C06CF081C02F
:104790006DF082C06EF09AC067F09BC068F09CC05C
:1047A00069F09DC06AF08BEC1EF03AD842D88BC0FD
:1047B0006BF08CC06CF08DC06DF08EC06EF08BEC29
:1047C0001EF067C09AF068C09BF069C09CF06AC098
:1047D0009DF0915112E09AC067F09BC068F09CC0B8
:1047E00069F09DC06AF064EC8BF067C09AF068C015
:1047F0009BF069C09CF06AC09DF09AC07FF09BC09E
:1048000080F09CC081F09DC082F012006A6F9AC057
:104810006BF09BC06CF09CC06DF09DC06EF0120000
:1048200067C096F068C097F069C098F06AC099F0C8
:10483000120096C067F097C068F098C069F099C000
:104840006AF012008B6B8C6B800E8D6F800C7FEC8E
:1048500091F00AEC69F00001876B886B896B8A6BB9
:10486000866BC70ED5D8806BF6EC8DF00AEC69F03C
:10487000680E0001856FE40EE82EFED7852FFCD769
:104880000000C70E0001C4D8806FF6EC8DF00AEC72
:1048900069F0680E0001856FE40EE82EFED7852FC3
:1048A000FCD700000001862B020E8665DAD78781CF
:1048B000870E826F2DEC74F000018783870E826F64
:1048C0002DEC74F000018785870E826F2DEC74F05B
:1048D00000018787870E826F2DEC74F000018789B5
:1048E000870E826F2DEC74F00001878B870E826F2C
:1048F0002DEC74F00001878D870E826F2DEC74F023
:104900000001878F870E826F2DEC74F00001888B79
:10491000870E826F2DEC74F000018889870E826FFC
:104920002DEC74F000018887870E826F2DEC74F0F7
:1049300000018885870E826F2DEC74F0000188835A
:10494000870E826F2DEC74F000018881870E826FD4
:104950002DEC74F00001888F870E826F2DEC74F0BF
:1049600000018981870E826F2DEC74F00001888D23
:10497000870E826F2DEC74F000018983870E826FA1
:104980002DEC74F000018987870E826F2DEC74F096
:1049900000018985870E826F2DEC74F000018989F2
:1049A000870E826F2DEC74F000018A89870E826F6A
:1049B0002DEC74F000018A83870E826F2DEC74F069
:1049C0000001898B870E826F2DEC74F00001898FB6
:1049D000870E826F2DEC74F00001898D870E826F37
:1049E0002DEC74F000018A81870E826F2DEC74F03B
:1049F00000018A8B870E826F2DEC74F000018A858E
:104A0000870E826F2DEC74F07FEC91F00AEF69F065
:104A10007C6F230E7D6F010E7E6F86C07FF0010CD0
:104A2000A46BA56BA66BA76B9E0EA46FEF0EA56F74
:104A3000E10EA66F410EA76F5C0EE66EFE0EE66EEF
:104A4000E80EE66E3A0EE66E9FD80CEC3BF0ABD863
:104A500061EC12F001C0A0F07BD88BEC1EF0B5D851
:104A600093D80CEC3BF09FD88FD80CEC3BF09BD844
:104A700061EC12F093D883D8ED0EE66E450EE66E2B
:104A8000DE0EE66EB20EE66E97D861EC12F001C053
:104A9000A0F05ED88BEC1EF098D876D80CEC3BF0EA
:104AA00082D872D80CEC3BF07ED861EC12F076D84C
:104AB00066D89EC067F09FC068F00001000E68BF16
:104AC000FF0E696F6A6F010E0CEC3BF06CD874D866
:104AD00061EC12F063D853D83A0EE66E6D0EE66EB6
:104AE000A00EE66E2B0EE66E67D861EC12F001C0E8
:104AF000A0F02ED88BEC1EF068D8E66AE66A200E8D
:104B0000E66E410EE66E6AD861EC12F001C0A4F0C8
:104B100002C0A5F003C0A6F004C0A7F0A4C07FF0B7
:104B2000A5C080F0A6C081F0A7C082F018EC23F0E9
:104B30007FC0A4F080C0A5F081C0A6F082C0A7F01D
:104B40004DD802EC4BF001C09EF002C09FF0120065
:104B500002C0A1F003C0A2F004C0A3F0A4C067F09B
:104B6000A5C068F0A6C069F0A7C06AF0A0C06BF04D
:104B7000A1C06CF0A2C06DF0A3C06EF0120003C023
:104B8000A2F004C0A3F012009EC067F09FC068F0BE
:104B9000000E68BFFF0E696F6A6F010C01C0A0F0C4
:104BA00002C0A1F0120067C0E6FF68C0E6FF69C05E
:104BB000E6FF6AC0E6FF1200A0C0E6FFA1C0E6FF64
:104BC000A2C0E6FFA3C0E6FF120067C0A4F068C061
:104BD000A5F069C0A6F06AC0A7F01200A4C0E6FF65
:104BE000A5C0E6FFA6C0E6FFA7C0E6FF12006A6FF9
:104BF0007BD0D00E676F220E686F010E696F1200B6
:104C00001E0E676FBE0E686F000E696F1200120EE7
:104C1000676F130E686F010E696F1200BC0E676F2D
:104C20000E0E686F010E696F1200540E676FDE0E74
:104C3000686F000E696F1200AC0E676FB60E686F7A
:104C4000000E696F1200B80E676FF60E686F000EE7
:104C5000696F1200DE0E676F0B0E686F010E696FD1
:104C600012001A0E676FF50E686F000E696F120062
:104C7000C80E676FF70E686F000E696F1200840E22
:104C8000676FF70E686F000E696F1200D40E676FC2
:104C9000F40E686F000E696F1200400E676FF70E1A
:104CA000686F000E696F1200B80E676FE40E686FD0
:104CB000000E696F1200600E676FE70E686F000EDE
:104CC000696F1200FC0E676FF60E686F000E696F59
:104CD0001200380E676FE10E686F000E696F1200E8
:104CE000676B686B696B120000016A5189E0020A08
:104CF000E9E0010A8CE0070A91E0010A8FE0030A6B
:104D0000C5E0010A8BE00F0AB3E0020A80E0010A65
:104D100001E17DD71B0AD6E0010A87E0090AD2E04B
:104D2000010A8AE0030A8FE03A0ACCE0010A01E1B5
:104D30006ED7030A01E16BD7010A8CE0070A91E004
:104D4000010A9DE0030AA9E0010AAEE00E0AB3E001
:104D5000030AB1E0010AA8E01B0ABBE0710AB2E055
:104D6000030AB0E0010AAEE0070AACE0010AAAE0DB
:104D7000030AA8E0010AA6E00E0AA4E0030AA2E0E2
:104D8000010AA0E02B0A01E134D7110A01E169D739
:104D9000F10A98E0030A96E0070A94E0140A01E198
:104DA00059D7010A01E125D7030A01E122D798D793
:104DB000C7D8DA22DECF79F0DDCF7AF0C1D841EC66
:104DC00033F048EC43F0EF5000017C6FB9D8BED807
:104DD00048EC43F0EF507B6FEFC07DF0F0C07EF009
:104DE000790E766F68EC82F0000901E093D0790EBD
:104DF0006E6F746B756B6E51C8EC2BF048EC43F022
:104E0000EF50030F726F000E62EC90F000016E51D4
:104E1000D96EDA6ADECF6AF0DDCF6BF072C06CF06B
:104E200081EC82F0010E736F3FD0740E676F6E518C
:104E3000D96EDA6ADECF6FF0DDCF70F073516F2577
:104E4000D96E000E7021DA6EDF50686F6851696F9D
:104E50006A6B69C06AF0696B6751D96EDA6A695129
:104E6000DE1A6A51DD1A080E6D6F74D86AAF14D05D
:104E700001D012D06FD8D89069376A37210E6919DE
:104E80006B6F100E6A196C6F6751D96EDA6A6BC05E
:104E9000DEFF6CC0DDFF02D0675164D86D076D5135
:104EA000E4E101D0E2D7732B7251735DBEE301D010
:104EB000BCD76E518CEC2BF033D875C0DFFF6E5130
:104EC0008CEC2BF0DF2A6E518CEC2BF029D874C0BF
:104ED000DFFF6E518CEC2BF0DF2A6E518CEC2BF047
:104EE0001FD80D0EDF6E6E518CEC2BF0DF2A79C0CF
:104EF00068F07AC069F07BC06AF001D80BD0050079
:104F0000FA6E02014D51FD6E4E51FE6E4F51FF6E15
:104F1000FA50120015D81AD848EC43F0EF6A120084
:104F2000DF506F6F6E51D96EDA6ADECF70F0DDCF71
:104F300071F06F517025D96E000E7121DA6E12007A
:104F400020EE02F02950D9262A501200DA2200EE73
:104F500064F012006751D96EDA6ADECF69F0DDCFF6
:104F60006AF01200D96EDA6AD890DE36DD361200A9
:104F70005BEC90F067C07BF068C07CF0AED88ED858
:104F8000C80EDE6EDD6A20EE27F088D86E0EB5D82A
:104F900085D8B40EDE6EBAD881D8B40EA9D87ED822
:104FA000010EDE6E80D87AD882D878D8010EDF6EF6
:104FB00098D8D3EC60F01AEC8EF067C07BF068C034
:104FC0007CF08BD86BD82C0EDE6E010E9BD866D889
:104FD000640E93D863D8960EDE6E98D85FD8FA0E1A
:104FE00087D85CD8DE6A5FD859D861D857D8DF6ACD
:104FF00078D8D3EC60F026EC8EF067C07BF068C008
:105000007CF06BD84BD88A0EDE6E020E7BD846D869
:10501000300EDE6E020EDD6E20EE23F03FD87FD81C
:1050200020EE25F03BD87BD820EE2BF037D8010EB0
:10503000DE6E39D833D83BD831D8020EDF6E51D866
:10504000D3EC60F020EE38F029D8DE6ADD6A010189
:105050009E6B040EA96F060EAA6F5CD82FEC7BF036
:105060002DD8F66B8FEC46F0C2EC90F067C06AF07A
:1050700068C06BF06D6B6C6B6F6B570E6E6F2EECC8
:1050800086F07A6B7A2B0E0E7A65FCD70101B2811D
:10509000010E7F6F49EC1DF0000012007B51D926F4
:1050A0007C51DA221200DD6A20EE2DF01200580E3B
:1050B000DE6E020EDD6E20EE3AF0020C020EC36FC1
:1050C000C46B080EBD6F640EBE6FFD0EBF6FC0696E
:1050D000CC6B140ECB6F0001140C000120EE29F0F4
:1050E00012007BC067F07CC068F06A6B696B1200CD
:1050F000DE6EDD6A20EE2BF01200DE6EDD6A20EE41
:1051000023F01200DD6E20EE27F01200DD6A20EEA3
:1051100025F012003D6A3E6A3F6A406AF80C440E70
:10512000DE6E020EDD6E020C00017A6F7A511FE016
:10513000836B846B000E736F030E746FD89083358E
:10514000D96E8435DA6ED890D936DA367351D926CD
:105150007451DA22B9D8834B842B84BFEBD78451A6
:1051600003E10B0E835DE6E301018A6B000C010194
:105170008A51040D000EF324D96E030EF420DA6E6A
:10518000A3D86FC07BF070C07CF071C07DF072C09E
:105190007EF06FC07FF070C080F071C081F072C08F
:1051A00082F08A2B090E8A6501D08A6B0001896B17
:1051B0008A6B79D8DE507B5DDE507C59DE507D599C
:1051C0007E51800A796FDE50800A795909E26BD8E6
:1051D000DECF7BF0DECF7CF0DECF7DF0DECF7EF069
:1051E00062D87F51DE5C8051DE588151DE58DE503E
:1051F000800A796F8251800A795909E254D8DECF4A
:105200007FF0DECF80F0DECF81F0DECF82F0894B01
:105210008A2B8ABFCED78A5103E10A0E895DC9E382
:105220007F517B5D676F80517C59686F81517D59DB
:10523000696F82517E596A6F51EC78F067C085F0D2
:1052400068C086F069C087F06AC088F088BF09D05E
:105250008851871105E1C00E855D5D0E865901E319
:10526000000C88BF09D08851871105E1E00E855DEB
:105270002E0E865901E3010C88BF09D08851871191
:1052800005E1700E855D170E865901E3020C88BF9B
:10529000040C8851871105E1B80E855D0B0E865907
:1052A00001E3030C040C000E736F030E746FD890AF
:1052B0008935D96E8A35DA6ED890D936DA36735197
:1052C000D9267451DA2212006FC0DEFF70C0DEFFF3
:1052D00071C0DEFF72C0DEFF120064D0B6D8EAEF04
:1052E00090F0B3D83CEF5DF0B0D8ADEF84F0ADD81E
:1052F000FFEF8CF0BFD8E06FB8D8E16FF6EF65F044
:10530000B9D89A6FB2D89B6F3DEF8EF0B3D89A6F31
:10531000ACD89B6FB6EF47F0ADD89A6FA6D89B6F0D
:105320003FEF2AF0A7D89A6FA0D89B6FBDEF62F02D
:10533000A1D89A6F9AD89B6F7FEF5AF09BD89A6F3B
:1053400094D89B6F84EF2FF080D85AEF8DF0010135
:1053500085D8DECF9AF0DDCF9BF0B5EF8EF001015E
:105360007DD8DECF9AF0DDCF9BF068EF90F082D849
:10537000676F7BD8686FACEF7EF07CD8676F75D8AD
:10538000686F18EF8AF076D8976F6FD8986F21EF13
:1053900091F0E6C16EF0E7C16FF0AAEF86F055D844
:1053A00066EF8CF0E6C1D9FFE7C1DAFFDF5002E11A
:1053B00025EF71F0010AD8B41200030A02E10EEFE2
:1053C00042F0010AECE0070A89E0140A02E1ACEFBE
:1053D0008CF0080A02E159EF8FF0380A02E105EF7C
:1053E0005EF0100AD6E0710A01E17BD7030A01E101
:1053F0007BD7010A01E17BD7070A01E17BD7010ACC
:1054000001E17ED7030A82E0010A86E00E0A8AE003
:10541000030A8EE0010A92E01A0AD8B41200310A97
:10542000D8B41200010AA9E0100AD8B41200F10A97
:105430008BE0030A8CE0070A92E0140AD8B4120049
:10544000010AA1E0030A93E01200010120EE01F03D
:10545000E651D926E751DA22DF50120020EE01F0A2
:10546000E651D926E751DA221200000E0101E721A8
:1054700000011200010E0101E62500011200C0D852
:1054800076EC78F06AC0A6F06BC0A7F00001A651D8
:10549000A71104E1B5D88A6F020E4FD0040E9A25E9
:1054A000A0D87DEC4FF081C0A2F082C0A3F09A2971
:1054B00098D87DEC4FF081C0A4F082C0A5F0A4C0C4
:1054C0006FF0A5C070F0A2C071F0A3C072F0A6C0CA
:1054D00073F0A7C074F0766B22EC30F028E201D0B4
:1054E00026D010EC30F06E6B5ED808E301D006D009
:1054F00069D804E301D002D0010E6E6F6E5100092D
:1055000016E001D014D019EC30F06E6B4CD808E3E3
:1055100001D006D057D804E301D002D0010E6E6F3F
:105520006E51000904E001D002D0010E766F765171
:10553000000905E165D88A6F030E8B6F31D020EE2C
:105540003AF064D8020EDE18010ED8A4000EA16F46
:10555000A15105E1A4C09DF0A5C09EF004D0A2C059
:105560009DF0A3C09EF020EE23F050D89DC0DEFF3A
:105570009EC0DDFFA15105E1A2C09FF0A3C0A0F035
:1055800004D0A4C09FF0A5C0A0F020EE25F03ED826
:105590009FC0DEFFA0C0DDFF04EC8BF031D83BD80C
:1055A000470ECEEF81F020EE13F06951D9266A51F3
:1055B000DA22DE50675D6851800A6D6FDE50800A26
:1055C0006D59120020EE15F06951D9266A51DA2280
:1055D0006751DE5CDE50800A6D6F6851800A6D593C
:1055E0001200816F000E9B21826F20EE1FF0A651EA
:1055F000D926A751DA22DECF83F0DDCF84F0120066
:105600009AC0D9FF9BC0DAFFDF501200A651D926FD
:10561000A751DA22120000018A6F8B6B12007251BF
:105620007BD8030EDF6E7251D96EDA6ADECF73F06B
:10563000DDCF74F073C0D9FF74C0DAFF1B0EDF6ECC
:1056400056D8500EDF6E725167D8DF2A50D8DF6A05
:10565000725162D8DF2A4BD8DF6872515DD843ECB3
:1056600035F072C06DF0A5D86A6B9BD803E008D006
:1056700001D006D06A2B050E6A65F7D701D0F5D7A1
:10568000716B67D8712B050E7165FBD701D0F9D707
:105690006D5142D846D840D848D857D83DD8DF2A8F
:1056A0006D513AD842D879D837D8DF2A20D8010EA0
:1056B000DF6E725131D8DF2A1AD8640EDF6E725154
:1056C0002BD8DF2A72513EEC35F048EC43F0EF6AFC
:1056D00072515ED848EC43F072511ED8DF50FD0F76
:1056E000EF6E725119D8640EDF60010C000C72511C
:1056F000D96EDA6A020ED926DF50736F7251D96EF5
:10570000DA6ADECF74F0DDCF75F073517425D96E8F
:10571000000E7521DA6E1200D96EDA6A020ED926F1
:10572000020C060EDF266D511200DF506E6F6D51B8
:10573000D96EDA6ADECF6FF0DDCF70F06E516F2573
:10574000D96E000E7021DA6E1200CA0EDF6E6D5136
:10575000120071516B25D96E000E6C21DA6E6D51FD
:10576000E96EEA6AEECF6EF0EDCF6FF06D51E96E43
:10577000EA6A020EE926EF506E27000E6F23715180
:105780006E25E96E000E6F21EA6EDFCFEFFF12008B
:10579000D96EDA6A00EE02F01200FE0EDF6E6D5175
:1057A00012006A516725D96E000E6821DA6EDE2874
:1057B00012006BC067F06CC068F01200939A8A9A6E
:1057C0001A0E0001766FF80EE82EFED7762FFCD762
:1057D00000008A8A200E0001766F290EE82EFED77F
:1057E000762FFCD700D0C00E00019AD8300E44ECC2
:1057F0008BF0C00E95D8370E44EC8BF0C00E90D8CD
:10580000360E44EC8BF0A3D83F0E716F300E44EC93
:105810008BF09DD83F0E716F370E44EC8BF097D80C
:10582000280E716F360E44EC8BF06DD8300E44ECC0
:105830008BF069D8370E44EC8BF065D8360E44EC0B
:105840008BF07AD8300E44EC8BF076D8370E44ECDF
:105850008BF072D8360E44EC8BF068D8300E44ECE6
:105860008BF064D8370E44EC8BF060D8360E44ECE5
:105870008BF0010E736F300E34EC8BF0010E736FF2
:10588000370E34EC8BF0010E736F360E34EC8BF068
:1058900033D8300E44EC8BF02FD8370E44EC8BF01D
:1058A0002BD8360E44EC8BF0776B34D8300E44ECAA
:1058B0008BF030D8370E44EC8BF02CD8360E44ECFD
:1058C0008BF0772B170E7765F0D7180E776F400E99
:1058D00039D8300E44EC8BF0400E34D8370E44ECFF
:1058E0008BF0400E2FD8360E44EC8BF0772B9B0EAE
:1058F0007765EDD700009B0CC00E6F6F090E706FBF
:10590000030E716F030CC00E6F6F040E706FEB0E01
:10591000716FEB0C400E6F6F77C070F0716B400CC5
:105920006F6F060E706F020E716F020CC00E6F6FFC
:10593000706B400E716F400CC00E6F6F010E706F78
:10594000716B010C6F6F77C070F071691200C00E3F
:105950006F6F050E706F050CF00EF66EE10EF76EB0
:10596000000EF86E05EE82F020EE5AF00900F5CF39
:10597000EEFFDD50D950FAE1380EF66E040EF76EE8
:10598000010EF86E04EE72F020EE33F00900F5CF50
:10599000EEFFDD50D950FAE1C80EF66E150EF76E27
:1059A000010EF86E03EEB3F020EE20F00900F5CF03
:1059B000EEFFDD50D950FAE1080EF66EE80EF76EF4
:1059C000000EF86E02EEACF020EE52F00900F5CFBA
:1059D000EEFFDD50D950FAE19A0EF66E220EF76E08
:1059E000010EF86E01EEF4F020EE06F00900F5CF9E
:1059F000EEFFDD50D950FAE1260EF66E230EF76E5B
:105A0000010EF86E0900F5CFF7F00900F5CFF8F0B8
:105A10000DEE00F0D60EEE6AE806FDE10CEE00F0A9
:105A2000FA0EEE6AE806FDE10BEE00F0FA0EEE6A01
:105A3000E806FDE10AEE00F0B40EEE6AE806FDE1CC
:105A400009EE00F0FA0EEE6AE806FDE108EE00F05D
:105A500021EE00F0EE6ADD50D950FCE1DA50FAE1B7
:105A600007EE00F0C90EEE6AE806FDE106EE00F072
:105A7000BB0EEE6AE806FDE105EE00F0820EEE6A6E
:105A8000E806FDE104EE00F0720EEE6AE806FDE1C4
:105A900003EE00F0B30EEE6AE806FDE102EE00F060
:105AA000AC0EEE6AE806FDE101EE00F0CF0EEE6A04
:105AB000E806FDE100EEE6F0110EEE6AE806FDE113
:105AC00000EE21F0210EEE6AE806FDE100011EEF76
:105AD0004DF0E7C1D9FFE8C1DAFFDECFE8F1DDCF55
:105AE000E9F1B05105E1ABD800EC90F00AEC69F0B7
:105AF0000001686B080E676F97D86751691906E156
:105B000068516A1901E002D0010E01D0000E0009AF
:105B100014E0706B010E00EC90F09A0E7C6F240E76
:105B20007D6F78D8F6EC8DF0010E0201B06F0201A6
:105B3000AD6BAE6B0AEC69F058D0686B040E676F02
:105B400073D86751691906E168516A1901E002D0FA
:105B5000010E01D0000E000911E0706B010E00EC87
:105B600090F07F0E7C6F240E7D6F54D8F6EC8DF094
:105B70000201B06B64D800EC90F0D9D7010E686FC9
:105B8000676B52D86751691906E168516A1901E0DB
:105B900002D0010E01D0000E000927E04AD8B0194A
:105BA0000EE0B0B103D00101B29102D00101B28187
:105BB000010E8CEC90F02DEC91F049EC1DF0E3C15E
:105BC000E6FFE4C1E6FFE5C1E6FFE6C1E6FF22EE3F
:105BD000CBF001D80AD00500FA6EDE50FD6EDE5023
:105BE000FE6EDE50FF6EFA5012000201B051D8B4C2
:105BF0001200AF510101AF19D8B4120020D800EC47
:105C000090F0CAEC7EF00BD8FBEC3DF0F6EC8DF09A
:105C10000AEF69F0010E7E6F7F6F806B010C67C029
:105C20007CF068C07DF01200E8C169F0E9C16AF05B
:105C300012000101010EB2A1000E020112000001CA
:105C4000706B020CC851C45DC951C559CA51C659BF
:105C5000CB51C75908E3D10E9E6F220E92D82F0E5A
:105C600097D80DEC84F0CCC0D9FFCDC0DAFFDE5060
:105C7000DE10DE1009E14A0E00019E6F220E81D86F
:105C8000300E86D80DEC84F0000120EE03F086D8AB
:105C900008E19D0E9E6F220E74D8310E79D80DEC5E
:105CA00084F0000120EE06F079D808E1820E9E6FA4
:105CB000220E67D8320E6CD80DEC84F0000120EE75
:105CC00009F06CD808E12D0E9E6F220E5AD8330EC3
:105CD0005FD80DEC84F0C4C06EF3C5C06FF3C6C0CE
:105CE00070F3C7C071F33A0E0301726F350E736F14
:105CF000000E746FC8C07FF0C9C080F0CAC081F0C8
:105D0000CBC082F0C4C083F0C5C084F0C6C085F0AB
:105D1000C7C086F071EC63F07FC02BF280C02CF21C
:105D200081C02DF282C02EF2CCC05EF1CDC05FF1F9
:105D300001015C6B5D6B0201276B286B296B2A6B81
:105D40004F0E0101AB25256E000EAC21266E000E14
:105D50000001BD6F080EBE6FC06B800EBF6F0101EA
:105D600020EE09F0E5EC1BF0DECFC1F0DECFC2F093
:105D7000DDCFC3F024EC7AF06E0EC46F030EC56F56
:105D800012009F6F310EA06F230EA16FA36B120044
:105D9000A26F8F0EA46F230EA56F1200CC51D926CF
:105DA000CD51DA22DE50DE10DE10120020EE38F087
:105DB00097D8DFAE16D020EE39F092D8DFB211D0EE
:105DC00077D8C15D92D8C25995D8C35998D8C459CB
:105DD0007BD893C0BDF194C0BEF195C0BFF196C011
:105DE000C0F120EE39F07CD8DFA216D020EE38F0DA
:105DF00077D8DFBE11D05CD8BD5D77D8BE597AD8D0
:105E0000BF597DD8C05960D893C0C1F194C0C2F1C8
:105E100095C0C3F196C0C4F13D500101C15D306F22
:105E20003E50C259316F3F50C359326F4050C45930
:105E3000336F30C17FF031C180F032C181F033C1A6
:105E400082F02C0E0001836F010E2BEC41F0D3EC9D
:105E500048F07FC030F180C031F181C032F182C0A2
:105E600033F13D500101BD5D2C6F3E50BE592D6F89
:105E70003F50BF592E6F4050C0592F6F2CC17FF03B
:105E80002DC180F02EC181F02FC182F0D40E00010F
:105E9000836FFE0E846F85698669D3EC48F07FC0FE
:105EA0002CF180C02DF181C02EF182C02FF11200A3
:105EB000D8903D348F6F3E34906F3F34916F4034B3
:105EC000926F8F51010112000001966F931F941F72
:105ED000951F961F932B000E942395239623000C59
:105EE0008D51D9268E51DA2212000001936F905104
:105EF000010112000001946F915101011200000193
:105F0000956F92510101120085D876EC78F06AC045
:105F1000A0F06BC0A1F00001A051A11104E17AD85A
:105F20008A6F020E50D09A2966D87DEC4FF081C05E
:105F30009CF082C09DF0040E9A255DD87DEC4FF058
:105F400081C09EF082C09FF09CC06FF09DC070F039
:105F50009EC071F09FC072F0A0C073F0A1C074F039
:105F6000766B70D82AE201D028D05AD86E6BD3EC69
:105F70002AF009E301D007D0E2EC2AF004E301D0D3
:105F800002D0010E6E6F6E51000917E001D015D0DE
:105F900050D86E6BD3EC2AF009E301D007D0E2ECC5
:105FA0002AF004E301D002D0010E6E6F6E51000999
:105FB00004E001D002D0010E766F7651000905E1B0
:105FC00029D88A6F030E8B6F13D020EE27F043D8A9
:105FD0009CC0DEFF9DC0DDFF20EE29F03CD89EC0B6
:105FE000DEFF9FC0DDFF04EC8BF014D80BEC2BF030
:105FF0004B0ECEEF81F0816F000E9B21826F20EE61
:106000001FF0A051D926A151DA22DECF83F0DDCFD7
:1060100084F012009AC0D9FF9BC0DAFFDF50120053
:106020006FC067F070C068F073C069F074C06AF048
:10603000120071C067F072C068F073C069F074C07C
:106040006AF0120071516F5D7051800A756F725164
:10605000800A75591200A051D926A151DA221200E6
:10606000A0D8DE6ADD6A6EC067F06FC068F07B0E94
:10607000696FACEC71F067C082F068C083F082C0D9
:1060800067F083C068F06EC069F06FC06AF07CD8BA
:1060900067C07EF068C07FF07E51725D7F5173599A
:1060A00001E21200030E766F776B8251765F8351A7
:1060B000775B7CD87651DE267751DD2272D8DFCF30
:1060C00076F0DE2ADFCF77F0000EDD226FD8DECF4C
:1060D00078F0DDCF79F076517825D96E7751792136
:1060E000DA6EAA0EDF6E806B816B20D080517B0F41
:1060F000D96EDA6A74C0E9FF75C0EAFFEFCF76F0B7
:10610000EE2AEFCF77F0000EED2270C0E9FF71C0EC
:10611000EAFFEECF78F0EDCF79F076517825E96E91
:1061200077517921C6EC70F0804B812B8251805DD4
:1061300083518159DBE335D86E51DE266F51DD2264
:1061400035D8DECF67F0DDCF68F02BD8DECF69F031
:10615000DDCF6AF05CEC85F0766F23D8DECF77F088
:10616000DDCF78F023D8DECF79F0DDCF7AF077512C
:106170007925D96E78517A21DA6E76C0DFFF11D891
:10618000DE2A000EDD22000C695167256B6F6A5113
:1061900068216C6F020E6B25676F000E6C21686FB3
:1061A000120074C0D9FF75C0DAFF120070C0D9FFA9
:1061B00071C0DAFF12000101DD51070ED8A4090EEB
:1061C00081D8F5CFEBF10A00F5CFECF1F1C067F023
:1061D000F2C068F08ED801D80DD00500FA6E090023
:1061E000F550FD6E0900F550FE6E0900F550FF6E8A
:1061F000FA50120067C0EDF168C0EEF10101EB51F9
:10620000DB03F3CFE2F1F4CFE3F1DC03F350E32758
:10621000EC51DB03F350E32771D8DECFE4F1DDCF9F
:10622000E5F1E451E225EF6FE351E521F06FE86A13
:10623000E836E3BFE806F16FE86AF1BFE806F26FFF
:10624000030E40D8F5CFE4F14AD8E651EF5DE751AF
:10625000F059E851F159F251800AEA6FE951800A88
:10626000EA5902E2030E13D0050E2CD8F5CFE4F163
:1062700036D8EF51E65DF051E759F151E859E9514F
:10628000800AEA6FF251800AEA590DE2050E1AD827
:10629000F5CFE4F10900F5CFE5F1E4C1EFF1E5C197
:1062A000F0F1F16BF26B2AD8EFC1DEFFF0C1DDFF38
:1062B000DEC1D5F1DFC1D6F1E0C1D7F1E1C1D8F13E
:1062C000F6EF7AF02B24E26F000E2C20E36FE2C190
:1062D000F6FFE3C1F7FF000EF86E09001200090097
:1062E000F5CFE5F1E451E66FE551E76FE86BE96B57
:1062F00012002BC0F6FF2CC0F7FF1200EDC1D9FF32
:10630000EEC1DAFF1200DBC1D9FFDCC1DAFFDFAE7C
:10631000000CF3C067F0F4C068F0BFEC89F000092E
:1063200001E180D0000E0FEC6EF067C0E7F168C0AD
:10633000E8F120EE33F0F6EC3DF000EE04F048EC2E
:1063400043F0EECFE9F1EDCFEAF10101EF6BF06B35
:1063500040D0000120EE0DF0F6EC3DF072D80101C6
:10636000E751EF5DE36FE851F059E46FE951E30362
:10637000F3CFE5F1F4CFE6F1E403F350E627EA5179
:10638000E303F350E627E151E525EB6FE251E62107
:10639000EC6F52D8EBC1A9F0ECC1AAF09FEC41F030
:1063A000A7C0EDF1A8C0EEF17F0E95EC37F0EFC17C
:1063B00077F0F0C178F0EDC179F0EEC17AF07C6B46
:1063C000000E7B6FA4EC37F098EC44F00101EF4B2A
:1063D000F02B29D8BEE3EF6BF06B18D08AEC37F0C6
:1063E00035D874EC37F07FEC3EF0D89001012ED810
:1063F000DA6E770ED926020EDA2223D8E1C1D9FF50
:10640000E2C1DAFF90EC37F0EF4BF02B0CD8E6E36B
:10641000DDC1D5F1DEC1D6F1DFC1D7F1E0C1D8F1E0
:10642000F6EC7AF0010C2D50EF5DF051800AE16F2F
:106430002E50800AE1591200F3C0A7F0F4C0A8F072
:106440001200DECFE1F1DDCFE2F11200EF35D96EBF
:10645000F035120000016A6F66D0280E676F230EB8
:10646000686F010E696F12009E0E676FDA0E686F1B
:10647000000E696F12007E0E676F1D0E686F010EB1
:10648000696F1200E80E676F180E686F010E696F72
:106490001200300E676FF30E686F000E696F120006
:1064A000660E676F050E686F010E696F12003E0E73
:1064B000676F010E686F010E696F12003E0E676F05
:1064C000DA0E686F000E696F1200940E676FF80E97
:1064D000686F000E696F1200E40E676F1A0E686F26
:1064E000010E696F1200180E676F1A0E686F010EA9
:1064F000696F1200060E676F010E686F010E696FFB
:106500001200980E676FA10E686F000E696F12007F
:10651000520E676F140E686F010E696F1200676B81
:10652000686B696B120000016A5197E0010A9CE0F8
:10653000030A93E0010A9FE0070A9DE0140A8DE038
:10654000080A8BE0380A89E0100AE2E0710A93E059
:10655000030A91E0010A96E0070A9BE0010AA0E025
:10656000030AA5E0010AAAE00E0AAFE0030AADE0C3
:10657000010AA4E01A0AC5E0310ABCE0010A89E078
:10658000100AB8E0F10A01E176D7030AA5E0070A8C
:10659000A3E0140AAFE0010AADE0030AA4E0BFD70C
:1065A00020EE33F072D800EE09F048EC43F0EE50E4
:1065B000EE10EE1044E020EE0BF067D86BD865D8F3
:1065C00087D876D85ED848EC43F0EF50A16FA26B25
:1065D00020EE33F05AD800EE09F048EC43F001D831
:1065E0000AD00500FA6EEE50FD6EEE50FE6EEE50D3
:1065F000FF6EFA50120020EE0DF047D864D820EE5E
:106600000BF043D847D841D863D8A26B020EA16FD4
:1066100020EE33F03AD800EE09F048EC43F001D810
:106620000AD00500FA6EEE50FD6EEE50FE6EEE5092
:10663000FF6EFA50120020EE0FF027D844D020EE63
:106640000BF023D82ED821D848D832D81AD848EC05
:1066500043F0EF507F6F806B36EC5AF020EE0DF078
:1066600014D82CD820EE0BF010D81BD80ED835D863
:10667000806B020E7F6F36EC5AF020EE0FF005D8DB
:106680001DD0DA2200EE03F01200A551D926A65142
:10669000DA221200DECF9DF0DDCF9EF020EE1FF05B
:1066A0001200DECF7BF0DDCF7CF020EE1FF0120079
:1066B00020EE36F0A551D926A65112007BC0DEFF90
:1066C0007CC0DDFF12009DC0DEFF9EC0DDFF12001A
:1066D000DECF9FF0DDCFA0F01200DECF7DF0DDCF6A
:1066E0007EF01200010EB1EC7DF096EC8DF0000909
:1066F00002E00AEF69F029EC91F0000904E07FEC78
:106700005DF00AEF69F0D16BD26B75D0D890D135BE
:10671000D96ED235DA6EA6EC4BF0DECFD3F1DDCFF9
:10672000D4F120EE33F072D8DECFCFF1DDCFD0F14F
:10673000CFC1D9FFD0C1DAFFDF5012EC70F0D3C166
:1067400067F0D4C168F0BFEC89F0000942E0D3C122
:1067500069F0D4C16AF09BEC85F0000907E0D3C171
:1067600086F0D4C187F0ECEC49F042D0010120EE74
:106770003CF04CD8DFA211D020EE3BF047D8DFB67A
:106780000CD0B45135E1D3C1D4F0D4C1D5F00CEC68
:106790008CF041D838EC76F02BD0D3C169F0D4C15D
:1067A0006AF08AEC8DF0000907E0D3C186F0D4C10D
:1067B00087F070EC51F01CD0010120EE3BF026D8A0
:1067C000DFA2E1D7D3C1D6F0D4C1D7F07FEC74F00B
:1067D0000FD0D3C167F0D4C168F09BEC89F00009F9
:1067E00004E119D838EC76F003D00101B451B7E1D7
:1067F0000101D14BD22BA551D15DD251800ACF6F6F
:10680000A651800ACF5982E30AEF69F0D351D92605
:10681000D451DA221200D3C1D6F0D4C1D7F012007D
:106820004E6A4F6A506A4EC042F04FC043F0000EAD
:106830005024D96EDA6A010EDA22DF50446ED3ECAE
:106840007AF042C04EF043C04FF0502A0D0E506413
:10685000EAD74E504F107BE101C151F004C101F164
:1068600051C004F102C151F003C102F151C003F162
:1068700001C142F002C143F003C144F004C145F03C
:1068800051EC79F042C001F143C002F144C003F180
:1068900045C004F1E66AE66AC80EE66E420EE66E90
:1068A00001C1E6FF02C1E6FF03C1E6FF04C1E6FF46
:1068B00061EC12F001C0E6FF02C0E6FF03C0E6FF94
:1068C00004C0E6FF02EC4BF001C05AF102C05BF1DC
:1068D00006C151F009C106F151C009F107C151F0DB
:1068E00008C107F151C008F106C142F007C143F0E9
:1068F00008C144F009C145F051EC79F042C006F1FD
:1069000043C007F144C008F145C009F1E66AE66AF0
:10691000C80EE66E420EE66E06C1E6FF07C1E6FF50
:1069200008C1E6FF09C1E6FF61EC12F001C0E6FF15
:1069300002C0E6FF03C0E6FF04C0E6FF02EC4BF036
:1069400001C058F102C059F10101876B04D0010E5A
:106950000101876F00000000120072518CEC2BF0D7
:10696000030EDF6E7251D96EDA6ADECF73F0DDCFBF
:1069700074F073C0D9FF74C0DAFF1B0EDF6E69D8E4
:10698000510EDF6E72518CEC2BF0DF2A62D8DF6A79
:1069900072518CEC2BF0DF2A5CD8DF6872518CECE2
:1069A0002BF071D872C06DF0D9EC2BF06A6BD1EC82
:1069B0002BF003E008D001D006D06A2B050E6A65E3
:1069C000F6D701D0F4D7716BA9EC2BF0712B050E23
:1069D0007165FAD701D0F8D76D518CEC2BF091ECA2
:1069E0002BF08CEC2BF095EC2BF0A5EC2BF08CEC39
:1069F0002BF0DF2A6D518CEC2BF095EC2BF0CDECCD
:106A00002BF08CEC2BF0DF2A24D8010EDF6E7251B4
:106A10008CEC2BF0DF2A1DD8F9C1DFFF72518CEC12
:106A20002BF0DF2A72512AD848EC43F0EF6A7251FA
:106A3000C8EC2BF048EC43F072518CEC2BF0DF509B
:106A4000FD0FEF6E72518CEC2BF0640EDF60010CC9
:106A5000000C7251D96EDA6A020ED926DF50736FBC
:106A60007251D96EDA6ADECF74F0DDCF75F07351F2
:106A70007425D96E000E7521DA6E1200D96EDA6AAD
:106A800000EE01F01200DF2AADC16BF0AEC16CF078
:106A900012006AC067F06BC068F01BEC8CF0706F7E
:106AA000756B0101AAA50BD0000120EE3BF06A51E5
:106AB000D9266B51DA22DFA602D0010E756F0001D4
:106AC0007551010ED8B4000E716F6AC067F06BC0CB
:106AD00068F09EEC8CF0726F6FD8DFA0000E736FC1
:106AE0006BD8DFA2000E746F766B776B44D0D890B2
:106AF0007635D96E773523EC5CF0DECF78F0DDCFDC
:106B000079F078C067F079C068F09BEC89F00009F3
:106B100030E0715112E03BD8DFA80FD06C517619EC
:106B20000BE16D51771908E120EE3CF07851D92640
:106B30007951DA22DF8001D037D86AC067F06BC0A4
:106B400068F09BEC89F0000914E0705103E01FD855
:106B5000DFB02AD8725103E01AD8DFB225D87351BA
:106B600003E015D8DFB420D8745103E010D8DFB6A5
:106B70001BD8764B772B0101A5510001765D77512B
:106B8000800A6E6F1EEC75F06E59B1E312006C5105
:106B900078256E6F6D5179216F6F500E6E25D96E0D
:106BA000000E6F21DA6E120020EE3CF07851D926EB
:106BB0007951DA22DF82120020EE38F06A51D926AC
:106BC0006B51DA22010CFACF52F0FBCF53F0E9CF30
:106BD00054F0EACF55F0E1CF56F0E2CF57F0D9CFDD
:106BE00058F0DACF59F0F3CF5AF0F4CF5BF0F6CF8C
:106BF0005CF0F7CF5DF0F8CF5EF0F5CF5FF01EEE02
:106C000042F000EE01F0100EEECFE6FFE82CFCD7CC
:106C100015C0E6FF00EE19F0080EEECFE6FFE82CF7
:106C2000FCD7A0B6A1A60DD001D80BD00500FA6EF6
:106C300001014F51FD6E5051FE6E5151FF6EFA50E1
:106C400012009DB69EA60DD001D80BD00500FA6E9D
:106C500001014C51FD6E4D51FE6E4E51FF6EFA50CA
:106C60001200F2BAF2A402D0D3EC8AF0A0B2A1A230
:106C700002D06AEC84F0B9B4BAA402D0C2EC8AF0B3
:106C8000B9B8BAA802D0B1EC8AF09DBA9EAA02D0D7
:106C9000C7EC5AF0A3BAA4AA02D011EC59F0E552FD
:106CA00000EE20F0080EE5CFEDFFE82CFCD7E5CF95
:106CB00015F000EE10F0100EE5CFEDFFE82CFCD73C
:106CC0005FC0F5FF5EC0F8FF5DC0F7FF5CC0F6FF78
:106CD0005BC0F4FF5AC0F3FF59C0DAFF58C0D9FFB8
:106CE00057C0E2FF56C0E1FF55C0EAFF54C0E9FFBC
:106CF00053C0FBFF52C0FAFF1100F10E0001756F87
:106D0000010E766FB6EC6FF075C0F2F176C0F3F15C
:106D1000010177D8DFA00AD0E6C167F0E7C168F0CB
:106D2000E8C169F0E9C16AF062EC8FF00101EB5152
:106D3000EC1108E0EBC1D9FFECC1DAFFF2C1DEFFD4
:106D4000F3C1DDFFED51EE1106E0EDC1D9FFEEC15B
:106D5000DAFFF1C1DFFF5CD8DE5015E1DE0413E19C
:106D6000F15111E04ED8DFB40ED04BD8DFB60BD0C6
:106D7000E6C1DBF1E7C1DCF1E8C1DDF1E9C1DEF13B
:106D8000C3EC84F0010C44D8DE04DE1005E040D8EA
:106D9000020EDE18DE101CE1F15103E132D8DFA44F
:106DA000010C2FD8DFB2010C33D8DE04DE1005E170
:106DB00034D8FF0E9BEC7FF0010C2AD8020EDE18AF
:106DC000DE10D8A4010C29D8010E9BEC7FF0010C39
:106DD0001FD8800EDE18DE1013E1EA5111E0F151E8
:106DE000D8B4010C0ED8DFB2010CE6C1DBF1E7C16B
:106DF000DCF1E8C1DDF1E9C1DEF1ABEC87F0010CBB
:106E0000000C20EE02F0F251D926F351DA221200E2
:106E1000F2C1D9FFF3C1DAFF1200E6C1E0F1E7C128
:106E2000E1F1E8C1E2F1E9C1E3F11200EAEC75F049
:106E3000B2C0E3F1B3C0E4F180D87F0ED926020ED0
:106E4000DA22DECFE1F1DDCFE2F1DB51E125E56FC2
:106E5000DC51E221E66F7F0E000167D872C177F046
:106E600073C178F0E5C179F0E6C17AF0E3C17BF057
:106E7000E4C17CF069D898EC44F00101E76FE75178
:106E80000DE148D87235D96E73352ED87FEC3EF0BF
:106E900054D8770E33D8000143D81AD0E86BE96B89
:106EA0000ED038D856D820D87FEC3EF0D8900101CB
:106EB00050D8DA6E770E22D833D8E84BE92B2D5014
:106EC000E85DE951800AE16F2E50800AE159E9E35B
:106ED00098EC87F0DDC1D5F1DEC1D6F1DFC1D7F185
:106EE000E0C1D8F1F6EF7AF0DA6E7F0ED926020E05
:106EF000DA22DECFABF0DDCFACF01200D926020EE5
:106F0000DA22DECFE1F1DDCFE2F1E1C1D9FFE2C16A
:106F1000DAFF1200F3C0A9F0F4C0AAF0D890120072
:106F2000A9C0DEFFAAC0DDFF1200736F020E746FEE
:106F30002DC075F02EC076F01200D8900101723588
:106F4000D96E7335DA6E120074C17DF075C17EF0B2
:106F50001200E835D96EE9351200270E7DD8B4C08D
:106F6000D9FFB5C0DAFF7ED8250EB225B86F6ED82E
:106F700064D8BF6B030EBE6F20EE22F07ED8DF50C8
:106F800015E0BF6B040EBE6F20EE3AF076D8020E0D
:106F9000DE1802E1230E06D0230EB225B86F56D8B4
:106FA0004CD8250E59D820EE04F047D8290E54D8D5
:106FB000BEC0BAF0BFC0BBF0D890BA37BB37BA5129
:106FC000B425BC6FBB51B521BD6FFE0EBC25D96E7B
:106FD000FF0EBD21DA6E46D8C06BC16B20D0B2C0A7
:106FE000A7F0B3C0A8F043D8B451D926B551DA22DE
:106FF000DECFB8F0DDCFB9F0B8C0D9FFB9C0DAFF45
:1070000073EC3EF09FEC41F032D8B651D926B7511F
:10701000DA22A7C0DEFFA8C0DDFFC04BC12BBE51E6
:10702000C05DC151800AB86FBF51800AB859D7E31B
:10703000BEC0B2F0BFC0B3F01200B451D926B551F2
:10704000DA22B8C0DEFFB9C0DDFF1200000EB321A6
:10705000B96F20EE02F01200B225B86F000EB32116
:10706000B96F1200B8C0DEFFB9C0DDFF1200D890C2
:10707000C035D96EC135DA6E1200B251D926B3517E
:10708000DA221200EF5115E1040EEE5D12E2E60E77
:1070900000019E6F210E9F6F5A0EA06F230EA16FED
:1070A000A36B2E0EA26F6C0EA46F230EA56F0DECBA
:1070B00084F0E8C1B5F0E9C1B6F0EAC1B7F0EBC1C0
:1070C000B8F070EC5CF0000901E012000301D96B2C
:1070D000DA6BE8C1AFF0E9C1B0F0D90E0001B16FD1
:1070E000030EB26FE5EC82F0AFC0D3F3B0C0D4F3BF
:1070F000D9C367F0DAC368F06729676F000E6821AB
:10710000686F67C0D5F368C0D6F36F0E676F020E65
:10711000686F0301D5510101E8250001696F030182
:10712000D6510101E92100016A6FD3C36BF0D4C3CA
:107130006CF009EC79F034D80101EC250001696F9D
:10714000000E0101ED2100016A6FFB0E0101EE2529
:1071500000016B6FFF0E0101EF2100016C6F88ECE5
:1071600072F006D0D7C3E6F1D8C3E7F16DEC29F091
:10717000CC0E00017B6F1A0E7C6F010E7D6F48EC08
:107180008EF067C07EF068C07FF0C4EC43F07BC037
:10719000D7F37CC0D8F30301D751D811E3E1120033
:1071A000670E676F020E686F040C746B726B7FD88A
:1071B000D96E6C516A21DA6E74516725E96E000E42
:1071C0006821EA6EEF506D6FD8906D37D8906D37AB
:1071D000D8906D35DF6E6BD86D6F6C516A216E6F14
:1071E0006D2959D86F6F050E706FD8906F33702F5F
:1071F000FCD76F51DF6E742B722B030E7265D7D7DD
:10720000716B5ED871513BD8100E6D25E96E000E82
:107210006E21EA6EDFCFEFFF742B712B030E7165C9
:10722000F0D7736B73512BD8080E6D2534D80F0B24
:10723000DF6E46D8DF506B6F6B3B0F0E6B176BA189
:107240000AD073511CD8080E6D25D96E000E6E2120
:10725000DA6E000EDB8E735112D8090E6D251BD825
:107260006F6F050E706FD8906F33702FFCD76F5112
:10727000DF6E742B732B030E7365D4D7030C6B6F07
:107280006C6BD8906B376C376B5169256D6F6C5197
:107290006A216E6F1200D96E000E6E21DA6E745183
:1072A0006725E96E000E6821EA6EEF5012007251F8
:1072B000020DF3CF6BF0F4CF6CF06B516925120027
:1072C00074516725D96E000E6821DA6E1200010133
:1072D000B2A112000001706B010E00EC90F0706B17
:1072E000020E00EC90F0000E706B00EC90F02D0E92
:1072F0007C6F240E66EC4DF0F6EC8DF0820E676F1D
:10730000B0C16AF0B1C16BF06CD869C068F0696B4C
:10731000683B0F0E6817681753D8D96EDA6A0800F1
:10732000F5CFDFFF6B510F0BD90FF66E200ED8B0E3
:10733000010FF76EF86A000EF8226751D96EDA6A0B
:10734000D92A0800F5CFDFFF4CD8040ED890693356
:107350006833E82EFBD70F0E681732D88CEC2BF071
:107360000800F5CFDFFF0F0E6A15686F29D834D8F3
:107370000800F5CFDFFF0101B2B106D0050E000114
:10738000866F240E876F04D0820E0001866F876B94
:1073900086C07CF087C07DF00AEC2EF0F6EC8DF014
:1073A0000AEC69F00201AD6BAE6B030E0001676F72
:1073B00067C0ACF20101B297B285100E8CEF90F06D
:1073C000696BD90E6825F66E200E6921F76EF86A92
:1073D000000EF82267511200D96EDA6A030ED92620
:1073E000030C6AC068F06BC069F012005BEC90F0AF
:1073F00067C0C7F068C0C8F026EC8EF067C0CAF05E
:1074000068C0CBF01AEC8EF067C0CCF068C0CDF04D
:107410000001C56B0101945108E0CAC067F0CBC000
:1074200068F057EC8CF0000903E0010E0001C56F15
:10743000C66B0101935108E0CCC067F0CDC068F085
:1074400057EC8CF0000903E0010E0001C66F010E3D
:107450000101946F936FCAC067F0CBC068F004EC71
:1074600086F0CCC067F0CDC068F004EC86F0C7C0F1
:1074700067F0C8C068F057EC8CF00009010ED8A482
:10748000000EC46FCAC0B8F0CBC0B9F0C0C0BAF02B
:10749000C1C0BBF0C4C0BCF020EE19F0C751D92662
:1074A000C851DA22DECFBDF0DDCFBEF0C5C0BFF0DF
:1074B00005EC78F0CCC0B8F0CDC0B9F0C2C0BAF0DD
:1074C000C3C0BBF0010EBC6FC2C0BDF0C3C0BEF0F4
:1074D000C6C0BFF005EC78F011D8C96FCAC06BF018
:1074E000CBC06CF0C9C06DF079EC50F0CCC06BF043
:1074F000CDC06CF0C9C06DF079EF50F00101010E04
:10750000AAA1000E00011200E7C1D9FFE8C1DAFF0D
:10751000DECFE8F1DDCFE9F10001686B100E76D81F
:107520006751691906E168516A1901E002D0010E3C
:1075300001D0000E00090CE022EEC8F00500FA6E42
:10754000DE50FD6EDE50FE6EDE50FF6EFA50120011
:10755000686B200E5BD86751691906E168516A199A
:1075600001E002D0010E01D0000E00090CE022EE75
:10757000D1F00500FA6EDE50FD6EDE50FE6EDE507C
:10758000FF6EFA501200686B400E40D867516919BF
:1075900006E168516A1901E002D0010E01D0000E27
:1075A00000090CE022EEDAF00500FA6EDE50FD6E06
:1075B000DE50FE6EDE50FF6EFA501200010E686F54
:1075C000676BE8C169F0E9C16AF06751691906E1C2
:1075D00068516A1901E002D0010E01D0000E0009C5
:1075E000D8B41200E3C1E6FFE4C1E6FFE5C1E6FF5F
:1075F000E6C1E6FF22EEC2F00500FA6EDE50FD6E37
:10760000DE50FE6EDE50FF6EFA501200676FE8C16A
:1076100069F0E9C16AF012006F6F00016F511CE060
:107620006AAF1AD067C06BF068C06CF069C06DF0CB
:107630006AC06EF06B1F6C1F6D1F6E1F6B2B000EF0
:107640006C236D236E236BC071F06CC072F06DC043
:1076500073F06EC074F008D067C071F068C072F04B
:1076600069C073F06AC074F06751681169116A11DA
:1076700005E1676B686B696B6A6B1200960E706F41
:1076800002D0702B4AD86B6B6C6B6D6BFE0E741551
:107690003ED808E0F6D7702B712B000E72237323AF
:1076A00074233BD86B6B6C6B6D6B745130D807E0F7
:1076B000F2D77007D890713772377337743773BF4A
:1076C00003D0020E7061F5D770A1739FD89070330C
:1076D00070C06BF06C6B6D6B6E6B6BC06EF06D6B36
:1076E0006C6B6B6B6B5171136C5172136D51731327
:1076F0006E5174136F5102E06ABF748F71C067F0EE
:1077000072C068F073C069F074C06AF012006E6FE6
:107710006B516C116D116E111200D890743373336C
:10772000723371331200CBC076F0CCC077F0CDC08D
:1077300078F0CEC079F0D7EC80F0CDC067F0CEC045
:1077400068F079EC31F0000EF86E01D80DD005002C
:10775000FA6E0900F550FD6E0900F550FE6E090045
:10776000F550FF6EFA50120067C0D9FF68C0DAFF0B
:10777000DECFD5F0DDCFD6F0D551D61111E143D80B
:10778000F5500900F5100CE03ED8F5CF7CF00A006A
:10779000F5CF7DF001EC69F044D82FD8F6EF8DF0ED
:1077A000D5C067F0D6C068F06A6B3C0E696FC0EC5C
:1077B00078F06751D36FD5C067F0D6C068F06A6BB8
:1077C0003C0E696F6EEC7EF06751D46FD351640D3F
:1077D000F3CFCFF0F4CFD0F0D451CF25D16F000E3E
:1077E000D021D26FD1C0C6F0D2C0C7F0A3EC74F0E4
:1077F00018D899EC74F0A2EF8DF0DA22DF507F6F89
:10780000010E806F010C0B0E2B24CF6F000E2C206D
:10781000D06FCFC0F6FFD0C0F7FF000EF86E0900A2
:107820001200CD51D926CE511200000E01017A6FFF
:107830000D0E7B6F20EECAF065D8CE0EDE6E010E07
:10784000DD6E20EECFF05ED8620EDE6EFA0EDE6EDA
:10785000000EDE6E20EE64F055D8DF6A20EED2F026
:1078600051D8DF6A20EECCF04DD8DE6ADD6A20EE1A
:10787000CEF048D8DF6A20EED3F044D8D20EDE6EC8
:10788000100EDE6E010EDE6E7AC167F07BC168F00D
:107890000001696B3CD8692B630E6965FBD701D089
:1078A000F9D73DD8650E01017A250001676F74ECA8
:1078B00017F0686F0001696B2AD8692B630E696540
:1078C000FBD701D0F9D72BD87AC1A8F27BC1A9F296
:1078D000650E01017A250201AA6F000E01017B21CC
:1078E0000201AB6FA80E0001A66F020EA76F4FEC4E
:1078F00017F008D8DECFA8F0DECFA9F0DDCFAAF0D0
:107900004AEF65F07A51D9267B51DA22120069518B
:107910006725D96E000E6821DA6EDF6A120020EE4C
:1079200064F06751D9266851DA22DF6A12006FD8F5
:10793000DFA01FD0C3C0A2F0C4C0A3F0C5C0A4F094
:10794000C6C0A5F0C7C0A6F0C8C0A7F0A8EC74F0E8
:10795000000938E0C3C067F0C4C068F0C5C069F072
:10796000C6C06AF0C7C06BF0C8C06CF031EC85F0DF
:1079700029D0C3C0A2F0C4C0A3F0C5C0A4F0C6C043
:10798000A5F0C7C0A6F0C8C0A7F06DEC77F000095D
:1079900019E0C3C0BDF0C4C0BEF05FEC64F00009E4
:1079A00003E00101AAB50ED0C3C067F0C4C068F0FF
:1079B000C5C069F0C6C06AF0C7C06BF0C8C06CF043
:1079C00005EC85F024D8DFA011D0C3C06DF0C4C091
:1079D0006EF020EE46F023D80500FA6EDE50FD6E04
:1079E000DE50FE6EDE50FF6EFA501200C3C06DF026
:1079F000C4C06EF020EE49F012D80500FA6EDE50D9
:107A0000FD6EDE50FE6EDE50FF6EFA501200000179
:107A100020EE3BF0C351D926C451DA221200C351E3
:107A2000D926C451DA2212000101AAA913D071D8B3
:107A300067D851EC6CF0DE50EE1801E102D0010E77
:107A400001D0000E000906E1B9EC62F05ED858D80A
:107A5000DF9012000001676B0101AAAB0AD001D0D0
:107A600008D053D84DD8DFB004D001D002D0010ED9
:107A7000676F00016751000928E0EFC072F0F0C0A5
:107A800073F023EC8FF0AAA91DD043D839D8DF506A
:107A900007E0EAEC65F0DF9C030EE0EC90F00CD020
:107AA000EAEC65F0DF8CEAEC65F0DF98EAEC65F073
:107AB000DF86040EE0EC90F02CD822D851EC6CF06C
:107AC000DFCFEFFF22D81CD8DF800101F85106E09C
:107AD00001D004D0F86B8F6B010E0CD08F2B8F056B
:107AE0000001676FA60E676504D001D002D00101C6
:107AF000F2D7000E0009D8B41200010EE0EF90F0AA
:107B0000EF51D926F051DA221200000120EE55F093
:107B10001200000120EE4DF01200A7C1D3F0A8C161
:107B2000D4F0000120EE33F061D8DECFD1F0DDCF0C
:107B3000D2F0D3C070F0D4C071F0C5EC83F0D3C0E4
:107B400071F0D4C072F0000120EE3AF04FD8DF504F
:107B5000736FB8EC7FF0D1C0D9FFD2C0DAFFDF502D
:107B600012EC70F0D60E00017C6F230E66EC4DF027
:107B7000F6EC8DF020EE29F039D843D8CD6B010E0C
:107B8000CE6FBBEC79F020EE22F030D8DF500AE067
:107B900020EE23F02BD835D8010ECD6FCE6BBBEC89
:107BA00079F008D0AF0E7C6F240E7D6F0AEC2EF0BA
:107BB000F6EC8DF020EE25F019D823D8010ECD6F0C
:107BC000CE6FBBEC79F0DC0E7C6F230E7D6F13D88B
:107BD000F6EC8DF020EE27F009D813D8020ECD6F09
:107BE000010ECE6FBBEC79F07FEF6DF0F351D9262B
:107BF000F451DA221200010E7E6F020E7F6F806B4D
:107C0000020CDECFCBF0DDCFCCF01200C2C0B2F060
:107C1000C3C0B3F0C80EB46FB56BD00EB66FB76B00
:107C2000ADEC37F0B2C0D8F0B3C0D9F0C2C0A7F005
:107C3000C3C0A8F020EE15F0C251D926C351DA22F4
:107C400052D89FEC41F0A7C0C6F0A8C0C7F0DA6BCD
:107C5000DB6B1BD0D00E736F746BD8C075F0D9C0BE
:107C600076F0DAC077F0DBC078F042D8DECF79F07A
:107C7000DDCF7AF07C6B000E7B6FC6C07DF0C7C095
:107C80007EF098EC44F0DA4BDB2B24D8E3E3DA6B9C
:107C9000DB6B1DD0C2C0A9F0C3C0AAF029D8DECFCB
:107CA000ABF0DDCFACF07FEC3EF0DA51020DF350DB
:107CB000C80FD96EDA6ADECFC4F0DDCFC5F0C4C01C
:107CC000D9FFC5C0DAFF90EC37F0DA4BDB2B02D8D6
:107CD000E1E31200D851DA5DDB51800AC46FD9515B
:107CE000800AC4591200DECFA9F0DDCFAAF012003D
:107CF000DA51020DF350D00FD96EDA6A120000018A
:107D000020EE1FF06DD8DECFB1F0DDCFB2F020EE67
:107D100036F0A951D926AA5141EC33F048EC43F092
:107D2000EF50B36FB46B53D848EC43F0EE50EE1005
:107D3000EE1027E0ABC09DF0ACC09EF020EE13F03B
:107D40004FD8DECF9FF0DDCFA0F0B1C0A1F0B2C020
:107D5000A2F0B3C0A3F0B4C0A4F039D848EC43F00B
:107D600001D80AD00500FA6EEE50FD6EEE50FE6EA0
:107D7000EE50FF6EFA5012009DC0A9F09EC0AAF00E
:107D8000120020EE13F02CD8DECFADF0DDCFAEF038
:107D90006E6B010E6D6FB351B15D6F6FB451B2591F
:107DA000706FF1EC7DF0AB516D03F3CFAFF0F4CF1A
:107DB000B0F06E03F350B027AC516D03F350B02711
:107DC000AD51AF25A96FAE51B021AA6F120020EEC0
:107DD00033F0A951D926AA51DA2200EE0FF0120091
:107DE000A951D926AA51DA22120073C0D9FF74C052
:107DF000DAFF01011451DE180EE0010E00016F6F71
:107E0000100E706F73C0D9FF74C0DAFFDF50716F4E
:107E1000360E44EC8BF0000120EE01F07351D926B0
:107E20007451DA22DE500101151910E0010E000133
:107E30006F6F120E706F20EE01F07351D9267451DE
:107E4000DA22DF50716F360E44EC8BF0000120EE29
:107E500002F07351D9267451DA22DE50010116194D
:107E600010E0010E00016F6F140E706F20EE02F033
:107E70007351D9267451DA22DF50716F360E44ECFB
:107E80008BF0000120EE03F07351D9267451DA22F1
:107E9000DE500101171910E0010E00016F6F160E80
:107EA000706F20EE03F07351D9267451DA22DF503F
:107EB000716F360E44EC8BF073C0D9FF74C0DAFFDB
:107EC000DECF14F1DECF15F1DECF16F1DECF17F1E4
:107ED000120000016C6F3CD0686B050E676F050CDB
:107EE000686B010E676F010C686B020E676F020C06
:107EF000686B040E676F040C686B070E676F070CE6
:107F0000686B030E676F030C6A5103E1040E695D31
:107F1000E3E320EE03F06751D9266851DA22DF50FF
:107F20006B6F050E6B25676F686B000E6823000C86
:107F3000686B060E676F060C69C070F16AC071F15C
:107F400069C067F06AC068F01200676B686B120066
:107F500000016C51010AC0E0020AC2E0070AC0E059
:107F6000340AEAE0710ABCE0030ABAE0010AB8E0A8
:107F7000070ABAE0010AB8E0030ABAE0010ABCE065
:107F80000E0ABEE0030ABCE0010AB6E01A0ABCE031
:107F9000310AAAE0010AA8E0100AA6E0F10AA0E06E
:107FA000030AA2E0070AA0E0140A9EE0010A9CE08E
:107FB000030ABEE0CAD78DC09BF08EC09CF067D884
:107FC0009BC073F09CC074F09DC075F09EC076F0AD
:107FD00091C077F092C078F0796B7A6B2BEC78F0E7
:107FE00073C09BF074C09CF075C09DF076C09EF08D
:107FF0009151936F9251946F956B966B93510008CA
:10800000976F000E9455986F010E9555996F000E5D
:1080100096559A6F97C073F098C074F099C075F038
:108020009AC076F08FC077F090C078F025EC41F0E0
:108030002BEC78F073C097F074C098F075C099F08D
:1080400076C09AF097519B2798519C2399519D2374
:108050009A519E23000E9B257F6F800E9C21806F7E
:10806000000E9D21816F000E9E21826F836B846BB9
:10807000010E856F866BD3EC48F07FC09BF080C00B
:108080009CF005D89BC08DF09CC08EF01200000EB5
:108090009CBFFF0E9D6F9E6F1200D3C3E6F1D4C349
:1080A000E7F1D5C3E8F1D6C3E9F10101EA6BDA0ED5
:1080B000EB6F030EEC6FD90EED6F030EEE6F7DECE0
:1080C00036F0000901E0120003014CD8DFB21200C3
:1080D000D95111E0DAC3DBF1DBC3DCF1D3C3DDF14D
:1080E000D4C3DEF1D5C3DFF1D6C3E0F156EC74F0B2
:1080F000000901E012000301D95111E0DAC3DBF1FC
:10810000DBC3DCF1D3C3DDF1D4C3DEF1D5C3DFF1D2
:10811000D6C3E0F183EC31F0000901E01200030165
:10812000D95103E11FD8DFA4120023D8DFB403D054
:1081300020D8DFA612001DD8DFB403D0D769D869D4
:1081400003D0D86B010ED76FD7C3DBF1D8C3DCF1F6
:10815000D3C3DDF1D4C3DEF1D5C3DFF1D6C3E0F183
:1081600016EF37F020EE02F0DA51D926DB51DA2291
:108170001200DAC3D9FFDBC3DAFF12003D508D5D78
:10818000916F3E508E59926F3F508F59936F405070
:108190009059946F48D80A0E9AEC41F0D3EC48F00D
:1081A0004BD891C073F092C074F093C075F094C036
:1081B00076F0F6C177F0F7C178F047D82BEC78F07D
:1081C00073C091F074C092F075C093F076C094F0D3
:1081D00094BF0CD028D830C183F031C184F032C1B3
:1081E00085F033C186F0D3EC48F00BD01CD82CC1FD
:1081F00083F02DC184F02EC185F02FC186F0D3EC21
:1082000048F01AD810D8E80E836F030E24D8D3ECA8
:1082100048F012D89151BC088D6F9251D8A0E82A2D
:1082200002088E6F120091C07FF092C080F093C060
:1082300081F094C082F012007FC091F080C092F073
:1082400081C093F082C094F01200000E78BFFF0E40
:10825000796F7A6F1200846F856B866B12008F299D
:108260006F6F000E9021706F6E6B200E6D6FF1ECD2
:108270007DF06DC091F06EC092F0000E92BFFF0EC7
:10828000936F946F8DC073F08EC074F044D80A0E53
:10829000F8EC21F02BEC78F09151735D996F9251CD
:1082A00074599A6F935175599B6F945176599C6F7D
:1082B00099C073F09AC074F09BC075F09CC076F0C2
:1082C000050EF8EC21F02BEC78F02BD8090E32D803
:1082D000D3EC48F07FC095F080C096F081C097F055
:1082E00082C098F0050E95257F6F000E9621806F55
:1082F000000E9721816F000E9821826F0A0E1AD806
:10830000D3EC48F07FC08DF080C08EF081C08FF03C
:1083100082C090F01200000E74BFFF0E756F766F72
:10832000120073C07FF074C080F075C081F076C019
:1083300082F01200836F846B856B866B12000001E4
:1083400020EE1FF066D8DECFAEF0DDCFAFF020EE2E
:1083500036F0A751D926A85141EC33F048EC43F050
:10836000EF50B06FB16B4CD848EC43F0EE50EE10CC
:10837000EE1027E0A9C099F0AAC09AF020EE13F001
:1083800048D8DECF9BF0DDCF9CF0AEC09DF0AFC0F3
:108390009EF0B0C09FF0B1C0A0F032D848EC43F0DE
:1083A00001D80AD00500FA6EEE50FD6EEE50FE6E5A
:1083B000EE50FF6EFA50120099C0A7F09AC0A8F0D4
:1083C000120020EE13F025D8DECFABF0DDCFACF0FD
:1083D000AB51A95D736FAC51AA59746FB051AE5DCA
:1083E0006F6FB151AF59B3EC52F0F1EC7DF0AEECE0
:1083F00052F0ADEC63F073C0A7F074C0A8F01200A7
:1084000020EE33F0A751D926A851DA2200EE0CF065
:108410001200A751D926A851DA221200030E00013A
:108420009F6F0101B2B305D09EC19BF000019C6B10
:1084300004D000019C6B010E9B6F9B5177EC89F07F
:10844000A06F9F0E51D870EC56F0040E9F6F33EC66
:1084500058F06EC0A0F06FC0A1F09F0E45D870EC30
:1084600056F0050E9F6F7DEC58F06EC0A0F06FC007
:10847000A1F09F0E39D870EC56F09D6B9D516EECBB
:1084800070F09D2B020E9D65F9D7070E9F6F78EC5B
:1084900069F06EC0A0F06FC0A1F09F0E25D870ECFF
:1084A00056F09E6B9E5152EC71F09E2B020E9E6513
:1084B000F9D70A0E9F6F9AEC64F00001A06F9F0E2F
:1084C00013D870EC56F00B0E9F6FABC1D9FFACC147
:1084D000DAFFDF50A06F9F0E07D870EC56F08A6B62
:1084E0008B6B020ECEEF81F0806FE6C081F0E7C0AB
:1084F00082F0E8C083F012000001C86FC2C067F0CC
:10850000C3C068F0C4C069F0C5C06AF062EC8FF007
:10851000C8C09EF19FC1C9F0A0C1CAF00001C951F5
:10852000CA111BE03CD84FD818E0C2C079F0C3C0D4
:108530007AF0C4C07BF0C5C07CF031D801D80DD032
:108540000500FA6E0900F550FD6E0900F550FE6E4B
:108550000900F550FF6EFA5012000001C85192EC6C
:108560005FF067C0CBF068C0CCF0CBC09FF1CCC04F
:10857000A0F1CBC0A1F1CCC0A2F11ED824D8D8B4B0
:1085800012001AD80500FA6E0900F550FD6E0900B8
:10859000F550FE6E0900F550FF6EFA501200030E02
:1085A000C925C66F000ECA21C76FC6C0F6FFC7C077
:1085B000F7FF000EF86E1200CBC0F6FFCCC0F7FF3D
:1085C000000EF86E12000900F5500900F5100900C0
:1085D000F5101200685150EC53F05AD8EF50696F03
:1085E00069056F6F0E0E6F6501D0010C6F51050D9F
:1085F000F3CF69F0F4CF6AF068514BEC53F0DECF63
:108600006BF0DDCF6CF069516B256D6F6A516C2199
:108610006E6F020E6D25706F000E6E21716F70C04F
:10862000D9FF71C0DAFF6FC0DFFF685155EC53F01E
:108630002FD820EE01F031D800EE07F029D820EE37
:1086400002F02BD800EE08F023D820EE03F025D856
:1086500000EE09F01DD820EE04F01FD8040ED92634
:1086600000EE4DF015D8EF2A20EE02F07051D92619
:108670007151DA22DFA0000C68514BEC53F000EE90
:108680004EF006D8010EEF6E020EE0EC90F0000CFA
:10869000DE50E926DD50EA2212007051D9267151D0
:1086A000DA22EFCFDFFF6851D96EDA6A120019ECD7
:1086B0008DF000017B6F5FEC91F000017C6F29EC85
:1086C00091F000017D6F7E6B0101AAA306D047ECFB
:1086D00077F0000902E0010E7E6F86EC76F0E4ECA4
:1086E00069F07F6B806B44D0D8907F35D96E803530
:1086F00023EC5CF0DECF81F0DDCF82F081C067F04B
:1087000082C068F0D1EC7DF081C067F082C068F073
:108710007CC069F07BC06AF024EC64F07D5106E017
:1087200081C06AF082C06BF0DDEC83F07E5106E020
:1087300081C06AF082C06BF0F5EC83F081C06AF012
:1087400082C06BF07FC06CF080C06DF049EC35F0FA
:1087500081C06AF082C06BF0470E7F25D96E020E91
:108760008021DA6EDF506C6F06EC7CF07F4B802B43
:108770000101A55100017F5D8051800A7A6F1EECD6
:1087800075F07A59B1E31200736B010E726F850EAA
:10879000746F01D80AD00500FA6E7B51FD6E7C51D2
:1087A000FE6E7D51FF6EFA501200000903E07B6BF4
:1087B0007C6B120085C0D9FF86C0DAFFDF50030151
:1087C000A26FA2512AEC32F067C082F068C083F039
:1087D00069C084F0825183118411E9E085C067F09B
:1087E00086C068F0FF0E7E25696FFF0E7F216A6FDD
:1087F0000301A25169EC3FF067C080F068C081F0CE
:1088000080C072F081C073F0850E746F01D80AD0F9
:108810000500FA6E7B51FD6E7C51FE6E7D51FF6E40
:10882000FA5012000009C3E185C072F086C073F0EF
:10883000A30E746F030E756F01D80AD00500FA6E8F
:108840008251FD6E8351FE6E8451FF6EFA5012000C
:10885000A20E00017B6F030E7C6F120063D845EC03
:1088600087F0DE1001E1010C5DD8DA22DECF92F054
:10887000DECF93F0DECF94F0DECF95F024C196F0FA
:1088800025C197F026C198F027C199F0D890993367
:108890009833973396339251965D9A6F93519759C7
:1088A0009B6F945198599C6F955199599D6F8E511A
:1088B0009A257F6F8F519B21806F90519C21816FF2
:1088C00091519D2125D871EC63F07FC09EF080C04E
:1088D0009FF081C0A0F082C0A1F020EE2DF08C515D
:1088E000D9268D51DA22DECF92F0DDCF93F092516E
:1088F000946F9351956F966B976B94519E5D9551C4
:108900009F599651A0599751A159D8B0010C000C0C
:10891000826F24C183F025C184F026C185F027C170
:1089200086F0120020EE41F08C51D9268D511200B4
:108930007BC086F07CC087F087BF04D0875106E1FA
:10894000860504E277C086F078C087F07551775DC0
:108950007F6F76517859806F7D517F277E518023BC
:108960007F29846F000E8021856F8651795D7A5151
:10897000800A7F6F8751800A7F5904E286C079F0B0
:1089800087C07AF07951845D8551800A7F6F7A5172
:10899000800A7F5904E284C079F085C07AF0D890CB
:1089A0007735D96E7835DA6E7351D9267451DA225B
:1089B00079C0DEFF7AC0DDFF73C067F074C068F075
:1089C00075C069F076C06AF077C06BF078C06CF063
:1089D0002DEC68F0816F73C067F074C068F077C0E9
:1089E00069F078C06AF0EFEC6AF0826F010E836F75
:1089F000815103E1825101E1836B835112006C6F5D
:108A000000016E6B01D06E2B51D86E5158D8DF50DB
:108A100003E0030E6E65F7D76E51D8B41200040E52
:108A20006E1901E11200010E6D6F22D03FD86E5118
:108A30006727000E68236D51675DD96E6851D8A015
:108A40006805DA6E280E696F030E6A6F040E6927D7
:108A5000000E6A236C516927000E6A236D51695D0F
:108A6000E96E6A51D8A06A05EA6EDFCFEFFF6D2B81
:108A70006D516E5DDBE26D6B05D018D86D511FD85E
:108A8000DF6A6D2B040E676F686B6E51675F000EB7
:108A9000685B6D51696F6A6B6751695D6A51800AE5
:108AA0006B6F6851800A6B59E8E31200280E676FFC
:108AB000030E686F6C516727000E6823000C672552
:108AC000D96E000E6821DA6E1200D3C3E6F1D4C36A
:108AD000E7F1D5C3E8F1D6C3E9F1010E0101EA6F70
:108AE000DB0EEB6F030EEC6FDA0EED6F030EEE6F25
:108AF0007DEC36F0000901E0120003013FD8DFB23F
:108B00001200DA5111E0DBC3DBF1DCC3DCF1D3C3CB
:108B1000DDF1D4C3DEF1D5C3DFF1D6C3E0F121EC42
:108B200077F0000901E0120030D8DFB403D02DD86F
:108B3000DFA612000301DA5103E120D8DFA41200FE
:108B40001DD8010EDFA6000ED76F1FD8DFB403D0EB
:108B5000D869D96903D0D96B010ED86FD8C3DBF1BE
:108B6000D9C3DCF1D7C3DDF1D3C3DEF1D4C3DFF168
:108B7000D5C3E0F1D6C3E1F1DBEF30F020EE02F037
:108B8000DB51D926DC51DA221200DBC3D9FFDCC36A
:108B9000DAFF12005BEC90F067C0DDF068C0DEF039
:108BA000DDC0D9FFDEC0DAFFC0EC4CF0C5EC83F0CD
:108BB000DDC067F0DEC068F0BFEC89F0000906E0B8
:108BC000DDC0D4F0DEC0D5F00CEC8CF0726B3FD879
:108BD000ABEC8FF05CEC91F0DC6FDC51C66FC76BD7
:108BE000C6BFC707C86B33D8C96F010ECA6FA2ECE6
:108BF0008DF0010E726F2BD8A3EC8FF028D86F6F19
:108C0000010E706F070E35EC8FF0DDC067F0DEC02F
:108C100068F001EC7AF067C0DAF068C0DBF0DAC027
:108C20007CF0DBC07DF004EC53F0F6EC8DF07FECD3
:108C300076F0020EB6EC5DF0F6EC8DF0010E726F80
:108C4000ABEC8FF0010E726F020EABEF8FF020EEE7
:108C500021F0DD51D926DE51DA22DF501200000169
:108C6000A76B26EC8EF067C0A8F068C0A9F041D0D1
:108C7000A8C097F0A9C098F0A1C099F0A2C09AF03E
:108C8000A3C09BF0A4C09CF076EC4DF00ED0A8C021
:108C900097F0A9C098F0A1C099F0A2C09AF0A3C023
:108CA0009BF0A4C09CF049EC4AF00001A76F2FD0C4
:108CB000A8C099F0A9C09AF0A1C09BF0A2C09CF0F6
:108CC000A3C09DF0A4C09EF058EC6BF00001A76F0C
:108CD000A75105E00101C66B010EC56F01D01FD879
:108CE000000120EE38F0A851D926A951DA22DF9CE4
:108CF0000ED0B6510001A56FA66BA65108E1A55193
:108D000006E0010AD5E0030AB3E0010AC0E0A8C00A
:108D100099F0A9C09AF0A7C09BF07EEF8AF00101FC
:108D2000C56BC66B120020EE3AF056D8DE0416E191
:108D300020EE25F051D800EE0DF04AD843D851D896
:108D400001E31BD020EE22F047D8DF5001E1010CF7
:108D500020EE0DF041D800EE23F01FD020EE3AF0C7
:108D60003BD8020EDE1827E120EE0DF035D800EEDC
:108D700025F02ED827D835D805E320EE3BF02CD8A7
:108D8000DF9419D020EE22F027D8DF5001E1010C4A
:108D900020EE23F021D800EE0DF01AD813D821D8F8
:108DA00005E220EE3BF018D8DFA405D020EE3BF022
:108DB00013D8DF84010C69C067F06AC068F094ECD6
:108DC00083F0000CEA22DE50EE5CEE50800A1200C6
:108DD0006951E9266A5112006951D9266A51DA228D
:108DE00012006F6FDE50800A6F591200A5C4EDF1BA
:108DF000A6C4EEF1010120EE11F053D8DECFE4F16C
:108E0000DDCFE5F1030EE403F3CFE6F1F4CFE7F1B4
:108E1000E503F350E72720EE0FF043D8DECFE8F16B
:108E2000DDCFE9F1E651E825D96EE751E921DA6EA7
:108E3000DECFEAF1DECFEBF1DDCFECF1A7C4E0F15C
:108E4000A8C4E1F1A9C4E2F1AAC4E3F101D80AD0AF
:108E50000500FA6EEA51FD6EEB51FE6EEC51FF6EAD
:108E6000FA50120000091CE0010120EE0DF019D8A3
:108E700000EE11F0ED51E926EE51EA22EE2A000E45
:108E8000ED22DE50EE5CEE50800AE86FDE50800A84
:108E9000E85906E320EE11F004D8DE6ADD6A010C21
:108EA000000CED51D926EE51DA22120058D8DE50CE
:108EB000DE1001E1000C20EE3DF08C51D9268D51E1
:108EC000DA22DECF92F0DECF93F0DECF94F0DECF69
:108ED00095F024C196F025C197F026C198F027C1DE
:108EE00099F0D89099339833973396339251965D91
:108EF0009A6F935197599B6F945198599C6F9551C4
:108F000099599D6F8E519A257F6F8F519B21806F4C
:108F100090519C21816F91519D2188EC44F071EC1E
:108F200063F07FC09EF080C09FF081C0A0F082C03F
:108F3000A1F015D8DECF92F0DDCF93F09251946F6F
:108F40009351956F966B976B94519E5D95519F5978
:108F50009651A0599751A159D8B0010C000C20EEA0
:108F60002BF08C51D9268D51DA22120050D876EC94
:108F700078F06AC09EF06BC09FF000019E519F1177
:108F800004E145D88A6F020E30D09A29816F000E15
:108F90009B21826F20EE1FF09E51D9269F51DA222D
:108FA000DECF83F0DDCF84F07DEC4FF081C09CF00C
:108FB00082C09DF09CC067F09DC068F09EC069F0C3
:108FC0009FC06AF06E6BD3EC2AF009E301D007D0A2
:108FD000E2EC2AF004E301D002D0010E6E6F6E5174
:108FE000000905E114D88A6F030E8B6F0DD020EEB7
:108FF00025F09E5112D820EE23F09E510ED804EC9D
:109000008BF005D80BEC2BF0460ECEEF81F09AC01A
:10901000D9FF9BC0DAFFDF501200D9269F51DA2218
:109020009CC0DEFF9DC0DDFF1200000EB1EC7DF0A4
:1090300096EC8DF0000902E00AEF69F029EC91F05E
:10904000000904E07FEC5DF00AEF69F0D16BD26BB0
:1090500040D0D890D135D96ED235DA6EA6EC4BF02F
:10906000DECFD3F1DDCFD4F120EE33F0D351D926CA
:10907000D451DA22DECFCFF1DDCFD0F1CFC1D9FF8D
:10908000D0C1DAFFDF5012EC70F0D3C167F0D4C169
:1090900068F0BFEC89F0000916E0D3C169F0D4C1D3
:1090A0006AF0C1EC8BF0000907E0D3C181F0D4C1B4
:1090B00082F00FEC5BF00AD0D3C1D4F0D4C1D5F06C
:1090C0000CEC8CF003D00101B451EFE10101D14B64
:1090D000D22BA551D15DD251800ACF6FA651800A03
:1090E000CF59B7E30AEF69F0BBC067F0BA5169EC3A
:1090F0008EF0C26FBF6BB8AF06D0010EBF6FB76DF9
:10910000B81FD8B0B82BB7C0ADF0B8C0AEF0A40E41
:10911000AF6F020EB06FE9EC63F00001B9510308C4
:10912000C16FC56BC151C55D010ED8A0000EBE6FE9
:10913000BEC067F0A40EC525D96EDA6A020EDA2227
:10914000DF50A4EC59F0C06FB95104E0C151C5190A
:1091500001E1C08FC251C5251DD8C0C0DFFFC52B9E
:10916000030EC565DFD7BF51D8B41200C46B030E20
:10917000C36FC251C3250ED8DF5006E1C251C325CB
:1091800009D8400EDF6E400CC307D8A0C407C4BF87
:109190001200EFD7BC6FBD6B280EBC25D96E030E35
:1091A000BD21DA6E1200886B86AF0AD0861F851F3C
:1091B000841F836D000E842385238623010E886F10
:1091C00082AF0AD0821F811F801F7F6D000E802317
:1091D00081238223010E881B896B8A6B8B6B8C6BBE
:1091E000835184118511861129E0010E876F06D005
:1091F000D8908337843785378637872B86AFF8D763
:10920000D89089378A378B378C3783517F5D84516B
:109210008059855181598651825909E383517F5F75
:109220008451805B8551815B8651825B8981D890B6
:109230008633853384338333872FE2D7885108E020
:109240008C1F8B1F8A1F896D000E8A238B238C2312
:1092500089C07FF08AC080F08BC081F08CC082F022
:10926000120000016A6FB20E0A01016F240E026F34
:109270006AC021FAF70E2F6F306B326B010E316F1F
:10928000356B820E336F050E346F820E366F050E0E
:10929000376F206B020E1F6F330E126F116F0E0EA1
:1092A0001C6FC40E1D6F000E1E6F136B146B050E2A
:1092B000166F780E156F176B186B226B020E266FE8
:1092C000440E256F020E2A6F8A0E296F020E286F38
:1092D000300E276F2C6B010E2B6F020E2E6F580E67
:1092E0002D6F5C0E466F1B0E476F010E486FA20E6E
:1092F000496F130E4A6F010E4B6FA60E4C6F220E74
:109300004D6F010E4E6F0101786B796B020E0A01F1
:10931000596F000E0001676F0A0E686F120052D875
:10932000DECFE9F1DDCFEAF14DD8010EDFA6000E68
:109330000101E86F47D8010EDFA4000EE81B1CE016
:109340000201AD6BAE6B3ED8DFB605D00101EC6B10
:10935000010EEB6F03D00101EB69EC69EBC1DBF1AE
:10936000ECC1DCF1E3C1DDF1E4C1DEF1E5C1DFF127
:10937000E6C1E0F13FEC6EF02AD8E9C169F0EAC13C
:109380006AF06751691906E168516A1901E002D073
:10939000010E01D0000E0009D8B41200E3C1E6FFAF
:1093A000E4C1E6FFE5C1E6FFE6C1E6FF22EEDDF03F
:1093B0000500FA6EDE50FD6EDE50FE6EDE50FF6E72
:1093C000FA501200E7C1D9FFE8C1DAFF1200010E1E
:1093D0000001686F676B010C000120EE38F055D872
:1093E000DA22DFA211D086C067F087C068F09BEC5C
:1093F00089F0000909E1706B40D800EC90F0010E93
:10940000706F3BD800EF90F019EC8DF000018C6F7D
:109410008C5108E086C081F087C082F08CC083F058
:109420009DEF6EF086C067F087C068F001EC7AF0BF
:1094300067C088F068C089F086C067F087C068F0B0
:1094400004EC72F067C08AF068C08BF088C07CF0D2
:1094500089C07DF0010E7E6F10D87F6F806BF6ECB7
:109460008DF08AC07CF08BC07DF07E6B20EE21F009
:109470000CD8FDEC3BF0F6EF8DF020EE21F086519C
:10948000D9268751DA22DF5012008651D92687511A
:10949000120000014FD8DF92080E0101BD6F640E6B
:1094A000BE6FFD0EBF6FC06997C067F098C068F0CF
:1094B0002AEC8CF0000901E1000C3D500001995D9F
:1094C0009D6F3E509A599E6F3F509B599F6F4050E1
:1094D0009C59A06FA0AF000C310E9D5D040E9E59EB
:1094E000FE0E9F59FF0EA059D8B0000CA0AF0AD0B5
:1094F000E00E9D5DC30E9E59FC0E9F59FF0EA059B4
:1095000001E2000C17D8DF8299C0BDF19AC0BEF10C
:109510009BC0BFF19CC0C0F197C07BF098C07CF0AD
:10952000D4EC76F00ED897C08DF098C08EF0D6ECC3
:109530002EF0010C20EE39F09751D9269851DA22FD
:1095400012007BC0CBF17CC0CCF1120026EC8EF077
:1095500067C0ABF068C0ACF0ABC095F0ACC096F0A3
:10956000FAEC86F095C0ADF096C0AEF097C0AFF0C3
:1095700098C0B0F0ADC067F0AEC068F0AFC069F0A1
:10958000B0C06AF06BEC7CF0ADC06FF0AEC070F0B4
:10959000AFC071F0B0C072F0000E94EC28F0000182
:1095A000AA6F0101624B632B2D0E625D010E6359A0
:1095B00009E3ABC099F0ACC09AF0000E00019B6FBC
:1095C0007EEF8AF062C167F063C168F000016A6BE8
:1095D000060E696F6EEC7EF067516811D8A4120018
:1095E000AA510101B75D01E2B72B030EB765030C69
:1095F000ADC0A1F0AEC0A2F0AFC0A3F0B0C0A4F067
:109600002FEF46F0FC0EE3CF05F0010FE3CF06F09D
:10961000010FE3CF07F0010FE3CF08F00734083460
:10962000096E095006E1000E016A026A036A046AC3
:1096300040D005C01DF006C01EF007C01FF008C0D6
:1096400020F01D6A20361D36206A1F6A1E6A1D50D2
:109650000A6E078E086A960E095E09AE0CD0095094
:10966000800A970FE0E3D8900832073206320532BD
:10967000093EF9D70CD01F0E096407D0D4D7D89073
:10968000053606360736083609060950F8E10A504D
:1096900008E0081E071E061E056C000E06220722A3
:1096A000082205C001F006C002F007C003F008C0A0
:1096B00004F0E552E552E552E5521200AD0E01010B
:1096C000A36F030EA46FA66B030EA56F000E9DEC97
:1096D0005BF04AD867C0DEFF68C0DDFF45D83BD8E5
:1096E000DF6A010E25EC4EF022EC8EF02FD867C019
:1096F000DEFF68C0DDFF20EE02F028D82CD894EC05
:1097000084F031EC49F02EEC8EF020D867C0DEFFFB
:1097100068C0DDFF20EE04F019D81DD8020EDF6E00
:1097200000016D6B6E6B370E6D25D96E010E6E21CB
:10973000DA6EDF6A6D4B6E2B6EBFF5D76E5105E1A9
:10974000030E6D5DD8B01200EED71200A351D926DA
:10975000A451DA221200DECF6BF0DDCF6CF06BC0CB
:10976000D9FF6CC0DAFF1200A3C1D9FFA4C1DAFF90
:10977000120052D0070E826F816B186B196B1A6B37
:109780001B6B8C9E8C9C8C980101802B120082C1DB
:1097900042F01C0E8125D96EDA6A010EDA22DF5002
:1097A000436E422A02D0D8904332422EFCD743A0C7
:1097B00002D08C8801D08C98000000008C8CE4D7FB
:1097C0008C9C0000000083AA13D082C142F0010EDD
:1097D000436E422A02D0D8904336422EFCD7180E50
:1097E00001018125D96EDA6A010EDA224350DF12B7
:1097F0008C9C010E0101806F82510CE1070E826F7B
:10980000812B030E8165030C8C8E8C9C8C98B998EF
:10981000806B1200820712008051ACE0010AB7E0B1
:10982000030ACEE01200020E010191190DE1D3C32B
:10983000DBF1D4C3DCF1D5C3DDF1D6C3DEF1C0EC7E
:109840006BF0000901E01200D3C3E6F1D4C3E7F1E5
:10985000D5C3E8F1D6C3E9F1010E0101EA6FD80ED4
:10986000EB6F030EEC6FD70EED6F030EEE6F7DEC1A
:1098700036F0000901E012000301D75119E020EE93
:1098800002F0D851D926D951DA22DFB211D0D8C38B
:10989000DBF1D9C3DCF1D3C3DDF1D4C3DEF1D5C331
:1098A000DFF1D6C3E0F17FEC81F0000901E01200A6
:1098B00001019105D8A41200D8C3E1F1D9C3E2F1A6
:1098C000D7C3E3F1D3C3E4F1D4C3E5F1D5C3E6F1E3
:1098D000D6C3E7F185EF67F026EC8EF067C0E0F0C5
:1098E00068C0E1F0E0C0D9FFE1C0DAFF49D8C5ECBB
:1098F00083F098EC90F067C0DEF068C0DFF03AD8F3
:109900002BE0D8C067F0D9C068F0DAC069F0DBC0DE
:109910006AF062EC8FF020D0E0C0D6F0E1C0D7F062
:10992000B0EF85F0E0C08DF0E1C08EF0DEC08FF0CA
:10993000DFC090F00FEF81F0E0C08DF0E1C08EF05D
:10994000DEC08FF0DFC090F050EF61F0E0C0D6F0E5
:10995000E1C0D7F0EEEF8BF00DD80001DC6FDD6BCE
:10996000DD51F4E1DC51010AD7E0030ADBE0010A32
:10997000E3E0ECD7DEC0D9FFDFC0DAFFDF50120032
:10998000DF500001706F716B1200886B896B8A6BFE
:109990008B6B8C6B13D0010E886F3C0E8B6F240E7B
:1099A0000BD0010E896F370E8B6F240E05D0010E80
:1099B0008A6F320E8B6F240E8C6F13D020EE01F065
:1099C0008351D9268451DA22DF50866F876B875105
:1099D00008E1865106E0010ADEE0030AE2E0010A3E
:1099E000E6E08B518C11D8B412008BC07CF08CC097
:1099F0007DF07E6B1DD817D8F6EC8DF0010E726FDE
:109A000017D8DA22DF50ABEC8FF0855104E001016A
:109A1000B451D8A4120089C070F08AC071F000015E
:109A20008851EFEF84F0DA22DF507F6F806B1200F5
:109A300020EE21F08151D926825112000000D5EC90
:109A400088F08CEC7CF0F28EF28C9BEC75F00EECD6
:109A500087F0D0B60ED040D839D8F6EC8DF0750E20
:109A60007C6F240E7D6F3DD8F6EC8DF00AEC69F02A
:109A7000FFD7D0BA0ED030D829D8F6EC8DF0F40E3E
:109A80007C6F230E7D6F2DD8F6EC8DF00AEC69F01B
:109A9000FFD785EC91F0B8EC52F0F5EC1BF001012A
:109AA000A951FEEC90F0070E8BEC8FF099EC91F041
:109AB000090E0101CF6F3D0ED06FD16BD26BDEEC82
:109AC00020F0D180EBEC8FF036EF10F07D6F010EBF
:109AD0007E6F7F6B806B010CE20E00017C6F230EAA
:109AE0001200010E7E6F7F6B806F010C00014FD85A
:109AF000DF9EF80E01012FEC7BF0020EC36FC46BEA
:109B000097C067F098C068F02AEC8CF0000901E17A
:109B1000000C3D500001995D9D6F3E509A599E6F1B
:109B20003F509B599F6F40509C59A06FA0BF000CA5
:109B3000A05108E1D00E9D5DFB0E9E59010E9F596C
:109B4000D8A0000CA0BF0AD0A051E2E1210E9D5D7B
:109B50003C0E9E59030E9F5901E3000C18D8DF8E6E
:109B600099C0C1F19AC0C2F19BC0C3F19CC0C4F1BD
:109B700097C07BF098C07CF0D4EC76F0A1EC4AF072
:109B800097C08DF098C08EF0D6EC2EF0010C20EE30
:109B900038F09751D9269851DA221200D3C3E6F152
:109BA000D4C3E7F1D5C3E8F1D6C3E9F1010E010151
:109BB000EA6FD80EEB6F030EEC6FD70EED6F030E4E
:109BC000EE6F7DEC36F0000901E012000301D75181
:109BD000D8B4120020EE02F0D851D926D951DA2299
:109BE000DFB21200D8C3DBF1D9C3DCF1D3C3DDF19E
:109BF000D4C3DEF1D5C3DFF1D6C3E0F1E8EC7EF0EB
:109C0000000901E012001CD8040EDE18DE1004E189
:109C10000101DC69DB690AD013D8080EDE18DE10FA
:109C2000D8A412000101DC6B010EDB6FD3C3DDF1A0
:109C3000D4C3DEF1D5C3DFF1D6C3E0F168EF66F03F
:109C4000D8C3D9FFD9C3DAFF12006A6F6AC021F402
:109C5000FA0E04012F6F020E306F326B020E316F5D
:109C6000356B720E336F040E346F720E366F040E46
:109C7000376F206B010E1F6F330E126F116FA60E20
:109C80001C6FC00E1D6F000E1E6F136B146B010E48
:109C9000166FF40E156F176B186B010E226F246B85
:109CA000960E236F266BFA0E256F010E2A6F2C0E6F
:109CB000296F286B640E276F2B6B2C6B020E2E6F97
:109CC000580E2D6F740E466F1B0E476F010E486FB6
:109CD000C60E496F130E4A6F010E4B6FB20E4C6FDA
:109CE000220E4D6F010E4E6F010E596F000E0001D6
:109CF000676F040E686F12006A6F010E00016B6FD0
:109D0000020100B34CD06AC001F2009100830097B9
:109D10000E0E096F010E086FF40E076F0085820E9C
:109D20000B6F220E0C6F010E0D6F1D6B820E0E6FEE
:109D3000220E0F6F010E106F1E6B820E116F220E1E
:109D4000126F010E136F1F6B820E146F220E156FB0
:109D5000010E166F206B7A0E176F220E186F010E10
:109D6000196F216B3EEC8FF09E960E0E0001676F0F
:109D7000230E686F010E696F67C04FF168C050F124
:109D800069C051F1E60E676FD70E686F000E696FFC
:109D900067C04CF168C04DF169C04EF16B6B0001BA
:109DA0006B5112000001756B766B41D0D890753500
:109DB000D96E763523EC5CF0DECF77F0DDCF78F02E
:109DC000000120EE3BF040D8DA22DFA00ED077C0B1
:109DD00067F078C068F070C069F071C06AF072C056
:109DE0006BF073C06CF031EC85F077C06DF078C02B
:109DF0006EF020EE49F028D8DA2201D80AD005000A
:109E0000FA6EDE50FD6EDE50FE6EDE50FF6EFA50D2
:109E10001200000120EE41F017D8F2EC70F077C08C
:109E200067F078C068F094EC83F0754B762B0101F5
:109E3000A5510001755D7651800A746F1EEC75F0B6
:109E40007459B4E360EF7FF07751D926785112004E
:109E5000726F0101B45104E10001725101E112007D
:109E60000001766B776B35D0D8907635D96E773523
:109E700023EC5CF0DECF73F0DDCF74F0000120EE58
:109E80004CF036D801D80AD00500FA6EDE50FD6ECF
:109E9000DE50FE6EDE50FF6EFA501200756F755187
:109EA00003E00101B45105E10001755110E1725167
:109EB0000EE076C067F077C068F0000120EE3AF05F
:109EC00017D8DF50696F75C06AF051EC5FF0764BC0
:109ED000772B0101A5510001765D7751800A716FE2
:109EE0001EEC75F07159C0E3CAEC7FF0FDEF8BF00A
:109EF0007351D9267451DA22120040D84DD88519F1
:109F000009E18451861906E142D8DECF81F0DDCF28
:109F100082F0120033D8800E85BF7F0E866F83518A
:109F2000855D8451800A865916E231D8DECF6DF006
:109F3000DDCF6EF023D8866B85BF86078551835DA4
:109F40006F6F86518459706FF1EC7DF06DC081F0B8
:109F50006EC082F012001BD8DECF7BF0DDCF7CF02C
:109F60000DD81AD8855D7D6F845186597E6F71EC4E
:109F70007DF07BC081F07CC082F0120020EE02F008
:109F80008151D9268251DA22DF50856F120081C0BB
:109F9000D9FF82C0DAFF1200866B85BF8607835126
:109FA00012006A5105E16951D96EDA6ADF80120048
:109FB0006A0505E16951D96EDA6ADF821200020E84
:109FC0006A1905E16951D96EDA6ADF841200030E5D
:109FD0006A1905E16951D96EDA6ADF861200040E4A
:109FE0006A1905E16951D96EDA6ADF881200050E37
:109FF0006A1905E16951D96EDA6ADF8A1200060E24
:10A000006A1905E16951D96EDA6ADF8C1200070E10
:10A010006A1905E16951D96EDA6ADF8E1200080EFD
:10A020006A1909E16951D96EDA6ADF686951D96E36
:10A03000DA6ADF9E1200090E6A19D8A4120069516B
:10A0400000D0D96EDA6ADF6A120002013B513F2567
:10A050000001D26F02013C5140210001D36F020187
:10A060003D5141210001D46F02013E5142210001C6
:10A07000D56FD251CE5DD351CF59D451D059D5518E
:10A08000D15901E212002DD801D80AD00500FA6E8C
:10A09000DE50FD6EDE50FE6EDE50FF6EFA50120096
:10A0A0000DD801D823D00500FA6EDE50FD6EDE50CB
:10A0B000FE6EDE50FF6EFA50120018D069C068F1D3
:10A0C0006AC069F168C1C0F069C1C1F066C1C2F07F
:10A0D00067C1C3F020EE06F02750D9262850DA22B7
:10A0E000120027C0D9FF28C0DAFF120001018C6BD3
:10A0F000120000016D5108E06BC067F06CC068F0A1
:10A10000BFEC89F0000905E132D8DF9830D8DF9A3A
:10A11000120020EE29F036D800EE0DF02FD8E2EC38
:10A1200046F035D803E3736B732B02D00001736BD9
:10A130001ED8733BDF507319EF0B7319DF6E20EEDF
:10A140000DF020D800EE27F019D8E2EC46F01FD829
:10A1500003E3736B732B02D00001736B08D8733B5E
:10A160007347DF507319DF0B7319DF6E120020EE97
:10A1700038F06B51D9266C51DA2212006B51E92666
:10A180006C5112006B51D9266C51DA221200726F99
:10A19000DE50800A7259120074C06DF075C06EF006
:10A1A0006F6B72C0D9FF73C0DAFF6DC0E9FF6EC07C
:10A1B000EAFF2ED800EE01F06D5134D829D800EE18
:10A1C00002F06D512FD8DFCFEFFF6F2B6F5172254B
:10A1D0006B6F000E73216C6F20EE03F02AD86BC0FA
:10A1E000DEFF6CC0DDFF20EE02F023D8DF506F27CA
:10A1F0006F517225D96E000E7321DA6E00EE05F0F4
:10A200006D5110D805D800EE06F06D510BD80ED068
:10A21000DFCFEFFF6F2B6F517225D96E000E7321C8
:10A22000DA6E1200E9266E51EA221200DFCFEFFF4C
:10A2300012006D51D9266E51DA2212000201AC5182
:10A240000101E76F0AD0040EE66FB00E02D0E66B94
:10A25000960EE56F13D0000011D0E751E36FE46B69
:10A26000E4510CE1E351F7E0010AF1E0030AEFE009
:10A27000010AE9E0070AEBE0010AE9E00201AD5159
:10A280000101E36F0201AE510101E46F0201AD4B28
:10A29000AE2B0101E551E35DE651E459D8A012006F
:10A2A000DFC1E6FFE0C1E6FFE1C1E6FFE2C1E6FF94
:10A2B000E751090DB90EF324D96E020EF420DA6EBF
:10A2C00001D80AD00500FA6EDE50FD6EDE50FE6E3B
:10A2D000DE50FF6EFA5012000201AD6BAE6B120041
:10A2E00086C067F087C068F001EC7AF067C088F03C
:10A2F00068C089F019EC8DF000018A6F8A5108E07E
:10A3000086C081F087C082F08AC083F09DEF6EF036
:10A3100020EE3BF033D8DA22DFAE0DD086C0D9FF75
:10A3200087C0DAFFDF5007E119D8F6EC8DF0D00EC8
:10A330007C6F230E0CD020EE3CF020D8DA22DFA078
:10A3400012000CD8F6EC8DF0AC0E7C6F240E00ECF5
:10A350005EF014D8FDEC3BF0F6EF8DF088C07CF099
:10A3600089C07DF0010E7E6F20EE21F08651D92646
:10A370008751DA22DF507F6F806B12008651D92619
:10A38000875112009351915D996F945192599A6F30
:10A390009ABF41D09A5102E199053DE341D89925F0
:10A3A0006F6FFF0E9A21706FF1EC7DF06DC09BF026
:10A3B0006EC09CF0766B020E756F9BC073F09CC0F4
:10A3C00074F0ADEC63F073C095F074C096F0000EBD
:10A3D00096BFFF0E976F986F8D5195257F6F8E51A9
:10A3E0009621806F8F519721816F90519821826FB4
:10A3F0009BC083F09CC084F0000E84BFFF0E856F6D
:10A40000866FD3EC48F07FC08DF080C08EF081C0A5
:10A410008FF082C090F08DC08DF08EC08EF0120053
:10A420006E6B0A0E6D6FFF0C000120EE1CF0B05138
:10A43000D926B15145EC87F013E0B0C0A8F0B1C007
:10A44000A9F020EE1CF03DD801D82FD00500FA6EFF
:10A45000DE50FD6EDE50FE6EDE50FF6EFA501200D2
:10A4600020EE05F02ED8DECFB2F0DDCFB3F0B2C0D3
:10A47000B4F0B3C0B5F0000EB5BFFF0EB66FB76F46
:10A4800020EE07F01ED8B4C0DEFFB5C0DEFFB6C0B8
:10A49000DEFFB7C0DEFF20EE05F013D800EE0BF0B4
:10A4A000B051E926B151A8EC20F0B0C067F0B1C0BE
:10A4B00068F0AEEC69F0B0C0A5F0B1C0A6F0D0EF86
:10A4C00032F0B051D926B151DA22120099C08DF084
:10A4D0009AC08EF03ED809EC57F08DC0A1F08EC026
:10A4E000A2F08FC0A3F090C0A4F09BC08DF09CC0E0
:10A4F0008EF02FD809EC57F08D51A15DA56F8E51CC
:10A50000A259A66F9F519D5DA16FA0519E59A26F48
:10A51000FF0EA1256F6FFF0EA221706F6E6B050EEF
:10A520006D6FF1EC7DF0A5516D25736FA6516E2115
:10A53000746F9F519D5D6F6FA0519E5914D8F1ECBF
:10A540007DF00CD8ADEC63F073C099F074C09AF054
:10A5500012009DC08FF09EC090F012006DC075F08B
:10A560006EC076F01200706F6E6B010E6D6F010C95
:10A570009FEC88F03ED8DFA012007FEC91F0770EC0
:10A5800000017C6F240E7D6F71EC4DF0F6EC8DF0C8
:10A590007B0E7C6F240E7D6F37D8F6EC8DF00AECC5
:10A5A00069F0B8EC27F09FEC88F023D8DFB0FBD738
:10A5B000050E00018C6F0F0E8B6FF10EE82EFED78B
:10A5C0008B2FFCD78C2FFAD77FEC91F00AEC69F037
:10A5D0000B0E00018C6F260E8B6F5D0EE82EFED7E2
:10A5E0008B2FFCD78C2FFAD700D0ABEC8EF027EF57
:10A5F00024F072C08DF073C08EF020EE01F08D510A
:10A60000D9268E51DA221200010E7E6F7F6F806F85
:10A61000010C685145D848EC43F0EF50696F69056B
:10A62000716F0E0E716501D0010C7151050DF3CFE4
:10A6300069F0F4CF6AF068512ED8DECF6BF0DDCF31
:10A640006CF069516B256D6F6A516C216E6F020E53
:10A650006D256F6F000E6E21706F20EE02F06F514E
:10A66000D9267051DA22DFA0000C68511ED848ECC0
:10A6700043F0EF500FE068510ED800EE55F048EC73
:10A6800043F0EFA004D0050EE0EC90F0000C000EBB
:10A69000E0EC90F0000CD96EDA6A040ED926040CB6
:10A6A000D96EDA6A00EE05F01200D96EDA6A00EEB1
:10A6B00006F01200000120EE0CF048D8DF5008E050
:10A6C00075C067F076C068F0D3EC5FF0000936E043
:10A6D00075C0D9FF76C0DAFFDECF77F0DECF78F035
:10A6E000DECF79F0DECF7AF0010128510001772525
:10A6F0007B6F01012951000178217C6F01012A51F2
:10A70000000179217D6F01012B5100017A217E6FBB
:10A7100020EE07F01BD87BC0DEFF7CC0DEFF7DC0D3
:10A72000DEFF7EC0DEFF20EE0BF010D8010EDF6EE4
:10A7300020EE0CF00BD8010EDF6E010C000120EEB4
:10A740000BF004D8DF5001E0010C000C7551D92644
:10A750007651DA2212008A6F00018A5176EC78F085
:10A760006AC08BF06BC08CF000018B518C11D8B497
:10A770001200900E8D6F8E6B110E8F6F8DC0D9FFF2
:10A780008EC0DAFF8AC0DFFF030E8A1920EE07F0C1
:10A79000D8A420EE0FF026D800EE01F028D8A8ECBF
:10A7A00020F020EE1FF01ED800EE03F020D8EA22A1
:10A7B000DFCFEFFF20EE04F08D51D9268E51DA2243
:10A7C00000EE38F08B51E9268C51EA22EECF67F08B
:10A7D000EDCF68F050EC8FF0DF6E8F0E74EC42F02E
:10A7E00070EF56F08B51D9268C51DA2212008D5120
:10A7F000E9268E511200E50E0001756F010E766F8D
:10A80000B6EC6FF075C0E6F176C0E7F1010120EE1D
:10A8100001F03BD8DFB00AD0D3C3DBF1D4C3DCF105
:10A82000D5C3DDF1D6C3DEF1D9EF84F029D8010E0E
:10A83000DFA6000EE26F24D8010EDFA4000EE21B9B
:10A84000D8B41200E55105E120EE02F01ED8DFA4D5
:10A85000120016D8DFB604D0E46B010EE36F02D00D
:10A86000E369E469E3C1DBF1E4C1DCF1D3C3DDF109
:10A87000D4C3DEF1D5C3DFF1D6C3E0F1D8EF71F078
:10A88000E6C1D9FFE7C1DAFF1200E651D926E75148
:10A89000DA221200BBEC8FF0000901E0000C8CC042
:10A8A00094F08DC095F08EC096F08FC097F00001A7
:10A8B000D890973396339533943302014351000176
:10A8C000945D986F0201445100019559996F0201FE
:10A8D0004551000196599A6F02014651000197595E
:10A8E0009B6F905198257F6F91519921806F925164
:10A8F0009A21816F93519B21826F8CC083F08DC010
:10A9000084F08EC085F08FC086F071EC63F07FC05C
:10A910009CF080C09DF081C09EF082C09FF09F514E
:10A920009E1106E1840E9C5D030E9D59D8A0000C7B
:10A93000010C44D820EE57F036D845D8B4EC5CF082
:10A94000AAC0B9F0ABC0BAF039D820EE0DF02BD8C0
:10A950003AD8B4EC5CF0AAC0BBF0ABC0BCF020EEBF
:10A960003AF021D8DE040CE1020EB925B66F000ED4
:10A97000BA21B76FB651BB5DBC511AD801E3010CC7
:10A9800020EE3AF010D8020EDE180CE1020EBB25C4
:10A99000B66F000EBC21B76FB651B95DBA5108D879
:10A9A00001E3010C000CB451D926B551DA22120092
:10A9B000800AB86FB751800AB8591200B4C0AAF023
:10A9C000B5C0ABF01200DECFACF0DDCFADF01200C1
:10A9D00073C067F0725169EC8EF07A6F776B786BA9
:10A9E0007B6B77516F25746F78517021756F74C0D0
:10A9F000F6FF75C0F7FF000EF86E0F0EF76403D078
:10AA00000800F55001D02DD80001796F2E0E79196C
:10AA100007E17B5105E07B0719D8000EDB8E08D0DB
:10AA2000676B7951A4EC59F0766F10D876C0DFFFD0
:10AA3000795102E0774B782B7B2B030E7B65D1D7C6
:10AA40007105D8A412007A51FFEF44F07A517B25AA
:10AA5000746F756B280E7425D96E030E7521DA6E2E
:10AA60001200F6CFE9FFF7CFEAFFEF50120020EE19
:10AA70001BF047D8DF503FE020EE19F042D8DECF80
:10AA80007DF0DDCF7EF0320E7D25736F000E7E21CE
:10AA9000F1EC76F0ADEC63F073C085F074C086F035
:10AAA000DF0E7D6F7E697D518503F3CF7FF0F4CF9C
:10AAB00080F08603F35080277E518503F350802772
:10AAC000210E0101CB03F3CF81F0F4CF82F0CC0350
:10AAD000F350000182277F518125836F80518221AD
:10AAE000846F100E83250101F66F270E000184216B
:10AAF0000101F76F1200270E0101F76F100EF66FBC
:10AB0000100C7B51D9267C51DA221200D3C3E6F116
:10AB1000D4C3E7F1D5C3E8F1D6C3E9F1010E0101D1
:10AB2000EA6FD80EEB6F030EEC6FD70EED6F030ECE
:10AB3000EE6F7DEC36F0000901E012000301D75101
:10AB4000D8B4120020EE02F0D851D926D951DA2219
:10AB5000DFB21200D8C3DBF1D9C3DCF1D3C3DDF11E
:10AB6000D4C3DEF1D5C3DFF1D6C3E0F12DEC79F02B
:10AB7000000901E0120013D8DFB403D010D8DFA61B
:10AB80001200D3C3DBF1D4C3DCF1D5C3DDF1D6C3EE
:10AB9000DEF105D8010EDFA4000E35EF63F0D8C357
:10ABA000D9FFD9C3DAFF1200800E955D01E31200D0
:10ABB000980EA16F93C0A2F0955103E1020E945D2F
:10ABC00009E3FF0E9425AB6FFF0E9521AC6FA46BCC
:10ABD000A56B06D0AC6B010EAB6FA56B010EA46F1D
:10ABE000A20E8D6F96C08EF097C08FF0A10E906F61
:10ABF000DFEC77F08DC09FF08EC0A0F00001945183
:10AC00009511D8A4A0BF1200FF0E94259A6FFF0ED5
:10AC100095219B6F9A519F5DA051800A9C6F9B511B
:10AC2000800A9C5907E3FF0E94259D6FFF0E952126
:10AC30009E6F04D09FC09DF0A0C09EF093519D25B3
:10AC400021EF50F0C5BC01D003D0206A202A01D0EA
:10AC5000206A20300190D8B0018001A028D00201E4
:10AC60002051E66E22EE14F001D80AD00500FA6EEB
:10AC7000DE50FD6EDE50FE6EDE50FF6EFA501200AA
:10AC800001501F6E206A205002E065EF91F01F50C6
:10AC9000010A02E165EF91F0030A02E139EF91F058
:10ACA000010A02E135EF91F0070A65EF91F0020128
:10ACB000009722EE02F0DF2ADF04D96EDA6ADECFD7
:10ACC00015F015C0C9FF02010307D8A004070351FE
:10ACD000041103E1060E016E060C030E016E030C57
:10ACE000886B896B45D80701656F0001884B892BFC
:10ACF0003FD8F7EC25F067C085F068C086F069C0E2
:10AD000087F085518611871101E112008029726F49
:10AD1000650E8825736F070E8921746F01D80AD0DC
:10AD20000500FA6E8551FD6E8651FE6E8751FF6EED
:10AD3000FA50120000017251882773518923650E61
:10AD40007C6F070E7D6F88C07EF089C07FF001D8D0
:10AD50000AD00500FA6E8151FD6E8251FE6E83515C
:10AD6000FF6EFA5012000001846F845140EF8DF0A5
:10AD70008051D96EDA6ADF501200020E76EC78F05C
:10AD80006AC08AF06BC08BF000018A518B11D8B475
:10AD90001200190E8F6F900E8D6F8E6B8C6B8DC0A5
:10ADA000D9FF8EC0DAFF8CC0DFFF20EE01F02CD877
:10ADB000DE6ADD6A20EE03F027D8DF6A20EE04F0B9
:10ADC00023D8DE6ADD6A20EE06F01ED8DF6A20EEA8
:10ADD00007F01AD8DE6ADD6A20EE1FF08A51D92604
:10ADE0008B51DA2200EE09F08D51E9268E51EA22CC
:10ADF000DFCFEFFF8F0E74EC42F070EC56F08C2B2F
:10AE0000020E8C65CCD7020C8D51D9268E51DA22D8
:10AE100012006E6B200E6D6F8F296F6F000E9021E8
:10AE2000706FF1EC7DF06DC091F06EC092F0000E8D
:10AE300092BFFF0E936F946F8DC073F08EC074F04D
:10AE40008BEC41F05A0EF8EC21F02BEC78F091EC01
:10AE500041F0050E9AEC41F0D3EC48F091517F257A
:10AE6000956F92518021966F93518121976F9451E4
:10AE70008221986F050E95257F6F000E9621806FB9
:10AE8000000E9721816F000E9821826F0A0E9AECB6
:10AE900041F0D3EC48F07FC08DF080C08EF081C0CF
:10AEA0008FF082C090F012005BEC90F067C072F0FF
:10AEB00068C073F026EC8EF067C074F068C075F05F
:10AEC00072C06DF073C06EF00001706B020E6F6F98
:10AED000A0EC8AF074C06DF075C06EF0706B6F6B93
:10AEE000A0EC8AF0786B796B1ED0D8907835D96E4B
:10AEF000793523EC5CF0DECF76F0DDCF77F0000122
:10AF000020EE51F07651D9267751DA22DF6A76C0E9
:10AF100067F077C068F078C069F079C06AF002EC39
:10AF200082F0784B792B0101A5510001785D7951B0
:10AF3000800A716F1EEC75F07159D7E31200AD6B8A
:10AF4000AE6B42D8FB0EDF600FD03ED8DF50AB6F48
:10AF5000AC6BAA51D96EDA6AABC0DEFFACC0DDFFC4
:10AF6000AE6B010EAD6F2BD02FD8FB0EDE1827E194
:10AF7000AE6B030EAD6FA95114E1030EA85D11E293
:10AF8000030E9E6F230E9F6F470EA06F230EA16FBF
:10AF9000A36B310EA26FBA0EA46F230EA56F0DEC3A
:10AFA00084F0010E0001A625D96E000EA721DA6EED
:10AFB000AA51E96EEA6ADECFEEFFDDCFEDFFADC04C
:10AFC000A6F0AEC0A7F01200A6C0D9FFA7C0DAFF56
:10AFD0001200AA0E696F010E6A6F3B0E67256D6F36
:10AFE000000E68216E6F6B6B6C6B31D8DFA002D0E6
:10AFF0006B8102D000016B9131D8DFAE02D06B8340
:10B0000002D000016B932AD8DFAA02D06B8502D050
:10B0100000016B9523D8DFAC02D06B8702D0000112
:10B020006B9769C0D9FF6AC0DAFFDFA802D06B89CD
:10B0300002D000016B990BD8DFA202D06B8B02D03B
:10B0400000016B9B6BC067F06CC068F0120020EED3
:10B0500001F06D51D9266E51DA2212006DC0D9FF70
:10B060006EC0DAFF1200000E76EC78F06AC070F065
:10B070006BC071F0010E76EC78F06AC072F06BC0B4
:10B0800073F0020E76EC78F06AC074F06BC075F065
:10B090000001766B776B705171110CE020EE38F087
:10B0A0007051D9267151DA22DFAA02D0768102D0FE
:10B0B00000017691725173110CE020EE38F072515C
:10B0C000D9267351DA22DFAA02D0768302D000019A
:10B0D0007693745175110CE020EE38F07451D92636
:10B0E0007551DA22DFAA02D0768502D0000176956A
:10B0F00076C06EF077C06FF01200000E76EC78F03C
:10B100006AC070F06BC071F0010E76EC78F06AC026
:10B1100072F06BC073F0020E76EC78F06AC074F0D7
:10B120006BC075F00001766B776B705171110CE09C
:10B1300020EE38F07051D9267151DA22DFA802D002
:10B14000768102D000017691725173110CE020EEED
:10B1500038F07251D9267351DA22DFA802D07683F3
:10B1600002D000017693745175110CE020EE38F096
:10B170007451D9267551DA22DFA802D0768502D023
:10B180000001769576C06EF077C06FF012005BEC30
:10B1900090F067C0C6F068C0C7F00001C56B010140
:10B1A000955108E0C6C067F0C7C068F057EC8CF056
:10B1B000000903E0010E0001C56F010E0101956F4A
:10B1C000000128D8DE6ADD6AC45109E023D8DF8097
:10B1D000C1699C0EC06FC369C26F1CD8DF82C6C034
:10B1E000B8F0C7C0B9F0C0C0BAF0C1C0BBF0010E22
:10B1F000BC6FC2C0BDF0C3C0BEF0C5C0BFF005EC9F
:10B2000078F0C6C06BF0C7C06CF07EEC3AF06D6FA2
:10B2100079EF50F020EE38F0C651D926C751DA2226
:10B220001200000E3224D96EDA6A050EDA22DF6AC5
:10B230000F0122A514D0000E3224D96EDA6A050E51
:10B24000DA22DF8201D80BD00500FA6E01014951E4
:10B25000FD6E4A51FE6E4B51FF6EFA5012000F0107
:10B2600022A314D0000E3224D96EDA6A050EDA2237
:10B27000DF8401D80BD00500FA6E01014651FD6E46
:10B280004751FE6E4851FF6EFA501200000E3224F4
:10B29000D96EDA6A050EDA22DF5002E174EF8BF024
:10B2A0000500FA6E0001EC51FD6EED51FE6EEE519F
:10B2B000FF6EFA50120041D800EE33F09D51E9269E
:10B2C0009E51EA22EECFA5F0EDCFA6F0030EA52504
:10B2D000E96E000EA621EA6EEF50A76FA86BDE5054
:10B2E000A75DA851800AA96FDE50800AA95905E31D
:10B2F0009FC09DF0A0C09EF012009FC08DF0A0C026
:10B300008EF0A1C08FF0A2C090F017D8DECF91F0E0
:10B31000DDCF92F020EE33F09D51D9269E5141ECC5
:10B3200033F048EC43F0EF50936F946BC2EC51F064
:10B330008DC09DF08EC09EF0120020EE1FF09D513A
:10B34000D9269E51DA2212006C6F2F0E00016C6517
:10B350000AD03A0E6C6107D0D00E39D8EA0E6825B3
:10B36000F66E200E2CD0600E6C650AD07B0E6C61E0
:10B3700007D09F0E2CD8A50E6825F66E200E1FD084
:10B38000400E6C650AD05B0E6C6107D0BF0E1FD8F3
:10B39000BF0E6825F66E200E12D02D0E6C1901E13D
:10B3A000400C2A0E6C1901E1630C675104E06B6BD1
:10B3B0003F0E6A6F02D06A6B6B6B6A511200692193
:10B3C000F76EF86A000EF8220800F55012006C259E
:10B3D000686F696BFF0E6923FF0C37D842D876512E
:10B3E00078277751792320EE04F036D87851DE5C47
:10B3F0007951DE5801E2010C72C0D9FF73C0DAFF47
:10B4000030D878C0D9FF79C0DAFFDF2A1ED829D812
:10B4100020EE02F021D8DECF7AF0DDCF7BF078513C
:10B420007A25676F79517B21686F74C069F075C0A8
:10B430006AF076C06BF077C06CF0ADEC7CF005D8AC
:10B440007651DE267751DD22000C20EE06F0725197
:10B45000D9267351DA2212007251D9267351DA2299
:10B460001200DECF78F0DDCF79F012007F517D5DE4
:10B47000836F80517E59846F84BF3CD0845102E138
:10B48000830538E310EC52F083256F6FFF0E8421A3
:10B49000706FF1EC7DF06DC085F06EC086F0766B5C
:10B4A000020E756F85C073F086C074F0ADEC63F06A
:10B4B0007B517325816F7C517421826F81C073F041
:10B4C00082C074F085C075F086C076F0ADEC63F094
:10B4D00073C07BF074C07CF07BC067F07CC068F008
:10B4E00085C069F086C06AF043EC88F067C07BF0E5
:10B4F00068C07CF07BC07BF07CC07CF012003AD846
:10B5000076EC78F06AC0A0F06BC0A1F00001A05109
:10B51000A11104E12FD88A6F020E1AD09F6B30D888
:10B52000010EDB5003E10A0EDE5C08E329D8070EAA
:10B53000DE5C0E0EDE5802E2010E9F6F9F51010E7F
:10B54000D8B4000E9E6F9E5105E114D88A6F030E89
:10B550008B6F0DD015D800EE2DF0A051E926A1512A
:10B56000A8EC20F004EC8BF005D80BEC2BF04A0E85
:10B57000CEEF81F09AC0D9FF9BC0DAFFDF501200F6
:10B5800020EE01F09A51D9269B51DA221200000ECA
:10B590003024D96EDA6A090EDA22DF6AABA414D03D
:10B5A000000E3024D96EDA6A090EDA22DF8201D861
:10B5B0000BD00500FA6E0001E951FD6EEA51FE6EF6
:10B5C000EB51FF6EFA501200ABA214D0000E3024E3
:10B5D000D96EDA6A090EDA22DF8401D80BD00500B1
:10B5E000FA6E02015351FD6E5451FE6E5551FF6EBD
:10B5F000FA501200000E3024D96EDA6A090EDA22EF
:10B60000DF5002E184EF8BF00500FA6E0201505129
:10B61000FD6E5151FE6E5251FF6EFA501200000144
:10B6200020EE38F03FD8DA22DFA209D0706B32D892
:10B6300000EC90F0010E706F2DD800EF90F081C0FB
:10B6400067F082C068F001EC7AF067C083F068C0F0
:10B6500084F081C067F082C068F004EC72F067C0CB
:10B6600085F068C086F083C07CF084C07DF0010E58
:10B670007E6F10D87F6F806BF6EC8DF085C07CF00C
:10B6800086C07DF07E6B20EE21F00CD8FDEC3BF007
:10B69000F6EF8DF020EE21F08151D9268251DA2289
:10B6A000DF5012008151D92682511200766B776BE0
:10B6B00072C075F07551D96EDA6A73C0E9FF74C053
:10B6C000EAFF30D8D2EC73F076517325696F775169
:10B6D00074216A6F62EC83F0675176276851772393
:10B6E0007551ECEC39F076517325E96E7751742180
:10B6F000EA6E18D8040F0ED89BEC78F019D8755163
:10B70000070F08D89BEC78F013D876C072F077C09A
:10B7100073F012006D6F765173256E6F775174213F
:10B720006F6F1200DFCFEFFF764B772B7551120052
:10B730006D5176276E517723120000016A6FBB0EA0
:10B740000A015B6F240E5C6F6AC07BFACB0E896FB7
:10B75000030E8A6F8C6B040E8B6F8F6B840E8D6F54
:10B76000040E8E6F840E906F040E916F7A6B020E32
:10B77000796F330E6C6F6B6FB40E766FCD0E776F83
:10B78000000E786F6D6B6E6B010E706FF40E6F6F45
:10B79000716B726B7C6B4C0EA06F1A0EA16F010E59
:10B7A000A26F600EA36F100EA46F010EA56FAC0EFA
:10B7B000A66F220EA76F010EA86FB36B5A0E000181
:10B7C000676F0A0E686F1200B3EC8FF00001D86F3C
:10B7D000D76BD96BDA6B25D0D890D935D96EDA35DD
:10B7E00032D8DECFDBF0DDCFDCF0DBC06BF0DCC0CD
:10B7F0006CF0D8C06DF079EC50F0DBC067F0DCC0C5
:10B8000068F01BEC8CF0000908E1DBC067F0DCC0DD
:10B8100068F010EC7DF0000902E0010ED76FD94B03
:10B82000DA2B0101A5510001D95DDA51800AD66FEA
:10B830001EEC75F0D659D0E3D85101E1D76BD75142
:10B84000F1EC8EF0010CDA6E0101A351D926A4515E
:10B85000DA2212006F6B706B800E6915716F7F0EAC
:10B860006A1538D804E1676B686B696B6A6B6F6B3C
:10B87000706B800E6D15716F7F0E6E152BD804E105
:10B880006B6B6C6B6D6B6E6B6AAF09D0676D681F0D
:10B89000D8B0682B691FD8B0692B800E6A576EAF7D
:10B8A00009D06B6D6C1FD8B06C2B6D1FD8B06D2B91
:10B8B000800E6E57800E6A1B6E1B6B51675D6C515C
:10B8C00068596D5169596E516A5902E2D890120057
:10B8D000D8801200726F6F517011711172111200C5
:10B8E0000001B85104E1030EB75D01E2020CB5C0DE
:10B8F000D9FFB6C0DAFFAA0EDE1801E0010CBE6B5C
:10B90000BF6BB5C0AFF0B6C0B0F0BE0EB16FB26BDA
:10B91000E5EC82F0AFC0BAF0B0C0BBF0BEC067F0DB
:10B92000BFC068F0BAC069F0BBC06AF0C4EC30F0C8
:10B9300067C0BCF068C0BDF0BC51B75DBD51B8591F
:10B9400001E2020CB5C06EF0B6C06FF0BCC070F082
:10B95000BDC071F082EC8CF0000901E1030CBA511A
:10B96000BB1101E1040C000C20EE33F03CD8DECF1B
:10B97000B2F0DDCFB3F0ACC08DF0ADC08EF020EEF4
:10B980001FF031D8DECF8FF0DDCF90F020EE06F043
:10B99000B251D926B351DA2201D80AD00500FA6E85
:10B9A000DE50FD6EDE50FE6EDE50FF6EFA5012006D
:10B9B0008DC0AEF08EC0AFF08FC0B0F090C0B1F0CF
:10B9C000AAC09DF0ABC09EF0AEC09FF0AFC0A0F08B
:10B9D000B0C0A1F0B1C0A2F05BEC59F09DC0AAF0DC
:10B9E0009EC0ABF01200AA51D926AB51DA22120048
:10B9F0000AEC88F048EC5EF00009FCE020EE03F071
:10BA0000AFEC77F001D80AD00500FA6EDE50FD6E7B
:10BA1000DE50FE6EDE50FF6EFA501200B4EC77F08E
:10BA2000090E0001CF6F1E0ECE6FE40EE82EFED77A
:10BA3000CE2FFCD7CF2FFAD7000071EC50F001D8F1
:10BA40000AD00500FA6EDE50FD6EDE50FE6EDE504E
:10BA5000FF6EFA5012005EEC50F002D876EF50F014
:10BA60000500FA6EDE50FD6EDE50FE6EDE50FF6E9B
:10BA7000FA50120076EF50F0E06F030E0101E36F11
:10BA8000E05172EC87F067C0E4F168C0E5F10101B4
:10BA9000E5BF2ED0E5BF05D0E5512AE1080EE45DF3
:10BAA00027E2010EE26FB2B306D09E5103E0070E0B
:10BAB0009E1901E1E26BE251010ED8B4000EE16F74
:10BAC000E15103E00101E36B13D0E4519E19FAE068
:10BAD0002CEC8FF067C0DBF168C0DCF169C0DDF1F0
:10BAE0006AC0DEF1E45111EC76F004EC8BF0EAD799
:10BAF00000018A6BE3C18BF0410ECEEF81F08B0E1B
:10BB000000017C6F240E66EC4DF0F6EC8DF0010127
:10BB1000AABB24D0870E00017C6F240E7D6F0AEC37
:10BB20002EF0F6EC8DF0550E7C6F240E26D8806F2B
:10BB3000F6EC8DF00101B451D8A412005A0E0001A8
:10BB40007C6F240E7D6FFBEC3DF0F6EC8DF0500E1B
:10BB50007C6F240E0FD80AD8F6EF8DF05F0E00012F
:10BB60007C6F240E0AD8806BF6EF8DF07F6F010E8C
:10BB7000806F010C7D6F7E6B020C7D6F7E6B010E02
:10BB80007F6F010C000120EE02F08351D926845111
:10BB9000DA22DF50876F0101B45102E10001872BE7
:10BBA000460E0001676F240E686FC5EC85F067C014
:10BBB00085F068C086F08751855D886F8651D8A072
:10BBC0008605896F89AF02D0886B896B460E882500
:10BBD0007C6F240E892114D80FD8FDEC3BF0F6ECD5
:10BBE0008DF005D809D8DA22DF50A3EF8FF0010ECF
:10BBF000726F20EE21F0010C8151D9268251120082
:10BC00007D6F7E6B20EE21F01200210E0001AF6FE0
:10BC10000101B2B305D09EC1ABF00001AC6B04D002
:10BC20000001AC6B010EAB6FAB5177EC89F0B06FDC
:10BC3000AF0E74EC42F070EC56F0220EAF6FA9C15B
:10BC4000B0F0AF0E74EC42F070EC56F0230EAF6F14
:10BC50000101010EAAA1000E0001B06FAF0E74EC3D
:10BC600042F070EC56F0AD6BAD51D1EC74F0AD2BF1
:10BC7000050EAD65F9D7AE6BAE51B9EC1FF0AE2B2A
:10BC8000020EAE65F9D78A6B8B6B200ECEEF81F07A
:10BC9000C90E0001676F010E686FC70E696F010E54
:10BCA0006A6FCD0E6B6F010E6C6F010120EE03F019
:10BCB0002AD801D80AD00500FA6EDE50FD6EDE509B
:10BCC000FE6EDE50FF6EFA50120000091BE0C9C183
:10BCD000C0F0CAC1C1F0C7C1C2F0C8C1C3F0CDC174
:10BCE000C4F020EE06F00FD801D80AD00500FA6E95
:10BCF000DE50FD6EDE50FE6EDE50FF6EFA5012001A
:10BD0000020E06D0000C6A51D9266B51DA221200BD
:10BD100001018C6F010CE7C1D9FFE8C1DAFFDECF6A
:10BD2000E9F1DDCFEAF10101B2A70BD0B297E3C18F
:10BD3000DFF1E4C1E0F1E5C1E1F1E6C1E2F17EEF5E
:10BD40008DF0E7EC49F0E9C169F0EAC16AF06751AA
:10BD5000691906E168516A1901E002D0010E01D0AB
:10BD6000000E0009D8B412000101B295040E8CEC4B
:10BD700090F0E3C1E6FFE4C1E6FFE5C1E6FFE6C1FE
:10BD8000E6FF22EED4F00500FA6EDE50FD6EDE50C6
:10BD9000FE6EDE50FF6EFA501200A39A220E0001D2
:10BDA000676FB20E686F000E696F96EC91F0A39802
:10BDB000860E676F0C0E686F010E696F95EC91F03F
:10BDC000480E0F01206F900E226F260E216F400E3D
:10BDD0001E6F030E1F6F400E0001676F230E686F0A
:10BDE000010E696F1CEC90F0920E676F220E686F67
:10BDF000010E696F15EC90F01E0E676F230E686FD1
:10BE0000010E696F23EC90F001019D6B356A346A75
:10BE1000320E336E326A316ACE6BA38A12006B6BBC
:10BE20006C6B72C06AF06A51D96EDA6A73C0E9FF4E
:10BE300074C0EAFFDFCFEFFF30D8D96EDA6AD92AB3
:10BE40006B5123D82AD88CEC2BF011D8030ED926AD
:10BE50000ED8040ED9260BD8050ED9266B5115D84D
:10BE60006B4B6C2B6BC072F06CC073F012006B519B
:10BE70007325E96E6C517421EA6EDFCFEFFF6B4BD7
:10BE80006C2B6A51D96EDA6A12007325E96E6C5117
:10BE90007421EA6EDFCFEFFF12006B4B6C2B6A51FF
:10BEA0001200010E6D6F690505E06A5102E06951EB
:10BEB00001E06D6B6D51010ED8B4000E6F6F010E75
:10BEC0006E6F020E691905E06A5102E0695101E0E6
:10BED0006E6B6E51010ED8B4000E706F15D06F519D
:10BEE00001E023807051D8A4228C12006F5101E030
:10BEF00023867051D8A4238412006F5101E0248856
:10BF00007051D8A42482120067C06BF068C06CF036
:10BF10006C51D8A412006B51E2E0010AE7E0030A79
:10BF2000ECE012006C6F28D0730E676F210E686F03
:10BF30001200670E676F210E686F12005B0E676F4D
:10BF4000210E686F12004F0E676F210E686F12008E
:10BF5000430E676F210E686F1200370E676F210E58
:10BF6000686F12002B0E676F210E686F12001F0E94
:10BF7000676F210E686F120000016C516A6F6B6B66
:10BF80006B51F5E16A51F3E0010ACEE0030AD1E01A
:10BF9000010AD4E0070AD7E0010ADAE0030ADDE08B
:10BFA000010AE0E0E4D738D8DE500101285DDE5018
:10BFB0002959DE502A59DE502B5901E3010C0001AA
:10BFC0002BD8DECF69F0DECF6AF0DECF6BF0DECFAC
:10BFD0006CF0010128510001695D6D6F010129516B
:10BFE00000016A596E6F01012A5100016B596F6F90
:10BFF00001012B5100016C59706F67C0D9FF68C0F7
:10C00000DAFF6D51DE5C6E51DE586F51DE587051B3
:10C01000DE5801E2010C000C20EE07F06751D92632
:10C020006851DA221200FD0EE124D96EFF0EE220E3
:10C03000DA6EDECF05F0DECF06F0DDCF07F005507B
:10C040000610071017E00D50030D0B0EF324D96EE8
:10C05000020EF420DA6E05C0DEFF06C0DEFF07C068
:10C06000DEFF1D0E0D24D96EDA6A020EDA220EC032
:10C07000DFFF15D00D50030D0B0EF324D96E020E09
:10C08000F420DA6E820EDE6E220EDE6E010EDE6EA1
:10C090001D0E0D24D96EDA6A020EDA22DF6AE5522D
:10C0A000E552E552120020EE05F038D8010EDBAE65
:10C0B00009D0500EDE5CC90EDE5804E220EE38F0E6
:10C0C0002DD8DF8220EE05F029D8DECF9EF0DDCF1F
:10C0D0009FF010EC25F09EC0AEF09FC0AFF0AEC058
:10C0E000AAF0AFC0ABF0000E0001ABBFFF0EAC6F0B
:10C0F000AD6F20EE07F012D8AAC0DEFFABC0DEFFA6
:10C10000ACC0DEFFADC0DEFF20EE07F007D800EECA
:10C110000BF0A851E926A951A8EF20F0A851D92683
:10C12000A951DA22120047C04AF048C04BF0F4513E
:10C130004A1803E1F5514B1813E0F4514712F55139
:10C1400048124AC0F4F14BC0F5F1472804E14828F1
:10C1500002E1E3EF8FF0396A3A6A389438963898FA
:10C16000471C366E481C376E472809E1482807E10E
:10C1700038AA02D0389A00003B4A3C2A1200388084
:10C1800036C042F037C043F0F5EC89F0496E010E3D
:10C1900049646DEF86F0388238BA6DEF86F0388AE0
:10C1A00000006DEF86F000016AAF0BD020EE31F099
:10C1B0002FD833D8FF0E6B25696FFF0E6C216A6F85
:10C1C0000ED020EE31F024D8DE50695D6A51800A2D
:10C1D0006D6FDE50800A6D5902E3696B6A6B20EE69
:10C1E00035F016D869C0DFFF20EE2FF011D815D832
:10C1F000D8906935D96E6A35DA6E6B51D9266C5193
:10C20000DA2200EE33F06751E9266851A8EF20F0FA
:10C210006751D9266851DA221200DECF6BF0DDCFEC
:10C220006CF012009D9A8E0E676FB50E686F000E4F
:10C23000696F98EC91F09D98B00E676F0C0E686F67
:10C24000010E696F97EC91F0480E656E900EAB6E23
:10C25000240EAC6E440EAF6ED46A420E676F230E8E
:10C26000686F010E696F31EC90F0DC0E676F220E83
:10C27000686F010E696F2AEC90F0220E676F230E33
:10C28000686F010E696F38EC90F00101986B9C6B40
:10C290009B6BFA0E9A6F306A2F6A996B9D8A120017
:10C2A0008DC081F08EC082F05FEC76F08DC081F0A1
:10C2B0008EC082F08FC083F090C084F0856BC5EC97
:10C2C0004CF0000120EE03F08F51D9269051DA2274
:10C2D000DF5004E1410E936F240E03D04B0E936F99
:10C2E000240E946F93C091F094C092F091C07CF0B2
:10C2F00092C07DF07E6B20EE21F00BD8FDEC3BF080
:10C30000F6EC8DF0F7EC5DF004D8DA22DF50A3EF05
:10C310008FF08D51D9268E51120002010251D96E33
:10C32000DA6AC9CF01F00150DF6E0201022B030768
:10C33000D8A004070351041105E0C59AC588050E6D
:10C34000016E050C00851D51E66E22EE0BF001D842
:10C350000AD00500FA6EDE50FD6EDE50FE6EDE5035
:10C36000FF6EFA50120001501F6E206A205002E04A
:10C3700008EF91F01F50010A02E108EF91F0030A63
:10C3800002E103EF91F0010A02E103EF91F0070AE5
:10C3900008EF91F08CC037F28DC038F28EC039F2C0
:10C3A0008FC03AF28CC073F08DC074F08EC075F0FF
:10C3B0008FC076F0F40EFEEC73F02BEC78F0D9EC35
:10C3C00021F071EC63F07FC033F280C034F281C0A1
:10C3D00035F282C036F202012F6B306B316B326B5B
:10C3E00090C05AF291C05BF292C05CF293C05DF2D1
:10C3F000080E5E6FCB0E5F6F000E606F010E0101C5
:10C40000B46F5A0E00018C6F020E8D6F1200A8C01F
:10C410008DF0A9C08EF0D6EC2EF020EE05F02AD8D3
:10C420002ED8DFEC6DF020EE07F024D88DC0DEFFB3
:10C430008EC0DEFF8FC0DEFF90C0DEFFA8C07BF0A5
:10C44000A9C07CF037EC55F0000120EE07F012D8BF
:10C45000DECF8DF0DECF8EF0DECF8FF0DECF90F02E
:10C46000BEEC40F020EE0BF005D88DC0DEFF8EC094
:10C47000DDFF1200A851D926A951DA221200DECF21
:10C480008DF0DDCF8EF0120035D0856B846B8A92F3
:10C490009392948A832B12008A82FCD78A92000E90
:10C4A0008425D96EDA6A010EDA22D890DF3682BA94
:10C4B00009D0000E8425D96EDA6A010EDA22FE0E4A
:10C4C000DF1608D0000E8425D96EDA6A010EDA2252
:10C4D000000EDB80010E836F852B070E8565070C30
:10C4E000856B842B0D0E84650D0C8A92B994836B39
:10C4F00010EF34F08351C9E0010ACEE0030ACEE028
:10C5000012000001EAEC65F0DFA815D0EAEC65F056
:10C51000DF90EAEC65F0DF84010120EE56F0AB51CC
:10C52000D926AC51DA22DF820001EAEC65F0DF8C1B
:10C53000EAEC65F0DF9801018E2B8E0500017A6F21
:10C54000130E7A65130C20EE4DF080EC3DF04AECB2
:10C550006CF00FD885EC3DF080EC3DF0DF902DECD9
:10C5600091F049EC1DF0000EE0EC90F001018E6BB3
:10C5700012000101AA99AA9B12002ED876EC78F03D
:10C580006AC09FF06BC0A0F000019F51A01104E1B0
:10C5900023D88A6F020E0ED025D8590EDE5C020E0B
:10C5A000DE58010ED8B0000E9E6F9E5105E114D8E2
:10C5B0008A6F030E8B6F0DD015D800EE2BF09F51B4
:10C5C000E926A051A8EC20F004EC8BF005D80BEC88
:10C5D0002BF0490ECEEF81F09AC0D9FF9BC0DAFF55
:10C5E000DF50120020EE01F09A51D9269B51DA2239
:10C5F00012002AD835D869516C276A516D2320EE74
:10C6000004F029D86C51DE5C6D51DE5801E2010C5A
:10C610001BD826D820EE02F01ED8DECF6EF0DDCF7C
:10C620006FF06C516E25706F6D516F21716F6B5192
:10C63000D96EDA6A70C0DEFF71C0DDFF05D86951BE
:10C64000DE266A51DD22000C20EE06F06751D92665
:10C650006851DA2212006751D9266851DA22120095
:10C66000DECF6CF0DDCF6DF012000101DF6FD890EE
:10C670002CD8A6EC4BF0DECFE2F1DDCFE3F12AD8E7
:10C68000DF50E16FDF5105E025D8E105B6EC79F028
:10C690000AD0020EE11902E1E06B02D0020EE06F57
:10C6A00019D8E0C1DFFFE2C167F0E3C168F0E1C182
:10C6B00069F06EEC6EF0DBC1D5F1DCC1D6F1DDC105
:10C6C000D7F1DEC1D8F1F6EF7AF0A735D96EA835EB
:10C6D000DA6E120020EE3AF0E251D926E351DA2266
:10C6E00012000001886B896B8A6B8B6B83518411FC
:10C6F0008511861129E0010E876F06D0D890833707
:10C70000843785378637872B86AFF8D7D890883718
:10C7100089378A378B3783517F5D845180598551A2
:10C7200081598651825909E383517F5F8451805B2F
:10C730008551815B8651825B8881D89086338533B1
:10C7400084338333872FE2D788C07FF089C080F09D
:10C750008AC081F08BC082F01200786B76AF06D071
:10C76000756D761FD8B0762B010E786F74AF06D03A
:10C77000736D741FD8B0742B010E781B796B7A6BB4
:10C78000755176111BE0010E776F04D0D890753784
:10C790007637772B76AFFAD7D89079377A377551C5
:10C7A000735D7651745905E37551735F7651745B0F
:10C7B0007981D89076337533772FEED7785104E0AE
:10C7C000796D7A1FD8B07A2B79C073F07AC074F083
:10C7D0001200100EAD5D270EAE59D8B01200B16B2D
:10C7E000B26BB36BB46BB56BB10E936F956B050EFB
:10C7F000946F970E966F240E976FADC098F0AEC0F1
:10C8000099F0D4EC55F0000009D0B4C0B5F0B3C035
:10C81000B4F0B2C0B3F0B1C0B2F0B16B0001B55129
:10C82000F4E0B66BB651B20FD96EDA6AB651AF25E5
:10C83000E96E000EB021EA6EDFCFEFFFB62B030EDC
:10C84000B665F0D70000030C695103E06B6B6B2BEE
:10C8500002D000016B6B2CD86B3BDF506B19EF0BD8
:10C860006B19DF6E20EE4FF06751D9266851DA223E
:10C87000DFA06A6B10D01CD8DF8A120019D8DF8CB9
:10C88000120016D8DF8A14D8DF8C120011D8DF9A74
:10C890000FD8DF9C12006A516B6F6C6B6C51F6E124
:10C8A0006B51010AE8E0030AE9E0010AEAE0EED789
:10C8B00020EE3BF06751D9266851DA2212000001C0
:10C8C0002DD8DFB6010CBDC0B4F0BEC0B5F099ECF8
:10C8D00054F0000907E0BDC067F0BEC068F094ECFA
:10C8E00083F018D020EE53F020D8030EDB5009E17E
:10C8F000020EDB5006E1010EDB5003E10F0EDE5CA1
:10C9000003E30CD8DF8606D020EE53F00ED8F0EC0F
:10C910001BF0DE2203D8DFB6010C000C20EE3BF04A
:10C92000BD51D926BE51DA221200BD51D926BE51C1
:10C93000DA2212000101AAB9010C00016D6B22D0AC
:10C940006D51050DF3CF67F0F4CF68F06751EF2517
:10C95000696F6851F0216A6F020E69256B6F000ED6
:10C960006A216C6F20EE02F06B51D9266C51DA22ED
:10C97000DF50676F7E0E671704E001D002D0010E12
:10C980000BD06D2B20EE4DF080EC3DF0DE506D5D58
:10C99000D7E301D0D5D7000E000901E0030CF1EC7C
:10C9A00065F0DF5001E0020C000C695102E06951B2
:10C9B00002E1675112006951D96EDA6A090ED9266F
:10C9C000DE50DE1014E06951D96EDA6A090ED926FC
:10C9D0006951E96EEA6A020EE926DE50EE5CEE501D
:10C9E000800A6E6FDE50800A6E59D8B0120069510D
:10C9F000D96EDA6A020ED926DF506A6F6951D96E94
:10CA0000DA6ADF506A25D96EDA6A67C0DFFF6951DA
:10CA1000D96EDA6A020ED926DE2A000EDD22000C5B
:10CA2000070E9E1902E08B6B010CE0C179F0E1C1A9
:10CA30007AF0E2C17BF0E3C17CF030EC83F00009D6
:10CA400001E0010C57EC43F0D76BD86B17D0D890AE
:10CA5000D735D96ED83523EC5CF0DECFC3F0DDCF0F
:10CA6000C4F0E0C1C5F0E1C1C6F0E2C1C7F0E3C166
:10CA7000C8F097EC3CF00001D74BD82B0101A55131
:10CA80000001D75DD851800AD66F1EEC75F0D659DB
:10CA9000DEE3010CA6C0D9FFA7C0DAFFDE50DE102E
:10CAA00009E19C0E00019E6F210E21D85B0E26D855
:10CAB0000DEC84F0000120EE02F0A651D926A7511A
:10CAC000DA22DE50DE1008E1C10E9E6F210E0FD873
:10CAD0005C0E14D80DEC84F0A6C029F0A7C02AF093
:10CAE000A8C04DF2A9C04EF2AAC04FF212009F6F2B
:10CAF000B70EA06F220EA16FA36B1200A26F1A0EC9
:10CB0000A46F230EA56F120002012F510401A75D2F
:10CB10000301DF6F020130510401A8590301E06FE6
:10CB2000020131510401A9590301E16F020132519F
:10CB30000401AA590301E26F020133510301DF5DD1
:10CB4000020134510301E059020135510301E15959
:10CB5000020136510301E25901E2010C50EC91F05F
:10CB6000000901E1010CA7C4E0F1A8C4E1F1A9C4E6
:10CB7000E2F1AAC4E3F124EF6BF000012BD8DFA8A7
:10CB800012002FD800EE4FF0EF51E926F051EA22C3
:10CB9000DE50EE5C15E3000EE0EC90F000011AD8D8
:10CBA000DF8020EE4FF080EC3DF0DF6A13D8DF9499
:10CBB00020EE56F080EC3DF0DF900CD8DF9607D0E9
:10CBC00020EE56F080EC3DF0DF8204D8DF8602D8FC
:10CBD000DF98120020EE50F0EF51D926F051DA2202
:10CBE0001200EFC0D9FFF0C0DAFF1200020EE36FAF
:10CBF00028D8DF500AE11BD8E24728D8FB0B2BD8F6
:10CC000004EC8BF00001E36B0AD01BD8DE0407E1D3
:10CC10000ED81CD8FD0B1FD81AEC6AF0F1D711D82A
:10CC2000DF508A6FE3C08BF0440ECEEF81F020EE30
:10CC300001F0E051D926E151DA22DF50E26FE247FC
:10CC40001200E0C0D9FFE1C0DAFF12000101AA51D1
:10CC50000001E2191200E2190101AA6F1200D90EB7
:10CC60000001756F030E766FB6EC6FF075C0D7F3E9
:10CC700076C0D8F3050E0201AC6120D0D3C3E3F136
:10CC8000D4C3E4F1D5C3E5F1D6C3E6F1D7C3E7F1E8
:10CC9000D8C3E8F1AC51090DBC0EF324D96E020ED5
:10CCA000F420DA6E01D80AD00500FA6EDE50FD6E6F
:10CCB000DE50FE6EDE50FF6EFA501200D3C3DFF17D
:10CCC000D4C3E0F1D5C3E1F1D6C3E2F11EEF51F0D8
:10CCD000D89065EC63F0A6EC4BF0DECFE3F1DDCF4E
:10CCE000E4F1E3C167F0E4C168F04BEC8AF00009BD
:10CCF00001E11200010120EE35F0E351D926E451A3
:10CD0000DA22DF50DB25E16F000EDC21E26FE3C1A8
:10CD100067F0E4C168F0E1C169F0E2C16AF0D3EC08
:10CD200060F0E3C1C2F0E4C1C3F006EC3EF0DDC147
:10CD3000D5F1DEC1D6F1DFC1D7F1E0C1D8F1F6EF10
:10CD40007AF00001696F010E6A6F020100B12FD005
:10CD5000008100016A6B6951010ED8B4020E020114
:10CD6000096FC5809DB601D004D00001676B672BA9
:10CD700002D00001676B673115E319D013D00001B1
:10CD8000676B686B9EB60CD001D00AD09EA603D00C
:10CD900007D001D005D0850EE82EFED70000F6D7CB
:10CDA000F3EC6BF0020100B1EAD701D0E8D7000143
:10CDB0006A51120020EE05F031D8DECF99F0DDCFB8
:10CDC0009AF099C09BF09AC09CF0000E9CBFFF0E99
:10CDD0009D6F9E6F20EE07F021D89BC0DEFF9CC0A8
:10CDE000DEFF9DC0DEFF9EC0DEFFA8C08DF0A9C0A3
:10CDF0008EF020EE07F012D8DECF8FF0DECF90F06D
:10CE0000DECF91F0DECF92F013EC67F020EE0BF066
:10CE100005D88DC0DEFF8EC0DDFF1200A851D926D7
:10CE2000A951DA221200F6516D6F6E6B6DBF6E075D
:10CE300020EE1FF08D51D9268E51DA22DECF6FF011
:10CE4000DDCF70F0F1EC7DF06DC095F06EC096F026
:10CE5000D20E9525936F0A0E9621946F93C073F0AE
:10CE600094C074F08BEC41F08FC077F090C078F0F4
:10CE700091C079F092C07AF02BEC78F091EC41F00F
:10CE8000D20E836F0A0E2BEC41F0D3EC48F07FC03A
:10CE90008DF080C08EF012009FC08DF0A0C08EF08B
:10CEA000A1C08FF0A2C090F009EC57F08DC0A7F0A0
:10CEB0008EC0A8F06E6B010E6D6FA351A15D6F6FF8
:10CEC000A451A259706FF1EC7DF09D516D03F3CF29
:10CED000A5F0F4CFA6F06E03F350A6279E516D0384
:10CEE000F350A627A551A727A651A823A7C08DF0C8
:10CEF000A8C08EF0A1C08FF0A2C090F02FEC41F03E
:10CF00008DC09DF08EC09EF01200E351D8B4120087
:10CF100026D805E0E1C1D9FF2AD8D8A4120020EE16
:10CF200002F0E151D926E251DA22DFBA120017D815
:10CF300004E10CD8010EBEEF87F0E1C1D9FF17D88C
:10CF4000D8A4120003D8FF0EBEEF87F0E4C1DBF1D6
:10CF5000E5C1DCF1E6C1DDF1E7C1DEF11200E1C1BE
:10CF6000D9FFE2C1DAFF040EDE18DE101200E2C1C2
:10CF7000DAFF080EDE18DE1012000001736F3BECC2
:10CF800070F010D0218225D0218423D0218621D099
:10CF900021881FD0218A1DD0218C1BD0218E19D031
:10CFA000218017D000017351716F726B7251F8E1DB
:10CFB0007151F6E0010AE6E0030AE6E0010AE6E064
:10CFC000070AE6E0010AE6E0030AE6E0010AE6E015
:10CFD000E7D721C06BF022C06CF023C06DF024C0F5
:10CFE0006EF070C06FF0FDEF8BF0A15127E19FC094
:10CFF00067F0A0C068F057EC8CF000091FE120EE4C
:10D0000003F026D8DECF8DF0DDCF8EF020EE05F0D8
:10D010001FD8DECF8FF0DDCF90F020EE11F018D8C2
:10D02000DECF91F0DDCF92F0DBEC3FF020EE05F0AB
:10D030000FD88DC0DEFF8EC0DDFF120020EE03F0A2
:10D0400007D800EE05F09F51E926A051A8EF20F087
:10D050009F51D926A051DA221200706B2CD8DECF56
:10D060006DF0DDCF6EF06D29716F000E6E21726F65
:10D070006B4B6C2B15D01FD87151DE5CDE50800AD3
:10D080006F6F7251800A6F5907E215D871C0DEFFC9
:10D0900072C0DDFF010E706F6B4B6C2B714B722BEE
:10D0A00069516B5D6C51800A6D6F6A51800A6D59D0
:10D0B000E2E370511200D8906B35D96E6C35DA6EA0
:10D0C0006751D9266851DA2212000CD09AC068F054
:10D0D000EAEF42F09AC068F009EF53F09AC098F076
:10D0E00047EF85F09A51ECEC39F0DF509B6F9C6B69
:10D0F0009C51D8A4020C9B51320AF0E0010AEEE0E8
:10D10000070AECE0010AEAE0030AE8E0010AE6E0C7
:10D110000F0AE4E0040AE2E0010AE0E0030ADEE0CC
:10D12000010ADCE06F0AD2E0010AD4E0330AD6E05B
:10D13000010AD8A4020CD2D7716B6D6B706B1BD037
:10D140007051050DF3CF69F0F4CF6AF0695167258E
:10D150006B6F6A5168216C6F020E6B256E6F000E4B
:10D160006C216F6F19D8DE50715D03E215D8DF5066
:10D17000716F6D2B702B20EE4DF06751D9266851E1
:10D18000DA22DE50705DDCE36D51D8B4640C71516D
:10D1900001E1640C7151120020EE04F06E51D926A9
:10D1A0006F51DA22120081C076F082C077F083C01E
:10D1B00078F084C079F0D7EC80F014D081C071F0A1
:10D1C00082C072F020EE3AF021D8DA22DF50736F7D
:10D1D000B8EF7FF056EC76F014D818D8FDEC3BF0A1
:10D1E000F6EF8DF020EE3AF011D8DA22DF50856F9D
:10D1F000866B8651EFE18551010AE0E0030ADEE02B
:10D20000E9D7010E7E6F20EE21F0010C8351D92663
:10D210008451120040EC70F00000280E0001676F8E
:10D22000030E29D8D5EC38F01FD86A0E766F050E9C
:10D23000776F300EBAEC6AF0340E0001676F030EA0
:10D240001AD8D5EC38F010D8520E766F050E776FDD
:10D25000370EBAEC6AF0A00E0001736F020E746F05
:10D26000F5EC3EF000001200010E736F5A0E746F61
:10D27000040E756F1200686F5A0E696F040E6A6FA4
:10D280001200D8C0D0F0D9C0D1F0DAC0D2F0DBC0E3
:10D29000D3F0E0C0D4F0E1C0D5F0E2C0D6F0E3C0F6
:10D2A000D7F0DAEC73F0D8C071F0D9C072F0DAC000
:10D2B00073F0DBC074F0D6EC8CF0400E0001676FA9
:10D2C000030E686F960E696F040E6A6F6C6B050E25
:10D2D0006B6F28EC7CF0DCC040F3DDC041F3DEC0B6
:10D2E00042F3DFC043F3400ED86F030ED96F120034
:10D2F000000E76EC78F06AC070F06BC071F0020E30
:10D3000076EC78F06AC072F06BC073F00001746B59
:10D31000756B725173110EE07491749520EE38F0B4
:10D320007251D9267351DA22DFAC02D0748302D055
:10D3300000017493705171110CE020EE38F07051BF
:10D34000D9267151DA22DFAC02D0748702D00001F5
:10D35000749774C06EF075C06FF0120020D8DFB201
:10D3600012001DD8DFB0120020EE13F023D800EE1B
:10D370000BF01CD8E2EC46F022D803E210D8DF8490
:10D38000120020EE0BF016D800EE15F00FD8E2ECEC
:10D3900046F015D8D8B0120002D8DF86120020EE71
:10D3A00038F06751D9266851DA2212006751E92610
:10D3B000685112006751D9266851DA2212006D6F48
:10D3C000DE50800A6D591200686B696B1BD0D890D3
:10D3D0006835D96E693523EC5CF0DECF6AF0DDCFBD
:10D3E0006BF000011BD8DF9C19D8DF9A20EE3CF0CF
:10D3F0001CD8DF9013D8DF9E20EE3CF016D8DF92C9
:10D40000684B692B0101A5510001685D6951800AD3
:10D41000676F1EEC75F06759DAE3120020EE3BF0FF
:10D420006A51D9266B51DA2212006A51D9266B5102
:10D43000DA2212005BEC90F067C0DEF068C0DFF02B
:10D440000101AAA31CD01FD8140EDE6EDD6A20EEE7
:10D4500025F021D8010EDBBE06D0DB5013E1140EFF
:10D46000DE5CD8B0120020EE25F015D8140EDE6E6A
:10D47000DD6ADEC0C2F0DFC0C3F006EF3EF003D8C5
:10D48000DE6ADD6A1200000120EE17F0DE51D926B7
:10D49000DF51DA221200DE51D926DF51DA221200E2
:10D4A0000001756F755103E0746B742B02D000019D
:10D4B000746B0101AA5100017419FE0B741901016A
:10D4C000AA6F0001766B776B10D0D8907635D96E45
:10D4D000773523EC5CF0DECF6BF0DDCF6CF075C000
:10D4E0006DF079EC50F0764B772B0101A5510001DE
:10D4F000765D7751800A746F1EEC75F07459E5E320
:10D500002DEC91F0040E8CEF90F0B283040E8CECB5
:10D5100090F0000EB1EC7DF0230E00017C6F240E24
:10D5200024D8F6EC8DF00101B2A109D02D0E000136
:10D530007C6F240EBDEC5DF0806BF6EC8DF09D0EE3
:10D5400000017C6F240E7D6FFBEC3DF0F6EC8DF05E
:10D55000000E0001676F67C0ACF20201AD6BAE6BED
:10D56000070E8BEC8FF00AEF69F07D6F7E6B7F6B9F
:10D57000806B12007A6F00017D6B74C07EF075C005
:10D580007FF076C07BF077C07CF01DD07EC0D9FFE5
:10D590001FD8DE50EE1812E073C06FF07DC070F03F
:10D5A0007EC0D9FF7FC0DAFFDF50716F7A5144EC43
:10D5B0008BF07EC0D9FF0CD8DFCFEFFF7D2B7B4BEC
:10D5C0007C2B7E4B7F2B170E7D65E0D70000170C60
:10D5D0007FC0DAFF7BC0E9FF7CC0EAFF12006E6B00
:10D5E00029D8DECF6BF0DDCF6CF0FF0E6B256F6FAF
:10D5F000FF0E6C21706F6907D8A06A076ABF18D048
:10D6000019D8DE506F5D7051800A6D6FDE50800A50
:10D610006D5907E20FD86FC0DEFF70C0DDFF010E4D
:10D620006E6F6907D8A06A076F07D8A07007E6D7A2
:10D630006E511200D8906935D96E6A35DA6E67512D
:10D64000D9266851DA221200F2EC8FF037C28CF042
:10D6500038C28DF039C28EF03AC28FF0E0C190F03E
:10D66000E1C191F0E2C192F0E3C193F04AEC54F0D1
:10D6700000090BE0E0C1DBF1E1C1DCF1E2C1DDF169
:10D68000E3C1DEF1000E11EC76F0E0C1D5F1E1C1AD
:10D69000D6F1E2C1D7F1E3C1D8F1F6EC7AF0E0C1FE
:10D6A0002FF2E1C130F2E2C131F2E3C132F2010CFA
:10D6B00099C097F09AC098F018EC7BF09EAF09D013
:10D6C000B00E9B5D3C0E9C59FF0E9D59FF0E9E595E
:10D6D00022E39EBF08D09E519D111DE1510E9B5D1E
:10D6E000C30E9C5918E220EE39F09951D9269A516F
:10D6F000DA22DF809BC03DF09CC03EF09DC03FF031
:10D700009EC040F099C08DF09AC08EF0D6EC2EF0FD
:10D71000A4EC90F0010C000C6C6B68AF06D0676D48
:10D72000681FD8B0682B010E6C6F6AAF04D0696DAA
:10D730006A1FD8B06A2B69516A1117E0010E6B6F2E
:10D7400004D0D89069376A376B2B6AAFFAD7695122
:10D75000675D6A51685904E36951675F6A51685BA4
:10D76000D8906A3369336B2FF2D76C5104E0676D40
:10D77000681FD8B0682B67C067F068C068F01200F7
:10D7800098EC90F067C0D9FF68C0DAFFDF50010164
:10D79000DF6FDF5101E0010C9FEC88F072C0E0F117
:10D7A00073C0E1F1E0C1D9FFE1C1DAFFDFAC000CE9
:10D7B000010112D8DFB2000C0FD8DFA4000C7BEC03
:10D7C0008FF0DBC1D5F1DCC1D6F1DDC1D7F1DEC10F
:10D7D000D8F1F6EC7AF0010C20EE02F0E051D926F7
:10D7E000E151DA2212009E96020100A710D0C5BCBA
:10D7F00001D003D0206A202A01D0206A2030019075
:10D80000D8B0018001A003D00F0E0201096F020100
:10D810000951030D750EF324F66E200EF420F76EF9
:10D82000F86A000EF82201D80DD00500FA6E090042
:10D83000F550FD6E0900F550FE6E0900F550FF6EC3
:10D84000FA50120001500201096F1200000EE0ECC4
:10D8500090F089EC3DF080EC3DF023D8DE50EE18DE
:10D8600001E102D0010E01D0000E000903E0010128
:10D87000AA89120020EE4DF080EC3DF00BD8EFC0ED
:10D8800072F0F0C073F0F4EC8AF00009D8A494ECC4
:10D890008BF01200EFC0E9FFF0C0EAFFDFCFEFFF2F
:10D8A000120000EE01F0EF51E926F051EA221200D9
:10D8B00000016B516C116D116E1123E0010E6F6F41
:10D8C00006D0D8906B376C376D376E376F2B6EAFD5
:10D8D000F8D76B51675D6C5168596D5169596E513C
:10D8E0006A5908E36B51675F6C51685B6D51695B06
:10D8F0006E516A5BD8906E336D336C336B336F2F20
:10D90000E8D767C067F068C068F069C069F06AC0AE
:10D910006AF012001CD00AEC88F027D048EC5EF0C8
:10D9200024D0E0C16BF0E1C16CF0E2C16DF0E3C165
:10D930006EF093EC77F019D0E0C1CEF0E1C1CFF0FA
:10D94000E2C1D0F0E3C1D1F025EC50F00ED08C5103
:10D950000001D66FD76BD75108E1D651DCE0010A40
:10D96000DDE0030ADEE0010AE7E001018C5101E09D
:10D97000000C49EC1DF0010C000EB1EC7DF0010132
:10D98000D26BD36B20D0D890D235D96ED335DA6E26
:10D99000A6EC4BF0DECFD0F1DDCFD1F1D0C167F0F6
:10D9A000D1C168F04BEC8AF000090AE0D2C1D6F090
:10D9B000D3C1D7F0D0C1D8F0D1C1D9F05CEC73F0AD
:10D9C0000101D24BD32BA551D25DD351800ACF6F29
:10D9D000A651800ACF59D7E30AEF69F00601646BBC
:10D9E000660E00016A6F060E25D84B0E6E6F2EEC88
:10D9F00086F0B10E6A6F060E1DD8020E6E6F2EEC09
:10DA000086F0B30E6A6F060E15D8060E6E6F2EECFA
:10DA100086F0B90E6A6F060E0DD8010E6E6F2EECF1
:10DA200086F00601BA91BA93640E0001726F060E79
:10DA3000736F12006B6F6D6B6C6B6F6B120074C049
:10DA400076F075C077F072C0D9FF73C0DAFF76C088
:10DA5000E9FF77C0EAFFDFCFEFFF72291BD8CCECDC
:10DA600082F020EE01F012D809D8040E722512D8E7
:10DA7000CCEC82F020EE04F009D800D0DA226CC0A1
:10DA8000DEFF6DC0DEFF6EC0DEFF12007651D926CC
:10DA9000775112006C6F000E73216D6F120074C00D
:10DAA0006BF075C06CF072C0D9FF73C0DAFF6BC049
:10DAB000E9FF6CC0EAFFB1EC79F01CD800EE01F090
:10DAC00012D820EE02F016D800EE02F00CD820EEAC
:10DAD00003F010D800EE03F006D820EE04F00AD8C8
:10DAE00000EE04F000D06B51E9266C51EA22DFCF42
:10DAF000EFFF12007251D9267351DA22120090EC16
:10DB00008CF0726F736B725173190AE1030EF51981
:10DB100007E173C06FF0706B070E35EC8FF006D025
:10DB200073C06FF0706B020E35EC8FF07251731989
:10DB300008E1030EF51905E00DD8070E35EC8FF05E
:10DB400004D008D8020E35EC8FF0732B020E7365EB
:10DB5000DAD7020C73C06FF0010E706F010C6CC14C
:10DB600082F06DC183F0D89001016C35D96E6D35AE
:10DB7000DA6E02015651D9265751DA22DECF84F0EF
:10DB8000DDCF85F084C075F085C076F05AEC53F097
:10DB9000000905E084C07FF085C080F01200C6EC6B
:10DBA0008DF00001825101016C19DDE1000183510A
:10DBB00001016D19D8E100017F6B806B12008DC0EF
:10DBC00073F08EC074F08BEC41F0F1EC21F02BEC93
:10DBD00078F073C091F074C092F075C093F076C085
:10DBE00094F091C07FF092C080F093C081F094C017
:10DBF00082F0200E9AEC41F0D3EC48F07FC091F017
:10DC000080C092F081C093F082C094F091C08DF0FA
:10DC100092C08EF093C08FF094C090F012006B6FA2
:10DC20001AD0676B686B1200FF0E23D020EE3AF01B
:10DC3000F6EC3DF0020EDE1802E1FE0E1AD0686B23
:10DC4000010E676F010C20EE3AF0F6EC3DF0020E8B
:10DC5000DE18F5E0F2D700016B51696F6A6B6A510B
:10DC6000F2E16951010AE0E0030ADBE0010ADEE0CB
:10DC7000EAD72D24676FFF0E2E20686F1200A9517E
:10DC8000DB25E16FE15102E1010E03D0080EE165F1
:10DC900001D0E16FE1C1A9F1E151FEEC90F0070E76
:10DCA0008BEC8FF001010CD8F6EC8DF0DDC1D5F1D5
:10DCB000DEC1D6F1DFC1D7F1E0C1D8F1F6EF7AF0DD
:10DCC000A951300F0201B46FB10E00017C6F020E3A
:10DCD0007D6F7E6B020E7F6F806B020C000120EE69
:10DCE00022F026D8DF50D8B41200020E691907E0DE
:10DCF00020EE3AF01DD8020EDE18D8A4120020EE55
:10DD000025F016D8DECF6BF0DDCF6CF020EE23F0DF
:10DD10000FD800EE25F06751E9266851A8EC20F0F5
:10DD200020EE23F005D86BC0DEFF6CC0DDFF1200D3
:10DD30006751D9266851DA221200020E831904E1D4
:10DD4000A90E846F240E0CD0830504E1660E846F47
:10DD5000240E06D0030E831904E1640E846F240E92
:10DD6000856FA00E7C6F240E7D6F01EC69F010D8DA
:10DD700013EC4DF0F6EC8DF084C07CF085C07DF0A6
:10DD80007E6B20EE21F004D8FDEC3BF0F6EF8DF039
:10DD90008151D9268251120020EE33F027D8DECFF0
:10DDA000D0F0DDCFD1F0CBC0AAF0CCC0ABF0CDC06D
:10DDB000ACF0CEC0ADF0B4EC5CF0AAC0D2F0ABC019
:10DDC000D3F0D2C0C6F0D3C0C7F020EE03F0D051DC
:10DDD000D926D151DA22DF50C86F20EE21F006D8C3
:10DDE000DF50C96FCFC0CAF0A2EF8DF0CB51D9265A
:10DDF000CC51DA2212000201008504D09E86030E67
:10DE0000016E030C1D51E66E22EE0BF001D80AD014
:10DE10000500FA6EDE50FD6EDE50FE6EDE50FF6EC7
:10DE2000FA50120001501F6E206A205002E065EF88
:10DE300091F01F50010A02E165EF91F0030A02E13F
:10DE400031EF91F0010A02E131EF91F0070AD6E0DB
:10DE500065EF91F0766B776B72C075F07551D96E86
:10DE6000DA6A73C0E9FF74C0EAFFDFCFEFFF764BD9
:10DE7000772B75296D6F765173256E6F77517421ED
:10DE80006F6F9BEC78F06D5176276E51772375514B
:10DE90004BEC53F076517325E96E77517421EA6E9D
:10DEA000DFCFEFFF764B772B76C072F077C073F041
:10DEB00012009DC08DF09EC08EF09FC08FF0A0C05C
:10DEC00090F009EC57F08DC0A3F08EC0A4F0A3C071
:10DED0007BF0A4C07CF09FC07DF0A0C07EF0A1C00C
:10DEE0007FF0A2C080F036EC5AF07BC0A3F07CC07B
:10DEF000A4F0A3C08DF0A4C08EF09FC08FF0A0C08E
:10DF000090F02FEC41F08DC09DF08EC09EF012007D
:10DF1000E5EC90F067C06EF068C06FF06B516E5D1D
:10DF20006C516F5905E36BC070F06CC071F004D098
:10DF30006EC070F06FC071F0726B736B0DD051ECEE
:10DF40007DF06D6F72516925D96E73516A21DA6E59
:10DF50006DC0DFFF724B732B7051725D715173593D
:10DF6000EEE370C069F071C06AF012009FEC88F0B7
:10DF700072C079F073C07AF079C0D9FF7AC0DAFF45
:10DF8000DECF7BF0DDCF7CF00101765100017B1903
:10DF900005E10101775100017C1902E0010E01D079
:10DFA000000E786F7BC076F17CC077F175517611E9
:10DFB00006E075C0D9FF76C0DAFF78C0DFFF79C010
:10DFC00075F07AC076F01200000EB1EC7DF0DEEC58
:10DFD00079F01CD0E2C0D6F0E3C0D7F0E4C0D8F0AE
:10DFE000E5C0D9F0CAEC45F00AEF69F0E2C0D8F01C
:10DFF000E3C0D9F0E4C0DAF0E5C0DBF06CEC4CF043
:10E000000AEF69F014EC8BF00AEF69F0010191510D
:10E01000CF6FD06BD051F6E1CF51010ADBE0030A9C
:10E02000E5E0F0D70001726F26D80CD022821FD015
:10E0300022841DD022861BD0228819D0228A17D094
:10E04000228015D000017251706F716B7151F8E12F
:10E050007051F6E0010AF4E0030AE8E0010AE8E0A2
:10E06000070AE8E0010AE8E0030AE8E0E9D7CAECB9
:10E070007FF0FDEF8BF0216A226A236A246A120086
:10E0800041AE05D0020194510FEC80F025D04150F3
:10E0900023E041A003D0000E33EC8DF041A203D069
:10E0A000010E33EC8DF041A403D0020E33EC8DF061
:10E0B00041A603D0030E33EC8DF041A803D0040E2B
:10E0C00033EC8DF041AA03D0050E33EC8DF041AC5A
:10E0D00003D0060E33EC8DF0416A12008A6F000106
:10E0E0008A5176EC78F06AC08BF06BC08CF000013E
:10E0F0008B518C11D8B41200060E8F6F900E8D6F5D
:10E100008E6B8DC0D9FF8EC0DAFF8AC0DFFF8BC057
:10E1100067F08CC068F0E9EC57F020EE01F08D510B
:10E12000D9268E51DA2267C0DEFF68C0DDFF8F0E70
:10E1300074EC42F070EF56F0776B786B15D072513B
:10E14000D96EDA6ADECF75F0DDCF76F077517525BE
:10E15000D96E78517621DA6E77517325E96E785150
:10E16000742114D8774B782B72518CEC2BF0DF5044
:10E17000756F766B7551775D76517859E0E3725122
:10E180008CEC2BF0DF50726F736B1200EA6EDFCFF6
:10E19000EFFF12006C6B6D6B19D0D8906C35D96E97
:10E1A0006D3523EC5CF0DECF6AF0DDCF6BF0000163
:10E1B00020EE41F06A51D9266B5114D86AC067F03D
:10E1C0006BC068F094EC83F06C4B6D2B0101A55192
:10E1D00000016C5D6D51800A696F1EEC75F0695924
:10E1E000DCE31200DA22DE6ADE6ADE6ADD6A120031
:10E1F000060000013200CE1D0100000000000000FA
:10E20000000005B824001C0012AE00B2DE00CCA451
:10E210000098CE0003000000140078080100000000
:10E22000000000000000020000001400CC0D0100FE
:10E230000000000000000000010000001400C80FF2
:10E240000100000000000000000000018C6B8D0E3A
:10E250008A6F8B6B8AC0D9FF8BC0DAFF010EDF6E2D
:10E2600020EE01F01AD8020EDF6E20EE02F015D873
:10E27000DF6A20EE03F011D8070EDF6E20EE04F007
:10E280000CD8010EDF6E20EE05F007D8090EDF6E08
:10E290008C0E74EC42F070EF56F08A51D9268B51F7
:10E2A000DA2212008B6F00018B5176EC78F06AC095
:10E2B0008CF06BC08DF000018C518D11D8B4120020
:10E2C000080E906F910E8E6F8F6B8EC0D9FF8FC02E
:10E2D000DAFF8BC0DFFF8CC068F08DC069F047ECBF
:10E2E0008FF08A6F20EE01F08E51D9268F51DA22FD
:10E2F0008AC0DFFF900E74EC42F070EF56F0EEEC47
:10E300006CF072C0ABF173C0ACF19A0E0101AD6F4D
:10E31000020EAE6F0001676B67510101AD25D96E2A
:10E32000000EAE21DA6EDF680001672B050E67650F
:10E33000F3D701D0F1D7C26BC36BC46BC56B0101BE
:10E340009E517CEC42F00101AA99AA9B1AEC6AF05A
:10E350000101B36BFAEF74F06C6B6D6B685106E101
:10E36000FB0E675D03E26B6B010E09D06951D96E3C
:10E37000DA6AFB0EDF6E6C4B6D2B6B6B020E6A6FF5
:10E380000BD069516C25D96EDA6A67C0DFFF6C4B20
:10E390006D2B68C067F0686B6A07D8A06B076A29A5
:10E3A000F0E16B29EEE16CC067F06DC068F012001F
:10E3B000A951DB25E16FE15102E1010E03D0080E06
:10E3C000E16501D0E16FE1C1A9F1E151FEEC90F00E
:10E3D000070E8BEC8FF00101A951300F0201F86F8D
:10E3E000F50E00017C6F020EBAEC5DF07F6F806B62
:10E3F000F6EC8DF0DDC1D5F1DEC1D6F1DFC1D7F18C
:10E40000E0C1D8F1F6EF7AF024D8DFA405D0A60E4B
:10E41000676F240E686F12001CD8DFA605D0A30E0C
:10E42000676F240E686F120014D8DFA805D0D90ECC
:10E43000676F230E686F12000CD8DFAA05D0DF0EBD
:10E44000676F230E686F12008F0E676F240E686F60
:10E45000120020EE38F06751D9266851DA221200F6
:10E4600026EC8EF067C073F068C074F021D8735149
:10E47000D9267451DA22DFAC04D00101B45101E095
:10E48000120016D810D8DFAE000E706F20EE39F0F3
:10E490000AD8DFA2000E716F20EE39F004D8DFA099
:10E4A000000EEFEF84F07351D9267451DA22010C7B
:10E4B000000120EE38F01200766B776B72C075F0B9
:10E4C0007551D96EDA6A73C0E9FF74C0EAFFDFCF15
:10E4D000EFFF764B772B75290ED89BEC78F013D88D
:10E4E0007551040F08D89BEC78F00DD876C072F007
:10E4F00077C073F012006D6F765173256E6F775190
:10E5000074216F6F12006D5176276E5177231200C0
:10E5100026D820D824D8DECF6DF0DDCF6EF06DC0C8
:10E52000D9FF6EC0DAFFDF6A20EE02F00FD8DA22E0
:10E5300011D820EE04F00AD8DA226BC0DEFF6CC0DE
:10E54000DDFF20EE06F002D81FEF79F06751D926E3
:10E550006851120069C0DEFF6AC0DDFF120067C0AB
:10E56000D9FF68C0DAFF1200E7C3A5F4E8C3A6F438
:10E5700028C1A7F429C1A8F42AC1A9F42BC1AAF47F
:10E5800020EE04F017D8DA2201D80AD00500FA6E7E
:10E59000DE50FD6EDE50FE6EDE50FF6EFA50120051
:10E5A0000301E96FE951D8B4120020EE0BF002D854
:10E5B00099EF8AF0E751D926E851120002D0000005
:10E5C0001200905100017F6F806B8051F8E17F5104
:10E5D00002E114EF3DF0010A02E107EF8AF0030ABD
:10E5E00002E126EF6CF0010A02E194EF8BF0070ADA
:10E5F00002E181EF62F0010A02E196EF86F0030A80
:10E6000002E1ADEF83F00E0A02E1BDEF65F0D7D76E
:10E61000000EB1EC7DF00101D26BD36B18D0D89015
:10E62000D235D96ED335DA6EA6EC4BF0DECFD0F111
:10E63000DDCFD1F1D2C1CBF0D3C1CCF0D0C1CDF080
:10E64000D1C1CEF093EC3BF00101D24BD32BA551BD
:10E65000D25DD351800ACF6FA651800ACF59DFE334
:10E660000AEF69F0000EB1EC7DF00101D26BD36BC3
:10E6700018D0D890D235D96ED335DA6EA6EC4BF0DF
:10E68000DECFD0F1DDCFD1F1D2C181F0D3C182F0A4
:10E69000D0C183F0D1C184F0D3EC68F00101D24B3A
:10E6A000D32BA551D25DD351800ACF6FA651800ADA
:10E6B000CF59DFE30AEF69F0D6C076F0D7C077F024
:10E6C000D8C078F0D9C079F0D7EC80F020EE33F0E4
:10E6D000D851D926D951DA22DECFDAF0DDCFDBF0FE
:10E6E000DAC0D9FFDBC0DAFFDF5012EC70F0D8C01F
:10E6F00067F0D9C068F0BFEC89F00009D8B4120007
:10E70000D8C0D4F0D9C0D5F00CEF8CF06E6F0001FA
:10E710006E517CEC4EF00009FAE05E0EE66E120ED1
:10E72000E66E010EE66E6D0E056E53EC89F06C0E12
:10E73000056E086A010E076E5EEC8EF08A0E00010F
:10E74000676F220E686F010E696F6A6B6B6BEAEC84
:10E750008DF062EC91F039EC8CF0E806FCE01200F0
:10E76000766B776B72C075F07551D96EDA6A73C0CB
:10E77000E9FF74C0EAFFDFCFEFFF764B772B7551CF
:10E7800011D876517325696F775174216A6F62ECE5
:10E7900083F0675176276851772376C072F077C08F
:10E7A00073F01200D96EDA6AD92ADECF67F0DDCFB6
:10E7B00068F01200D0C073F0D1C074F0D2C075F010
:10E7C000D3C076F0900E1AD82BEC78F0D9EC21F06B
:10E7D00071EC63F07FC03BF280C03CF281C03DF23F
:10E7E00082C03EF201018C6BD4C06AF1D5C06BF1DE
:10E7F000D6C027F0D7C028F0F8EF5CF0776F010E95
:10E80000786F796B7A6B010C000000000062722057
:10E81000200000000000000022FB0000000022FC9D
:10E820000008750096EA0022FC00D25A00CE720061
:10E830000C0B0116BD00E20A0122FC001E9300A889
:10E8400016015A1301EC73002E2201F606018EB157
:10E85000006272202000720494058251D96EDA6A37
:10E86000DECF6BF0DECF6CF0DECF6DF0DECF6EF082
:10E87000010E6F6FFDEC8BF00AEC69F00001825124
:10E88000D96EDA6A0ED8060E0001846F130E836FFC
:10E89000AD0EE82EFED7832FFCD7842FFAD700D0F9
:10E8A0001200DE6ADE6ADE6ADD6A120023D8DFA8A3
:10E8B00003D0F9EC90F00BD01DD8DFAA03D074EC94
:10E8C00090F005D017D8DFAC000C7AEC90F0E16F37
:10E8D000E15103E08DEC7EF002D025EC84F0DDC147
:10E8E000D5F1DEC1D6F1DFC1D7F1E0C1D8F1F6EC48
:10E8F0007AF0010CDBC1D9FFDCC1DAFF1200B451A0
:10E9000006E1D6C0D4F0D7C0D5F00CEC8CF00001F5
:10E9100020EE45F014D8DA22DF50D86FFF0ED8254C
:10E92000C66FC76BFF0EC7230ED809D802D8A2EF57
:10E930008DF0DA22DF50C96F010ECA6F010CD6517B
:10E94000D926D7511200020EC86F20EE21F0020C1A
:10E950009EEC90F00009D8B4010CA2C069F0A3C0ED
:10E960006AF06DEC8AF00009D8B4010CA2C08CF0FA
:10E97000A3C08DF0A4C08EF0A5C08FF0A6C090F00B
:10E98000A7C091F056EC47F00009D8A4010CA2C032
:10E9900069F0A3C06AF093EC46F0000901E1010CB4
:10E9A000000C8D6F00018D5174EC8EF00009D8B40D
:10E9B0001200240E8E6F8F0E8B6F8C6B8BC0D9FF65
:10E9C0008CC0DAFF8DC0DFFFAA0E676F010E686F83
:10E9D0008DC069F04AEC87F08A6F20EE01F08B5110
:10E9E000D9268C51DA228AC0DFFF8E0E74EC42F0F9
:10E9F00070EF56F054EC57F07D6B7E6B14D0D890CE
:10EA00007D35D96E7E3523EC5CF0DECF7BF0DDCF3B
:10EA10007CF0000120EE4FF07B51D9267C51DA22A8
:10EA2000DF807D4B7E2B0101A55100017D5D7E5174
:10EA3000800A7A6F03D87A59E2E312000101A651E5
:10EA4000800A0001120001D80BD00500FA6E020105
:10EA50004A51FD6E4B51FE6E4C51FF6EFA50120042
:10EA600067C028F168C029F169C02AF16AC02BF19A
:10EA7000AFEC6DF07FC0EAF380C0EBF30301EA5125
:10EA8000EB1101E11200EAC3E7F3EBC3E8F3B4ECE6
:10EA900072F0C6EF8DF0706B010E00EC90F0706BB1
:10EAA000020E00EC90F0BEEC86F067C07CF068C00F
:10EAB0007DF00AEC2EF0F6EC8DF00101B2A108D049
:10EAC000CAEC7EF00FEC2EF0FBEC3DF0F6EC8DF096
:10EAD0000AEC69F0020E0001676F67C0ACF2020138
:10EAE000AD6BAE6B12006BC072F06CC073F01AD0DD
:10EAF0001DD86DC067F06EC068F0DEEC8DF00001CF
:10EB0000716FDE50711909E06DC067F06EC068F07A
:10EB10000DD8DF50696FF2EC7FF000016D4B6E2B6A
:10EB2000724B732B6F076F29E3E1120072C0D9FF9C
:10EB300073C0DAFF1200DEEC2BF00001786B940E4C
:10EB400078250AEC81F0DF688E0E7825D96EDA6AB6
:10EB5000020EDA22DF6A782B050E7865F0D76A0E8E
:10EB60006A6F050E08D82EEC86F0520E6A6F050EFD
:10EB700002D82EEF86F06B6F6D6B800E6C6F6F6B33
:10EB8000180E6E6F180CA7C4D3F3A8C4D4F3A9C48D
:10EB9000D5F3AAC4D6F3090E0101A1250301DF6F45
:10EBA000000E0101A2210301E06FDFC3F6FFE0C305
:10EBB000F7FF000EF86E01D8010C0500FA6E09008F
:10EBC000F550FD6E0900F550FE6E0900F550FF6E20
:10EBD000FA5012001CEC32F0000120EE17F0F6ECB7
:10EBE0003DF073EC3EF09FEC41F0A7C0B4F0A8C03C
:10EBF000B5F0B451B51103E1B26BB36B1200F5512E
:10EC000003E0030EF51905E1B4C0B2F0B5C0B3F0EE
:10EC10001200F505F1E1B429B26F000EB521B36F12
:10EC200012000101DF6F070EDF6501D0DF6FDF51DA
:10EC30009E1901E11200DBC1C2F0DCC1C3F0DDC1ED
:10EC4000C4F0DEC1C5F0DF517CEC42F0080E8BEC65
:10EC50008FF0DBC1D5F1DCC1D6F1DDC1D7F1DEC16A
:10EC6000D8F1F6EC7AF02DEC91F0040E8CEF90F0E8
:10EC70000ED0D6C0D4F0D7C0D5F0D2EF86F016D8DB
:10EC800001EC69F018D8FDEC3BF0F6EF8DF020EECA
:10EC90003AF011D8DA22DF50D86FD96BD951EFE1B1
:10ECA000D851010AE6E0030AE4E0E9D7930E7C6F4D
:10ECB000240E7D6F1200D651D926D751120081C083
:10ECC00067F082C068F001EC7AF067C083F068C03A
:10ECD00084F083C07CF084C07DF071EC4DF0F6ECE4
:10ECE0008DF00DD87F6F806FF6EC8DF0010E726F96
:10ECF000000EABEC8FF0010E726FABEF8FF0830E56
:10ED00007C6F240E7D6F010E7E6F010C00016A6B1B
:10ED10006B6B17D0D8906A35D96E6B3523EC5CF0ED
:10ED2000DECF67F0DDCF68F010EC7DF0696F470E45
:10ED30006A25D96E020E6B21DA6E69C0DFFF6A4B5D
:10ED40006B2B0101A55100016A5D6B51800A696F4F
:10ED50001EEC75F06959DEE312002FEC8BF004E134
:10ED6000030E625DD8A01200626B636BB76B020E7C
:10ED7000B56F26EC8EF067C095F068C096F0FAEC9F
:10ED800086F095C099F096C09AF097C09BF098C015
:10ED90009CF099C06FF09AC070F09BC071F09CC05D
:10EDA00072F0010E94EF28F020EE1BF01FD8DF5018
:10EDB00014E020EE19F01AD8DECF7DF0DDCF7EF022
:10EDC000320E7D25736F000E7E210BD8ADEC63F003
:10EDD00073C07BF074C07CF012007C6B140E7B6FF0
:10EDE000140C746F766B640E756F640C7B51D926AE
:10EDF0007C51DA22120000016F6B706B1CD06F51D6
:10EE000068256C6F705169216D6F6CC0F6FF6DC025
:10EE1000F7FF000EF86E0F0EF76403D00800F550F0
:10EE200002D031EC55F000016E6F6E51B4EC81F000
:10EE300000016F4B702B6A516F5D6B517059DFE3AE
:10EE4000120020D8DFA803D0F9EC90F00BD01AD82C
:10EE5000DFAA03D074EC90F005D014D8DFAC000C1E
:10EE60007AEC90F0E16FE1510CE08AEC8EF0DDC1BC
:10EE7000D5F1DEC1D6F1DFC1D7F1E0C1D8F1F6ECB2
:10EE80007AF0010CDBC1D9FFDCC1DAFF12005BECC8
:10EE900090F067C06DF068C06EF06DC067F06EC036
:10EEA00068F09BEC89F0000917E06DC067F06EC058
:10EEB00068F0BFEC89F000090FE020EE0DF06D5115
:10EEC000D9266E51DA22010EDBBE010CDB5004E1C3
:10EED000140EDE5C01E2010C000C9EEC90F00009C7
:10EEE00021E0A2C069F0A3C06AF06DEC8AF00009CD
:10EEF00019E0A2C069F0A3C06AF093EC46F00009E3
:10EF000011E0A2C08CF0A3C08DF0A4C08EF0A5C00B
:10EF10008FF0A6C090F0A7C091F02EEC44F000094D
:10EF200001E0010C000C6BC03FF26CC040F26DC000
:10EF300041F26EC042F220EE03F011D801D80AD09F
:10EF40000500FA6EDE50FD6EDE50FE6EDE50FF6E86
:10EF5000FA50120009D8030E01018C6F030C2750E0
:10EF6000D9262850DA22120069C066F16AC067F11A
:10EF7000120002010097020E0A6F1F51E66E22EE88
:10EF800011F001D80AD00500FA6EDE50FD6EDE5099
:10EF9000FE6EDE50FF6EFA50120001501F6E206AA6
:10EFA000205002E065EF91F01F50020A02E131EFBC
:10EFB00091F0010A02E131EF91F065EF91F08EC01E
:10EFC00091F08FC092F00101526B536B12D08DC043
:10EFD0007BF0910E00017C6F90C07DF07E6B7EEC2B
:10EFE00017F000017B510101522700017C51010102
:10EFF000532391C0F6FF92C0F7FFEDEC7FF0E7E1FD
:10F0000052C18DF053C18EF0120020EE03F01ED8D5
:10F01000BAC0DEFFBBC0DDFF20EE1BF017D8BCC0BE
:10F02000DFFF20EE19F012D8BDC0DEFFBEC0DDFF4D
:10F03000B8C09FF0B9C0A0F0BFC0A1F0F5EC67F078
:10F04000B8C0B0F0B9C0B1F014EF52F0B851D92641
:10F05000B951DA2212007B6B7C6B7D6B7E6B73A1E6
:10F0600008D077517B2778517C2379517D237A51C1
:10F070007E23D8907737783779377A37D8907633B8
:10F080007533743373337351741175117611E7E16D
:10F090007BC073F07CC074F07DC075F07EC076F0EC
:10F0A00012006ABF09D067C067F068C068F069C025
:10F0B00069F06AC06AF0120067C06BF068C06CF05B
:10F0C00069C06DF06AC06EF06B1F6C1F6D1F6E1F04
:10F0D0006B2B000E6C236D236E236BC067F06CC02E
:10F0E00068F06DC069F06EC06AF0000C00016D6FD1
:10F0F00018D05BEC90F067C06AF068C06BF012004B
:10F100001AEC8EF067C06AF068C06BF0120026EC53
:10F110008EF067C06AF068C06BF012006A6B6B6BB0
:10F12000120000016D51E5E0010AEAE0030AEFE098
:10F13000010AEDE0F3D7706B716B6D51D96EDA6A2D
:10F140006DEC87F070516E25696F71516F216A6F98
:10F1500062EC83F067517027685171236D518CEC1C
:10F160002BF070516E25E96E71516F21EA6EDFCF81
:10F17000EFFF704B712B70C06DF071C06EF012001C
:10F180006C6B6D6B69516A111BE0010E6B6F04D0E3
:10F19000D89069376A376B2B6AAFFAD7D8906C373B
:10F1A0006D376951675D6A51685905E36951675F59
:10F1B0006A51685B6C81D8906A3369336B2FEED7E4
:10F1C0006CC067F06DC068F01200EFC0A1F0F0C035
:10F1D000A2F01AD800EE03F048EC43F0EF50A06F15
:10F1E00013D8DECF9DF0DDCF9EF00ED800EE64F098
:10F1F00048EC43F0EF509F6F9D0E9A6F65EC68F0FE
:10F200000009D8B40000120029C0D9FF2AC0DAFFD3
:10F21000120067C0D9FF68C0DAFF1AD820EE02F0EA
:10F2200013D8DA2215D820EE04F00ED8DA226BC0FB
:10F23000DEFF6CC0DDFF20EE06F006D800D0DA223B
:10F24000010EDE6EDD6A000C6751D926685112008E
:10F2500069C0DEFF6AC0DDFF12001ED8DFA803D040
:10F26000F9EC90F00BD018D8DFAA03D074EC90F032
:10F2700005D012D8DFAC000C7AEC90F0E16FE151D0
:10F280000AE0DDC1D5F1DEC1D6F1DFC1D7F1E0C1C1
:10F29000D8F1F6EC7AF0010CDBC1D9FFDCC1DAFF62
:10F2A000120042C046F043C047F044C048F045C099
:10F2B00049F046C04AF047C04BF048C04CF0010E40
:10F2C00049A0000E0101866F865102E04C8E01D0EC
:10F2D0004C9E483449304D6E4AC042F04BC043F01A
:10F2E0004CC044F04DC045F012000101965101E0C0
:10F2F0001200640E0001696501D0696F6A6B0FD05E
:10F300006A516725D96E000E6821DA6E000E6A25F3
:10F31000E96EEA6A070EEA22DFCFEFFF6A2B695136
:10F320006A5DEEE369C097F1010E0101966F010C71
:10F3300074C076F075C077F072C0D9FF73C0DAFF81
:10F3400076C0E9FF77C0EAFF0CD87651D92677510D
:10F35000DA2200EE01F07251E9267351EA22EF50F1
:10F3600005D0DFCFEFFF20EE01F01200010ED8B480
:10F37000000EDF6E1200F3C0AAF0F4C0ABF0CBC0F9
:10F38000ACF0CCC0ADF0B4EC5CF0AAC0CFF0ABC038
:10F39000D0F0CFC0C6F0D0C0C7F020EE33F0F351AC
:10F3A000D926F45141EC33F048EC43F0EF50C86FEC
:10F3B000CDC0C9F0CEC0CAF0A2EF8DF05BEC90F0EA
:10F3C000330E00016725D96E000E682109D812ECB2
:10F3D00070F026EC8EF0330E0ED802D812EF70F0DB
:10F3E000DA6EDECF73F0DDCF74F073C0D9FF74C076
:10F3F000DAFFDF50120000016725D96E000E682188
:10F400001200000118D848EC43F0EE50EE1008E06E
:10F4100012D848EC43F0EECF67F0EDCF68F0120061
:10F4200020EE01F06751D9266851DA22DECF67F06D
:10F43000DDCF68F0120020EE33F06751D926685115
:10F44000DA2200EE01F01200740E0001676F190E4F
:10F45000686F010E696FC1C06AF0C2C06BF0C3C0B3
:10F460006CF04DEC8DF0D0EC38F0BD25696F000EDE
:10F47000BE216A6FFB0EBF256B6FFF0EC0216C6F44
:10F4800088EC72F00000000E49EC80F01200000ED3
:10F4900076EC78F06AC08AF06BC08BF000018A517C
:10F4A0008B11D8B412001A0E8E6F8F0E8C6F8D6B6D
:10F4B0008CC0D9FF8DC0DAFF030EDF6E20EE01F0A5
:10F4C0008C51D9268D51DA22DF6A8E0E74EC42F00F
:10F4D00070EF56F0766B776B72C075F07551D96E20
:10F4E000DA6A73C0E9FF74C0EAFFDFCFEFFF764B43
:10F4F000772B7551D2EC73F076517325696F775184
:10F5000074216A6F62EC83F0675176276851772324
:10F5100076C072F077C073F01200766B776B72C0B2
:10F5200075F07551D96EDA6A73C0E9FF74C0EAFFED
:10F53000DFCFEFFF764B772B76517325D96E77515E
:10F540007421DA6E7551E96EEA6AE92AEF50B6EC79
:10F5500079F0764B772B76C072F077C073F012009B
:10F56000C2EC90F067C0B1F068C0B2F015EC3CF0AE
:10F57000B1C0A6F0B2C0A7F0CEEC7CF0ADC061F394
:10F58000AEC062F3AFC063F3B0C064F3E20E030138
:10F59000656F220E666F010E676F610E0001AD6F21
:10F5A000030EAE6F12004450421A476A486A42A0E6
:10F5B0000CD0D8904330466E4230456E010E45184F
:10F5C000426EA00E4618436E03D0D89043324232AA
:10F5D000474A482A48BEEBD7485003E1080E475C2B
:10F5E000E6E342C042F043C043F01200D5C1E2F06E
:10F5F000D6C1E3F0D7C1E4F0D8C1E5F0060E0101B1
:10F60000A125D96F000EA221DA6FD9C1F6FFDAC1A8
:10F61000F7FF000EF86E0500FA6E0900F550FD6E5A
:10F620000900F550FE6E0900F550FF6EFA50120009
:10F630008AEC28F0010113D85EEC28F014D8DF9092
:10F6400020EE38F09751D9269851DA22DF9E0BD858
:10F65000DF9297C08DF098C08EF0D6EF2EF0C16F7C
:10F660009B0EC26F9B0C20EE39F09751D926985112
:10F67000DA221200B06A9E0EB36E580EB26EB2500D
:10F68000B3CF6AF000016B6B6AC06BF06A6B6A11F2
:10F6900001017C6F00016B5101017D6FA192A0827D
:10F6A0003C0E0001676F230E686F010E696F4DEC11
:10F6B00090F0210EB16E210C6B6B6C6B72C06AF016
:10F6C0006A51D96EDA6A73C0E9FF74C0EAFFDFCF0E
:10F6D000EFFF6B4B6C2B6A51D96EDA6AD92A6B51EA
:10F6E0007325E96E6C517421EA6EDFCFEFFF6B4B2F
:10F6F0006C2B6BC072F06CC073F01200766B776B82
:10F7000072C075F07551D96EDA6A73C0E9FF74C0C2
:10F71000EAFFDFCFEFFF764B772B7551D96EDA6AB0
:10F72000D92A76517325E96E77517421EA6EDFCFBD
:10F73000EFFF764B772B76C072F077C073F0120034
:10F74000766B776B72C075F07551D96EDA6A73C0DB
:10F75000E9FF74C0EAFFDFCFEFFF764B772B752907
:10F760006D6F765173256E6F775174216F6F9BECBF
:10F7700078F06D5176276E51772376C072F077C09E
:10F7800073F01200766B776B72C075F07551D96E9D
:10F79000DA6A73C0E9FF74C0EAFFDFCFEFFF764B90
:10F7A000772B7551D96EDA6AD92A76517325E96EAD
:10F7B00077517421EA6EDFCFEFFF764B772B76C05F
:10F7C00072F077C073F012006B6B6C6B72C06AF0F2
:10F7D0006A51D96EDA6A73C0E9FF74C0EAFFDFCFFD
:10F7E000EFFF6B4B6C2B6A51D96EDA6AD92A6B51D9
:10F7F0007325E96E6C517421EA6EDFCFEFFF6B4B1E
:10F800006C2B6BC072F06CC073F012006AC067F0B2
:10F810006BC068F010EC7DF06D6F6C5110E06D51B5
:10F820000EE16AC067F06BC068F09BEC89F00009DC
:10F8300006E06AC067F06BC068F048EF8CF06D516D
:10F84000D8B412006AC067F06BC068F08FEF8AF01E
:10F8500020EE04F01AD8EC0EDE6E8D0EDE6E000E79
:10F86000DE6E20EE0DF011D86BC0DEFF6CC0DDFF48
:10F8700020EE0FF00AD869C0DEFF6AC0DDFF20EE7F
:10F8800011F003D8DE6ADD6A12006751D92668518B
:10F89000DA22120074C076F075C077F072C0D9FF1A
:10F8A00073C0DAFF76C0E9FF77C0EAFFDFCFEFFF72
:10F8B0007229676F000E7321686F85EC87F020EE68
:10F8C00001F07651D9267751DA2200D067C0DEFFE9
:10F8D00068C0DDFF12006AAF0DD0B00E675D3C0E50
:10F8E0006859FF0E6959FF0E6A5904E2030E0101BF
:10F8F000B66F030C6ABF0CD06A51691105E1510E55
:10F90000675DC30E685904E3020E0101B66F020C75
:10F91000010E0101B66F010CB40E0001676F210EDC
:10F92000686F010E696F54EC90F01A0E676F230E2A
:10F93000686F010E696F4DEC90F0160E676F230E25
:10F94000686F010E696F46EC90F0120E676F230E20
:10F95000686F010E696F3FEF90F069C070F06AC088
:10F9600071F067C06EF068C06FF010D070C0D9FF42
:10F9700071C0DAFFDF506D6F704B712B6EC0D9FF15
:10F980006FC0DAFF6DC0DFFF6E4B6F2B6B07D8A027
:10F990006C076B29EBE16C29E9E112000001A6512B
:10F9A000A7110DE19E0E9E6F230E77EC65F0530EAE
:10F9B000A26FAC0EA46F230EA56F0DEC84F0A6C051
:10F9C000EFF0A7C0F0F04F0E0001EF256A6F000EB8
:10F9D000F0211AEC6DF0060E6E6F2EEF86F000012E
:10F9E0006F6B706B11D0D8906F35D96E703523EC7A
:10F9F0005CF0DECF6AF0DDCF6BF0010E00016C6FC2
:10FA000006EC7CF06F4B702B0101A55100016F5D7E
:10FA10007051800A6E6F1EEC75F06E59E4E31200AF
:10FA2000000113D8DFBC010C10D8DFBA010C20EEA6
:10FA30003CF012D8DFB0010C08D8DFBE010C20EE7C
:10FA40003CF00AD8DFB2010C000C20EE3BF067510D
:10FA5000D9266851DA2212006751D9266851DA2274
:10FA600012000101CE51FDE0000E3124D96EDA6A98
:10FA7000050EDA22DF509D6F000E3124D96EDA6A4E
:10FA8000060EDA22DF500001676F312A310E316431
:10FA900001D0316AA39A0101CE07A38A0001675100
:10FAA000120001019951FDE0000E2F24D96EDA6A8F
:10FAB000090EDA22DF50986F000E2F24D96EDA6A11
:10FAC0000C0EDA22DF500001676F2F2AF90E2F6427
:10FAD00001D02F6A9D9A010199079D8A0001675103
:10FAE00012000DD07BC073F07CC074F0766B0A0EF0
:10FAF000756FADEC63F073C07BF074C07CF07D512A
:10FB00007F6F7E51806F7D07000E7E5B80BF04D0CB
:10FB10008051E8E17F05E6E27BC07BF07CC07CF0B1
:10FB20001200E7C1D9FFE8C1DAFFDECFE9F1DDCF8E
:10FB3000EAF10001686B676BE9C169F0EAC16AF03C
:10FB40006751691906E168516A1901E002D0010E96
:10FB500001D0000E0009D8B41200010E0201AC6FF2
:10FB6000010C0001786F7FEC91F00101A951FEECCE
:10FB700090F0010E706F01019E51BDEC67F0DFEC5B
:10FB80008BF0D3EC8EF025EC91F0DDEC8EF092EC66
:10FB900090F0C9EC8EF030EC72F00001785128EF53
:10FBA0004FF0000120EE3BF017D8DFA212000DD875
:10FBB000DF5002E00AD8DF0608D8DF50D8A41200D0
:10FBC00020EE3BF009D8DF92120020EE45F067519D
:10FBD000D9266851DA2212006751D9266851DA22F3
:10FBE00012000DD06DC067F06EC068F06A6B0A0E2F
:10FBF000696F43EC88F067C06DF068C06EF06F51BC
:10FC0000716F7051726F6F07000E705B72BF04D01E
:10FC10007251E8E17105E6E26DC06DF06EC06EF004
:10FC20001200010E0001676F67C0ACF2FC0EE12408
:10FC3000D96EFF0EE220DA6EDECFDBF1DECFDCF133
:10FC4000DECFDDF1DECFDEF18DEC88F00201AD6BB1
:10FC5000AE6B0101B293040E8CEC90F096EF85F040
:10FC6000D59CD76AD66AD650D7CF6AF06B6B6AC07C
:10FC70006BF06A6B6A110201586F00016B5102014F
:10FC8000596FF294F28A3E0E0001676F230E686F7F
:10FC9000010E696F54EC90F0970ED56E970C8D6A3B
:10FCA0008C6A896A8E6A8A6A020E8F6E400E8B6E2B
:10FCB0009668FE0E976E0F0E926E140E986EDD0E05
:10FCC000936E9F0E946E2F0E956E0F0125690F0E89
:10FCD000246F010E236F538F538D010C69516A11EC
:10FCE00017E0010E6B6F04D0D89069376A376B2B21
:10FCF0006AAFFAD76951675D6A51685904E369517F
:10FD0000675F6A51685BD8906A3369336B2FF2D7AB
:10FD100067C067F068C068F012000001F56BD8900A
:10FD2000010165EC63F0A6EC4BF0DECFF3F0DDCF24
:10FD3000F4F01CEC32F0000120EE15F0F6EC3DF092
:10FD400073EC3EF09FEC41F0A7C074F1A8C075F1D0
:10FD50001DEC88F0DBEF8FF06B6B67C0D9FF68C0DC
:10FD6000DAFFDECF69F0DDCF6AF06B516925D96E1D
:10FD7000000E6A21DA6E6B510101AD25E96E000EAD
:10FD8000AE21EA6EDFCFEFFF00016B2B050E6B6536
:10FD9000E4D7050C070E0101AF6105D0AFC16AF0D1
:10FDA00000016B6B04D000016B6B050E6A6F6AC0BB
:10FDB0006CF06CC0AFF26C51020DB30EF324D96E2F
:10FDC000030EF420DA6EDECF67F0DDCF68F01200AC
:10FDD00018D8DFA803D0F9EC90F005D012D8DFAA2C
:10FDE000000C74EC90F0E16FE1510AE0DDC1D5F157
:10FDF000DEC1D6F1DFC1D7F1E0C1D8F1F6EC7AF07F
:10FE0000010CDBC1D9FFDCC1DAFF1200B92B000EF7
:10FE1000BA23BB23BC23C551C61102E12DEF91F0DB
:10FE2000C54BC62BD10EC55D020EC65902E22DEFA1
:10FE300091F026EC8EF0380EFBEC79F0DA6EDF8C68
:10FE40008FEC46F02DEF91F00001D76BD86B0ED000
:10FE5000D890D735D96ED83523EC5CF0DECFB0F032
:10FE6000DDCFB1F014EC52F0D74BD82B0101A551E6
:10FE70000001D75DD851800AD66F1EEC75F0D659B7
:10FE8000E7E3010C6D6F6AC067F000016D5169EC2A
:10FE90008EF06E6F6F6B09D8DF5002E006D8DF6A14
:10FEA0006F2B030E6F65F7D7030C6E516F256B6FC9
:10FEB0006C6B280E6B25D96E030E6C21DA6E120066
:10FEC0006D6B6E6B0ED0D8906D35D96E6E3523ECA0
:10FED0005CF0DECF67F0DDCF68F08FEC8AF06D4B21
:10FEE0006E2B0101A55100016D5D6E51800A6C6F92
:10FEF0001EEC75F06C59E7E3E4EF69F00101AAA983
:10FF0000000C9FEC88F072C07BF073C07CF00ED8C0
:10FF1000DE500BE1DE04D8A4010C08D8DFB0010CE0
:10FF200005D8DFB2010C0101AA8B010C7BC0D9FFFF
:10FF30007CC0DAFF1200E56F0101E5AF03D09E51EE
:10FF4000D8B41200E551800A7F0F04E3070E9E1912
:10FF500001E112009E51E525E46FE0C1DBF1E1C152
:10FF6000DCF1E2C1DDF1E3C1DEF1E45111EF76F045
:10FF7000730504E0020E731901E0120071C067F00E
:10FF800072C068F073C069F06A6B51EC5FF002D820
:10FF9000FDEF8BF021C06BF022C06CF023C06DF040
:10FFA00024C06EF0000E6F6F000C676F090E000129
:10FFB000676109D0F40E6725F66EF76A200EF72206
:10FFC00007D8F5501200FC0EF66E200EF76E05D025
:10FFD000F86A000EF82208001200000EF86E080001
:10FFE000F5501200000EF2BE010E6A6F6851030B4D
:10FFF000636E67C062FF69C061FF7F9E7F9C7F84E4
:020000040001F9
:10000000F29E550E7E6EAA0E7E6E7F827FB2FED766
:100010007F946AB102D0F29E01D0F28E12000001EC
:10002000786F17D80AD822EC87F00FD806D822ECC0
:1000300087F007D802D822EF87F0746F78C075F088
:10004000180C9B0E0001736F360C9B0E0001736F32
:10005000370C9B0E736F300CFF0EE3CF06F006508B
:10006000D96EDA6A020ED926DF50056E0650D96EB7
:10007000DA6ADECF07F0DDCF08F05EEC8EF0E66ADC
:10008000E66AE66A056A53EC89F0020E016EE552F3
:10009000020C0001BC6FBC51BA6FBB6BBB51D8A442
:1000A0001200BA5102E125EF71F0020A02E10EEFEF
:1000B00042F0120A02E1ACEF8CF0080A02E159EFBB
:1000C0008FF0380A02E105EF5EF01200800E7E1B11
:1000D00077C067F078C068F079C069F07AC06AF0DC
:1000E0007BC06BF07CC06CF07DC06DF07EC06EF0AC
:1000F0008BEC1EF067C077F068C078F069C079F0CB
:100100006AC07AF0120074C06BF075C06CF072C0F7
:10011000D9FF73C0DAFF6BC0E9FF6CC0EAFFB1EC36
:1001200079F07251D9267351DA2200EE01F06B5149
:10013000E9266C5100D0EA22DFCFEFFF120074C035
:1001400076F075C077F072C0D9FF73C0DAFF76C061
:10015000E9FF77C0EAFFDFCFEFFF72296C6F000E77
:1001600073216D6FCCEC82F020EE01F07651D92630
:1001700077513EEF6DF0686F370E0001682512D899
:1001800067B102D0DF9001D0DF800001675105E048
:10019000370E682507D8DF941200370E682502D87D
:1001A000DF841200D96EDA6A010EDA221200000131
:1001B00076510101A71911E1000177510101A81938
:1001C0000CE176C070F077C071F0C5EC83F078C0B8
:1001D00074F079C075F0B1EF88F078C074F079C030
:1001E00075F0C3EF88F0696F00016951D5EC7FF0BD
:1001F000696F6A6B940E6A250DD86951DE1805E0A7
:10020000940E6A2507D869C0DFFF6A2B050E6A6560
:10021000F1D7050CD96EDA6A020EDA2212008DC00F
:1002200081F08EC082F05FEC76F08DC081F08EC0E0
:1002300082F08FC083F090C084F0010E856FC5EC12
:100240004CF08DC081F08EC082F08FC083F090C0E2
:1002500084F0C2EF5DF06E6F6CC067F000016B510F
:100260000EEC90F06D6F6E51D5EC7FF06E6F940ECA
:100270006D250AEC81F06EC0DFFF410E696F6CC026
:1002800067F06B5147EC81F06A6FD1EF4FF0686F08
:100290000001685106E1675101E1000C670512E1B8
:1002A000030C680506E1675101E1010C67050AE1ED
:1002B000040C020E681906E1675101E1020C6705A2
:1002C00001E1050C090C6A6F12D867B102D0DF900A
:1002D00001D0DF800CD868B102D0DF9201D0DF827C
:1002E00006D869B102D0DF9401D0DF841200370E46
:1002F00000016A25D96EDA6A010EDA22120015D8D9
:10030000DFA802D0010E04D010D8DFAC000C020E22
:100310000101916FDDC1D5F1DEC1D6F1DFC1D7F1A9
:10032000E0C1D8F1F6EC7AF0010CDBC1D9FFDCC1F9
:10033000DAFF1200686F040E0001676513D0FD0E2E
:1003400001018825F66EF76A200EF722E8EC7FF0AF
:10035000F5CF69F0882B070E881789510001691BBA
:100360006951681B68511200676F01019A51FDE0E5
:100370009DB803D067C0ADFF0FD09D98000E9C259F
:10038000D96EDA6A0B0EDA2267C0DFFF9C2BF90EFA
:100390009C6501D09C6B9A079D8812008C6F8CC065
:1003A0008FF0900E00018D6F8E6B8DC0D9FF8EC0C7
:1003B000DAFF8AC0DFFF20EE01F08D51D9268E5181
:1003C000DA228BC0DFFF8F0E74EC42F070EF56F034
:1003D0008CC088F38DC089F38EC08AF38FC08BF3F5
:1003E000040E03018C6F0D0E8D6F010E8E6F0E0EBD
:1003F0000101656F100E646F880E00018C6F030E93
:100400008D6F12000CD8DF6A0AD8DF8208D8DF842B
:1004100006D8DF8004D8DF8602D8DF881200695151
:1004200067256B6F6A5168216C6F500E6B25D96E12
:10043000000E6C21DA6E120004B524001E00CE1DE1
:100440000100000000000000000000000001140096
:10045000CE1D0100000000000000000048D600147E
:10046000D90048FE00C8B70020CA00FF09D0ADEC93
:1004700076F0010CA6EC4AF0010C24EC8BF0010C98
:100480000101B5510001B16FB26BB25107E1B15139
:10049000010AEDE0030AEEE0010AEFE0010C676FEC
:1004A0003350FEE0A3B803D067C01CFF0FD0A39861
:1004B000320E3524D96EDA6A060EDA2267C0DFFF03
:1004C000352A310E356401D0356A3306A38812000F
:1004D00008D076C072F00FEF2BF076C072F0ADEF5F
:1004E00034F07651ECEC39F0DF50776F786B78515F
:1004F000D8A4020C7751500AECE0010AD8A4020CEF
:10050000ECD76D6B13D06D516A25D96E000E6B213F
:10051000DA6E6DC067F06D516A25E96E000E6B21D1
:10052000EA6EEF509AEC81F0DF6E6D2B6C516D5DD1
:10053000EAE312007B6F640E00017B6501D07B6FE4
:100540007B51080DF3CF73F0F4CF74F0766B640E2B
:10055000756FADEC63F073517C6F7C5102E1010E5D
:100560007C6F7C51120074C06BF075C06CF072C06F
:10057000D9FF73C0DAFF6BC0E9FF6CC0EAFFB1ECD2
:1005800079F07251D9267351DA2200EE01F06B51E5
:10059000E9266C519BEF80F06CC067F06DC068F08D
:1005A00085EC87F067C06FF068C070F020EE02F055
:1005B0006C51D9266D51DA22DF50716F6FC06CF02B
:1005C00070C06DF071C06EF01200AF29A66F000E02
:1005D000B021A76FA96B030EA86FB30EAA6F9FEC93
:1005E00057F0B1C0D9FFB2C0DAFFA6C0DEFFA7C086
:1005F000DDFFB3C0AFF0B4C0B0F0120000018A6FED
:10060000710E8D6F8E0E8B6F8C6B8BC0D9FF8CC073
:10061000DAFFDF6A20EE01F08B51D9268C51DA2205
:100620008AC0DFFF8D0E74EC42F070EF56F0D3C33A
:1006300075F0D4C376F0D5C377F0D6C378F07EECEE
:100640007FF0000901E01200D3C3E6F1D4C3E7F163
:10065000D5C3E8F1D6C3E9F183EC1AF07DEF36F0AB
:10066000AAB704D029EC91F000090DE0010E8B6FC0
:1006700079C070F07AC071F07BC072F07CC073F00A
:10068000D2EC4EF0010C8B5103E08B6BEFEC7CF065
:10069000000C69C06EF06AC06FF010D06BC067F0DC
:1006A0006CC068F0DEEC8DF06EC0D9FF6FC0DAFF71
:1006B000DF6E00016B4B6C2B6E4B6F2B6D076D2942
:1006C000EDE112006B6B6C6B69C0D9FF6AC0DAFF99
:1006D00067C0DFFF6B4B6C2B6B516925D96E6C517A
:1006E0006A21DA6E68C0DFFF6B4B6C2B6BC067F062
:1006F0006CC068F01200B9B4000C67C0D9FF68C0C4
:10070000DAFF5AC1DEFF5BC1DDFF69C0D9FF6AC0F5
:10071000DAFF58C1DEFF59C1DDFF6BC0D9FF6CC0E5
:10072000DAFF87C1DFFF010C20EE3BF012D8DA229E
:10073000DF9620EE53F00DD8F2EC70F020EE0DF0C5
:1007400008D8DA2200EE57F06751E9266851A8EF81
:1007500020F06751D9266851120085EC3DF080ECFD
:100760003DF0DF900101AA9BAA990001EAEC65F037
:10077000DF90EAEC65F0DF84EAEC65F0DF86EAEC16
:1007800065F0DF98080EE0EF90F006D0228E11D0D1
:1007900023820FD023880DD070C072F071C073F027
:1007A0000001735106E17251F1E0010AF1E0030A20
:1007B000F1E0CAEC7FF0FDEF8BF06AC067F06BC030
:1007C00068F09BEC89F00009D8B4120020EE4FF0DD
:1007D00007D8DFA4120020EE3CF002D8DF8212001E
:1007E0006A51D9266B51DA2212006AC067F06BC0D9
:1007F00068F09BEC89F00009D8B4120020EE4FF0AD
:1008000007D8DFA2120020EE3BF002D8DF8E1200E4
:100810006A51D9266B51DA2212000A0E936F220E0A
:10082000946F9EC095F09FC096F0A0C097F0A1C0B5
:1008300098F0A4C099F0A5C09AF0A2C09BF0A3C004
:100840009CF07FEC8EF012EF91F0020E0001F56546
:1008500003D0F56BDBEF8FF0020EF5190AE120EE05
:1008600022F0F6EC3DF0DF50F4E0030EF56FDBEF25
:100870008FF0F52BDBEF8FF08DC073F08EC074F02E
:100880008BEC41F0BC0E776F020E786F796B7A6B50
:100890002BEC78F073C08DF074C08EF075C08FF0C3
:1008A00076C090F012008CC07BF38DC07CF38EC0BC
:1008B0007DF38FC07EF36C0E03017F6F040E806F9B
:1008C000010E816F0101B56B7B0E00018C6F030E71
:1008D0008D6F1200A1927CC142F07DC143F0E4EC27
:1008E0008CF001013A513B113C11D8B412000500C3
:1008F000FA6E3A51FD6E3B51FE6E3C51FF6EFA505E
:10090000120001019051D8A41200000120EE4EF017
:1009100080EC3DF0DF50D8A4120020EE4EF080ECC9
:100920003DF002D8E0EF90F0010EDF6E020C010105
:1009300020EED2F082EC3CF0DF8220EED2F082ECAE
:100940003CF0DF8020EECEF082EC3CF0DF6A20EE5F
:10095000C9F082EC3CF0DF6A120000019A6F9A51F4
:100960009AEC82F09B6F9BC0A9F104EC8BF0000124
:100970008A6B8B6B420ECEEC81F09B51FEEC90F0BB
:10098000070E8BEF8FF029EC91F00009D8A412002C
:1009900085EC6AF07F0E0101A16F210EA26FDBC111
:1009A000D5F1DCC1D6F1DDC1D7F1DEC1D8F1F6EF6A
:1009B0007AF02DEC91F00ED88BEC8FF040EC70F0CB
:1009C000DBC1D5F1DCC1D6F1DDC1D7F1DEC1D8F193
:1009D000F6EF7AF09FC1A1F1A0C1A2F1080C726FED
:1009E0000001725101E0238E705101E0238C71519E
:1009F00001E0238A725105E1705103E17151D8B4CD
:100A00001200CAEC7FF0FDEF8BF0000120EE3BF00E
:100A10000DD8DF8020EE3DF009D869C0DEFF6AC046
:100A2000DEFF6BC0DEFF6CC0DEFF12006751D9260F
:100A30006851DA22120067C056F268C057F269C0E6
:100A40006EF16AC06FF16FC04AF270C04BF271C0B4
:100A50004CF201016C6B6D6B286B296B2A6B2B6B55
:100A60001200000120EE3BF00DD8DF9020EE41F0A7
:100A700009D869C0DEFF6AC0DEFF6BC0DEFF6CC054
:100A8000DEFF12006751D9266851DA221200985110
:100A9000C8EC2BF048EC43F0EF50996F050E992706
:100AA0009851D96EDA6ADECF8AF0DDCF8BF099C02B
:100AB0008CF0F2EC8CF0000C6B6B6C6B6D6B0AD0F5
:100AC0006C516725D96E6D516821DA6EDF506B1B52
:100AD0006C4B6D2B69516C5D6A516D59F1E36B5133
:100AE000120077EC91F0010160EC6EF0F6EC8DF005
:100AF000070E8BEC8FF00AEC69F00201AD6BAE6B68
:100B0000040E0001676F67C0ACF21200FC0EE3CF69
:100B1000E6FFE3CFE6FFE3CFE6FFE3CFE6FF11EC2E
:100B20007EF0B295140E8CEC90F000D0E552E552B8
:100B3000E552E55212000101B45111E092EC90F03F
:100B4000000901E0010C0101AAA1000C69C067F0D5
:100B50006AC068F01BEC8CF0000901E0010C000C8D
:100B6000D6C081F0D7C082F05FEC76F0D6C067F0D7
:100B7000D7C068F0BFEC89F00009D8B41200D6C025
:100B8000D4F0D7C0D5F00CEF8CF067C069F068C026
:100B90006AF002D0674B682B67C0F6FF68C0F7FFAA
:100BA000EDEC7FF0F7E16951675D676F6A51685955
:100BB000686F1200F28A0000F29AD6CF0EF1D7CFFA
:100BC0000FF121EE10F020C1DEFF21C1DEFF22C1B6
:100BD000DEFF23C1DEFFF2B4EDD7F28A12006A6BAA
:100BE0006B6B7251D96EDA6ADF50010ED8B4000E09
:100BF00073C0D9FF74C0DAFFDF6E6A4B6B2B6AC01B
:100C000072F06BC073F0120000010CD8DF900AD8AC
:100C1000DF9208D8DF9406D8DF9604D8DF9802D890
:100C2000DF9A120020EE38F06751D9266851DA2297
:100C300012008CC095F38DC096F38EC097F38FC0D1
:100C400098F3860E0301996FEB0E9A6F000E9B6F5F
:100C5000950E00018C6F030E8D6F12006AC070F04C
:100C60006BC071F008D070C0D9FF71C0DAFF6CC0E2
:100C7000DFFF704B712B6E07D8A06F076E29F3E171
:100C80006F29F1E11200320E336010D0320E34249D
:100C9000D96EDA6A060EDA22DF500F011C6F342A91
:100CA000310E346401D0346A332A1200A398120042
:100CB000FA0E01019A610FD0000E9B25D96EDA6AF7
:100CC0000B0EDA22DF50AD6E9B2BF90E9B6501D027
:100CD0009B6B9A2B12009D981200394A3A2A3A507F
:100CE00003E1280E395C01E338843A5003E1780EC1
:100CF000395C01E33886900E395C010E3A58D8B061
:100D000038881200040001016407D8A0650764292F
:100D100008E1652906E10E0E656F100E646F06ECA2
:100D20007FF083EC8FF0B2EC8BF0010C2DEC91F0A6
:100D300049EC1DF089EC3DF080EC3DF04AEC6CF0A4
:100D4000B9EC62F085EC3DF080EC3DF0DF90000EF8
:100D5000E0EF90F0000120EE01F00BD8DECF6BF059
:100D6000DDCF6CF020EE03F004D8DF506D6F6BEF39
:100D70008FF06E51D9266F51DA22120019EC2EF045
:100D8000B06FB05105E17F0E00016A6F240E04D0F0
:100D90009A0E00016A6F240E6B6F6AC067F06BC019
:100DA00068F01200D4C0CBF0D5C0CCF020EE25F016
:100DB000D451D926D55104D8010ECF6FCCEF6EF0A7
:100DC000DA22DECFCDF0DDCFCEF012008DC073F091
:100DD0008EC074F08BEC41F0F40EFEEC73F02BEC53
:100DE00078F073C08DF074C08EF075C08FF076C04F
:100DF00090F01200000120EE03F09551D926965193
:100E0000DA223FEC62F0DFEC6DF08DC095F08EC021
:100E100096F08FC097F090C098F012007FEC91F0A0
:100E2000730E00017C6F240E66EC4DF0F6EC8DF035
:100E3000BE0E7C6F240E7D6F71EC4DF0F6EC8DF0E4
:100E40000AEF69F0766F76C077F00AD0400E6F6FC8
:100E500077C070F075C071F0745144EC8BF0772B53
:100E600000017751735DF2E2000012006C6B675174
:100E7000681109E020EE46F06751D926685105D87F
:100E800002E0010E6C6F6C511200DA22DE50DE10AF
:100E9000DE10120008D00DD8DFB4010C000C09D808
:100EA000DFB2010C000C6951F6E0010AD8A4000C75
:100EB000F6D767C0D9FF68C0DAFF12007251D96E49
:100EC000DA6A0BD873C069F074C06AF062EC83F020
:100ED00067C072F068C073F01200DECF67F0DDCF3C
:100EE00068F012000001696F0AD0676B686B12002E
:100EF000686B070E676F070C67696869120000016D
:100F00006951F3E0010AF4E0F7D767C0D9FF68C080
:100F1000DAFFDF50696F20EE01F06751D926685182
:100F2000DA22DF506A6F6951676F6AC068F0120099
:100F3000000120EE22F0F6EC3DF0DF50D8A41200C4
:100F400020EE25F0F6EC3DF000EE23F0F351E9261B
:100F5000F451A8EF20F025EC91F0DF6FDF51010E86
:100F6000D8A4000E50EC6AF0DBC1D5F1DCC1D6F19B
:100F7000DDC1D7F1DEC1D8F1F6EF7AF0DF6F5CECBE
:100F800091F00101DF25E06FE051D1EC87F0DBC18A
:100F9000D5F1DCC1D6F1DDC1D7F1DEC1D8F1F6EF74
:100FA0007AF00001676F6751800A850F03E2FB0E3C
:100FB000F66FFB0C6751800A7A0F03E3050EF66F9C
:100FC000050C67C0F6F012000A0E8D03F3CF91F006
:100FD000F4CF92F08E03F350922791C08DF092C01F
:100FE0008EF0000E8EBFFF0E8F6F906F1200DAEC46
:100FF00085F00EC16BF00FC16CF010C16DF011C126
:101000006EF06BC067F06CC068F06DC069F06EC0C8
:101010006AF012006AC1D9FF6BC1DAFF01D80AD0A9
:101020000500FA6EDE50FD6EDE50FE6EDE50FF6E85
:10103000FA501200010E88EF5EF0F3C0B2F0F4C077
:10104000B3F0770EB46F020EB56F7F0EB66F020E5F
:10105000B76FADEC37F0B2C02DF0B3C02EF0120078
:10106000899E899C000120EE3AF06D51D9266E517F
:1010700003D8000EA0EF8EF0DA22DE04010ED8A411
:10108000000E6B6F120067516903F3CF6BF0F4CF62
:101090006CF067516A03F3506C2768516903F35091
:1010A0006C276BC067F06CC068F01200845083CF6F
:1010B0004CF04D6A4CC04DF04C6A4C104E6E4D5089
:1010C0004F6EFE0E4F124EC047F04FC048F093EFE8
:1010D00060F000016B6B0BD06B516825D96E000E70
:1010E0006921DA6EDF504FEC82F000016B2B6A5100
:1010F0006B5DF2E312006DC26EF06EC26FF084C0E1
:1011000070F085C071F086C072F087C073F088C03F
:1011100074F089C075F030EF30F02DEC91F0EAEC0E
:1011200084F08BEC8FF040EC70F0DBC1D5F1DCC1CA
:10113000D6F1DDC1D7F1DEC1D8F1F6EF7AF0870E36
:101140000001676F020E686F360E696F6A6B6C6B19
:10115000070E6B6FADEC7CF0870E726F020E736F33
:1011600012000001726B20EE21F007D8A3EC8FF083
:10117000F7EC5DF002D8A3EF8FF07451D9267551CA
:10118000DA22DF5012000001726B07D8ABEC8FF04F
:10119000010E726F02D8ABEF8FF020EE21F0745188
:1011A000D9267551DA22DF501200D2EC8DF04FECC7
:1011B0007EF0AAEC90F0F9EC88F0E7EC88F03AECDD
:1011C0007BF030EC7EF012EC61F0CDEF5EF0F90ECA
:1011D000376F386BBA98B988380E0001676F230EE5
:1011E000686F010E696F3FEC90F07C0E0F01366F57
:1011F0007C0CF90E3A6F3B6BBA94B9843A0E00013D
:10120000676F230E686F010E696F46EC90F07C0EDD
:101210000F01396F7C0CFF0EE3CF05F0086A020E58
:10122000076E5EEC8EF0E66AE66AE66A056A53ECE3
:1012300089F0020E016EE552020CFF0EE3CF05F0BD
:10124000086A010E076E5EEC8EF0E66AE66AE66AF0
:10125000056A53EC89F0020E016EE552020CFF0E96
:10126000E3CF05F0086A010E076E5EEC8EF0E66AC9
:10127000E66AE66A056A53EC89F0040E016EE552EF
:10128000040CFF0EE3CF05F0086A020E076E5EEC59
:101290008EF0E66AE66AE66A056A53EC89F0040EA7
:1012A000016EE552040C05C008F0FD0EE3CFE6FF29
:1012B000E3CFE6FFE3CFE6FF0D6A08C00EF013ECC4
:1012C00060F0E552E552E5521200696F0001695184
:1012D000676F686B6851D8A4000C6751D8B4000CD4
:1012E000010AD8B4010C030AD8B4020C000C696FCF
:1012F00000016951676F686B6851D8A4020C67518F
:10130000D8B4000C060AD8B4030C010AD8B4010CF6
:10131000020C756B766B7251D96EDA6A73C0E9FF95
:1013200074C0EAFFDFCFEFFF754B762B75C072F00C
:1013300076C073F01200000109D8DE04D8B4010CA5
:1013400005D8020EDE1801E1010C000C20EE3AF087
:101350006751D9266851DA22120001011851556FE0
:10136000546B19515413060E07D80EEC8EF054C16D
:1013700069F055C16AF012000001676F0A0C0001A4
:1013800020EE38F06751D9266851DA22DECF69F0B5
:10139000DDCF6AF069A169B3000C69A769B5000CDB
:1013A000010C8F90000120EE3AF06D51D9266E515C
:1013B00003D8000E95EF8EF0DA22DE04010ED8A4D9
:1013C000000E6B6F12008F96000120EE3AF06D5107
:1013D000D9266E5103D8000E19EF8FF0DA22DE0401
:1013E000010ED8A4000E6B6F1200466A0BD0FF0EE0
:1013F0004224446EFF0E4320456E44504216455031
:101400004316462A42504310F2E14650120097EC30
:1014100084F0A0EC27F041EC33F048EC43F0500EA0
:10142000EF6ED8EC26F0000EE0EC90F032EF8EF08C
:1014300020EE01F06751D9266851DA22DF50696F3A
:101440000101B25100016919FE0B69190101B26F66
:10145000120074C0D9FF75C0DAFF72C0DEFF73C01E
:10146000DDFF20EE02F07451D9267551DA2270C1E9
:10147000DFFF1200280E6A6F030E6B6F6D6B6C69D5
:101480006F6B180E6E6F2EEC86F00201A069A169D9
:10149000A269A3691200000120EE31F06751D9263C
:1014A0006851DA22010EDBBE000CDB5003E1020EB4
:1014B000DE5CD8B0010C000C000167510201A013E2
:1014C000000168510201A113000169510201A21338
:1014D00000016A510201A313120069C067F06AC0DB
:1014E00068F010EC7DF0000908E120EE3BF0695156
:1014F000D9266A51DA22DFA2010C000C9B5106E1C9
:1015000099C097F09AC098F018EC7BF0030E010197
:10151000B56F9BC0B8F1626B636B2DEF91F000016A
:1015200020EE3BF009D8DA22DF9220EE45F004D815
:1015300000D0DA22DF6A12006751D9266851120002
:1015400020EE4FF06D51D9266E51DA22DF826DC048
:1015500067F06EC068F06FC069F070C06AF002EFAB
:1015600082F0BA9801013D513E113F11D8B41200EA
:101570000500FA6E3D51FD6E3E51FE6E3F51FF6E0D
:10158000FA501200BA940101405141114211D8B4ED
:1015900012000500FA6E4051FD6E4151FE6E42513F
:1015A000FF6EFA501200F2940101435144114511AB
:1015B000D8B412000500FA6E4351FD6E4451FE6E20
:1015C0004551FF6EFA50120028240A240F241424D7
:1015D00019241E24CA210110DF00F6ED005A220151
:1015E0008404CA05B805A60572C067F073C068F028
:1015F0009CEC68F0746F0101F9510001741903E06B
:1016000074C0F9F1010C000C01013451351136118F
:10161000D8B412000500FA6E3451FD6E3551FE6EDD
:101620003651FF6EFA5012005BEC90F067C0D6F0B6
:1016300068C0D7F0D0EC8BF026EC8EF067C0D6F007
:1016400068C0D7F0D0EF8BF00AD804E1050E625DD8
:10165000D8A01200626B636BB76BB56B120001010F
:10166000624B632B63511200746F0001756B73C082
:101670006FF075C070F0716B745144EC8BF0752B8A
:10168000170E7565F4D7170C726FFD0E00016C6FA5
:101690006FC06DF0725186EC73F070C06CF071C069
:1016A0006DF0725186EF73F001011851576F566B50
:1016B00019515613360EBCEC89F00EEC8EF056C163
:1016C00069F057C16AF012006751681169116A1117
:1016D00002E0800E6A1B67C067F068C068F069C0EE
:1016E00069F06AC06AF01200000E3224D96EDA6A1C
:1016F000060EDA221DCFDFFF322A310E326401D00E
:10170000326A0101CE2B1200000E3024D96EDA6A43
:101710000C0EDA22AECFDFFF302AF90E306401D092
:10172000306A0101992B120097EC84F0A0EC27F0AD
:1017300041EC33F048EC43F0510EEF6ED8EC26F05C
:10174000000EE0EF90F067510101A71906E10001DA
:1017500068510101A81901E1000C67C0A7F168C038
:10176000A8F1010CB35102E0020EB327030EB31926
:1017700002E180EF90F0040EB319D8B486EC90F03B
:1017800012000101B4510BE0AAA1000C69C067F07E
:101790006AC068F01BEC8CF0000901E0010C000C41
:1017A000D6C067F0D7C068F0BFEC89F00009D8B4A4
:1017B0001200D6C0D4F0D7C0D5F00CEF8CF026ECD8
:1017C0008EF067C06AF068C06BF0000120EE1BF07D
:1017D0006A51D9266B51DA22DF501200D6C067F069
:1017E000D7C068F0BFEC89F00009D8B41200D6C0A9
:1017F000D4F0D7C0D5F00CEF8CF000016F5102E0AF
:101800007DEC91F06BC067F06CC068F06DC069F062
:101810006EC06AF05CEF8AF0D4C0CBF0D5C0CCF0DB
:10182000000120EE0DF0D451D926D551E0EC86F020
:10183000CF6BCCEF6EF0000106D8DFB8010C03D8F7
:10184000DFBA010C000C20EE38F06751D926685140
:10185000DA221200000120EE39F06751D9266851D2
:10186000DA22DFA0000C01017851791101E0010CAE
:10187000000C010E0001676F020100B106D0009359
:1018800001699E969D960AC267F000016751120099
:1018900020EE3BF007D8DF8220EE45F003D83C0E67
:1018A000DF6E3C0C6751D9266851DA221200000124
:1018B00020EE38F06751D9266851DA22DECF69F080
:1018C000DDCF6AF069A169B3010C000C0001676FFC
:1018D00001018D0506E1020E0001671902E1010117
:1018E000B28767C08DF1120072C0D9FF73C0DAFFF2
:1018F000DF50010ED8B4000E74C0D9FF75C0DAFFF6
:10190000DF6E12006EC067F06FC068F070C069F0E3
:1019100071C06AF05CEC85F00009D8B4010C000CD1
:10192000F551676F686B6851D8A4010C6751010AC3
:10193000D8B4000C030AD8B4020C010C06D8DFB6E8
:10194000010C03D8DFB4010C000C20EE38F0675115
:10195000D9266851DA22120000019A6B9A51ABEC39
:1019600053F09A2B020E9A65F9D78A6B8B6B100E87
:10197000CEEF81F0670E726F020E736F7CC074F051
:101980007DC075F07EC076F07FC077F0EDEF59F046
:101990006EBF05D06DC06DF06EC06EF012006D1D93
:1019A0006D6F6E1D6E6F6D4B6E2B120071C024F14A
:1019B00072C025F173C026F174C027F1070E9E197D
:1019C000D8B4EFEC7CF01200B1A407D0B19043C0C2
:1019D000B3FF42C0B2FFB180120043C0B3FF42C0A8
:1019E000B2FF1200300E8D6F8AC08EF08BC08FF068
:1019F0008CC090F08D0E74EC42F070EF56F0000148
:101A00009A6F9A5150EC6AF004EC8BF000018A6BEB
:101A10008B6B430ECEEF81F074C06BF075C06CF031
:101A20006BC0D9FF6CC0DAFF72C0DEFF73C0DDFF90
:101A300012005FEC91F0000908E083B483B201D09A
:101A4000030C83B4020C83A2010C000C898E898CD8
:101A5000000120EE3AF06D51D9266E513CEC88F031
:101A6000010EA0EF8EF00001816F940E786F020ED0
:101A7000796F8E0E7A6F020E7B6F8151FDEF21F030
:101A8000696F00016951676F686B6851D8A4000CD9
:101A90006751010AD8B4010C000C67C0E6F068C0B9
:101AA000E7F069C0E8F06AC034F16BC035F16CC092
:101AB00036F1120000019A6F9AC08AF08B6B800E8B
:101AC000CEEC81F09A290101B36F12006F0E676F9F
:101AD000020E686F72C069F073C06AF074C06BF078
:101AE000F9EF62F072C067F073C068F085EC87F0C0
:101AF00074C0D9FF75C0DAFF66EF7CF0DFC1E6FF86
:101B0000E0C1E6FFE1C1E6FFE2C1E6FF11EC7EF0D5
:101B1000B2951200B45109E069C067F06AC068F07C
:101B200010EC7DF0000901E0010C000C0101AAA7F6
:101B3000000C690E00017C6F240EB5EC6AF0F6EC27
:101B40008DF0010CC6C0B7F0C7C0B8F0C8C0B9F07E
:101B5000C9C0BAF0CAC0BBF074EF48F08F80000172
:101B600020EE3AF06D51D9266E51DCEC89F0010E71
:101B700095EF8EF08F86000120EE3AF06D51D92658
:101B80006E51EEEC89F0010E19EF8FF001016C4BF4
:101B90006D2B6E516C5D6F516D59D8A012006C6B3E
:101BA0006D6B1200D08EA2869F86F184A282D284B1
:101BB000D2889F8AA58A9F98A59812006851030B26
:101BC000636E67C062FF7F9C7F9E7F800000000085
:101BD0006150120067C0E6FF68C0E6FF69C0E6FF1B
:101BE000020E0D6E6AC00EF013EF60F07CC06FF055
:101BF0007DC070F07EC071F07FC072F080C073F065
:101C0000E8EF54F0280E00016A6F030E1AEC6DF035
:101C1000180E6E6F2EEC86F008EF90F0686F67C0BC
:101C20001CF168C01DF167C01EF168C01FF1B988C2
:101C30000000120007D8A6EC4BF0DECF67F0DDCF36
:101C400068F01200010120EE02F0120007D8A6ECA5
:101C50004BF0DECF67F0DDCF68F01200010120EE1F
:101C600004F0120089EC3DF080EC3DF0DF6A20EEDC
:101C70004EF080EC3DF0DF6A12009AC0D9FF9BC0A5
:101C8000DAFFDF508A6F020E8B6F450ECEEF81F0C8
:101C900002017551735D0001676F0201765174593D
:101CA0000001686F120000018A6F900E8B6F8AC06E
:101CB0008CF08B0E74EC42F070EF56F0020100A530
:101CC000120005C002F207C003F208C004F200953A
:101CD0001200696F00016951040DF3CF68F067517C
:101CE0000C0DF35068251200686F010E0001676F3C
:101CF000685103E0680501E0676B67511200950EBB
:101D00009D6F8D6B93C08EF094C08FF09D0E906F81
:101D1000DFEF77F0D890010165EC63F0A6EC4BF0B3
:101D2000DECFF1F0DDCFF2F012006C6F6CC067F027
:101D30006BC068F0010E0001696F020E63EF81F065
:101D40006C6F6CC067F06BC068F0010E0001696FCA
:101D5000000E63EF81F0970E0001686F210E696F2E
:101D60006B6B050E6A6FFBEF76F09AC0B0F19BC00B
:101D7000B1F100018A6B8B6B830ECEEF81F072C0E4
:101D8000D9FF73C0DAFF74C0E9FF75C0EAFF16EF30
:101D900051F00001706F7051D8B412002484CAEC65
:101DA0007FF0FDEF8BF0706F00017051D8B412001E
:101DB0002480CAEC7FF0FDEF8BF00001706F705152
:101DC000D8B41200248ACAEC7FF0FDEF8BF08DC0EE
:101DD0008DF08EC08EF0000E8EBFFF0E8F6F906F55
:101DE0001200676F0001675103E0898A8988120039
:101DF000899A899812000201008701510125156E08
:101E000015C0C9FF030E016E030C02010087D880C4
:101E10000135156E15C0C9FF050E016E050C79C0A0
:101E200070F07AC071F07BC072F07CC073F0D2EFBA
:101E30004EF06C6F6CC067F06BC068F0010E000173
:101E4000696F63EF81F072C067F073C068F09CEC5B
:101E500068F00101F96F120028C167F029C168F02C
:101E60002AC169F02BC16AF012000001716F6FC0C6
:101E70006BF070C06CF071512BEF81F0C6BA12009C
:101E8000C76A280EC66EC56A090EC86E090C20EE18
:101E900059F06851D9266951DA22DF50C3EF8FF02B
:101EA00067B5010C67B7020C67B3030C67B1040C8C
:101EB000000CBDEC56F047EC7AF08A6B8B6B180E79
:101EC000CEEF81F067C043F268C044F269C045F2CA
:101ED0006AC046F212006BC067F06CC068F06DC05B
:101EE00069F075EF79F0600E00018A6F8A0E74EC6C
:101EF00042F070EF56F0010EB56FB76BB66BB86B72
:101F0000626B636B120078517911D8B412007807B4
:101F1000D8A07907120000016B6F410E696F6BC08A
:101F20006AF0D1EF4FF02D0E00016725676F000EAC
:101F30006821686F12002B0E00016725676F000E85
:101F40006821686F1200736F73C06FF072C070F019
:101F5000070E35EF8FF0736F73C06FF072C070F0C3
:101F6000020E35EF8FF0AAA1000CBBEC8FF0000938
:101F700001E0010C000C9E51D8B4010C070E9E1913
:101F800001E1010C000C676F370E00016725D2ECF0
:101F900080F0DF501200D3EC8FF069C067F06AC0A8
:101FA00068F09BEF91F001D07E0701017E51800A1D
:101FB0007F0FFAE21200F5510FEC6EF067C072F17C
:101FC00068C073F11200386A3B6A3C6A396A3A6A3F
:101FD000366A376A12006E516F1101E1120023EC6C
:101FE00075F0FDD70101B451010ED8A4000EB46FF5
:101FF0001200000EB1EC7DF08DEC3DF00AEF69F0BF
:10200000716F70C06AF00001715142EF7FF000D033
:102010000201A06BA16BA26BA36B1200686F0001A1
:102020006751030DF3506825120067C046F168C080
:1020300047F169C048F1120067C049F168C04AF130
:1020400069C04BF1120067C0ECF068C0EDF069C0E8
:10205000EEF0120067C053F268C054F269C055F246
:10206000120067C0E9F068C0EAF069C0EBF0120046
:1020700067C050F268C051F269C052F2120067C0E6
:102080003DF168C03EF169C03FF1120067C040F108
:1020900068C041F169C042F1120067C03AF168C0FE
:1020A0003BF169C03CF1120067C043F168C044F1E4
:1020B00069C045F11200B4EC4BF0DECF67F0DDCF24
:1020C00068F01200676F0101886B67C089F1120028
:1020D00000018A6B8B6B840ECEEF81F05A0E0001EB
:1020E000676F0A0E686F12000001686B010E676F60
:1020F000A3EF8BF00001686B020E676FA3EF8BF00C
:10210000F29EF29CD088D092FF001200F29EF29CC8
:10211000D088D082FF0012000001676F6751010173
:102120006013120019EC8DF0000901E0010C000CA5
:10213000B50E0001676F010E686F1200070E0101F6
:102140009E19D8B4010C000C0E0E0101796F100E0F
:10215000786F100C700ED36E646A9B6A2A6B120043
:1021600002010097C586040E016E040C0201009165
:102170000A6B0E0E016E0E0C020100910A6B0E0E20
:10218000016E0E0C640E0001676F060E686F120080
:10219000050E676F210E686FD4EF90F0120E676F17
:1021A000210E686FD4EF90F067C02BF068C02CF060
:1021B0008AEF8EF0202B000E212322232323000CF4
:1021C0000001676F67C090F1120099C167F00001CC
:1021D000686B12000001676F67C0AFF11200000E5C
:1021E000676F040E686F1200000E676F0A0E686F4B
:1021F00012000001686B676BA3EF8BF000016B6F3F
:102200006B51F3EF80F0C58AC588090E016E090C89
:10221000C58AC5880A0E016E0A0CC59AC588050EC6
:10222000016E050C00016A696969CBEF8FF0000E41
:102230001CEC91F0B98412000001676F67C03BFF8E
:10224000120075EC91F073EF8FF00101AAB1010C4F
:10225000000C0101AAB9010C000C010E01017F6FF5
:10226000010CC582010E016E010CC582020E016EC9
:10227000020CC582010E016E010C050E016EE552C5
:10228000050C010E016EE552010C030E016EE552C4
:10229000030C0F01229922891200FFFF102701640D
:1022A000B9A4010C000C86B0010C000C80BE010C1E
:1022B000000C86B6010C000C0001F651120083A63A
:1022C000010C000C000EA1EF66F0C584016A000C41
:1022D000726B736B12000101916B1200AB98AB88AB
:1022E000120008EF15F005EF5EF025EF71F03AEF00
:1022F0008AF00AEF69F00AEF69F007EF90F002EF59
:102300008EF0CAEF70F08DEF7EF05EEF4BF0A1968D
:102310001200B9EF4BF044EF62F056EF88F074EF23
:102320008BF084EF8BF08205120012001200120075
:10233000120012001200FFD7120012001200120049
:1023400012001200FFFFFFFFFFFFFFFFFFFFFFFF75
:10235000FFFFFFFFFFFFFFFFFFFFFFFFFFFFFFFF8D
:10236000FFFFFFFFFFFFFFFFFFFFFFFFFFFFFFFF7D
:10237000FFFFFFFFFFFFFFFFFFFFFFFFFFFFFFFF6D
:10238000FFFFFFFFFFFFFFFFFFFFFFFFFFFFFFFF5D
:10239000FFFFFFFFFFFFFFFFFFFFFFFFFFFFFFFF4D
:1023A000FFFFFFFFFFFFFFFFFFFFFFFFFFFFFFFF3D
:1023B000FFFFFFFFFFFFFFFFFFFFFFFFFFFFFFFF2D
:1023C000FFFFFFFFFFFFFFFFFFFFFFFFFFFFFFFF1D
:1023D000FFFFFFFFFFFFFFFFFFFFFFFFFFFFFFFF0D
:1023E000FFFFFFFFFFFFFFFFFFFFFFFFFFFFFFFFFD
:1023F000FFFFFFFFFFFFFFFFFFFFFFFFFFFFFFFFED
:10240000FFFFFFFFFFFFFFFFFFFFFFFFFFFFFFFFDC
:10241000FFFFFFFFFFFFFFFFFFFFFFFFFFFFFFFFCC
:10242000FFFFFFFFFFFFFFFFFFFFFFFFFFFFFFFFBC
:10243000FFFFFFFFFFFFFFFFFFFFFFFFFFFFFFFFAC
:10244000FFFFFFFFFFFFFFFFFFFFFFFFFFFFFFFF9C
:10245000FFFFFFFFFFFFFFFFFFFFFFFFFFFFFFFF8C
:10246000FFFFFFFFFFFFFFFFFFFFFFFFFFFFFFFF7C
:10247000FFFFFFFFFFFFFFFFFFFFFFFFFFFFFFFF6C
:10248000FFFFFFFFFFFFFFFFFFFFFFFFFFFFFFFF5C
:10249000FFFFFFFFFFFFFFFFFFFFFFFFFFFFFFFF4C
:1024A000FFFFFFFFFFFFFFFFFFFFFFFFFFFFFFFF3C
:1024B000FFFFFFFFFFFFFFFFFFFFFFFFFFFFFFFF2C
:1024C000FFFFFFFFFFFFFFFFFFFFFFFFFFFFFFFF1C
:1024D000FFFFFFFFFFFFFFFFFFFFFFFFFFFFFFFF0C
:1024E000FFFFFFFFFFFFFFFFFFFFFFFFFFFFFFFFFC
:1024F000FFFFFFFFFFFFFFFFFFFFFFFFFFFFFFFFEC
:10250000FFFFFFFFFFFFFFFFFFFFFFFFFFFFFFFFDB
:10251000FFFFFFFFFFFFFFFFFFFFFFFFFFFFFFFFCB
:10252000FFFFFFFFFFFFFFFFFFFFFFFFFFFFFFFFBB
:10253000FFFFFFFFFFFFFFFFFFFFFFFFFFFFFFFFAB
:10254000FFFFFFFFFFFFFFFFFFFFFFFFFFFFFFFF9B
:10255000FFFFFFFFFFFFFFFFFFFFFFFFFFFFFFFF8B
:10256000FFFFFFFFFFFFFFFFFFFFFFFFFFFFFFFF7B
:10257000FFFFFFFFFFFFFFFFFFFFFFFFFFFFFFFF6B
:10258000FFFFFFFFFFFFFFFFFFFFFFFFFFFFFFFF5B
:10259000FFFFFFFFFFFFFFFFFFFFFFFFFFFFFFFF4B
:1025A000FFFFFFFFFFFFFFFFFFFFFFFFFFFFFFFF3B
:1025B000FFFFFFFFFFFFFFFFFFFFFFFFFFFFFFFF2B
:1025C000FFFFFFFFFFFFFFFFFFFFFFFFFFFFFFFF1B
:1025D000FFFFFFFFFFFFFFFFFFFFFFFFFFFFFFFF0B
:1025E000FFFFFFFFFFFFFFFFFFFFFFFFFFFFFFFFFB
:1025F000FFFFFFFFFFFFFFFFFFFFFFFFFFFFFFFFEB
:10260000FFFFFFFFFFFFFFFFFFFFFFFFFFFFFFFFDA
:10261000FFFFFFFFFFFFFFFFFFFFFFFFFFFFFFFFCA
:10262000FFFFFFFFFFFFFFFFFFFFFFFFFFFFFFFFBA
:10263000FFFFFFFFFFFFFFFFFFFFFFFFFFFFFFFFAA
:10264000FFFFFFFFFFFFFFFFFFFFFFFFFFFFFFFF9A
:10265000FFFFFFFFFFFFFFFFFFFFFFFFFFFFFFFF8A
:10266000FFFFFFFFFFFFFFFFFFFFFFFFFFFFFFFF7A
:10267000FFFFFFFFFFFFFFFFFFFFFFFFFFFFFFFF6A
:10268000FFFFFFFFFFFFFFFFFFFFFFFFFFFFFFFF5A
:10269000FFFFFFFFFFFFFFFFFFFFFFFFFFFFFFFF4A
:1026A000FFFFFFFFFFFFFFFFFFFFFFFFFFFFFFFF3A
:1026B000FFFFFFFFFFFFFFFFFFFFFFFFFFFFFFFF2A
:1026C000FFFFFFFFFFFFFFFFFFFFFFFFFFFFFFFF1A
:1026D000FFFFFFFFFFFFFFFFFFFFFFFFFFFFFFFF0A
:1026E000FFFFFFFFFFFFFFFFFFFFFFFFFFFFFFFFFA
:1026F000FFFFFFFFFFFFFFFFFFFFFFFFFFFFFFFFEA
:10270000FFFFFFFFFFFFFFFFFFFFFFFFFFFFFFFFD9
:10271000FFFFFFFFFFFFFFFFFFFFFFFFFFFFFFFFC9
:10272000FFFFFFFFFFFFFFFFFFFFFFFFFFFFFFFFB9
:10273000FFFFFFFFFFFFFFFFFFFFFFFFFFFFFFFFA9
:10274000FFFFFFFFFFFFFFFFFFFFFFFFFFFFFFFF99
:10275000FFFFFFFFFFFFFFFFFFFFFFFFFFFFFFFF89
:10276000FFFFFFFFFFFFFFFFFFFFFFFFFFFFFFFF79
:10277000FFFFFFFFFFFFFFFFFFFFFFFFFFFFFFFF69
:10278000FFFFFFFFFFFFFFFFFFFFFFFFFFFFFFFF59
:10279000FFFFFFFFFFFFFFFFFFFFFFFFFFFFFFFF49
:1027A000FFFFFFFFFFFFFFFFFFFFFFFFFFFFFFFF39
:1027B000FFFFFFFFFFFFFFFFFFFFFFFFFFFFFFFF29
:1027C000FFFFFFFFFFFFFFFFFFFFFFFFFFFFFFFF19
:1027D000FFFFFFFFFFFFFFFFFFFFFFFFFFFFFFFF09
:1027E000FFFFFFFFFFFFFFFFFFFFFFFFFFFFFFFFF9
:1027F000FFFFFFFFFFFFFFFFFFFFFFFFFFFFFFFFE9
:10280000FFFFFFFFFFFFFFFFFFFFFFFFFFFFFFFFD8
:10281000FFFFFFFFFFFFFFFFFFFFFFFFFFFFFFFFC8
:10282000FFFFFFFFFFFFFFFFFFFFFFFFFFFFFFFFB8
:10283000FFFFFFFFFFFFFFFFFFFFFFFFFFFFFFFFA8
:10284000FFFFFFFFFFFFFFFFFFFFFFFFFFFFFFFF98
:10285000FFFFFFFFFFFFFFFFFFFFFFFFFFFFFFFF88
:10286000FFFFFFFFFFFFFFFFFFFFFFFFFFFFFFFF78
:10287000FFFFFFFFFFFFFFFFFFFFFFFFFFFFFFFF68
:10288000FFFFFFFFFFFFFFFFFFFFFFFFFFFFFFFF58
:10289000FFFFFFFFFFFFFFFFFFFFFFFFFFFFFFFF48
:1028A000FFFFFFFFFFFFFFFFFFFFFFFFFFFFFFFF38
:1028B000FFFFFFFFFFFFFFFFFFFFFFFFFFFFFFFF28
:1028C000FFFFFFFFFFFFFFFFFFFFFFFFFFFFFFFF18
:1028D000FFFFFFFFFFFFFFFFFFFFFFFFFFFFFFFF08
:1028E000FFFFFFFFFFFFFFFFFFFFFFFFFFFFFFFFF8
:1028F000FFFFFFFFFFFFFFFFFFFFFFFFFFFFFFFFE8
:10290000FFFFFFFFFFFFFFFFFFFFFFFFFFFFFFFFD7
:10291000FFFFFFFFFFFFFFFFFFFFFFFFFFFFFFFFC7
:10292000FFFFFFFFFFFFFFFFFFFFFFFFFFFFFFFFB7
:10293000FFFFFFFFFFFFFFFFFFFFFFFFFFFFFFFFA7
:10294000FFFFFFFFFFFFFFFFFFFFFFFFFFFFFFFF97
:10295000FFFFFFFFFFFFFFFFFFFFFFFFFFFFFFFF87
:10296000FFFFFFFFFFFFFFFFFFFFFFFFFFFFFFFF77
:10297000FFFFFFFFFFFFFFFFFFFFFFFFFFFFFFFF67
:10298000FFFFFFFFFFFFFFFFFFFFFFFFFFFFFFFF57
:10299000FFFFFFFFFFFFFFFFFFFFFFFFFFFFFFFF47
:1029A000FFFFFFFFFFFFFFFFFFFFFFFFFFFFFFFF37
:1029B000FFFFFFFFFFFFFFFFFFFFFFFFFFFFFFFF27
:1029C000FFFFFFFFFFFFFFFFFFFFFFFFFFFFFFFF17
:1029D000FFFFFFFFFFFFFFFFFFFFFFFFFFFFFFFF07
:1029E000FFFFFFFFFFFFFFFFFFFFFFFFFFFFFFFFF7
:1029F000FFFFFFFFFFFFFFFFFFFFFFFFFFFFFFFFE7
:102A0000FFFFFFFFFFFFFFFFFFFFFFFFFFFFFFFFD6
:102A1000FFFFFFFFFFFFFFFFFFFFFFFFFFFFFFFFC6
:102A2000FFFFFFFFFFFFFFFFFFFFFFFFFFFFFFFFB6
:102A3000FFFFFFFFFFFFFFFFFFFFFFFFFFFFFFFFA6
:102A4000FFFFFFFFFFFFFFFFFFFFFFFFFFFFFFFF96
:102A5000FFFFFFFFFFFFFFFFFFFFFFFFFFFFFFFF86
:102A6000FFFFFFFFFFFFFFFFFFFFFFFFFFFFFFFF76
:102A7000FFFFFFFFFFFFFFFFFFFFFFFFFFFFFFFF66
:102A8000FFFFFFFFFFFFFFFFFFFFFFFFFFFFFFFF56
:102A9000FFFFFFFFFFFFFFFFFFFFFFFFFFFFFFFF46
:102AA000FFFFFFFFFFFFFFFFFFFFFFFFFFFFFFFF36
:102AB000FFFFFFFFFFFFFFFFFFFFFFFFFFFFFFFF26
:102AC000FFFFFFFFFFFFFFFFFFFFFFFFFFFFFFFF16
:102AD000FFFFFFFFFFFFFFFFFFFFFFFFFFFFFFFF06
:102AE000FFFFFFFFFFFFFFFFFFFFFFFFFFFFFFFFF6
:102AF000FFFFFFFFFFFFFFFFFFFFFFFFFFFFFFFFE6
:102B0000FFFFFFFFFFFFFFFFFFFFFFFFFFFFFFFFD5
:102B1000FFFFFFFFFFFFFFFFFFFFFFFFFFFFFFFFC5
:102B2000FFFFFFFFFFFFFFFFFFFFFFFFFFFFFFFFB5
:102B3000FFFFFFFFFFFFFFFFFFFFFFFFFFFFFFFFA5
:102B4000FFFFFFFFFFFFFFFFFFFFFFFFFFFFFFFF95
:102B5000FFFFFFFFFFFFFFFFFFFFFFFFFFFFFFFF85
:102B6000FFFFFFFFFFFFFFFFFFFFFFFFFFFFFFFF75
:102B7000FFFFFFFFFFFFFFFFFFFFFFFFFFFFFFFF65
:102B8000FFFFFFFFFFFFFFFFFFFFFFFFFFFFFFFF55
:102B9000FFFFFFFFFFFFFFFFFFFFFFFFFFFFFFFF45
:102BA000FFFFFFFFFFFFFFFFFFFFFFFFFFFFFFFF35
:102BB000FFFFFFFFFFFFFFFFFFFFFFFFFFFFFFFF25
:102BC000FFFFFFFFFFFFFFFFFFFFFFFFFFFFFFFF15
:102BD000FFFFFFFFFFFFFFFFFFFFFFFFFFFFFFFF05
:102BE000FFFFFFFFFFFFFFFFFFFFFFFFFFFFFFFFF5
:102BF000FFFFFFFFFFFFFFFFFFFFFFFFFFFFFFFFE5
:102C0000FFFFFFFFFFFFFFFFFFFFFFFFFFFFFFFFD4
:102C1000FFFFFFFFFFFFFFFFFFFFFFFFFFFFFFFFC4
:102C2000FFFFFFFFFFFFFFFFFFFFFFFFFFFFFFFFB4
:102C3000FFFFFFFFFFFFFFFFFFFFFFFFFFFFFFFFA4
:102C4000FFFFFFFFFFFFFFFFFFFFFFFFFFFFFFFF94
:102C5000FFFFFFFFFFFFFFFFFFFFFFFFFFFFFFFF84
:102C6000FFFFFFFFFFFFFFFFFFFFFFFFFFFFFFFF74
:102C7000FFFFFFFFFFFFFFFFFFFFFFFFFFFFFFFF64
:102C8000FFFFFFFFFFFFFFFFFFFFFFFFFFFFFFFF54
:102C9000FFFFFFFFFFFFFFFFFFFFFFFFFFFFFFFF44
:102CA000FFFFFFFFFFFFFFFFFFFFFFFFFFFFFFFF34
:102CB000FFFFFFFFFFFFFFFFFFFFFFFFFFFFFFFF24
:102CC000FFFFFFFFFFFFFFFFFFFFFFFFFFFFFFFF14
:102CD000FFFFFFFFFFFFFFFFFFFFFFFFFFFFFFFF04
:102CE000FFFFFFFFFFFFFFFFFFFFFFFFFFFFFFFFF4
:102CF000FFFFFFFFFFFFFFFFFFFFFFFFFFFFFFFFE4
:102D0000FFFFFFFFFFFFFFFFFFFFFFFFFFFFFFFFD3
:102D1000FFFFFFFFFFFFFFFFFFFFFFFFFFFFFFFFC3
:102D2000FFFFFFFFFFFFFFFFFFFFFFFFFFFFFFFFB3
:102D3000FFFFFFFFFFFFFFFFFFFFFFFFFFFFFFFFA3
:102D4000FFFFFFFFFFFFFFFFFFFFFFFFFFFFFFFF93
:102D5000FFFFFFFFFFFFFFFFFFFFFFFFFFFFFFFF83
:102D6000FFFFFFFFFFFFFFFFFFFFFFFFFFFFFFFF73
:102D7000FFFFFFFFFFFFFFFFFFFFFFFFFFFFFFFF63
:102D8000FFFFFFFFFFFFFFFFFFFFFFFFFFFFFFFF53
:102D9000FFFFFFFFFFFFFFFFFFFFFFFFFFFFFFFF43
:102DA000FFFFFFFFFFFFFFFFFFFFFFFFFFFFFFFF33
:102DB000FFFFFFFFFFFFFFFFFFFFFFFFFFFFFFFF23
:102DC000FFFFFFFFFFFFFFFFFFFFFFFFFFFFFFFF13
:102DD000FFFFFFFFFFFFFFFFFFFFFFFFFFFFFFFF03
:102DE000FFFFFFFFFFFFFFFFFFFFFFFFFFFFFFFFF3
:102DF000FFFFFFFFFFFFFFFFFFFFFFFFFFFFFFFFE3
:102E0000FFFFFFFFFFFFFFFFFFFFFFFFFFFFFFFFD2
:102E1000FFFFFFFFFFFFFFFFFFFFFFFFFFFFFFFFC2
:102E2000FFFFFFFFFFFFFFFFFFFFFFFFFFFFFFFFB2
:102E3000FFFFFFFFFFFFFFFFFFFFFFFFFFFFFFFFA2
:102E4000FFFFFFFFFFFFFFFFFFFFFFFFFFFFFFFF92
:102E5000FFFFFFFFFFFFFFFFFFFFFFFFFFFFFFFF82
:102E6000FFFFFFFFFFFFFFFFFFFFFFFFFFFFFFFF72
:102E7000FFFFFFFFFFFFFFFFFFFFFFFFFFFFFFFF62
:102E8000FFFFFFFFFFFFFFFFFFFFFFFFFFFFFFFF52
:102E9000FFFFFFFFFFFFFFFFFFFFFFFFFFFFFFFF42
:102EA000FFFFFFFFFFFFFFFFFFFFFFFFFFFFFFFF32
:102EB000FFFFFFFFFFFFFFFFFFFFFFFFFFFFFFFF22
:102EC000FFFFFFFFFFFFFFFFFFFFFFFFFFFFFFFF12
:102ED000FFFFFFFFFFFFFFFFFFFFFFFFFFFFFFFF02
:102EE000FFFFFFFFFFFFFFFFFFFFFFFFFFFFFFFFF2
:102EF000FFFFFFFFFFFFFFFFFFFFFFFFFFFFFFFFE2
:102F0000FFFFFFFFFFFFFFFFFFFFFFFFFFFFFFFFD1
:102F1000FFFFFFFFFFFFFFFFFFFFFFFFFFFFFFFFC1
:102F2000FFFFFFFFFFFFFFFFFFFFFFFFFFFFFFFFB1
:102F3000FFFFFFFFFFFFFFFFFFFFFFFFFFFFFFFFA1
:102F4000FFFFFFFFFFFFFFFFFFFFFFFFFFFFFFFF91
:102F5000FFFFFFFFFFFFFFFFFFFFFFFFFFFFFFFF81
:102F6000FFFFFFFFFFFFFFFFFFFFFFFFFFFFFFFF71
:102F7000FFFFFFFFFFFFFFFFFFFFFFFFFFFFFFFF61
:102F8000FFFFFFFFFFFFFFFFFFFFFFFFFFFFFFFF51
:102F9000FFFFFFFFFFFFFFFFFFFFFFFFFFFFFFFF41
:102FA000FFFFFFFFFFFFFFFFFFFFFFFFFFFFFFFF31
:102FB000FFFFFFFFFFFFFFFFFFFFFFFFFFFFFFFF21
:102FC000FFFFFFFFFFFFFFFFFFFFFFFFFFFFFFFF11
:102FD000FFFFFFFFFFFFFFFFFFFFFFFFFFFFFFFF01
:102FE000FFFFFFFFFFFFFFFFFFFFFFFFFFFFFFFFF1
:102FF000FFFFFFFFFFFFFFFFFFFFFFFFFFFFFFFFE1
:10300000FFFFFFFFFFFFFFFFFFFFFFFFFFFFFFFFD0
:10301000FFFFFFFFFFFFFFFFFFFFFFFFFFFFFFFFC0
:10302000FFFFFFFFFFFFFFFFFFFFFFFFFFFFFFFFB0
:10303000FFFFFFFFFFFFFFFFFFFFFFFFFFFFFFFFA0
:10304000FFFFFFFFFFFFFFFFFFFFFFFFFFFFFFFF90
:10305000FFFFFFFFFFFFFFFFFFFFFFFFFFFFFFFF80
:10306000FFFFFFFFFFFFFFFFFFFFFFFFFFFFFFFF70
:10307000FFFFFFFFFFFFFFFFFFFFFFFFFFFFFFFF60
:10308000FFFFFFFFFFFFFFFFFFFFFFFFFFFFFFFF50
:10309000FFFFFFFFFFFFFFFFFFFFFFFFFFFFFFFF40
:1030A000FFFFFFFFFFFFFFFFFFFFFFFFFFFFFFFF30
:1030B000FFFFFFFFFFFFFFFFFFFFFFFFFFFFFFFF20
:1030C000FFFFFFFFFFFFFFFFFFFFFFFFFFFFFFFF10
:1030D000FFFFFFFFFFFFFFFFFFFFFFFFFFFFFFFF00
:1030E000FFFFFFFFFFFFFFFFFFFFFFFFFFFFFFFFF0
:1030F000FFFFFFFFFFFFFFFFFFFFFFFFFFFFFFFFE0
:10310000FFFFFFFFFFFFFFFFFFFFFFFFFFFFFFFFCF
:10311000FFFFFFFFFFFFFFFFFFFFFFFFFFFFFFFFBF
:10312000FFFFFFFFFFFFFFFFFFFFFFFFFFFFFFFFAF
:10313000FFFFFFFFFFFFFFFFFFFFFFFFFFFFFFFF9F
:10314000FFFFFFFFFFFFFFFFFFFFFFFFFFFFFFFF8F
:10315000FFFFFFFFFFFFFFFFFFFFFFFFFFFFFFFF7F
:10316000FFFFFFFFFFFFFFFFFFFFFFFFFFFFFFFF6F
:10317000FFFFFFFFFFFFFFFFFFFFFFFFFFFFFFFF5F
:10318000FFFFFFFFFFFFFFFFFFFFFFFFFFFFFFFF4F
:10319000FFFFFFFFFFFFFFFFFFFFFFFFFFFFFFFF3F
:1031A000FFFFFFFFFFFFFFFFFFFFFFFFFFFFFFFF2F
:1031B000FFFFFFFFFFFFFFFFFFFFFFFFFFFFFFFF1F
:1031C000FFFFFFFFFFFFFFFFFFFFFFFFFFFFFFFF0F
:1031D000FFFFFFFFFFFFFFFFFFFFFFFFFFFFFFFFFF
:1031E000FFFFFFFFFFFFFFFFFFFFFFFFFFFFFFFFEF
:1031F000FFFFFFFFFFFFFFFFFFFFFFFFFFFFFFFFDF
:10320000FFFFFFFFFFFFFFFFFFFFFFFFFFFFFFFFCE
:10321000FFFFFFFFFFFFFFFFFFFFFFFFFFFFFFFFBE
:10322000FFFFFFFFFFFFFFFFFFFFFFFFFFFFFFFFAE
:10323000FFFFFFFFFFFFFFFFFFFFFFFFFFFFFFFF9E
:10324000FFFFFFFFFFFFFFFFFFFFFFFFFFFFFFFF8E
:10325000FFFFFFFFFFFFFFFFFFFFFFFFFFFFFFFF7E
:10326000FFFFFFFFFFFFFFFFFFFFFFFFFFFFFFFF6E
:10327000FFFFFFFFFFFFFFFFFFFFFFFFFFFFFFFF5E
:10328000FFFFFFFFFFFFFFFFFFFFFFFFFFFFFFFF4E
:10329000FFFFFFFFFFFFFFFFFFFFFFFFFFFFFFFF3E
:1032A000FFFFFFFFFFFFFFFFFFFFFFFFFFFFFFFF2E
:1032B000FFFFFFFFFFFFFFFFFFFFFFFFFFFFFFFF1E
:1032C000FFFFFFFFFFFFFFFFFFFFFFFFFFFFFFFF0E
:1032D000FFFFFFFFFFFFFFFFFFFFFFFFFFFFFFFFFE
:1032E000FFFFFFFFFFFFFFFFFFFFFFFFFFFFFFFFEE
:1032F000FFFFFFFFFFFFFFFFFFFFFFFFFFFFFFFFDE
:10330000FFFFFFFFFFFFFFFFFFFFFFFFFFFFFFFFCD
:10331000FFFFFFFFFFFFFFFFFFFFFFFFFFFFFFFFBD
:10332000FFFFFFFFFFFFFFFFFFFFFFFFFFFFFFFFAD
:10333000FFFFFFFFFFFFFFFFFFFFFFFFFFFFFFFF9D
:10334000FFFFFFFFFFFFFFFFFFFFFFFFFFFFFFFF8D
:10335000FFFFFFFFFFFFFFFFFFFFFFFFFFFFFFFF7D
:10336000FFFFFFFFFFFFFFFFFFFFFFFFFFFFFFFF6D
:10337000FFFFFFFFFFFFFFFFFFFFFFFFFFFFFFFF5D
:10338000FFFFFFFFFFFFFFFFFFFFFFFFFFFFFFFF4D
:10339000FFFFFFFFFFFFFFFFFFFFFFFFFFFFFFFF3D
:1033A000FFFFFFFFFFFFFFFFFFFFFFFFFFFFFFFF2D
:1033B000FFFFFFFFFFFFFFFFFFFFFFFFFFFFFFFF1D
:1033C000FFFFFFFFFFFFFFFFFFFFFFFFFFFFFFFF0D
:1033D000FFFFFFFFFFFFFFFFFFFFFFFFFFFFFFFFFD
:1033E000FFFFFFFFFFFFFFFFFFFFFFFFFFFFFFFFED
:1033F000FFFFFFFFFFFFFFFFFFFFFFFFFFFFFFFFDD
:10340000FFFFFFFFFFFFFFFFFFFFFFFFFFFFFFFFCC
:10341000FFFFFFFFFFFFFFFFFFFFFFFFFFFFFFFFBC
:10342000FFFFFFFFFFFFFFFFFFFFFFFFFFFFFFFFAC
:10343000FFFFFFFFFFFFFFFFFFFFFFFFFFFFFFFF9C
:10344000FFFFFFFFFFFFFFFFFFFFFFFFFFFFFFFF8C
:10345000FFFFFFFFFFFFFFFFFFFFFFFFFFFFFFFF7C
:10346000FFFFFFFFFFFFFFFFFFFFFFFFFFFFFFFF6C
:10347000FFFFFFFFFFFFFFFFFFFFFFFFFFFFFFFF5C
:10348000FFFFFFFFFFFFFFFFFFFFFFFFFFFFFFFF4C
:10349000FFFFFFFFFFFFFFFFFFFFFFFFFFFFFFFF3C
:1034A000FFFFFFFFFFFFFFFFFFFFFFFFFFFFFFFF2C
:1034B000FFFFFFFFFFFFFFFFFFFFFFFFFFFFFFFF1C
:1034C000FFFFFFFFFFFFFFFFFFFFFFFFFFFFFFFF0C
:1034D000FFFFFFFFFFFFFFFFFFFFFFFFFFFFFFFFFC
:1034E000FFFFFFFFFFFFFFFFFFFFFFFFFFFFFFFFEC
:1034F000FFFFFFFFFFFFFFFFFFFFFFFFFFFFFFFFDC
:10350000FFFFFFFFFFFFFFFFFFFFFFFFFFFFFFFFCB
:10351000FFFFFFFFFFFFFFFFFFFFFFFFFFFFFFFFBB
:10352000FFFFFFFFFFFFFFFFFFFFFFFFFFFFFFFFAB
:10353000FFFFFFFFFFFFFFFFFFFFFFFFFFFFFFFF9B
:10354000FFFFFFFFFFFFFFFFFFFFFFFFFFFFFFFF8B
:10355000FFFFFFFFFFFFFFFFFFFFFFFFFFFFFFFF7B
:10356000FFFFFFFFFFFFFFFFFFFFFFFFFFFFFFFF6B
:10357000FFFFFFFFFFFFFFFFFFFFFFFFFFFFFFFF5B
:10358000FFFFFFFFFFFFFFFFFFFFFFFFFFFFFFFF4B
:10359000FFFFFFFFFFFFFFFFFFFFFFFFFFFFFFFF3B
:1035A000FFFFFFFFFFFFFFFFFFFFFFFFFFFFFFFF2B
:1035B000FFFFFFFFFFFFFFFFFFFFFFFFFFFFFFFF1B
:1035C000FFFFFFFFFFFFFFFFFFFFFFFFFFFFFFFF0B
:1035D000FFFFFFFFFFFFFFFFFFFFFFFFFFFFFFFFFB
:1035E000FFFFFFFFFFFFFFFFFFFFFFFFFFFFFFFFEB
:1035F000FFFFFFFFFFFFFFFFFFFFFFFFFFFFFFFFDB
:10360000FFFFFFFFFFFFFFFFFFFFFFFFFFFFFFFFCA
:10361000FFFFFFFFFFFFFFFFFFFFFFFFFFFFFFFFBA
:10362000FFFFFFFFFFFFFFFFFFFFFFFFFFFFFFFFAA
:10363000FFFFFFFFFFFFFFFFFFFFFFFFFFFFFFFF9A
:10364000FFFFFFFFFFFFFFFFFFFFFFFFFFFFFFFF8A
:10365000FFFFFFFFFFFFFFFFFFFFFFFFFFFFFFFF7A
:10366000FFFFFFFFFFFFFFFFFFFFFFFFFFFFFFFF6A
:10367000FFFFFFFFFFFFFFFFFFFFFFFFFFFFFFFF5A
:10368000FFFFFFFFFFFFFFFFFFFFFFFFFFFFFFFF4A
:10369000FFFFFFFFFFFFFFFFFFFFFFFFFFFFFFFF3A
:1036A000FFFFFFFFFFFFFFFFFFFFFFFFFFFFFFFF2A
:1036B000FFFFFFFFFFFFFFFFFFFFFFFFFFFFFFFF1A
:1036C000FFFFFFFFFFFFFFFFFFFFFFFFFFFFFFFF0A
:1036D000FFFFFFFFFFFFFFFFFFFFFFFFFFFFFFFFFA
:1036E000FFFFFFFFFFFFFFFFFFFFFFFFFFFFFFFFEA
:1036F000FFFFFFFFFFFFFFFFFFFFFFFFFFFFFFFFDA
:10370000FFFFFFFFFFFFFFFFFFFFFFFFFFFFFFFFC9
:10371000FFFFFFFFFFFFFFFFFFFFFFFFFFFFFFFFB9
:10372000FFFFFFFFFFFFFFFFFFFFFFFFFFFFFFFFA9
:10373000FFFFFFFFFFFFFFFFFFFFFFFFFFFFFFFF99
:10374000FFFFFFFFFFFFFFFFFFFFFFFFFFFFFFFF89
:10375000FFFFFFFFFFFFFFFFFFFFFFFFFFFFFFFF79
:10376000FFFFFFFFFFFFFFFFFFFFFFFFFFFFFFFF69
:10377000FFFFFFFFFFFFFFFFFFFFFFFFFFFFFFFF59
:10378000FFFFFFFFFFFFFFFFFFFFFFFFFFFFFFFF49
:10379000FFFFFFFFFFFFFFFFFFFFFFFFFFFFFFFF39
:1037A000FFFFFFFFFFFFFFFFFFFFFFFFFFFFFFFF29
:1037B000FFFFFFFFFFFFFFFFFFFFFFFFFFFFFFFF19
:1037C000FFFFFFFFFFFFFFFFFFFFFFFFFFFFFFFF09
:1037D000FFFFFFFFFFFFFFFFFFFFFFFFFFFFFFFFF9
:1037E000FFFFFFFFFFFFFFFFFFFFFFFFFFFFFFFFE9
:1037F000FFFFFFFFFFFFFFFFFFFFFFFFFFFFFFFFD9
:10380000FFFFFFFFFFFFFFFFFFFFFFFFFFFFFFFFC8
:10381000FFFFFFFFFFFFFFFFFFFFFFFFFFFFFFFFB8
:10382000FFFFFFFFFFFFFFFFFFFFFFFFFFFFFFFFA8
:10383000FFFFFFFFFFFFFFFFFFFFFFFFFFFFFFFF98
:10384000FFFFFFFFFFFFFFFFFFFFFFFFFFFFFFFF88
:10385000FFFFFFFFFFFFFFFFFFFFFFFFFFFFFFFF78
:10386000FFFFFFFFFFFFFFFFFFFFFFFFFFFFFFFF68
:10387000FFFFFFFFFFFFFFFFFFFFFFFFFFFFFFFF58
:10388000FFFFFFFFFFFFFFFFFFFFFFFFFFFFFFFF48
:10389000FFFFFFFFFFFFFFFFFFFFFFFFFFFFFFFF38
:1038A000FFFFFFFFFFFFFFFFFFFFFFFFFFFFFFFF28
:1038B000FFFFFFFFFFFFFFFFFFFFFFFFFFFFFFFF18
:1038C000FFFFFFFFFFFFFFFFFFFFFFFFFFFFFFFF08
:1038D000FFFFFFFFFFFFFFFFFFFFFFFFFFFFFFFFF8
:1038E000FFFFFFFFFFFFFFFFFFFFFFFFFFFFFFFFE8
:1038F000FFFFFFFFFFFFFFFFFFFFFFFFFFFFFFFFD8
:10390000FFFFFFFFFFFFFFFFFFFFFFFFFFFFFFFFC7
:10391000FFFFFFFFFFFFFFFFFFFFFFFFFFFFFFFFB7
:10392000FFFFFFFFFFFFFFFFFFFFFFFFFFFFFFFFA7
:10393000FFFFFFFFFFFFFFFFFFFFFFFFFFFFFFFF97
:10394000FFFFFFFFFFFFFFFFFFFFFFFFFFFFFFFF87
:10395000FFFFFFFFFFFFFFFFFFFFFFFFFFFFFFFF77
:10396000FFFFFFFFFFFFFFFFFFFFFFFFFFFFFFFF67
:10397000FFFFFFFFFFFFFFFFFFFFFFFFFFFFFFFF57
:10398000FFFFFFFFFFFFFFFFFFFFFFFFFFFFFFFF47
:10399000FFFFFFFFFFFFFFFFFFFFFFFFFFFFFFFF37
:1039A000FFFFFFFFFFFFFFFFFFFFFFFFFFFFFFFF27
:1039B000FFFFFFFFFFFFFFFFFFFFFFFFFFFFFFFF17
:1039C000FFFFFFFFFFFFFFFFFFFFFFFFFFFFFFFF07
:1039D000FFFFFFFFFFFFFFFFFFFFFFFFFFFFFFFFF7
:1039E000FFFFFFFFFFFFFFFFFFFFFFFFFFFFFFFFE7
:1039F000FFFFFFFFFFFFFFFFFFFFFFFFFFFFFFFFD7
:103A0000FFFFFFFFFFFFFFFFFFFFFFFFFFFFFFFFC6
:103A1000FFFFFFFFFFFFFFFFFFFFFFFFFFFFFFFFB6
:103A2000FFFFFFFFFFFFFFFFFFFFFFFFFFFFFFFFA6
:103A3000FFFFFFFFFFFFFFFFFFFFFFFFFFFFFFFF96
:103A4000FFFFFFFFFFFFFFFFFFFFFFFFFFFFFFFF86
:103A5000FFFFFFFFFFFFFFFFFFFFFFFFFFFFFFFF76
:103A6000FFFFFFFFFFFFFFFFFFFFFFFFFFFFFFFF66
:103A7000FFFFFFFFFFFFFFFFFFFFFFFFFFFFFFFF56
:103A8000FFFFFFFFFFFFFFFFFFFFFFFFFFFFFFFF46
:103A9000FFFFFFFFFFFFFFFFFFFFFFFFFFFFFFFF36
:103AA000FFFFFFFFFFFFFFFFFFFFFFFFFFFFFFFF26
:103AB000FFFFFFFFFFFFFFFFFFFFFFFFFFFFFFFF16
:103AC000FFFFFFFFFFFFFFFFFFFFFFFFFFFFFFFF06
:103AD000FFFFFFFFFFFFFFFFFFFFFFFFFFFFFFFFF6
:103AE000FFFFFFFFFFFFFFFFFFFFFFFFFFFFFFFFE6
:103AF000FFFFFFFFFFFFFFFFFFFFFFFFFFFFFFFFD6
:103B0000FFFFFFFFFFFFFFFFFFFFFFFFFFFFFFFFC5
:103B1000FFFFFFFFFFFFFFFFFFFFFFFFFFFFFFFFB5
:103B2000FFFFFFFFFFFFFFFFFFFFFFFFFFFFFFFFA5
:103B3000FFFFFFFFFFFFFFFFFFFFFFFFFFFFFFFF95
:103B4000FFFFFFFFFFFFFFFFFFFFFFFFFFFFFFFF85
:103B5000FFFFFFFFFFFFFFFFFFFFFFFFFFFFFFFF75
:103B6000FFFFFFFFFFFFFFFFFFFFFFFFFFFFFFFF65
:103B7000FFFFFFFFFFFFFFFFFFFFFFFFFFFFFFFF55
:103B8000FFFFFFFFFFFFFFFFFFFFFFFFFFFFFFFF45
:103B9000FFFFFFFFFFFFFFFFFFFFFFFFFFFFFFFF35
:103BA000FFFFFFFFFFFFFFFFFFFFFFFFFFFFFFFF25
:103BB000FFFFFFFFFFFFFFFFFFFFFFFFFFFFFFFF15
:103BC000FFFFFFFFFFFFFFFFFFFFFFFFFFFFFFFF05
:103BD000FFFFFFFFFFFFFFFFFFFFFFFFFFFFFFFFF5
:103BE000FFFFFFFFFFFFFFFFFFFFFFFFFFFFFFFFE5
:103BF000FFFFFFFFFFFFFFFFFFFFFFFFFFFFFFFFD5
:103C0000FFFFFFFFFFFFFFFFFFFFFFFFFFFFFFFFC4
:103C1000FFFFFFFFFFFFFFFFFFFFFFFFFFFFFFFFB4
:103C2000FFFFFFFFFFFFFFFFFFFFFFFFFFFFFFFFA4
:103C3000FFFFFFFFFFFFFFFFFFFFFFFFFFFFFFFF94
:103C4000FFFFFFFFFFFFFFFFFFFFFFFFFFFFFFFF84
:103C5000FFFFFFFFFFFFFFFFFFFFFFFFFFFFFFFF74
:103C6000FFFFFFFFFFFFFFFFFFFFFFFFFFFFFFFF64
:103C7000FFFFFFFFFFFFFFFFFFFFFFFFFFFFFFFF54
:103C8000FFFFFFFFFFFFFFFFFFFFFFFFFFFFFFFF44
:103C9000FFFFFFFFFFFFFFFFFFFFFFFFFFFFFFFF34
:103CA000FFFFFFFFFFFFFFFFFFFFFFFFFFFFFFFF24
:103CB000FFFFFFFFFFFFFFFFFFFFFFFFFFFFFFFF14
:103CC000FFFFFFFFFFFFFFFFFFFFFFFFFFFFFFFF04
:103CD000FFFFFFFFFFFFFFFFFFFFFFFFFFFFFFFFF4
:103CE000FFFFFFFFFFFFFFFFFFFFFFFFFFFFFFFFE4
:103CF000FFFFFFFFFFFFFFFFFFFFFFFFFFFFFFFFD4
:103D0000FFFFFFFFFFFFFFFFFFFFFFFFFFFFFFFFC3
:103D1000FFFFFFFFFFFFFFFFFFFFFFFFFFFFFFFFB3
:103D2000FFFFFFFFFFFFFFFFFFFFFFFFFFFFFFFFA3
:103D3000FFFFFFFFFFFFFFFFFFFFFFFFFFFFFFFF93
:103D4000FFFFFFFFFFFFFFFFFFFFFFFFFFFFFFFF83
:103D5000FFFFFFFFFFFFFFFFFFFFFFFFFFFFFFFF73
:103D6000FFFFFFFFFFFFFFFFFFFFFFFFFFFFFFFF63
:103D7000FFFFFFFFFFFFFFFFFFFFFFFFFFFFFFFF53
:103D8000FFFFFFFFFFFFFFFFFFFFFFFFFFFFFFFF43
:103D9000FFFFFFFFFFFFFFFFFFFFFFFFFFFFFFFF33
:103DA000FFFFFFFFFFFFFFFFFFFFFFFFFFFFFFFF23
:103DB000FFFFFFFFFFFFFFFFFFFFFFFFFFFFFFFF13
:103DC000FFFFFFFFFFFFFFFFFFFFFFFFFFFFFFFF03
:103DD000FFFFFFFFFFFFFFFFFFFFFFFFFFFFFFFFF3
:103DE000FFFFFFFFFFFFFFFFFFFFFFFFFFFFFFFFE3
:103DF000FFFFFFFFFFFFFFFFFFFFFFFFFFFFFFFFD3
:103E0000FFFFFFFFFFFFFFFFFFFFFFFFFFFFFFFFC2
:103E1000FFFFFFFFFFFFFFFFFFFFFFFFFFFFFFFFB2
:103E2000FFFFFFFFFFFFFFFFFFFFFFFFFFFFFFFFA2
:103E3000FFFFFFFFFFFFFFFFFFFFFFFFFFFFFFFF92
:103E4000FFFFFFFFFFFFFFFFFFFFFFFFFFFFFFFF82
:103E5000FFFFFFFFFFFFFFFFFFFFFFFFFFFFFFFF72
:103E6000FFFFFFFFFFFFFFFFFFFFFFFFFFFFFFFF62
:103E7000FFFFFFFFFFFFFFFFFFFFFFFFFFFFFFFF52
:103E8000FFFFFFFFFFFFFFFFFFFFFFFFFFFFFFFF42
:103E9000FFFFFFFFFFFFFFFFFFFFFFFFFFFFFFFF32
:103EA000FFFFFFFFFFFFFFFFFFFFFFFFFFFFFFFF22
:103EB000FFFFFFFFFFFFFFFFFFFFFFFFFFFFFFFF12
:103EC000FFFFFFFFFFFFFFFFFFFFFFFFFFFFFFFF02
:103ED000FFFFFFFFFFFFFFFFFFFFFFFFFFFFFFFFF2
:103EE000FFFFFFFFFFFFFFFFFFFFFFFFFFFFFFFFE2
:103EF000FFFFFFFFFFFFFFFFFFFFFFFFFFFFFFFFD2
:103F0000FFFFFFFFFFFFFFFFFFFFFFFFFFFFFFFFC1
:103F1000FFFFFFFFFFFFFFFFFFFFFFFFFFFFFFFFB1
:103F2000FFFFFFFFFFFFFFFFFFFFFFFFFFFFFFFFA1
:103F3000FFFFFFFFFFFFFFFFFFFFFFFFFFFFFFFF91
:103F4000FFFFFFFFFFFFFFFFFFFFFFFFFFFFFFFF81
:103F5000FFFFFFFFFFFFFFFFFFFFFFFFFFFFFFFF71
:103F6000FFFFFFFFFFFFFFFFFFFFFFFFFFFFFFFF61
:103F7000FFFFFFFFFFFFFFFFFFFFFFFFFFFFFFFF51
:103F8000FFFFFFFFFFFFFFFFFFFFFFFFFFFFFFFF41
:103F9000FFFFFFFFFFFFFFFFFFFFFFFFFFFFFFFF31
:103FA000FFFFFFFFFFFFFFFFFFFFFFFFFFFFFFFF21
:103FB000FFFFFFFFFFFFFFFFFFFFFFFFFFFFFFFF11
:103FC000FFFFFFFFFFFFFFFFFFFFFFFFFFFFFFFF01
:103FD000FFFFFFFFFFFFFFFFFFFFFFFFFFFFFFFFF1
:103FE000FFFFFFFFFFFFFFFFFFFFFFFFFFFFFFFFE1
:103FF000FFFFFFFFFFFFFFFFFFFFFFFFFFFFFFFFD1
:10400000FFFFFFFFFFFFFFFFFFFFFFFFFFFFFFFFC0
:10401000FFFFFFFFFFFFFFFFFFFFFFFFFFFFFFFFB0
:10402000FFFFFFFFFFFFFFFFFFFFFFFFFFFFFFFFA0
:10403000FFFFFFFFFFFFFFFFFFFFFFFFFFFFFFFF90
:10404000FFFFFFFFFFFFFFFFFFFFFFFFFFFFFFFF80
:10405000FFFFFFFFFFFFFFFFFFFFFFFFFFFFFFFF70
:10406000FFFFFFFFFFFFFFFFFFFFFFFFFFFFFFFF60
:10407000FFFFFFFFFFFFFFFFFFFFFFFFFFFFFFFF50
:10408000FFFFFFFFFFFFFFFFFFFFFFFFFFFFFFFF40
:10409000FFFFFFFFFFFFFFFFFFFFFFFFFFFFFFFF30
:1040A000FFFFFFFFFFFFFFFFFFFFFFFFFFFFFFFF20
:1040B000FFFFFFFFFFFFFFFFFFFFFFFFFFFFFFFF10
:1040C000FFFFFFFFFFFFFFFFFFFFFFFFFFFFFFFF00
:1040D000FFFFFFFFFFFFFFFFFFFFFFFFFFFFFFFFF0
:1040E000FFFFFFFFFFFFFFFFFFFFFFFFFFFFFFFFE0
:1040F000FFFFFFFFFFFFFFFFFFFFFFFFFFFFFFFFD0
:10410000FFFFFFFFFFFFFFFFFFFFFFFFFFFFFFFFBF
:10411000FFFFFFFFFFFFFFFFFFFFFFFFFFFFFFFFAF
:10412000FFFFFFFFFFFFFFFFFFFFFFFFFFFFFFFF9F
:10413000FFFFFFFFFFFFFFFFFFFFFFFFFFFFFFFF8F
:10414000FFFFFFFFFFFFFFFFFFFFFFFFFFFFFFFF7F
:10415000FFFFFFFFFFFFFFFFFFFFFFFFFFFFFFFF6F
:10416000FFFFFFFFFFFFFFFFFFFFFFFFFFFFFFFF5F
:10417000FFFFFFFFFFFFFFFFFFFFFFFFFFFFFFFF4F
:10418000FFFFFFFFFFFFFFFFFFFFFFFFFFFFFFFF3F
:10419000FFFFFFFFFFFFFFFFFFFFFFFFFFFFFFFF2F
:1041A000FFFFFFFFFFFFFFFFFFFFFFFFFFFFFFFF1F
:1041B000FFFFFFFFFFFFFFFFFFFFFFFFFFFFFFFF0F
:1041C000FFFFFFFFFFFFFFFFFFFFFFFFFFFFFFFFFF
:1041D000FFFFFFFFFFFFFFFFFFFFFFFFFFFFFFFFEF
:1041E000FFFFFFFFFFFFFFFFFFFFFFFFFFFFFFFFDF
:1041F000FFFFFFFFFFFFFFFFFFFFFFFFFFFFFFFFCF
:10420000FFFFFFFFFFFFFFFFFFFFFFFFFFFFFFFFBE
:10421000FFFFFFFFFFFFFFFFFFFFFFFFFFFFFFFFAE
:10422000FFFFFFFFFFFFFFFFFFFFFFFFFFFFFFFF9E
:10423000FFFFFFFFFFFFFFFFFFFFFFFFFFFFFFFF8E
:10424000FFFFFFFFFFFFFFFFFFFFFFFFFFFFFFFF7E
:10425000FFFFFFFFFFFFFFFFFFFFFFFFFFFFFFFF6E
:10426000FFFFFFFFFFFFFFFFFFFFFFFFFFFFFFFF5E
:10427000FFFFFFFFFFFFFFFFFFFFFFFFFFFFFFFF4E
:10428000FFFFFFFFFFFFFFFFFFFFFFFFFFFFFFFF3E
:10429000FFFFFFFFFFFFFFFFFFFFFFFFFFFFFFFF2E
:1042A000FFFFFFFFFFFFFFFFFFFFFFFFFFFFFFFF1E
:1042B000FFFFFFFFFFFFFFFFFFFFFFFFFFFFFFFF0E
:1042C000FFFFFFFFFFFFFFFFFFFFFFFFFFFFFFFFFE
:1042D000FFFFFFFFFFFFFFFFFFFFFFFFFFFFFFFFEE
:1042E000FFFFFFFFFFFFFFFFFFFFFFFFFFFFFFFFDE
:1042F000FFFFFFFFFFFFFFFFFFFFFFFFFFFFFFFFCE
:10430000FFFFFFFFFFFFFFFFFFFFFFFFFFFFFFFFBD
:10431000FFFFFFFFFFFFFFFFFFFFFFFFFFFFFFFFAD
:10432000FFFFFFFFFFFFFFFFFFFFFFFFFFFFFFFF9D
:10433000FFFFFFFFFFFFFFFFFFFFFFFFFFFFFFFF8D
:10434000FFFFFFFFFFFFFFFFFFFFFFFFFFFFFFFF7D
:10435000FFFFFFFFFFFFFFFFFFFFFFFFFFFFFFFF6D
:10436000FFFFFFFFFFFFFFFFFFFFFFFFFFFFFFFF5D
:10437000FFFFFFFFFFFFFFFFFFFFFFFFFFFFFFFF4D
:10438000FFFFFFFFFFFFFFFFFFFFFFFFFFFFFFFF3D
:10439000FFFFFFFFFFFFFFFFFFFFFFFFFFFFFFFF2D
:1043A000FFFFFFFFFFFFFFFFFFFFFFFFFFFFFFFF1D
:1043B000FFFFFFFFFFFFFFFFFFFFFFFFFFFFFFFF0D
:1043C000FFFFFFFFFFFFFFFFFFFFFFFFFFFFFFFFFD
:1043D000FFFFFFFFFFFFFFFFFFFFFFFFFFFFFFFFED
:1043E000FFFFFFFFFFFFFFFFFFFFFFFFFFFFFFFFDD
:1043F000FFFFFFFFFFFFFFFFFFFFFFFFFFFFFFFFCD
:10440000FFFFFFFFFFFFFFFFFFFFFFFFFFFFFFFFBC
:10441000FFFFFFFFFFFFFFFFFFFFFFFFFFFFFFFFAC
:10442000FFFFFFFFFFFFFFFFFFFFFFFFFFFFFFFF9C
:10443000FFFFFFFFFFFFFFFFFFFFFFFFFFFFFFFF8C
:10444000FFFFFFFFFFFFFFFFFFFFFFFFFFFFFFFF7C
:10445000FFFFFFFFFFFFFFFFFFFFFFFFFFFFFFFF6C
:10446000FFFFFFFFFFFFFFFFFFFFFFFFFFFFFFFF5C
:10447000FFFFFFFFFFFFFFFFFFFFFFFFFFFFFFFF4C
:10448000FFFFFFFFFFFFFFFFFFFFFFFFFFFFFFFF3C
:10449000FFFFFFFFFFFFFFFFFFFFFFFFFFFFFFFF2C
:1044A000FFFFFFFFFFFFFFFFFFFFFFFFFFFFFFFF1C
:1044B000FFFFFFFFFFFFFFFFFFFFFFFFFFFFFFFF0C
:1044C000FFFFFFFFFFFFFFFFFFFFFFFFFFFFFFFFFC
:1044D000FFFFFFFFFFFFFFFFFFFFFFFFFFFFFFFFEC
:1044E000FFFFFFFFFFFFFFFFFFFFFFFFFFFFFFFFDC
:1044F000FFFFFFFFFFFFFFFFFFFFFFFFFFFFFFFFCC
:10450000FFFFFFFFFFFFFFFFFFFFFFFFFFFFFFFFBB
:10451000FFFFFFFFFFFFFFFFFFFFFFFFFFFFFFFFAB
:10452000FFFFFFFFFFFFFFFFFFFFFFFFFFFFFFFF9B
:10453000FFFFFFFFFFFFFFFFFFFFFFFFFFFFFFFF8B
:10454000FFFFFFFFFFFFFFFFFFFFFFFFFFFFFFFF7B
:10455000FFFFFFFFFFFFFFFFFFFFFFFFFFFFFFFF6B
:10456000FFFFFFFFFFFFFFFFFFFFFFFFFFFFFFFF5B
:10457000FFFFFFFFFFFFFFFFFFFFFFFFFFFFFFFF4B
:10458000FFFFFFFFFFFFFFFFFFFFFFFFFFFFFFFF3B
:10459000FFFFFFFFFFFFFFFFFFFFFFFFFFFFFFFF2B
:1045A000FFFFFFFFFFFFFFFFFFFFFFFFFFFFFFFF1B
:1045B000FFFFFFFFFFFFFFFFFFFFFFFFFFFFFFFF0B
:1045C000FFFFFFFFFFFFFFFFFFFFFFFFFFFFFFFFFB
:1045D000FFFFFFFFFFFFFFFFFFFFFFFFFFFFFFFFEB
:1045E000FFFFFFFFFFFFFFFFFFFFFFFFFFFFFFFFDB
:1045F000FFFFFFFFFFFFFFFFFFFFFFFFFFFFFFFFCB
:10460000FFFFFFFFFFFFFFFFFFFFFFFFFFFFFFFFBA
:10461000FFFFFFFFFFFFFFFFFFFFFFFFFFFFFFFFAA
:10462000FFFFFFFFFFFFFFFFFFFFFFFFFFFFFFFF9A
:10463000FFFFFFFFFFFFFFFFFFFFFFFFFFFFFFFF8A
:10464000FFFFFFFFFFFFFFFFFFFFFFFFFFFFFFFF7A
:10465000FFFFFFFFFFFFFFFFFFFFFFFFFFFFFFFF6A
:10466000FFFFFFFFFFFFFFFFFFFFFFFFFFFFFFFF5A
:10467000FFFFFFFFFFFFFFFFFFFFFFFFFFFFFFFF4A
:10468000FFFFFFFFFFFFFFFFFFFFFFFFFFFFFFFF3A
:10469000FFFFFFFFFFFFFFFFFFFFFFFFFFFFFFFF2A
:1046A000FFFFFFFFFFFFFFFFFFFFFFFFFFFFFFFF1A
:1046B000FFFFFFFFFFFFFFFFFFFFFFFFFFFFFFFF0A
:1046C000FFFFFFFFFFFFFFFFFFFFFFFFFFFFFFFFFA
:1046D000FFFFFFFFFFFFFFFFFFFFFFFFFFFFFFFFEA
:1046E000FFFFFFFFFFFFFFFFFFFFFFFFFFFFFFFFDA
:1046F000FFFFFFFFFFFFFFFFFFFFFFFFFFFFFFFFCA
:10470000FFFFFFFFFFFFFFFFFFFFFFFFFFFFFFFFB9
:10471000FFFFFFFFFFFFFFFFFFFFFFFFFFFFFFFFA9
:10472000FFFFFFFFFFFFFFFFFFFFFFFFFFFFFFFF99
:10473000FFFFFFFFFFFFFFFFFFFFFFFFFFFFFFFF89
:10474000FFFFFFFFFFFFFFFFFFFFFFFFFFFFFFFF79
:10475000FFFFFFFFFFFFFFFFFFFFFFFFFFFFFFFF69
:10476000FFFFFFFFFFFFFFFFFFFFFFFFFFFFFFFF59
:10477000FFFFFFFFFFFFFFFFFFFFFFFFFFFFFFFF49
:10478000FFFFFFFFFFFFFFFFFFFFFFFFFFFFFFFF39
:10479000FFFFFFFFFFFFFFFFFFFFFFFFFFFFFFFF29
:1047A000FFFFFFFFFFFFFFFFFFFFFFFFFFFFFFFF19
:1047B000FFFFFFFFFFFFFFFFFFFFFFFFFFFFFFFF09
:1047C000FFFFFFFFFFFFFFFFFFFFFFFFFFFFFFFFF9
:1047D000FFFFFFFFFFFFFFFFFFFFFFFFFFFFFFFFE9
:1047E000FFFFFFFFFFFFFFFFFFFFFFFFFFFFFFFFD9
:1047F000FFFFFFFFFFFFFFFFFFFFFFFFFFFFFFFFC9
:10480000FFFFFFFFFFFFFFFFFFFFFFFFFFFFFFFFB8
:10481000FFFFFFFFFFFFFFFFFFFFFFFFFFFFFFFFA8
:10482000FFFFFFFFFFFFFFFFFFFFFFFFFFFFFFFF98
:10483000FFFFFFFFFFFFFFFFFFFFFFFFFFFFFFFF88
:10484000FFFFFFFFFFFFFFFFFFFFFFFFFFFFFFFF78
:10485000FFFFFFFFFFFFFFFFFFFFFFFFFFFFFFFF68
:10486000FFFFFFFFFFFFFFFFFFFFFFFFFFFFFFFF58
:10487000FFFFFFFFFFFFFFFFFFFFFFFFFFFFFFFF48
:10488000FFFFFFFFFFFFFFFFFFFFFFFFFFFFFFFF38
:10489000FFFFFFFFFFFFFFFFFFFFFFFFFFFFFFFF28
:1048A000FFFFFFFFFFFFFFFFFFFFFFFFFFFFFFFF18
:1048B000FFFFFFFFFFFFFFFFFFFFFFFFFFFFFFFF08
:1048C000FFFFFFFFFFFFFFFFFFFFFFFFFFFFFFFFF8
:1048D000FFFFFFFFFFFFFFFFFFFFFFFFFFFFFFFFE8
:1048E000FFFFFFFFFFFFFFFFFFFFFFFFFFFFFFFFD8
:1048F000FFFFFFFFFFFFFFFFFFFFFFFFFFFFFFFFC8
:10490000FFFFFFFFFFFFFFFFFFFFFFFFFFFFFFFFB7
:10491000FFFFFFFFFFFFFFFFFFFFFFFFFFFFFFFFA7
:10492000FFFFFFFFFFFFFFFFFFFFFFFFFFFFFFFF97
:10493000FFFFFFFFFFFFFFFFFFFFFFFFFFFFFFFF87
:10494000FFFFFFFFFFFFFFFFFFFFFFFFFFFFFFFF77
:10495000FFFFFFFFFFFFFFFFFFFFFFFFFFFFFFFF67
:10496000FFFFFFFFFFFFFFFFFFFFFFFFFFFFFFFF57
:10497000FFFFFFFFFFFFFFFFFFFFFFFFFFFFFFFF47
:10498000FFFFFFFFFFFFFFFFFFFFFFFFFFFFFFFF37
:10499000FFFFFFFFFFFFFFFFFFFFFFFFFFFFFFFF27
:1049A000FFFFFFFFFFFFFFFFFFFFFFFFFFFFFFFF17
:1049B000FFFFFFFFFFFFFFFFFFFFFFFFFFFFFFFF07
:1049C000FFFFFFFFFFFFFFFFFFFFFFFFFFFFFFFFF7
:1049D000FFFFFFFFFFFFFFFFFFFFFFFFFFFFFFFFE7
:1049E000FFFFFFFFFFFFFFFFFFFFFFFFFFFFFFFFD7
:1049F000FFFFFFFFFFFFFFFFFFFFFFFFFFFFFFFFC7
:104A0000FFFFFFFFFFFFFFFFFFFFFFFFFFFFFFFFB6
:104A1000FFFFFFFFFFFFFFFFFFFFFFFFFFFFFFFFA6
:104A2000FFFFFFFFFFFFFFFFFFFFFFFFFFFFFFFF96
:104A3000FFFFFFFFFFFFFFFFFFFFFFFFFFFFFFFF86
:104A4000FFFFFFFFFFFFFFFFFFFFFFFFFFFFFFFF76
:104A5000FFFFFFFFFFFFFFFFFFFFFFFFFFFFFFFF66
:104A6000FFFFFFFFFFFFFFFFFFFFFFFFFFFFFFFF56
:104A7000FFFFFFFFFFFFFFFFFFFFFFFFFFFFFFFF46
:104A8000FFFFFFFFFFFFFFFFFFFFFFFFFFFFFFFF36
:104A9000FFFFFFFFFFFFFFFFFFFFFFFFFFFFFFFF26
:104AA000FFFFFFFFFFFFFFFFFFFFFFFFFFFFFFFF16
:104AB000FFFFFFFFFFFFFFFFFFFFFFFFFFFFFFFF06
:104AC000FFFFFFFFFFFFFFFFFFFFFFFFFFFFFFFFF6
:104AD000FFFFFFFFFFFFFFFFFFFFFFFFFFFFFFFFE6
:104AE000FFFFFFFFFFFFFFFFFFFFFFFFFFFFFFFFD6
:104AF000FFFFFFFFFFFFFFFFFFFFFFFFFFFFFFFFC6
:104B0000FFFFFFFFFFFFFFFFFFFFFFFFFFFFFFFFB5
:104B1000FFFFFFFFFFFFFFFFFFFFFFFFFFFFFFFFA5
:104B2000FFFFFFFFFFFFFFFFFFFFFFFFFFFFFFFF95
:104B3000FFFFFFFFFFFFFFFFFFFFFFFFFFFFFFFF85
:104B4000FFFFFFFFFFFFFFFFFFFFFFFFFFFFFFFF75
:104B5000FFFFFFFFFFFFFFFFFFFFFFFFFFFFFFFF65
:104B6000FFFFFFFFFFFFFFFFFFFFFFFFFFFFFFFF55
:104B7000FFFFFFFFFFFFFFFFFFFFFFFFFFFFFFFF45
:104B8000FFFFFFFFFFFFFFFFFFFFFFFFFFFFFFFF35
:104B9000FFFFFFFFFFFFFFFFFFFFFFFFFFFFFFFF25
:104BA000FFFFFFFFFFFFFFFFFFFFFFFFFFFFFFFF15
:104BB000FFFFFFFFFFFFFFFFFFFFFFFFFFFFFFFF05
:104BC000FFFFFFFFFFFFFFFFFFFFFFFFFFFFFFFFF5
:104BD000FFFFFFFFFFFFFFFFFFFFFFFFFFFFFFFFE5
:104BE000FFFFFFFFFFFFFFFFFFFFFFFFFFFFFFFFD5
:104BF000FFFFFFFFFFFFFFFFFFFFFFFFFFFFFFFFC5
:104C0000FFFFFFFFFFFFFFFFFFFFFFFFFFFFFFFFB4
:104C1000FFFFFFFFFFFFFFFFFFFFFFFFFFFFFFFFA4
:104C2000FFFFFFFFFFFFFFFFFFFFFFFFFFFFFFFF94
:104C3000FFFFFFFFFFFFFFFFFFFFFFFFFFFFFFFF84
:104C4000FFFFFFFFFFFFFFFFFFFFFFFFFFFFFFFF74
:104C5000FFFFFFFFFFFFFFFFFFFFFFFFFFFFFFFF64
:104C6000FFFFFFFFFFFFFFFFFFFFFFFFFFFFFFFF54
:104C7000FFFFFFFFFFFFFFFFFFFFFFFFFFFFFFFF44
:104C8000FFFFFFFFFFFFFFFFFFFFFFFFFFFFFFFF34
:104C9000FFFFFFFFFFFFFFFFFFFFFFFFFFFFFFFF24
:104CA000FFFFFFFFFFFFFFFFFFFFFFFFFFFFFFFF14
:104CB000FFFFFFFFFFFFFFFFFFFFFFFFFFFFFFFF04
:104CC000FFFFFFFFFFFFFFFFFFFFFFFFFFFFFFFFF4
:104CD000FFFFFFFFFFFFFFFFFFFFFFFFFFFFFFFFE4
:104CE000FFFFFFFFFFFFFFFFFFFFFFFFFFFFFFFFD4
:104CF000FFFFFFFFFFFFFFFFFFFFFFFFFFFFFFFFC4
:104D0000FFFFFFFFFFFFFFFFFFFFFFFFFFFFFFFFB3
:104D1000FFFFFFFFFFFFFFFFFFFFFFFFFFFFFFFFA3
:104D2000FFFFFFFFFFFFFFFFFFFFFFFFFFFFFFFF93
:104D3000FFFFFFFFFFFFFFFFFFFFFFFFFFFFFFFF83
:104D4000FFFFFFFFFFFFFFFFFFFFFFFFFFFFFFFF73
:104D5000FFFFFFFFFFFFFFFFFFFFFFFFFFFFFFFF63
:104D6000FFFFFFFFFFFFFFFFFFFFFFFFFFFFFFFF53
:104D7000FFFFFFFFFFFFFFFFFFFFFFFFFFFFFFFF43
:104D8000FFFFFFFFFFFFFFFFFFFFFFFFFFFFFFFF33
:104D9000FFFFFFFFFFFFFFFFFFFFFFFFFFFFFFFF23
:104DA000FFFFFFFFFFFFFFFFFFFFFFFFFFFFFFFF13
:104DB000FFFFFFFFFFFFFFFFFFFFFFFFFFFFFFFF03
:104DC000FFFFFFFFFFFFFFFFFFFFFFFFFFFFFFFFF3
:104DD000FFFFFFFFFFFFFFFFFFFFFFFFFFFFFFFFE3
:104DE000FFFFFFFFFFFFFFFFFFFFFFFFFFFFFFFFD3
:104DF000FFFFFFFFFFFFFFFFFFFFFFFFFFFFFFFFC3
:104E0000FFFFFFFFFFFFFFFFFFFFFFFFFFFFFFFFB2
:104E1000FFFFFFFFFFFFFFFFFFFFFFFFFFFFFFFFA2
:104E2000FFFFFFFFFFFFFFFFFFFFFFFFFFFFFFFF92
:104E3000FFFFFFFFFFFFFFFFFFFFFFFFFFFFFFFF82
:104E4000FFFFFFFFFFFFFFFFFFFFFFFFFFFFFFFF72
:104E5000FFFFFFFFFFFFFFFFFFFFFFFFFFFFFFFF62
:104E6000FFFFFFFFFFFFFFFFFFFFFFFFFFFFFFFF52
:104E7000FFFFFFFFFFFFFFFFFFFFFFFFFFFFFFFF42
:104E8000FFFFFFFFFFFFFFFFFFFFFFFFFFFFFFFF32
:104E9000FFFFFFFFFFFFFFFFFFFFFFFFFFFFFFFF22
:104EA000FFFFFFFFFFFFFFFFFFFFFFFFFFFFFFFF12
:104EB000FFFFFFFFFFFFFFFFFFFFFFFFFFFFFFFF02
:104EC000FFFFFFFFFFFFFFFFFFFFFFFFFFFFFFFFF2
:104ED000FFFFFFFFFFFFFFFFFFFFFFFFFFFFFFFFE2
:104EE000FFFFFFFFFFFFFFFFFFFFFFFFFFFFFFFFD2
:104EF000FFFFFFFFFFFFFFFFFFFFFFFFFFFFFFFFC2
:104F0000FFFFFFFFFFFFFFFFFFFFFFFFFFFFFFFFB1
:104F1000FFFFFFFFFFFFFFFFFFFFFFFFFFFFFFFFA1
:104F2000FFFFFFFFFFFFFFFFFFFFFFFFFFFFFFFF91
:104F3000FFFFFFFFFFFFFFFFFFFFFFFFFFFFFFFF81
:104F4000FFFFFFFFFFFFFFFFFFFFFFFFFFFFFFFF71
:104F5000FFFFFFFFFFFFFFFFFFFFFFFFFFFFFFFF61
:104F6000FFFFFFFFFFFFFFFFFFFFFFFFFFFFFFFF51
:104F7000FFFFFFFFFFFFFFFFFFFFFFFFFFFFFFFF41
:104F8000FFFFFFFFFFFFFFFFFFFFFFFFFFFFFFFF31
:104F9000FFFFFFFFFFFFFFFFFFFFFFFFFFFFFFFF21
:104FA000FFFFFFFFFFFFFFFFFFFFFFFFFFFFFFFF11
:104FB000FFFFFFFFFFFFFFFFFFFFFFFFFFFFFFFF01
:104FC000FFFFFFFFFFFFFFFFFFFFFFFFFFFFFFFFF1
:104FD000FFFFFFFFFFFFFFFFFFFFFFFFFFFFFFFFE1
:104FE000FFFFFFFFFFFFFFFFFFFFFFFFFFFFFFFFD1
:104FF000FFFFFFFFFFFFFFFFFFFFFFFFFFFFFFFFC1
:10500000FFFFFFFFFFFFFFFFFFFFFFFFFFFFFFFFB0
:10501000FFFFFFFFFFFFFFFFFFFFFFFFFFFFFFFFA0
:10502000FFFFFFFFFFFFFFFFFFFFFFFFFFFFFFFF90
:10503000FFFFFFFFFFFFFFFFFFFFFFFFFFFFFFFF80
:10504000FFFFFFFFFFFFFFFFFFFFFFFFFFFFFFFF70
:10505000FFFFFFFFFFFFFFFFFFFFFFFFFFFFFFFF60
:10506000FFFFFFFFFFFFFFFFFFFFFFFFFFFFFFFF50
:10507000FFFFFFFFFFFFFFFFFFFFFFFFFFFFFFFF40
:10508000FFFFFFFFFFFFFFFFFFFFFFFFFFFFFFFF30
:10509000FFFFFFFFFFFFFFFFFFFFFFFFFFFFFFFF20
:1050A000FFFFFFFFFFFFFFFFFFFFFFFFFFFFFFFF10
:1050B000FFFFFFFFFFFFFFFFFFFFFFFFFFFFFFFF00
:1050C000FFFFFFFFFFFFFFFFFFFFFFFFFFFFFFFFF0
:1050D000FFFFFFFFFFFFFFFFFFFFFFFFFFFFFFFFE0
:1050E000FFFFFFFFFFFFFFFFFFFFFFFFFFFFFFFFD0
:1050F000FFFFFFFFFFFFFFFFFFFFFFFFFFFFFFFFC0
:10510000FFFFFFFFFFFFFFFFFFFFFFFFFFFFFFFFAF
:10511000FFFFFFFFFFFFFFFFFFFFFFFFFFFFFFFF9F
:10512000FFFFFFFFFFFFFFFFFFFFFFFFFFFFFFFF8F
:10513000FFFFFFFFFFFFFFFFFFFFFFFFFFFFFFFF7F
:10514000FFFFFFFFFFFFFFFFFFFFFFFFFFFFFFFF6F
:10515000FFFFFFFFFFFFFFFFFFFFFFFFFFFFFFFF5F
:10516000FFFFFFFFFFFFFFFFFFFFFFFFFFFFFFFF4F
:10517000FFFFFFFFFFFFFFFFFFFFFFFFFFFFFFFF3F
:10518000FFFFFFFFFFFFFFFFFFFFFFFFFFFFFFFF2F
:10519000FFFFFFFFFFFFFFFFFFFFFFFFFFFFFFFF1F
:1051A000FFFFFFFFFFFFFFFFFFFFFFFFFFFFFFFF0F
:1051B000FFFFFFFFFFFFFFFFFFFFFFFFFFFFFFFFFF
:1051C000FFFFFFFFFFFFFFFFFFFFFFFFFFFFFFFFEF
:1051D000FFFFFFFFFFFFFFFFFFFFFFFFFFFFFFFFDF
:1051E000FFFFFFFFFFFFFFFFFFFFFFFFFFFFFFFFCF
:1051F000FFFFFFFFFFFFFFFFFFFFFFFFFFFFFFFFBF
:10520000FFFFFFFFFFFFFFFFFFFFFFFFFFFFFFFFAE
:10521000FFFFFFFFFFFFFFFFFFFFFFFFFFFFFFFF9E
:10522000FFFFFFFFFFFFFFFFFFFFFFFFFFFFFFFF8E
:10523000FFFFFFFFFFFFFFFFFFFFFFFFFFFFFFFF7E
:10524000FFFFFFFFFFFFFFFFFFFFFFFFFFFFFFFF6E
:10525000FFFFFFFFFFFFFFFFFFFFFFFFFFFFFFFF5E
:10526000FFFFFFFFFFFFFFFFFFFFFFFFFFFFFFFF4E
:10527000FFFFFFFFFFFFFFFFFFFFFFFFFFFFFFFF3E
:10528000FFFFFFFFFFFFFFFFFFFFFFFFFFFFFFFF2E
:10529000FFFFFFFFFFFFFFFFFFFFFFFFFFFFFFFF1E
:1052A000FFFFFFFFFFFFFFFFFFFFFFFFFFFFFFFF0E
:1052B000FFFFFFFFFFFFFFFFFFFFFFFFFFFFFFFFFE
:1052C000FFFFFFFFFFFFFFFFFFFFFFFFFFFFFFFFEE
:1052D000FFFFFFFFFFFFFFFFFFFFFFFFFFFFFFFFDE
:1052E000FFFFFFFFFFFFFFFFFFFFFFFFFFFFFFFFCE
:1052F000FFFFFFFFFFFFFFFFFFFFFFFFFFFFFFFFBE
:10530000FFFFFFFFFFFFFFFFFFFFFFFFFFFFFFFFAD
:10531000FFFFFFFFFFFFFFFFFFFFFFFFFFFFFFFF9D
:10532000FFFFFFFFFFFFFFFFFFFFFFFFFFFFFFFF8D
:10533000FFFFFFFFFFFFFFFFFFFFFFFFFFFFFFFF7D
:10534000FFFFFFFFFFFFFFFFFFFFFFFFFFFFFFFF6D
:10535000FFFFFFFFFFFFFFFFFFFFFFFFFFFFFFFF5D
:10536000FFFFFFFFFFFFFFFFFFFFFFFFFFFFFFFF4D
:10537000FFFFFFFFFFFFFFFFFFFFFFFFFFFFFFFF3D
:10538000FFFFFFFFFFFFFFFFFFFFFFFFFFFFFFFF2D
:10539000FFFFFFFFFFFFFFFFFFFFFFFFFFFFFFFF1D
:1053A000FFFFFFFFFFFFFFFFFFFFFFFFFFFFFFFF0D
:1053B000FFFFFFFFFFFFFFFFFFFFFFFFFFFFFFFFFD
:1053C000FFFFFFFFFFFFFFFFFFFFFFFFFFFFFFFFED
:1053D000FFFFFFFFFFFFFFFFFFFFFFFFFFFFFFFFDD
:1053E000FFFFFFFFFFFFFFFFFFFFFFFFFFFFFFFFCD
:1053F000FFFFFFFFFFFFFFFFFFFFFFFFFFFFFFFFBD
:10540000FFFFFFFFFFFFFFFFFFFFFFFFFFFFFFFFAC
:10541000FFFFFFFFFFFFFFFFFFFFFFFFFFFFFFFF9C
:10542000FFFFFFFFFFFFFFFFFFFFFFFFFFFFFFFF8C
:10543000FFFFFFFFFFFFFFFFFFFFFFFFFFFFFFFF7C
:10544000FFFFFFFFFFFFFFFFFFFFFFFFFFFFFFFF6C
:10545000FFFFFFFFFFFFFFFFFFFFFFFFFFFFFFFF5C
:10546000FFFFFFFFFFFFFFFFFFFFFFFFFFFFFFFF4C
:10547000FFFFFFFFFFFFFFFFFFFFFFFFFFFFFFFF3C
:10548000FFFFFFFFFFFFFFFFFFFFFFFFFFFFFFFF2C
:10549000FFFFFFFFFFFFFFFFFFFFFFFFFFFFFFFF1C
:1054A000FFFFFFFFFFFFFFFFFFFFFFFFFFFFFFFF0C
:1054B000FFFFFFFFFFFFFFFFFFFFFFFFFFFFFFFFFC
:1054C000FFFFFFFFFFFFFFFFFFFFFFFFFFFFFFFFEC
:1054D000FFFFFFFFFFFFFFFFFFFFFFFFFFFFFFFFDC
:1054E000FFFFFFFFFFFFFFFFFFFFFFFFFFFFFFFFCC
:1054F000FFFFFFFFFFFFFFFFFFFFFFFFFFFFFFFFBC
:10550000FFFFFFFFFFFFFFFFFFFFFFFFFFFFFFFFAB
:10551000FFFFFFFFFFFFFFFFFFFFFFFFFFFFFFFF9B
:10552000FFFFFFFFFFFFFFFFFFFFFFFFFFFFFFFF8B
:10553000FFFFFFFFFFFFFFFFFFFFFFFFFFFFFFFF7B
:10554000FFFFFFFFFFFFFFFFFFFFFFFFFFFFFFFF6B
:10555000FFFFFFFFFFFFFFFFFFFFFFFFFFFFFFFF5B
:10556000FFFFFFFFFFFFFFFFFFFFFFFFFFFFFFFF4B
:10557000FFFFFFFFFFFFFFFFFFFFFFFFFFFFFFFF3B
:10558000FFFFFFFFFFFFFFFFFFFFFFFFFFFFFFFF2B
:10559000FFFFFFFFFFFFFFFFFFFFFFFFFFFFFFFF1B
:1055A000FFFFFFFFFFFFFFFFFFFFFFFFFFFFFFFF0B
:1055B000FFFFFFFFFFFFFFFFFFFFFFFFFFFFFFFFFB
:1055C000FFFFFFFFFFFFFFFFFFFFFFFFFFFFFFFFEB
:1055D000FFFFFFFFFFFFFFFFFFFFFFFFFFFFFFFFDB
:1055E000FFFFFFFFFFFFFFFFFFFFFFFFFFFFFFFFCB
:1055F000FFFFFFFFFFFFFFFFFFFFFFFFFFFFFFFFBB
:10560000FFFFFFFFFFFFFFFFFFFFFFFFFFFFFFFFAA
:10561000FFFFFFFFFFFFFFFFFFFFFFFFFFFFFFFF9A
:10562000FFFFFFFFFFFFFFFFFFFFFFFFFFFFFFFF8A
:10563000FFFFFFFFFFFFFFFFFFFFFFFFFFFFFFFF7A
:10564000FFFFFFFFFFFFFFFFFFFFFFFFFFFFFFFF6A
:10565000FFFFFFFFFFFFFFFFFFFFFFFFFFFFFFFF5A
:10566000FFFFFFFFFFFFFFFFFFFFFFFFFFFFFFFF4A
:10567000FFFFFFFFFFFFFFFFFFFFFFFFFFFFFFFF3A
:10568000FFFFFFFFFFFFFFFFFFFFFFFFFFFFFFFF2A
:10569000FFFFFFFFFFFFFFFFFFFFFFFFFFFFFFFF1A
:1056A000FFFFFFFFFFFFFFFFFFFFFFFFFFFFFFFF0A
:1056B000FFFFFFFFFFFFFFFFFFFFFFFFFFFFFFFFFA
:1056C000FFFFFFFFFFFFFFFFFFFFFFFFFFFFFFFFEA
:1056D000FFFFFFFFFFFFFFFFFFFFFFFFFFFFFFFFDA
:1056E000FFFFFFFFFFFFFFFFFFFFFFFFFFFFFFFFCA
:1056F000FFFFFFFFFFFFFFFFFFFFFFFFFFFFFFFFBA
:10570000FFFFFFFFFFFFFFFFFFFFFFFFFFFFFFFFA9
:10571000FFFFFFFFFFFFFFFFFFFFFFFFFFFFFFFF99
:10572000FFFFFFFFFFFFFFFFFFFFFFFFFFFFFFFF89
:10573000FFFFFFFFFFFFFFFFFFFFFFFFFFFFFFFF79
:10574000FFFFFFFFFFFFFFFFFFFFFFFFFFFFFFFF69
:10575000FFFFFFFFFFFFFFFFFFFFFFFFFFFFFFFF59
:10576000FFFFFFFFFFFFFFFFFFFFFFFFFFFFFFFF49
:10577000FFFFFFFFFFFFFFFFFFFFFFFFFFFFFFFF39
:10578000FFFFFFFFFFFFFFFFFFFFFFFFFFFFFFFF29
:10579000FFFFFFFFFFFFFFFFFFFFFFFFFFFFFFFF19
:1057A000FFFFFFFFFFFFFFFFFFFFFFFFFFFFFFFF09
:1057B000FFFFFFFFFFFFFFFFFFFFFFFFFFFFFFFFF9
:1057C000FFFFFFFFFFFFFFFFFFFFFFFFFFFFFFFFE9
:1057D000FFFFFFFFFFFFFFFFFFFFFFFFFFFFFFFFD9
:1057E000FFFFFFFFFFFFFFFFFFFFFFFFFFFFFFFFC9
:1057F000FFFFFFFFFFFFFFFFFFFFFFFFFFFFFFFFB9
:10580000FFFFFFFFFFFFFFFFFFFFFFFFFFFFFFFFA8
:10581000FFFFFFFFFFFFFFFFFFFFFFFFFFFFFFFF98
:10582000FFFFFFFFFFFFFFFFFFFFFFFFFFFFFFFF88
:10583000FFFFFFFFFFFFFFFFFFFFFFFFFFFFFFFF78
:10584000FFFFFFFFFFFFFFFFFFFFFFFFFFFFFFFF68
:10585000FFFFFFFFFFFFFFFFFFFFFFFFFFFFFFFF58
:10586000FFFFFFFFFFFFFFFFFFFFFFFFFFFFFFFF48
:10587000FFFFFFFFFFFFFFFFFFFFFFFFFFFFFFFF38
:10588000FFFFFFFFFFFFFFFFFFFFFFFFFFFFFFFF28
:10589000FFFFFFFFFFFFFFFFFFFFFFFFFFFFFFFF18
:1058A000FFFFFFFFFFFFFFFFFFFFFFFFFFFFFFFF08
:1058B000FFFFFFFFFFFFFFFFFFFFFFFFFFFFFFFFF8
:1058C000FFFFFFFFFFFFFFFFFFFFFFFFFFFFFFFFE8
:1058D000FFFFFFFFFFFFFFFFFFFFFFFFFFFFFFFFD8
:1058E000FFFFFFFFFFFFFFFFFFFFFFFFFFFFFFFFC8
:1058F000FFFFFFFFFFFFFFFFFFFFFFFFFFFFFFFFB8
:10590000FFFFFFFFFFFFFFFFFFFFFFFFFFFFFFFFA7
:10591000FFFFFFFFFFFFFFFFFFFFFFFFFFFFFFFF97
:10592000FFFFFFFFFFFFFFFFFFFFFFFFFFFFFFFF87
:10593000FFFFFFFFFFFFFFFFFFFFFFFFFFFFFFFF77
:10594000FFFFFFFFFFFFFFFFFFFFFFFFFFFFFFFF67
:10595000FFFFFFFFFFFFFFFFFFFFFFFFFFFFFFFF57
:10596000FFFFFFFFFFFFFFFFFFFFFFFFFFFFFFFF47
:10597000FFFFFFFFFFFFFFFFFFFFFFFFFFFFFFFF37
:10598000FFFFFFFFFFFFFFFFFFFFFFFFFFFFFFFF27
:10599000FFFFFFFFFFFFFFFFFFFFFFFFFFFFFFFF17
:1059A000FFFFFFFFFFFFFFFFFFFFFFFFFFFFFFFF07
:1059B000FFFFFFFFFFFFFFFFFFFFFFFFFFFFFFFFF7
:1059C000FFFFFFFFFFFFFFFFFFFFFFFFFFFFFFFFE7
:1059D000FFFFFFFFFFFFFFFFFFFFFFFFFFFFFFFFD7
:1059E000FFFFFFFFFFFFFFFFFFFFFFFFFFFFFFFFC7
:1059F000FFFFFFFFFFFFFFFFFFFFFFFFFFFFFFFFB7
:105A0000FFFFFFFFFFFFFFFFFFFFFFFFFFFFFFFFA6
:105A1000FFFFFFFFFFFFFFFFFFFFFFFFFFFFFFFF96
:105A2000FFFFFFFFFFFFFFFFFFFFFFFFFFFFFFFF86
:105A3000FFFFFFFFFFFFFFFFFFFFFFFFFFFFFFFF76
:105A4000FFFFFFFFFFFFFFFFFFFFFFFFFFFFFFFF66
:105A5000FFFFFFFFFFFFFFFFFFFFFFFFFFFFFFFF56
:105A6000FFFFFFFFFFFFFFFFFFFFFFFFFFFFFFFF46
:105A7000FFFFFFFFFFFFFFFFFFFFFFFFFFFFFFFF36
:105A8000FFFFFFFFFFFFFFFFFFFFFFFFFFFFFFFF26
:105A9000FFFFFFFFFFFFFFFFFFFFFFFFFFFFFFFF16
:105AA000FFFFFFFFFFFFFFFFFFFFFFFFFFFFFFFF06
:105AB000FFFFFFFFFFFFFFFFFFFFFFFFFFFFFFFFF6
:105AC000FFFFFFFFFFFFFFFFFFFFFFFFFFFFFFFFE6
:105AD000FFFFFFFFFFFFFFFFFFFFFFFFFFFFFFFFD6
:105AE000FFFFFFFFFFFFFFFFFFFFFFFFFFFFFFFFC6
:105AF000FFFFFFFFFFFFFFFFFFFFFFFFFFFFFFFFB6
:105B0000FFFFFFFFFFFFFFFFFFFFFFFFFFFFFFFFA5
:105B1000FFFFFFFFFFFFFFFFFFFFFFFFFFFFFFFF95
:105B2000FFFFFFFFFFFFFFFFFFFFFFFFFFFFFFFF85
:105B3000FFFFFFFFFFFFFFFFFFFFFFFFFFFFFFFF75
:105B4000FFFFFFFFFFFFFFFFFFFFFFFFFFFFFFFF65
:105B5000FFFFFFFFFFFFFFFFFFFFFFFFFFFFFFFF55
:105B6000FFFFFFFFFFFFFFFFFFFFFFFFFFFFFFFF45
:105B7000FFFFFFFFFFFFFFFFFFFFFFFFFFFFFFFF35
:105B8000FFFFFFFFFFFFFFFFFFFFFFFFFFFFFFFF25
:105B9000FFFFFFFFFFFFFFFFFFFFFFFFFFFFFFFF15
:105BA000FFFFFFFFFFFFFFFFFFFFFFFFFFFFFFFF05
:105BB000FFFFFFFFFFFFFFFFFFFFFFFFFFFFFFFFF5
:105BC000FFFFFFFFFFFFFFFFFFFFFFFFFFFFFFFFE5
:105BD000FFFFFFFFFFFFFFFFFFFFFFFFFFFFFFFFD5
:105BE000FFFFFFFFFFFFFFFFFFFFFFFFFFFFFFFFC5
:105BF000FFFFFFFFFFFFFFFFFFFFFFFFFFFFFFFFB5
:105C0000FFFFFFFFFFFFFFFFFFFFFFFFFFFFFFFFA4
:105C1000FFFFFFFFFFFFFFFFFFFFFFFFFFFFFFFF94
:105C2000FFFFFFFFFFFFFFFFFFFFFFFFFFFFFFFF84
:105C3000FFFFFFFFFFFFFFFFFFFFFFFFFFFFFFFF74
:105C4000FFFFFFFFFFFFFFFFFFFFFFFFFFFFFFFF64
:105C5000FFFFFFFFFFFFFFFFFFFFFFFFFFFFFFFF54
:105C6000FFFFFFFFFFFFFFFFFFFFFFFFFFFFFFFF44
:105C7000FFFFFFFFFFFFFFFFFFFFFFFFFFFFFFFF34
:105C8000FFFFFFFFFFFFFFFFFFFFFFFFFFFFFFFF24
:105C9000FFFFFFFFFFFFFFFFFFFFFFFFFFFFFFFF14
:105CA000FFFFFFFFFFFFFFFFFFFFFFFFFFFFFFFF04
:105CB000FFFFFFFFFFFFFFFFFFFFFFFFFFFFFFFFF4
:105CC000FFFFFFFFFFFFFFFFFFFFFFFFFFFFFFFFE4
:105CD000FFFFFFFFFFFFFFFFFFFFFFFFFFFFFFFFD4
:105CE000FFFFFFFFFFFFFFFFFFFFFFFFFFFFFFFFC4
:105CF000FFFFFFFFFFFFFFFFFFFFFFFFFFFFFFFFB4
:105D0000FFFFFFFFFFFFFFFFFFFFFFFFFFFFFFFFA3
:105D1000FFFFFFFFFFFFFFFFFFFFFFFFFFFFFFFF93
:105D2000FFFFFFFFFFFFFFFFFFFFFFFFFFFFFFFF83
:105D3000FFFFFFFFFFFFFFFFFFFFFFFFFFFFFFFF73
:105D4000FFFFFFFFFFFFFFFFFFFFFFFFFFFFFFFF63
:105D5000FFFFFFFFFFFFFFFFFFFFFFFFFFFFFFFF53
:105D6000FFFFFFFFFFFFFFFFFFFFFFFFFFFFFFFF43
:105D7000FFFFFFFFFFFFFFFFFFFFFFFFFFFFFFFF33
:105D8000FFFFFFFFFFFFFFFFFFFFFFFFFFFFFFFF23
:105D9000FFFFFFFFFFFFFFFFFFFFFFFFFFFFFFFF13
:105DA000FFFFFFFFFFFFFFFFFFFFFFFFFFFFFFFF03
:105DB000FFFFFFFFFFFFFFFFFFFFFFFFFFFFFFFFF3
:105DC000FFFFFFFFFFFFFFFFFFFFFFFFFFFFFFFFE3
:105DD000FFFFFFFFFFFFFFFFFFFFFFFFFFFFFFFFD3
:105DE000FFFFFFFFFFFFFFFFFFFFFFFFFFFFFFFFC3
:105DF000FFFFFFFFFFFFFFFFFFFFFFFFFFFFFFFFB3
:105E0000FFFFFFFFFFFFFFFFFFFFFFFFFFFFFFFFA2
:105E1000FFFFFFFFFFFFFFFFFFFFFFFFFFFFFFFF92
:105E2000FFFFFFFFFFFFFFFFFFFFFFFFFFFFFFFF82
:105E3000FFFFFFFFFFFFFFFFFFFFFFFFFFFFFFFF72
:105E4000FFFFFFFFFFFFFFFFFFFFFFFFFFFFFFFF62
:105E5000FFFFFFFFFFFFFFFFFFFFFFFFFFFFFFFF52
:105E6000FFFFFFFFFFFFFFFFFFFFFFFFFFFFFFFF42
:105E7000FFFFFFFFFFFFFFFFFFFFFFFFFFFFFFFF32
:105E8000FFFFFFFFFFFFFFFFFFFFFFFFFFFFFFFF22
:105E9000FFFFFFFFFFFFFFFFFFFFFFFFFFFFFFFF12
:105EA000FFFFFFFFFFFFFFFFFFFFFFFFFFFFFFFF02
:105EB000FFFFFFFFFFFFFFFFFFFFFFFFFFFFFFFFF2
:105EC000FFFFFFFFFFFFFFFFFFFFFFFFFFFFFFFFE2
:105ED000FFFFFFFFFFFFFFFFFFFFFFFFFFFFFFFFD2
:105EE000FFFFFFFFFFFFFFFFFFFFFFFFFFFFFFFFC2
:105EF000FFFFFFFFFFFFFFFFFFFFFFFFFFFFFFFFB2
:105F0000FFFFFFFFFFFFFFFFFFFFFFFFFFFFFFFFA1
:105F1000FFFFFFFFFFFFFFFFFFFFFFFFFFFFFFFF91
:105F2000FFFFFFFFFFFFFFFFFFFFFFFFFFFFFFFF81
:105F3000FFFFFFFFFFFFFFFFFFFFFFFFFFFFFFFF71
:105F4000FFFFFFFFFFFFFFFFFFFFFFFFFFFFFFFF61
:105F5000FFFFFFFFFFFFFFFFFFFFFFFFFFFFFFFF51
:105F6000FFFFFFFFFFFFFFFFFFFFFFFFFFFFFFFF41
:105F7000FFFFFFFFFFFFFFFFFFFFFFFFFFFFFFFF31
:105F8000FFFFFFFFFFFFFFFFFFFFFFFFFFFFFFFF21
:105F9000FFFFFFFFFFFFFFFFFFFFFFFFFFFFFFFF11
:105FA000FFFFFFFFFFFFFFFFFFFFFFFFFFFFFFFF01
:105FB000FFFFFFFFFFFFFFFFFFFFFFFFFFFFFFFFF1
:105FC000FFFFFFFFFFFFFFFFFFFFFFFFFFFFFFFFE1
:105FD000FFFFFFFFFFFFFFFFFFFFFFFFFFFFFFFFD1
:105FE000FFFFFFFFFFFFFFFFFFFFFFFFFFFFFFFFC1
:105FF000FFFFFFFFFFFFFFFFFFFFFFFFFFFFFFFFB1
:10600000FFFFFFFFFFFFFFFFFFFFFFFFFFFFFFFFA0
:10601000FFFFFFFFFFFFFFFFFFFFFFFFFFFFFFFF90
:10602000FFFFFFFFFFFFFFFFFFFFFFFFFFFFFFFF80
:10603000FFFFFFFFFFFFFFFFFFFFFFFFFFFFFFFF70
:10604000FFFFFFFFFFFFFFFFFFFFFFFFFFFFFFFF60
:10605000FFFFFFFFFFFFFFFFFFFFFFFFFFFFFFFF50
:10606000FFFFFFFFFFFFFFFFFFFFFFFFFFFFFFFF40
:10607000FFFFFFFFFFFFFFFFFFFFFFFFFFFFFFFF30
:10608000FFFFFFFFFFFFFFFFFFFFFFFFFFFFFFFF20
:10609000FFFFFFFFFFFFFFFFFFFFFFFFFFFFFFFF10
:1060A000FFFFFFFFFFFFFFFFFFFFFFFFFFFFFFFF00
:1060B000FFFFFFFFFFFFFFFFFFFFFFFFFFFFFFFFF0
:1060C000FFFFFFFFFFFFFFFFFFFFFFFFFFFFFFFFE0
:1060D000FFFFFFFFFFFFFFFFFFFFFFFFFFFFFFFFD0
:1060E000FFFFFFFFFFFFFFFFFFFFFFFFFFFFFFFFC0
:1060F000FFFFFFFFFFFFFFFFFFFFFFFFFFFFFFFFB0
:10610000FFFFFFFFFFFFFFFFFFFFFFFFFFFFFFFF9F
:10611000FFFFFFFFFFFFFFFFFFFFFFFFFFFFFFFF8F
:10612000FFFFFFFFFFFFFFFFFFFFFFFFFFFFFFFF7F
:10613000FFFFFFFFFFFFFFFFFFFFFFFFFFFFFFFF6F
:10614000FFFFFFFFFFFFFFFFFFFFFFFFFFFFFFFF5F
:10615000FFFFFFFFFFFFFFFFFFFFFFFFFFFFFFFF4F
:10616000FFFFFFFFFFFFFFFFFFFFFFFFFFFFFFFF3F
:10617000FFFFFFFFFFFFFFFFFFFFFFFFFFFFFFFF2F
:10618000FFFFFFFFFFFFFFFFFFFFFFFFFFFFFFFF1F
:10619000FFFFFFFFFFFFFFFFFFFFFFFFFFFFFFFF0F
:1061A000FFFFFFFFFFFFFFFFFFFFFFFFFFFFFFFFFF
:1061B000FFFFFFFFFFFFFFFFFFFFFFFFFFFFFFFFEF
:1061C000FFFFFFFFFFFFFFFFFFFFFFFFFFFFFFFFDF
:1061D000FFFFFFFFFFFFFFFFFFFFFFFFFFFFFFFFCF
:1061E000FFFFFFFFFFFFFFFFFFFFFFFFFFFFFFFFBF
:1061F000FFFFFFFFFFFFFFFFFFFFFFFFFFFFFFFFAF
:10620000FFFFFFFFFFFFFFFFFFFFFFFFFFFFFFFF9E
:10621000FFFFFFFFFFFFFFFFFFFFFFFFFFFFFFFF8E
:10622000FFFFFFFFFFFFFFFFFFFFFFFFFFFFFFFF7E
:10623000FFFFFFFFFFFFFFFFFFFFFFFFFFFFFFFF6E
:10624000FFFFFFFFFFFFFFFFFFFFFFFFFFFFFFFF5E
:10625000FFFFFFFFFFFFFFFFFFFFFFFFFFFFFFFF4E
:10626000FFFFFFFFFFFFFFFFFFFFFFFFFFFFFFFF3E
:10627000FFFFFFFFFFFFFFFFFFFFFFFFFFFFFFFF2E
:10628000FFFFFFFFFFFFFFFFFFFFFFFFFFFFFFFF1E
:10629000FFFFFFFFFFFFFFFFFFFFFFFFFFFFFFFF0E
:1062A000FFFFFFFFFFFFFFFFFFFFFFFFFFFFFFFFFE
:1062B000FFFFFFFFFFFFFFFFFFFFFFFFFFFFFFFFEE
:1062C000FFFFFFFFFFFFFFFFFFFFFFFFFFFFFFFFDE
:1062D000FFFFFFFFFFFFFFFFFFFFFFFFFFFFFFFFCE
:1062E000FFFFFFFFFFFFFFFFFFFFFFFFFFFFFFFFBE
:1062F000FFFFFFFFFFFFFFFFFFFFFFFFFFFFFFFFAE
:10630000FFFFFFFFFFFFFFFFFFFFFFFFFFFFFFFF9D
:10631000FFFFFFFFFFFFFFFFFFFFFFFFFFFFFFFF8D
:10632000FFFFFFFFFFFFFFFFFFFFFFFFFFFFFFFF7D
:10633000FFFFFFFFFFFFFFFFFFFFFFFFFFFFFFFF6D
:10634000FFFFFFFFFFFFFFFFFFFFFFFFFFFFFFFF5D
:10635000FFFFFFFFFFFFFFFFFFFFFFFFFFFFFFFF4D
:10636000FFFFFFFFFFFFFFFFFFFFFFFFFFFFFFFF3D
:10637000FFFFFFFFFFFFFFFFFFFFFFFFFFFFFFFF2D
:10638000FFFFFFFFFFFFFFFFFFFFFFFFFFFFFFFF1D
:10639000FFFFFFFFFFFFFFFFFFFFFFFFFFFFFFFF0D
:1063A000FFFFFFFFFFFFFFFFFFFFFFFFFFFFFFFFFD
:1063B000FFFFFFFFFFFFFFFFFFFFFFFFFFFFFFFFED
:1063C000FFFFFFFFFFFFFFFFFFFFFFFFFFFFFFFFDD
:1063D000FFFFFFFFFFFFFFFFFFFFFFFFFFFFFFFFCD
:1063E000FFFFFFFFFFFFFFFFFFFFFFFFFFFFFFFFBD
:1063F000FFFFFFFFFFFFFFFFFFFFFFFFFFFFFFFFAD
:10640000FFFFFFFFFFFFFFFFFFFFFFFFFFFFFFFF9C
:10641000FFFFFFFFFFFFFFFFFFFFFFFFFFFFFFFF8C
:10642000FFFFFFFFFFFFFFFFFFFFFFFFFFFFFFFF7C
:10643000FFFFFFFFFFFFFFFFFFFFFFFFFFFFFFFF6C
:10644000FFFFFFFFFFFFFFFFFFFFFFFFFFFFFFFF5C
:10645000FFFFFFFFFFFFFFFFFFFFFFFFFFFFFFFF4C
:10646000FFFFFFFFFFFFFFFFFFFFFFFFFFFFFFFF3C
:10647000FFFFFFFFFFFFFFFFFFFFFFFFFFFFFFFF2C
:10648000FFFFFFFFFFFFFFFFFFFFFFFFFFFFFFFF1C
:10649000FFFFFFFFFFFFFFFFFFFFFFFFFFFFFFFF0C
:1064A000FFFFFFFFFFFFFFFFFFFFFFFFFFFFFFFFFC
:1064B000FFFFFFFFFFFFFFFFFFFFFFFFFFFFFFFFEC
:1064C000FFFFFFFFFFFFFFFFFFFFFFFFFFFFFFFFDC
:1064D000FFFFFFFFFFFFFFFFFFFFFFFFFFFFFFFFCC
:1064E000FFFFFFFFFFFFFFFFFFFFFFFFFFFFFFFFBC
:1064F000FFFFFFFFFFFFFFFFFFFFFFFFFFFFFFFFAC
:10650000FFFFFFFFFFFFFFFFFFFFFFFFFFFFFFFF9B
:10651000FFFFFFFFFFFFFFFFFFFFFFFFFFFFFFFF8B
:10652000FFFFFFFFFFFFFFFFFFFFFFFFFFFFFFFF7B
:10653000FFFFFFFFFFFFFFFFFFFFFFFFFFFFFFFF6B
:10654000FFFFFFFFFFFFFFFFFFFFFFFFFFFFFFFF5B
:10655000FFFFFFFFFFFFFFFFFFFFFFFFFFFFFFFF4B
:10656000FFFFFFFFFFFFFFFFFFFFFFFFFFFFFFFF3B
:10657000FFFFFFFFFFFFFFFFFFFFFFFFFFFFFFFF2B
:10658000FFFFFFFFFFFFFFFFFFFFFFFFFFFFFFFF1B
:10659000FFFFFFFFFFFFFFFFFFFFFFFFFFFFFFFF0B
:1065A000FFFFFFFFFFFFFFFFFFFFFFFFFFFFFFFFFB
:1065B000FFFFFFFFFFFFFFFFFFFFFFFFFFFFFFFFEB
:1065C000FFFFFFFFFFFFFFFFFFFFFFFFFFFFFFFFDB
:1065D000FFFFFFFFFFFFFFFFFFFFFFFFFFFFFFFFCB
:1065E000FFFFFFFFFFFFFFFFFFFFFFFFFFFFFFFFBB
:1065F000FFFFFFFFFFFFFFFFFFFFFFFFFFFFFFFFAB
:10660000FFFFFFFFFFFFFFFFFFFFFFFFFFFFFFFF9A
:10661000FFFFFFFFFFFFFFFFFFFFFFFFFFFFFFFF8A
:10662000FFFFFFFFFFFFFFFFFFFFFFFFFFFFFFFF7A
:10663000FFFFFFFFFFFFFFFFFFFFFFFFFFFFFFFF6A
:10664000FFFFFFFFFFFFFFFFFFFFFFFFFFFFFFFF5A
:10665000FFFFFFFFFFFFFFFFFFFFFFFFFFFFFFFF4A
:10666000FFFFFFFFFFFFFFFFFFFFFFFFFFFFFFFF3A
:10667000FFFFFFFFFFFFFFFFFFFFFFFFFFFFFFFF2A
:10668000FFFFFFFFFFFFFFFFFFFFFFFFFFFFFFFF1A
:10669000FFFFFFFFFFFFFFFFFFFFFFFFFFFFFFFF0A
:1066A000FFFFFFFFFFFFFFFFFFFFFFFFFFFFFFFFFA
:1066B000FFFFFFFFFFFFFFFFFFFFFFFFFFFFFFFFEA
:1066C000FFFFFFFFFFFFFFFFFFFFFFFFFFFFFFFFDA
:1066D000FFFFFFFFFFFFFFFFFFFFFFFFFFFFFFFFCA
:1066E000FFFFFFFFFFFFFFFFFFFFFFFFFFFFFFFFBA
:1066F000FFFFFFFFFFFFFFFFFFFFFFFFFFFFFFFFAA
:10670000FFFFFFFFFFFFFFFFFFFFFFFFFFFFFFFF99
:10671000FFFFFFFFFFFFFFFFFFFFFFFFFFFFFFFF89
:10672000FFFFFFFFFFFFFFFFFFFFFFFFFFFFFFFF79
:10673000FFFFFFFFFFFFFFFFFFFFFFFFFFFFFFFF69
:10674000FFFFFFFFFFFFFFFFFFFFFFFFFFFFFFFF59
:10675000FFFFFFFFFFFFFFFFFFFFFFFFFFFFFFFF49
:10676000FFFFFFFFFFFFFFFFFFFFFFFFFFFFFFFF39
:10677000FFFFFFFFFFFFFFFFFFFFFFFFFFFFFFFF29
:10678000FFFFFFFFFFFFFFFFFFFFFFFFFFFFFFFF19
:10679000FFFFFFFFFFFFFFFFFFFFFFFFFFFFFFFF09
:1067A000FFFFFFFFFFFFFFFFFFFFFFFFFFFFFFFFF9
:1067B000FFFFFFFFFFFFFFFFFFFFFFFFFFFFFFFFE9
:1067C000FFFFFFFFFFFFFFFFFFFFFFFFFFFFFFFFD9
:1067D000FFFFFFFFFFFFFFFFFFFFFFFFFFFFFFFFC9
:1067E000FFFFFFFFFFFFFFFFFFFFFFFFFFFFFFFFB9
:1067F000FFFFFFFFFFFFFFFFFFFFFFFFFFFFFFFFA9
:10680000FFFFFFFFFFFFFFFFFFFFFFFFFFFFFFFF98
:10681000FFFFFFFFFFFFFFFFFFFFFFFFFFFFFFFF88
:10682000FFFFFFFFFFFFFFFFFFFFFFFFFFFFFFFF78
:10683000FFFFFFFFFFFFFFFFFFFFFFFFFFFFFFFF68
:10684000FFFFFFFFFFFFFFFFFFFFFFFFFFFFFFFF58
:10685000FFFFFFFFFFFFFFFFFFFFFFFFFFFFFFFF48
:10686000FFFFFFFFFFFFFFFFFFFFFFFFFFFFFFFF38
:10687000FFFFFFFFFFFFFFFFFFFFFFFFFFFFFFFF28
:10688000FFFFFFFFFFFFFFFFFFFFFFFFFFFFFFFF18
:10689000FFFFFFFFFFFFFFFFFFFFFFFFFFFFFFFF08
:1068A000FFFFFFFFFFFFFFFFFFFFFFFFFFFFFFFFF8
:1068B000FFFFFFFFFFFFFFFFFFFFFFFFFFFFFFFFE8
:1068C000FFFFFFFFFFFFFFFFFFFFFFFFFFFFFFFFD8
:1068D000FFFFFFFFFFFFFFFFFFFFFFFFFFFFFFFFC8
:1068E000FFFFFFFFFFFFFFFFFFFFFFFFFFFFFFFFB8
:1068F000FFFFFFFFFFFFFFFFFFFFFFFFFFFFFFFFA8
:10690000FFFFFFFFFFFFFFFFFFFFFFFFFFFFFFFF97
:10691000FFFFFFFFFFFFFFFFFFFFFFFFFFFFFFFF87
:10692000FFFFFFFFFFFFFFFFFFFFFFFFFFFFFFFF77
:10693000FFFFFFFFFFFFFFFFFFFFFFFFFFFFFFFF67
:10694000FFFFFFFFFFFFFFFFFFFFFFFFFFFFFFFF57
:10695000FFFFFFFFFFFFFFFFFFFFFFFFFFFFFFFF47
:10696000FFFFFFFFFFFFFFFFFFFFFFFFFFFFFFFF37
:10697000FFFFFFFFFFFFFFFFFFFFFFFFFFFFFFFF27
:10698000FFFFFFFFFFFFFFFFFFFFFFFFFFFFFFFF17
:10699000FFFFFFFFFFFFFFFFFFFFFFFFFFFFFFFF07
:1069A000FFFFFFFFFFFFFFFFFFFFFFFFFFFFFFFFF7
:1069B000FFFFFFFFFFFFFFFFFFFFFFFFFFFFFFFFE7
:1069C000FFFFFFFFFFFFFFFFFFFFFFFFFFFFFFFFD7
:1069D000FFFFFFFFFFFFFFFFFFFFFFFFFFFFFFFFC7
:1069E000FFFFFFFFFFFFFFFFFFFFFFFFFFFFFFFFB7
:1069F000FFFFFFFFFFFFFFFFFFFFFFFFFFFFFFFFA7
:106A0000FFFFFFFFFFFFFFFFFFFFFFFFFFFFFFFF96
:106A1000FFFFFFFFFFFFFFFFFFFFFFFFFFFFFFFF86
:106A2000FFFFFFFFFFFFFFFFFFFFFFFFFFFFFFFF76
:106A3000FFFFFFFFFFFFFFFFFFFFFFFFFFFFFFFF66
:106A4000FFFFFFFFFFFFFFFFFFFFFFFFFFFFFFFF56
:106A5000FFFFFFFFFFFFFFFFFFFFFFFFFFFFFFFF46
:106A6000FFFFFFFFFFFFFFFFFFFFFFFFFFFFFFFF36
:106A7000FFFFFFFFFFFFFFFFFFFFFFFFFFFFFFFF26
:106A8000FFFFFFFFFFFFFFFFFFFFFFFFFFFFFFFF16
:106A9000FFFFFFFFFFFFFFFFFFFFFFFFFFFFFFFF06
:106AA000FFFFFFFFFFFFFFFFFFFFFFFFFFFFFFFFF6
:106AB000FFFFFFFFFFFFFFFFFFFFFFFFFFFFFFFFE6
:106AC000FFFFFFFFFFFFFFFFFFFFFFFFFFFFFFFFD6
:106AD000FFFFFFFFFFFFFFFFFFFFFFFFFFFFFFFFC6
:106AE000FFFFFFFFFFFFFFFFFFFFFFFFFFFFFFFFB6
:106AF000FFFFFFFFFFFFFFFFFFFFFFFFFFFFFFFFA6
:106B0000FFFFFFFFFFFFFFFFFFFFFFFFFFFFFFFF95
:106B1000FFFFFFFFFFFFFFFFFFFFFFFFFFFFFFFF85
:106B2000FFFFFFFFFFFFFFFFFFFFFFFFFFFFFFFF75
:106B3000FFFFFFFFFFFFFFFFFFFFFFFFFFFFFFFF65
:106B4000FFFFFFFFFFFFFFFFFFFFFFFFFFFFFFFF55
:106B5000FFFFFFFFFFFFFFFFFFFFFFFFFFFFFFFF45
:106B6000FFFFFFFFFFFFFFFFFFFFFFFFFFFFFFFF35
:106B7000FFFFFFFFFFFFFFFFFFFFFFFFFFFFFFFF25
:106B8000FFFFFFFFFFFFFFFFFFFFFFFFFFFFFFFF15
:106B9000FFFFFFFFFFFFFFFFFFFFFFFFFFFFFFFF05
:106BA000FFFFFFFFFFFFFFFFFFFFFFFFFFFFFFFFF5
:106BB000FFFFFFFFFFFFFFFFFFFFFFFFFFFFFFFFE5
:106BC000FFFFFFFFFFFFFFFFFFFFFFFFFFFFFFFFD5
:106BD000FFFFFFFFFFFFFFFFFFFFFFFFFFFFFFFFC5
:106BE000FFFFFFFFFFFFFFFFFFFFFFFFFFFFFFFFB5
:106BF000FFFFFFFFFFFFFFFFFFFFFFFFFFFFFFFFA5
:106C0000FFFFFFFFFFFFFFFFFFFFFFFFFFFFFFFF94
:106C1000FFFFFFFFFFFFFFFFFFFFFFFFFFFFFFFF84
:106C2000FFFFFFFFFFFFFFFFFFFFFFFFFFFFFFFF74
:106C3000FFFFFFFFFFFFFFFFFFFFFFFFFFFFFFFF64
:106C4000FFFFFFFFFFFFFFFFFFFFFFFFFFFFFFFF54
:106C5000FFFFFFFFFFFFFFFFFFFFFFFFFFFFFFFF44
:106C6000FFFFFFFFFFFFFFFFFFFFFFFFFFFFFFFF34
:106C7000FFFFFFFFFFFFFFFFFFFFFFFFFFFFFFFF24
:106C8000FFFFFFFFFFFFFFFFFFFFFFFFFFFFFFFF14
:106C9000FFFFFFFFFFFFFFFFFFFFFFFFFFFFFFFF04
:106CA000FFFFFFFFFFFFFFFFFFFFFFFFFFFFFFFFF4
:106CB000FFFFFFFFFFFFFFFFFFFFFFFFFFFFFFFFE4
:106CC000FFFFFFFFFFFFFFFFFFFFFFFFFFFFFFFFD4
:106CD000FFFFFFFFFFFFFFFFFFFFFFFFFFFFFFFFC4
:106CE000FFFFFFFFFFFFFFFFFFFFFFFFFFFFFFFFB4
:106CF000FFFFFFFFFFFFFFFFFFFFFFFFFFFFFFFFA4
:106D0000FFFFFFFFFFFFFFFFFFFFFFFFFFFFFFFF93
:106D1000FFFFFFFFFFFFFFFFFFFFFFFFFFFFFFFF83
:106D2000FFFFFFFFFFFFFFFFFFFFFFFFFFFFFFFF73
:106D3000FFFFFFFFFFFFFFFFFFFFFFFFFFFFFFFF63
:106D4000FFFFFFFFFFFFFFFFFFFFFFFFFFFFFFFF53
:106D5000FFFFFFFFFFFFFFFFFFFFFFFFFFFFFFFF43
:106D6000FFFFFFFFFFFFFFFFFFFFFFFFFFFFFFFF33
:106D7000FFFFFFFFFFFFFFFFFFFFFFFFFFFFFFFF23
:106D8000FFFFFFFFFFFFFFFFFFFFFFFFFFFFFFFF13
:106D9000FFFFFFFFFFFFFFFFFFFFFFFFFFFFFFFF03
:106DA000FFFFFFFFFFFFFFFFFFFFFFFFFFFFFFFFF3
:106DB000FFFFFFFFFFFFFFFFFFFFFFFFFFFFFFFFE3
:106DC000FFFFFFFFFFFFFFFFFFFFFFFFFFFFFFFFD3
:106DD000FFFFFFFFFFFFFFFFFFFFFFFFFFFFFFFFC3
:106DE000FFFFFFFFFFFFFFFFFFFFFFFFFFFFFFFFB3
:106DF000FFFFFFFFFFFFFFFFFFFFFFFFFFFFFFFFA3
:106E0000FFFFFFFFFFFFFFFFFFFFFFFFFFFFFFFF92
:106E1000FFFFFFFFFFFFFFFFFFFFFFFFFFFFFFFF82
:106E2000FFFFFFFFFFFFFFFFFFFFFFFFFFFFFFFF72
:106E3000FFFFFFFFFFFFFFFFFFFFFFFFFFFFFFFF62
:106E4000FFFFFFFFFFFFFFFFFFFFFFFFFFFFFFFF52
:106E5000FFFFFFFFFFFFFFFFFFFFFFFFFFFFFFFF42
:106E6000FFFFFFFFFFFFFFFFFFFFFFFFFFFFFFFF32
:106E7000FFFFFFFFFFFFFFFFFFFFFFFFFFFFFFFF22
:106E8000FFFFFFFFFFFFFFFFFFFFFFFFFFFFFFFF12
:106E9000FFFFFFFFFFFFFFFFFFFFFFFFFFFFFFFF02
:106EA000FFFFFFFFFFFFFFFFFFFFFFFFFFFFFFFFF2
:106EB000FFFFFFFFFFFFFFFFFFFFFFFFFFFFFFFFE2
:106EC000FFFFFFFFFFFFFFFFFFFFFFFFFFFFFFFFD2
:106ED000FFFFFFFFFFFFFFFFFFFFFFFFFFFFFFFFC2
:106EE000FFFFFFFFFFFFFFFFFFFFFFFFFFFFFFFFB2
:106EF000FFFFFFFFFFFFFFFFFFFFFFFFFFFFFFFFA2
:106F0000FFFFFFFFFFFFFFFFFFFFFFFFFFFFFFFF91
:106F1000FFFFFFFFFFFFFFFFFFFFFFFFFFFFFFFF81
:106F2000FFFFFFFFFFFFFFFFFFFFFFFFFFFFFFFF71
:106F3000FFFFFFFFFFFFFFFFFFFFFFFFFFFFFFFF61
:106F4000FFFFFFFFFFFFFFFFFFFFFFFFFFFFFFFF51
:106F5000FFFFFFFFFFFFFFFFFFFFFFFFFFFFFFFF41
:106F6000FFFFFFFFFFFFFFFFFFFFFFFFFFFFFFFF31
:106F7000FFFFFFFFFFFFFFFFFFFFFFFFFFFFFFFF21
:106F8000FFFFFFFFFFFFFFFFFFFFFFFFFFFFFFFF11
:106F9000FFFFFFFFFFFFFFFFFFFFFFFFFFFFFFFF01
:106FA000FFFFFFFFFFFFFFFFFFFFFFFFFFFFFFFFF1
:106FB000FFFFFFFFFFFFFFFFFFFFFFFFFFFFFFFFE1
:106FC000FFFFFFFFFFFFFFFFFFFFFFFFFFFFFFFFD1
:106FD000FFFFFFFFFFFFFFFFFFFFFFFFFFFFFFFFC1
:106FE000FFFFFFFFFFFFFFFFFFFFFFFFFFFFFFFFB1
:106FF000FFFFFFFFFFFFFFFFFFFFFFFFFFFFFFFFA1
:10700000FFFFFFFFFFFFFFFFFFFFFFFFFFFFFFFF90
:10701000FFFFFFFFFFFFFFFFFFFFFFFFFFFFFFFF80
:10702000FFFFFFFFFFFFFFFFFFFFFFFFFFFFFFFF70
:10703000FFFFFFFFFFFFFFFFFFFFFFFFFFFFFFFF60
:10704000FFFFFFFFFFFFFFFFFFFFFFFFFFFFFFFF50
:10705000FFFFFFFFFFFFFFFFFFFFFFFFFFFFFFFF40
:10706000FFFFFFFFFFFFFFFFFFFFFFFFFFFFFFFF30
:10707000FFFFFFFFFFFFFFFFFFFFFFFFFFFFFFFF20
:10708000FFFFFFFFFFFFFFFFFFFFFFFFFFFFFFFF10
:10709000FFFFFFFFFFFFFFFFFFFFFFFFFFFFFFFF00
:1070A000FFFFFFFFFFFFFFFFFFFFFFFFFFFFFFFFF0
:1070B000FFFFFFFFFFFFFFFFFFFFFFFFFFFFFFFFE0
:1070C000FFFFFFFFFFFFFFFFFFFFFFFFFFFFFFFFD0
:1070D000FFFFFFFFFFFFFFFFFFFFFFFFFFFFFFFFC0
:1070E000FFFFFFFFFFFFFFFFFFFFFFFFFFFFFFFFB0
:1070F000FFFFFFFFFFFFFFFFFFFFFFFFFFFFFFFFA0
:10710000FFFFFFFFFFFFFFFFFFFFFFFFFFFFFFFF8F
:10711000FFFFFFFFFFFFFFFFFFFFFFFFFFFFFFFF7F
:10712000FFFFFFFFFFFFFFFFFFFFFFFFFFFFFFFF6F
:10713000FFFFFFFFFFFFFFFFFFFFFFFFFFFFFFFF5F
:10714000FFFFFFFFFFFFFFFFFFFFFFFFFFFFFFFF4F
:10715000FFFFFFFFFFFFFFFFFFFFFFFFFFFFFFFF3F
:10716000FFFFFFFFFFFFFFFFFFFFFFFFFFFFFFFF2F
:10717000FFFFFFFFFFFFFFFFFFFFFFFFFFFFFFFF1F
:10718000FFFFFFFFFFFFFFFFFFFFFFFFFFFFFFFF0F
:10719000FFFFFFFFFFFFFFFFFFFFFFFFFFFFFFFFFF
:1071A000FFFFFFFFFFFFFFFFFFFFFFFFFFFFFFFFEF
:1071B000FFFFFFFFFFFFFFFFFFFFFFFFFFFFFFFFDF
:1071C000FFFFFFFFFFFFFFFFFFFFFFFFFFFFFFFFCF
:1071D000FFFFFFFFFFFFFFFFFFFFFFFFFFFFFFFFBF
:1071E000FFFFFFFFFFFFFFFFFFFFFFFFFFFFFFFFAF
:1071F000FFFFFFFFFFFFFFFFFFFFFFFFFFFFFFFF9F
:10720000FFFFFFFFFFFFFFFFFFFFFFFFFFFFFFFF8E
:10721000FFFFFFFFFFFFFFFFFFFFFFFFFFFFFFFF7E
:10722000FFFFFFFFFFFFFFFFFFFFFFFFFFFFFFFF6E
:10723000FFFFFFFFFFFFFFFFFFFFFFFFFFFFFFFF5E
:10724000FFFFFFFFFFFFFFFFFFFFFFFFFFFFFFFF4E
:10725000FFFFFFFFFFFFFFFFFFFFFFFFFFFFFFFF3E
:10726000FFFFFFFFFFFFFFFFFFFFFFFFFFFFFFFF2E
:10727000FFFFFFFFFFFFFFFFFFFFFFFFFFFFFFFF1E
:10728000FFFFFFFFFFFFFFFFFFFFFFFFFFFFFFFF0E
:10729000FFFFFFFFFFFFFFFFFFFFFFFFFFFFFFFFFE
:1072A000FFFFFFFFFFFFFFFFFFFFFFFFFFFFFFFFEE
:1072B000FFFFFFFFFFFFFFFFFFFFFFFFFFFFFFFFDE
:1072C000FFFFFFFFFFFFFFFFFFFFFFFFFFFFFFFFCE
:1072D000FFFFFFFFFFFFFFFFFFFFFFFFFFFFFFFFBE
:1072E000FFFFFFFFFFFFFFFFFFFFFFFFFFFFFFFFAE
:1072F000FFFFFFFFFFFFFFFFFFFFFFFFFFFFFFFF9E
:10730000FFFFFFFFFFFFFFFFFFFFFFFFFFFFFFFF8D
:10731000FFFFFFFFFFFFFFFFFFFFFFFFFFFFFFFF7D
:10732000FFFFFFFFFFFFFFFFFFFFFFFFFFFFFFFF6D
:10733000FFFFFFFFFFFFFFFFFFFFFFFFFFFFFFFF5D
:10734000FFFFFFFFFFFFFFFFFFFFFFFFFFFFFFFF4D
:10735000FFFFFFFFFFFFFFFFFFFFFFFFFFFFFFFF3D
:10736000FFFFFFFFFFFFFFFFFFFFFFFFFFFFFFFF2D
:10737000FFFFFFFFFFFFFFFFFFFFFFFFFFFFFFFF1D
:10738000FFFFFFFFFFFFFFFFFFFFFFFFFFFFFFFF0D
:10739000FFFFFFFFFFFFFFFFFFFFFFFFFFFFFFFFFD
:1073A000FFFFFFFFFFFFFFFFFFFFFFFFFFFFFFFFED
:1073B000FFFFFFFFFFFFFFFFFFFFFFFFFFFFFFFFDD
:1073C000FFFFFFFFFFFFFFFFFFFFFFFFFFFFFFFFCD
:1073D000FFFFFFFFFFFFFFFFFFFFFFFFFFFFFFFFBD
:1073E000FFFFFFFFFFFFFFFFFFFFFFFFFFFFFFFFAD
:1073F000FFFFFFFFFFFFFFFFFFFFFFFFFFFFFFFF9D
:10740000FFFFFFFFFFFFFFFFFFFFFFFFFFFFFFFF8C
:10741000FFFFFFFFFFFFFFFFFFFFFFFFFFFFFFFF7C
:10742000FFFFFFFFFFFFFFFFFFFFFFFFFFFFFFFF6C
:10743000FFFFFFFFFFFFFFFFFFFFFFFFFFFFFFFF5C
:10744000FFFFFFFFFFFFFFFFFFFFFFFFFFFFFFFF4C
:10745000FFFFFFFFFFFFFFFFFFFFFFFFFFFFFFFF3C
:10746000FFFFFFFFFFFFFFFFFFFFFFFFFFFFFFFF2C
:10747000FFFFFFFFFFFFFFFFFFFFFFFFFFFFFFFF1C
:10748000FFFFFFFFFFFFFFFFFFFFFFFFFFFFFFFF0C
:10749000FFFFFFFFFFFFFFFFFFFFFFFFFFFFFFFFFC
:1074A000FFFFFFFFFFFFFFFFFFFFFFFFFFFFFFFFEC
:1074B000FFFFFFFFFFFFFFFFFFFFFFFFFFFFFFFFDC
:1074C000FFFFFFFFFFFFFFFFFFFFFFFFFFFFFFFFCC
:1074D000FFFFFFFFFFFFFFFFFFFFFFFFFFFFFFFFBC
:1074E000FFFFFFFFFFFFFFFFFFFFFFFFFFFFFFFFAC
:1074F000FFFFFFFFFFFFFFFFFFFFFFFFFFFFFFFF9C
:10750000FFFFFFFFFFFFFFFFFFFFFFFFFFFFFFFF8B
:10751000FFFFFFFFFFFFFFFFFFFFFFFFFFFFFFFF7B
:10752000FFFFFFFFFFFFFFFFFFFFFFFFFFFFFFFF6B
:10753000FFFFFFFFFFFFFFFFFFFFFFFFFFFFFFFF5B
:10754000FFFFFFFFFFFFFFFFFFFFFFFFFFFFFFFF4B
:10755000FFFFFFFFFFFFFFFFFFFFFFFFFFFFFFFF3B
:10756000FFFFFFFFFFFFFFFFFFFFFFFFFFFFFFFF2B
:10757000FFFFFFFFFFFFFFFFFFFFFFFFFFFFFFFF1B
:10758000FFFFFFFFFFFFFFFFFFFFFFFFFFFFFFFF0B
:10759000FFFFFFFFFFFFFFFFFFFFFFFFFFFFFFFFFB
:1075A000FFFFFFFFFFFFFFFFFFFFFFFFFFFFFFFFEB
:1075B000FFFFFFFFFFFFFFFFFFFFFFFFFFFFFFFFDB
:1075C000FFFFFFFFFFFFFFFFFFFFFFFFFFFFFFFFCB
:1075D000FFFFFFFFFFFFFFFFFFFFFFFFFFFFFFFFBB
:1075E000FFFFFFFFFFFFFFFFFFFFFFFFFFFFFFFFAB
:1075F000FFFFFFFFFFFFFFFFFFFFFFFFFFFFFFFF9B
:10760000FFFFFFFFFFFFFFFFFFFFFFFFFFFFFFFF8A
:10761000FFFFFFFFFFFFFFFFFFFFFFFFFFFFFFFF7A
:10762000FFFFFFFFFFFFFFFFFFFFFFFFFFFFFFFF6A
:10763000FFFFFFFFFFFFFFFFFFFFFFFFFFFFFFFF5A
:10764000FFFFFFFFFFFFFFFFFFFFFFFFFFFFFFFF4A
:10765000FFFFFFFFFFFFFFFFFFFFFFFFFFFFFFFF3A
:10766000FFFFFFFFFFFFFFFFFFFFFFFFFFFFFFFF2A
:10767000FFFFFFFFFFFFFFFFFFFFFFFFFFFFFFFF1A
:10768000FFFFFFFFFFFFFFFFFFFFFFFFFFFFFFFF0A
:10769000FFFFFFFFFFFFFFFFFFFFFFFFFFFFFFFFFA
:1076A000FFFFFFFFFFFFFFFFFFFFFFFFFFFFFFFFEA
:1076B000FFFFFFFFFFFFFFFFFFFFFFFFFFFFFFFFDA
:1076C000FFFFFFFFFFFFFFFFFFFFFFFFFFFFFFFFCA
:1076D000FFFFFFFFFFFFFFFFFFFFFFFFFFFFFFFFBA
:1076E000FFFFFFFFFFFFFFFFFFFFFFFFFFFFFFFFAA
:1076F000FFFFFFFFFFFFFFFFFFFFFFFFFFFFFFFF9A
:10770000FFFFFFFFFFFFFFFFFFFFFFFFFFFFFFFF89
:10771000FFFFFFFFFFFFFFFFFFFFFFFFFFFFFFFF79
:10772000FFFFFFFFFFFFFFFFFFFFFFFFFFFFFFFF69
:10773000FFFFFFFFFFFFFFFFFFFFFFFFFFFFFFFF59
:10774000FFFFFFFFFFFFFFFFFFFFFFFFFFFFFFFF49
:10775000FFFFFFFFFFFFFFFFFFFFFFFFFFFFFFFF39
:10776000FFFFFFFFFFFFFFFFFFFFFFFFFFFFFFFF29
:10777000FFFFFFFFFFFFFFFFFFFFFFFFFFFFFFFF19
:10778000FFFFFFFFFFFFFFFFFFFFFFFFFFFFFFFF09
:10779000FFFFFFFFFFFFFFFFFFFFFFFFFFFFFFFFF9
:1077A000FFFFFFFFFFFFFFFFFFFFFFFFFFFFFFFFE9
:1077B000FFFFFFFFFFFFFFFFFFFFFFFFFFFFFFFFD9
:1077C000FFFFFFFFFFFFFFFFFFFFFFFFFFFFFFFFC9
:1077D000FFFFFFFFFFFFFFFFFFFFFFFFFFFFFFFFB9
:1077E000FFFFFFFFFFFFFFFFFFFFFFFFFFFFFFFFA9
:1077F000FFFFFFFFFFFFFFFFFFFFFFFFFFFFFFFF99
:10780000FFFFFFFFFFFFFFFFFFFFFFFFFFFFFFFF88
:10781000FFFFFFFFFFFFFFFFFFFFFFFFFFFFFFFF78
:10782000FFFFFFFFFFFFFFFFFFFFFFFFFFFFFFFF68
:10783000FFFFFFFFFFFFFFFFFFFFFFFFFFFFFFFF58
:10784000FFFFFFFFFFFFFFFFFFFFFFFFFFFFFFFF48
:10785000FFFFFFFFFFFFFFFFFFFFFFFFFFFFFFFF38
:10786000FFFFFFFFFFFFFFFFFFFFFFFFFFFFFFFF28
:10787000FFFFFFFFFFFFFFFFFFFFFFFFFFFFFFFF18
:10788000FFFFFFFFFFFFFFFFFFFFFFFFFFFFFFFF08
:10789000FFFFFFFFFFFFFFFFFFFFFFFFFFFFFFFFF8
:1078A000FFFFFFFFFFFFFFFFFFFFFFFFFFFFFFFFE8
:1078B000FFFFFFFFFFFFFFFFFFFFFFFFFFFFFFFFD8
:1078C000FFFFFFFFFFFFFFFFFFFFFFFFFFFFFFFFC8
:1078D000FFFFFFFFFFFFFFFFFFFFFFFFFFFFFFFFB8
:1078E000FFFFFFFFFFFFFFFFFFFFFFFFFFFFFFFFA8
:1078F000FFFFFFFFFFFFFFFFFFFFFFFFFFFFFFFF98
:10790000FFFFFFFFFFFFFFFFFFFFFFFFFFFFFFFF87
:10791000FFFFFFFFFFFFFFFFFFFFFFFFFFFFFFFF77
:10792000FFFFFFFFFFFFFFFFFFFFFFFFFFFFFFFF67
:10793000FFFFFFFFFFFFFFFFFFFFFFFFFFFFFFFF57
:10794000FFFFFFFFFFFFFFFFFFFFFFFFFFFFFFFF47
:10795000FFFFFFFFFFFFFFFFFFFFFFFFFFFFFFFF37
:10796000FFFFFFFFFFFFFFFFFFFFFFFFFFFFFFFF27
:10797000FFFFFFFFFFFFFFFFFFFFFFFFFFFFFFFF17
:10798000FFFFFFFFFFFFFFFFFFFFFFFFFFFFFFFF07
:10799000FFFFFFFFFFFFFFFFFFFFFFFFFFFFFFFFF7
:1079A000FFFFFFFFFFFFFFFFFFFFFFFFFFFFFFFFE7
:1079B000FFFFFFFFFFFFFFFFFFFFFFFFFFFFFFFFD7
:1079C000FFFFFFFFFFFFFFFFFFFFFFFFFFFFFFFFC7
:1079D000FFFFFFFFFFFFFFFFFFFFFFFFFFFFFFFFB7
:1079E000FFFFFFFFFFFFFFFFFFFFFFFFFFFFFFFFA7
:1079F000FFFFFFFFFFFFFFFFFFFFFFFFFFFFFFFF97
:107A0000FFFFFFFFFFFFFFFFFFFFFFFFFFFFFFFF86
:107A1000FFFFFFFFFFFFFFFFFFFFFFFFFFFFFFFF76
:107A2000FFFFFFFFFFFFFFFFFFFFFFFFFFFFFFFF66
:107A3000FFFFFFFFFFFFFFFFFFFFFFFFFFFFFFFF56
:107A4000FFFFFFFFFFFFFFFFFFFFFFFFFFFFFFFF46
:107A5000FFFFFFFFFFFFFFFFFFFFFFFFFFFFFFFF36
:107A6000FFFFFFFFFFFFFFFFFFFFFFFFFFFFFFFF26
:107A7000FFFFFFFFFFFFFFFFFFFFFFFFFFFFFFFF16
:107A8000FFFFFFFFFFFFFFFFFFFFFFFFFFFFFFFF06
:107A9000FFFFFFFFFFFFFFFFFFFFFFFFFFFFFFFFF6
:107AA000FFFFFFFFFFFFFFFFFFFFFFFFFFFFFFFFE6
:107AB000FFFFFFFFFFFFFFFFFFFFFFFFFFFFFFFFD6
:107AC000FFFFFFFFFFFFFFFFFFFFFFFFFFFFFFFFC6
:107AD000FFFFFFFFFFFFFFFFFFFFFFFFFFFFFFFFB6
:107AE000FFFFFFFFFFFFFFFFFFFFFFFFFFFFFFFFA6
:107AF000FFFFFFFFFFFFFFFFFFFFFFFFFFFFFFFF96
:107B0000FFFFFFFFFFFFFFFFFFFFFFFFFFFFFFFF85
:107B1000FFFFFFFFFFFFFFFFFFFFFFFFFFFFFFFF75
:107B2000FFFFFFFFFFFFFFFFFFFFFFFFFFFFFFFF65
:107B3000FFFFFFFFFFFFFFFFFFFFFFFFFFFFFFFF55
:107B4000FFFFFFFFFFFFFFFFFFFFFFFFFFFFFFFF45
:107B5000FFFFFFFFFFFFFFFFFFFFFFFFFFFFFFFF35
:107B6000FFFFFFFFFFFFFFFFFFFFFFFFFFFFFFFF25
:107B7000FFFFFFFFFFFFFFFFFFFFFFFFFFFFFFFF15
:107B8000FFFFFFFFFFFFFFFFFFFFFFFFFFFFFFFF05
:107B9000FFFFFFFFFFFFFFFFFFFFFFFFFFFFFFFFF5
:107BA000FFFFFFFFFFFFFFFFFFFFFFFFFFFFFFFFE5
:107BB000FFFFFFFFFFFFFFFFFFFFFFFFFFFFFFFFD5
:107BC000FFFFFFFFFFFFFFFFFFFFFFFFFFFFFFFFC5
:107BD000FFFFFFFFFFFFFFFFFFFFFFFFFFFFFFFFB5
:107BE000FFFFFFFFFFFFFFFFFFFFFFFFFFFFFFFFA5
:107BF000FFFFFFFFFFFFFFFFFFFFFFFFFFFFFFFF95
:107C0000FFFFFFFFFFFFFFFFFFFFFFFFFFFFFFFF84
:107C1000FFFFFFFFFFFFFFFFFFFFFFFFFFFFFFFF74
:107C2000FFFFFFFFFFFFFFFFFFFFFFFFFFFFFFFF64
:107C3000FFFFFFFFFFFFFFFFFFFFFFFFFFFFFFFF54
:107C4000FFFFFFFFFFFFFFFFFFFFFFFFFFFFFFFF44
:107C5000FFFFFFFFFFFFFFFFFFFFFFFFFFFFFFFF34
:107C6000FFFFFFFFFFFFFFFFFFFFFFFFFFFFFFFF24
:107C7000FFFFFFFFFFFFFFFFFFFFFFFFFFFFFFFF14
:107C8000FFFFFFFFFFFFFFFFFFFFFFFFFFFFFFFF04
:107C9000FFFFFFFFFFFFFFFFFFFFFFFFFFFFFFFFF4
:107CA000FFFFFFFFFFFFFFFFFFFFFFFFFFFFFFFFE4
:107CB000FFFFFFFFFFFFFFFFFFFFFFFFFFFFFFFFD4
:107CC000FFFFFFFFFFFFFFFFFFFFFFFFFFFFFFFFC4
:107CD000FFFFFFFFFFFFFFFFFFFFFFFFFFFFFFFFB4
:107CE000FFFFFFFFFFFFFFFFFFFFFFFFFFFFFFFFA4
:107CF000FFFFFFFFFFFFFFFFFFFFFFFFFFFFFFFF94
:107D0000FFFFFFFFFFFFFFFFFFFFFFFFFFFFFFFF83
:107D1000FFFFFFFFFFFFFFFFFFFFFFFFFFFFFFFF73
:107D2000FFFFFFFFFFFFFFFFFFFFFFFFFFFFFFFF63
:107D3000FFFFFFFFFFFFFFFFFFFFFFFFFFFFFFFF53
:107D4000FFFFFFFFFFFFFFFFFFFFFFFFFFFFFFFF43
:107D5000FFFFFFFFFFFFFFFFFFFFFFFFFFFFFFFF33
:107D6000FFFFFFFFFFFFFFFFFFFFFFFFFFFFFFFF23
:107D7000FFFFFFFFFFFFFFFFFFFFFFFFFFFFFFFF13
:107D8000FFFFFFFFFFFFFFFFFFFFFFFFFFFFFFFF03
:107D9000FFFFFFFFFFFFFFFFFFFFFFFFFFFFFFFFF3
:107DA000FFFFFFFFFFFFFFFFFFFFFFFFFFFFFFFFE3
:107DB000FFFFFFFFFFFFFFFFFFFFFFFFFFFFFFFFD3
:107DC000FFFFFFFFFFFFFFFFFFFFFFFFFFFFFFFFC3
:107DD000FFFFFFFFFFFFFFFFFFFFFFFFFFFFFFFFB3
:107DE000FFFFFFFFFFFFFFFFFFFFFFFFFFFFFFFFA3
:107DF000FFFFFFFFFFFFFFFFFFFFFFFFFFFFFFFF93
:107E0000FFFFFFFFFFFFFFFFFFFFFFFFFFFFFFFF82
:107E1000FFFFFFFFFFFFFFFFFFFFFFFFFFFFFFFF72
:107E2000FFFFFFFFFFFFFFFFFFFFFFFFFFFFFFFF62
:107E3000FFFFFFFFFFFFFFFFFFFFFFFFFFFFFFFF52
:107E4000FFFFFFFFFFFFFFFFFFFFFFFFFFFFFFFF42
:107E5000FFFFFFFFFFFFFFFFFFFFFFFFFFFFFFFF32
:107E6000FFFFFFFFFFFFFFFFFFFFFFFFFFFFFFFF22
:107E7000FFFFFFFFFFFFFFFFFFFFFFFFFFFFFFFF12
:107E8000FFFFFFFFFFFFFFFFFFFFFFFFFFFFFFFF02
:107E9000FFFFFFFFFFFFFFFFFFFFFFFFFFFFFFFFF2
:107EA000FFFFFFFFFFFFFFFFFFFFFFFFFFFFFFFFE2
:107EB000FFFFFFFFFFFFFFFFFFFFFFFFFFFFFFFFD2
:107EC000FFFFFFFFFFFFFFFFFFFFFFFFFFFFFFFFC2
:107ED000FFFFFFFFFFFFFFFFFFFFFFFFFFFFFFFFB2
:107EE000FFFFFFFFFFFFFFFFFFFFFFFFFFFFFFFFA2
:107EF000FFFFFFFFFFFFFFFFFFFFFFFFFFFFFFFF92
:107F0000FFFFFFFFFFFFFFFFFFFFFFFFFFFFFFFF81
:107F1000FFFFFFFFFFFFFFFFFFFFFFFFFFFFFFFF71
:107F2000FFFFFFFFFFFFFFFFFFFFFFFFFFFFFFFF61
:107F3000FFFFFFFFFFFFFFFFFFFFFFFFFFFFFFFF51
:107F4000FFFFFFFFFFFFFFFFFFFFFFFFFFFFFFFF41
:107F5000FFFFFFFFFFFFFFFFFFFFFFFFFFFFFFFF31
:107F6000FFFFFFFFFFFFFFFFFFFFFFFFFFFFFFFF21
:107F7000FFFFFFFFFFFFFFFFFFFFFFFFFFFFFFFF11
:107F8000FFFFFFFFFFFFFFFFFFFFFFFFFFFFFFFF01
:107F9000FFFFFFFFFFFFFFFFFFFFFFFFFFFFFFFFF1
:107FA000FFFFFFFFFFFFFFFFFFFFFFFFFFFFFFFFE1
:107FB000FFFFFFFFFFFFFFFFFFFFFFFFFFFFFFFFD1
:107FC000FFFFFFFFFFFFFFFFFFFFFFFFFFFFFFFFC1
:107FD000FFFFFFFFFFFFFFFFFFFFFFFFFFFFFFFFB1
:107FE000FFFFFFFFFFFFFFFFFFFFFFFFFFFFFFFFA1
:107FF000FFFFFFFFFFFFFFFFFFFFFFFFFFFFFFFF91
:10800000FFFFFFFFFFFFFFFFFFFFFFFFFFFFFFFF80
:10801000FFFFFFFFFFFFFFFFFFFFFFFFFFFFFFFF70
:10802000FFFFFFFFFFFFFFFFFFFFFFFFFFFFFFFF60
:10803000FFFFFFFFFFFFFFFFFFFFFFFFFFFFFFFF50
:10804000FFFFFFFFFFFFFFFFFFFFFFFFFFFFFFFF40
:10805000FFFFFFFFFFFFFFFFFFFFFFFFFFFFFFFF30
:10806000FFFFFFFFFFFFFFFFFFFFFFFFFFFFFFFF20
:10807000FFFFFFFFFFFFFFFFFFFFFFFFFFFFFFFF10
:10808000FFFFFFFFFFFFFFFFFFFFFFFFFFFFFFFF00
:10809000FFFFFFFFFFFFFFFFFFFFFFFFFFFFFFFFF0
:1080A000FFFFFFFFFFFFFFFFFFFFFFFFFFFFFFFFE0
:1080B000FFFFFFFFFFFFFFFFFFFFFFFFFFFFFFFFD0
:1080C000FFFFFFFFFFFFFFFFFFFFFFFFFFFFFFFFC0
:1080D000FFFFFFFFFFFFFFFFFFFFFFFFFFFFFFFFB0
:1080E000FFFFFFFFFFFFFFFFFFFFFFFFFFFFFFFFA0
:1080F000FFFFFFFFFFFFFFFFFFFFFFFFFFFFFFFF90
:10810000FFFFFFFFFFFFFFFFFFFFFFFFFFFFFFFF7F
:10811000FFFFFFFFFFFFFFFFFFFFFFFFFFFFFFFF6F
:10812000FFFFFFFFFFFFFFFFFFFFFFFFFFFFFFFF5F
:10813000FFFFFFFFFFFFFFFFFFFFFFFFFFFFFFFF4F
:10814000FFFFFFFFFFFFFFFFFFFFFFFFFFFFFFFF3F
:10815000FFFFFFFFFFFFFFFFFFFFFFFFFFFFFFFF2F
:10816000FFFFFFFFFFFFFFFFFFFFFFFFFFFFFFFF1F
:10817000FFFFFFFFFFFFFFFFFFFFFFFFFFFFFFFF0F
:10818000FFFFFFFFFFFFFFFFFFFFFFFFFFFFFFFFFF
:10819000FFFFFFFFFFFFFFFFFFFFFFFFFFFFFFFFEF
:1081A000FFFFFFFFFFFFFFFFFFFFFFFFFFFFFFFFDF
:1081B000FFFFFFFFFFFFFFFFFFFFFFFFFFFFFFFFCF
:1081C000FFFFFFFFFFFFFFFFFFFFFFFFFFFFFFFFBF
:1081D000FFFFFFFFFFFFFFFFFFFFFFFFFFFFFFFFAF
:1081E000FFFFFFFFFFFFFFFFFFFFFFFFFFFFFFFF9F
:1081F000FFFFFFFFFFFFFFFFFFFFFFFFFFFFFFFF8F
:10820000FFFFFFFFFFFFFFFFFFFFFFFFFFFFFFFF7E
:10821000FFFFFFFFFFFFFFFFFFFFFFFFFFFFFFFF6E
:10822000FFFFFFFFFFFFFFFFFFFFFFFFFFFFFFFF5E
:10823000FFFFFFFFFFFFFFFFFFFFFFFFFFFFFFFF4E
:10824000FFFFFFFFFFFFFFFFFFFFFFFFFFFFFFFF3E
:10825000FFFFFFFFFFFFFFFFFFFFFFFFFFFFFFFF2E
:10826000FFFFFFFFFFFFFFFFFFFFFFFFFFFFFFFF1E
:10827000FFFFFFFFFFFFFFFFFFFFFFFFFFFFFFFF0E
:10828000FFFFFFFFFFFFFFFFFFFFFFFFFFFFFFFFFE
:10829000FFFFFFFFFFFFFFFFFFFFFFFFFFFFFFFFEE
:1082A000FFFFFFFFFFFFFFFFFFFFFFFFFFFFFFFFDE
:1082B000FFFFFFFFFFFFFFFFFFFFFFFFFFFFFFFFCE
:1082C000FFFFFFFFFFFFFFFFFFFFFFFFFFFFFFFFBE
:1082D000FFFFFFFFFFFFFFFFFFFFFFFFFFFFFFFFAE
:1082E000FFFFFFFFFFFFFFFFFFFFFFFFFFFFFFFF9E
:1082F000FFFFFFFFFFFFFFFFFFFFFFFFFFFFFFFF8E
:10830000FFFFFFFFFFFFFFFFFFFFFFFFFFFFFFFF7D
:10831000FFFFFFFFFFFFFFFFFFFFFFFFFFFFFFFF6D
:10832000FFFFFFFFFFFFFFFFFFFFFFFFFFFFFFFF5D
:10833000FFFFFFFFFFFFFFFFFFFFFFFFFFFFFFFF4D
:10834000FFFFFFFFFFFFFFFFFFFFFFFFFFFFFFFF3D
:10835000FFFFFFFFFFFFFFFFFFFFFFFFFFFFFFFF2D
:10836000FFFFFFFFFFFFFFFFFFFFFFFFFFFFFFFF1D
:10837000FFFFFFFFFFFFFFFFFFFFFFFFFFFFFFFF0D
:10838000FFFFFFFFFFFFFFFFFFFFFFFFFFFFFFFFFD
:10839000FFFFFFFFFFFFFFFFFFFFFFFFFFFFFFFFED
:1083A000FFFFFFFFFFFFFFFFFFFFFFFFFFFFFFFFDD
:1083B000FFFFFFFFFFFFFFFFFFFFFFFFFFFFFFFFCD
:1083C000FFFFFFFFFFFFFFFFFFFFFFFFFFFFFFFFBD
:1083D000FFFFFFFFFFFFFFFFFFFFFFFFFFFFFFFFAD
:1083E000FFFFFFFFFFFFFFFFFFFFFFFFFFFFFFFF9D
:1083F000FFFFFFFFFFFFFFFFFFFFFFFFFFFFFFFF8D
:10840000FFFFFFFFFFFFFFFFFFFFFFFFFFFFFFFF7C
:10841000FFFFFFFFFFFFFFFFFFFFFFFFFFFFFFFF6C
:10842000FFFFFFFFFFFFFFFFFFFFFFFFFFFFFFFF5C
:10843000FFFFFFFFFFFFFFFFFFFFFFFFFFFFFFFF4C
:10844000FFFFFFFFFFFFFFFFFFFFFFFFFFFFFFFF3C
:10845000FFFFFFFFFFFFFFFFFFFFFFFFFFFFFFFF2C
:10846000FFFFFFFFFFFFFFFFFFFFFFFFFFFFFFFF1C
:10847000FFFFFFFFFFFFFFFFFFFFFFFFFFFFFFFF0C
:10848000FFFFFFFFFFFFFFFFFFFFFFFFFFFFFFFFFC
:10849000FFFFFFFFFFFFFFFFFFFFFFFFFFFFFFFFEC
:1084A000FFFFFFFFFFFFFFFFFFFFFFFFFFFFFFFFDC
:1084B000FFFFFFFFFFFFFFFFFFFFFFFFFFFFFFFFCC
:1084C000FFFFFFFFFFFFFFFFFFFFFFFFFFFFFFFFBC
:1084D000FFFFFFFFFFFFFFFFFFFFFFFFFFFFFFFFAC
:1084E000FFFFFFFFFFFFFFFFFFFFFFFFFFFFFFFF9C
:1084F000FFFFFFFFFFFFFFFFFFFFFFFFFFFFFFFF8C
:10850000FFFFFFFFFFFFFFFFFFFFFFFFFFFFFFFF7B
:10851000FFFFFFFFFFFFFFFFFFFFFFFFFFFFFFFF6B
:10852000FFFFFFFFFFFFFFFFFFFFFFFFFFFFFFFF5B
:10853000FFFFFFFFFFFFFFFFFFFFFFFFFFFFFFFF4B
:10854000FFFFFFFFFFFFFFFFFFFFFFFFFFFFFFFF3B
:10855000FFFFFFFFFFFFFFFFFFFFFFFFFFFFFFFF2B
:10856000FFFFFFFFFFFFFFFFFFFFFFFFFFFFFFFF1B
:10857000FFFFFFFFFFFFFFFFFFFFFFFFFFFFFFFF0B
:10858000FFFFFFFFFFFFFFFFFFFFFFFFFFFFFFFFFB
:10859000FFFFFFFFFFFFFFFFFFFFFFFFFFFFFFFFEB
:1085A000FFFFFFFFFFFFFFFFFFFFFFFFFFFFFFFFDB
:1085B000FFFFFFFFFFFFFFFFFFFFFFFFFFFFFFFFCB
:1085C000FFFFFFFFFFFFFFFFFFFFFFFFFFFFFFFFBB
:1085D000FFFFFFFFFFFFFFFFFFFFFFFFFFFFFFFFAB
:1085E000FFFFFFFFFFFFFFFFFFFFFFFFFFFFFFFF9B
:1085F000FFFFFFFFFFFFFFFFFFFFFFFFFFFFFFFF8B
:10860000FFFFFFFFFFFFFFFFFFFFFFFFFFFFFFFF7A
:10861000FFFFFFFFFFFFFFFFFFFFFFFFFFFFFFFF6A
:10862000FFFFFFFFFFFFFFFFFFFFFFFFFFFFFFFF5A
:10863000FFFFFFFFFFFFFFFFFFFFFFFFFFFFFFFF4A
:10864000FFFFFFFFFFFFFFFFFFFFFFFFFFFFFFFF3A
:10865000FFFFFFFFFFFFFFFFFFFFFFFFFFFFFFFF2A
:10866000FFFFFFFFFFFFFFFFFFFFFFFFFFFFFFFF1A
:10867000FFFFFFFFFFFFFFFFFFFFFFFFFFFFFFFF0A
:10868000FFFFFFFFFFFFFFFFFFFFFFFFFFFFFFFFFA
:10869000FFFFFFFFFFFFFFFFFFFFFFFFFFFFFFFFEA
:1086A000FFFFFFFFFFFFFFFFFFFFFFFFFFFFFFFFDA
:1086B000FFFFFFFFFFFFFFFFFFFFFFFFFFFFFFFFCA
:1086C000FFFFFFFFFFFFFFFFFFFFFFFFFFFFFFFFBA
:1086D000FFFFFFFFFFFFFFFFFFFFFFFFFFFFFFFFAA
:1086E000FFFFFFFFFFFFFFFFFFFFFFFFFFFFFFFF9A
:1086F000FFFFFFFFFFFFFFFFFFFFFFFFFFFFFFFF8A
:10870000FFFFFFFFFFFFFFFFFFFFFFFFFFFFFFFF79
:10871000FFFFFFFFFFFFFFFFFFFFFFFFFFFFFFFF69
:10872000FFFFFFFFFFFFFFFFFFFFFFFFFFFFFFFF59
:10873000FFFFFFFFFFFFFFFFFFFFFFFFFFFFFFFF49
:10874000FFFFFFFFFFFFFFFFFFFFFFFFFFFFFFFF39
:10875000FFFFFFFFFFFFFFFFFFFFFFFFFFFFFFFF29
:10876000FFFFFFFFFFFFFFFFFFFFFFFFFFFFFFFF19
:10877000FFFFFFFFFFFFFFFFFFFFFFFFFFFFFFFF09
:10878000FFFFFFFFFFFFFFFFFFFFFFFFFFFFFFFFF9
:10879000FFFFFFFFFFFFFFFFFFFFFFFFFFFFFFFFE9
:1087A000FFFFFFFFFFFFFFFFFFFFFFFFFFFFFFFFD9
:1087B000FFFFFFFFFFFFFFFFFFFFFFFFFFFFFFFFC9
:1087C000FFFFFFFFFFFFFFFFFFFFFFFFFFFFFFFFB9
:1087D000FFFFFFFFFFFFFFFFFFFFFFFFFFFFFFFFA9
:1087E000FFFFFFFFFFFFFFFFFFFFFFFFFFFFFFFF99
:1087F000FFFFFFFFFFFFFFFFFFFFFFFFFFFFFFFF89
:10880000FFFFFFFFFFFFFFFFFFFFFFFFFFFFFFFF78
:10881000FFFFFFFFFFFFFFFFFFFFFFFFFFFFFFFF68
:10882000FFFFFFFFFFFFFFFFFFFFFFFFFFFFFFFF58
:10883000FFFFFFFFFFFFFFFFFFFFFFFFFFFFFFFF48
:10884000FFFFFFFFFFFFFFFFFFFFFFFFFFFFFFFF38
:10885000FFFFFFFFFFFFFFFFFFFFFFFFFFFFFFFF28
:10886000FFFFFFFFFFFFFFFFFFFFFFFFFFFFFFFF18
:10887000FFFFFFFFFFFFFFFFFFFFFFFFFFFFFFFF08
:10888000FFFFFFFFFFFFFFFFFFFFFFFFFFFFFFFFF8
:10889000FFFFFFFFFFFFFFFFFFFFFFFFFFFFFFFFE8
:1088A000FFFFFFFFFFFFFFFFFFFFFFFFFFFFFFFFD8
:1088B000FFFFFFFFFFFFFFFFFFFFFFFFFFFFFFFFC8
:1088C000FFFFFFFFFFFFFFFFFFFFFFFFFFFFFFFFB8
:1088D000FFFFFFFFFFFFFFFFFFFFFFFFFFFFFFFFA8
:1088E000FFFFFFFFFFFFFFFFFFFFFFFFFFFFFFFF98
:1088F000FFFFFFFFFFFFFFFFFFFFFFFFFFFFFFFF88
:10890000FFFFFFFFFFFFFFFFFFFFFFFFFFFFFFFF77
:10891000FFFFFFFFFFFFFFFFFFFFFFFFFFFFFFFF67
:10892000FFFFFFFFFFFFFFFFFFFFFFFFFFFFFFFF57
:10893000FFFFFFFFFFFFFFFFFFFFFFFFFFFFFFFF47
:10894000FFFFFFFFFFFFFFFFFFFFFFFFFFFFFFFF37
:10895000FFFFFFFFFFFFFFFFFFFFFFFFFFFFFFFF27
:10896000FFFFFFFFFFFFFFFFFFFFFFFFFFFFFFFF17
:10897000FFFFFFFFFFFFFFFFFFFFFFFFFFFFFFFF07
:10898000FFFFFFFFFFFFFFFFFFFFFFFFFFFFFFFFF7
:10899000FFFFFFFFFFFFFFFFFFFFFFFFFFFFFFFFE7
:1089A000FFFFFFFFFFFFFFFFFFFFFFFFFFFFFFFFD7
:1089B000FFFFFFFFFFFFFFFFFFFFFFFFFFFFFFFFC7
:1089C000FFFFFFFFFFFFFFFFFFFFFFFFFFFFFFFFB7
:1089D000FFFFFFFFFFFFFFFFFFFFFFFFFFFFFFFFA7
:1089E000FFFFFFFFFFFFFFFFFFFFFFFFFFFFFFFF97
:1089F000FFFFFFFFFFFFFFFFFFFFFFFFFFFFFFFF87
:108A0000FFFFFFFFFFFFFFFFFFFFFFFFFFFFFFFF76
:108A1000FFFFFFFFFFFFFFFFFFFFFFFFFFFFFFFF66
:108A2000FFFFFFFFFFFFFFFFFFFFFFFFFFFFFFFF56
:108A3000FFFFFFFFFFFFFFFFFFFFFFFFFFFFFFFF46
:108A4000FFFFFFFFFFFFFFFFFFFFFFFFFFFFFFFF36
:108A5000FFFFFFFFFFFFFFFFFFFFFFFFFFFFFFFF26
:108A6000FFFFFFFFFFFFFFFFFFFFFFFFFFFFFFFF16
:108A7000FFFFFFFFFFFFFFFFFFFFFFFFFFFFFFFF06
:108A8000FFFFFFFFFFFFFFFFFFFFFFFFFFFFFFFFF6
:108A9000FFFFFFFFFFFFFFFFFFFFFFFFFFFFFFFFE6
:108AA000FFFFFFFFFFFFFFFFFFFFFFFFFFFFFFFFD6
:108AB000FFFFFFFFFFFFFFFFFFFFFFFFFFFFFFFFC6
:108AC000FFFFFFFFFFFFFFFFFFFFFFFFFFFFFFFFB6
:108AD000FFFFFFFFFFFFFFFFFFFFFFFFFFFFFFFFA6
:108AE000FFFFFFFFFFFFFFFFFFFFFFFFFFFFFFFF96
:108AF000FFFFFFFFFFFFFFFFFFFFFFFFFFFFFFFF86
:108B0000FFFFFFFFFFFFFFFFFFFFFFFFFFFFFFFF75
:108B1000FFFFFFFFFFFFFFFFFFFFFFFFFFFFFFFF65
:108B2000FFFFFFFFFFFFFFFFFFFFFFFFFFFFFFFF55
:108B3000FFFFFFFFFFFFFFFFFFFFFFFFFFFFFFFF45
:108B4000FFFFFFFFFFFFFFFFFFFFFFFFFFFFFFFF35
:108B5000FFFFFFFFFFFFFFFFFFFFFFFFFFFFFFFF25
:108B6000FFFFFFFFFFFFFFFFFFFFFFFFFFFFFFFF15
:108B7000FFFFFFFFFFFFFFFFFFFFFFFFFFFFFFFF05
:108B8000FFFFFFFFFFFFFFFFFFFFFFFFFFFFFFFFF5
:108B9000FFFFFFFFFFFFFFFFFFFFFFFFFFFFFFFFE5
:108BA000FFFFFFFFFFFFFFFFFFFFFFFFFFFFFFFFD5
:108BB000FFFFFFFFFFFFFFFFFFFFFFFFFFFFFFFFC5
:108BC000FFFFFFFFFFFFFFFFFFFFFFFFFFFFFFFFB5
:108BD000FFFFFFFFFFFFFFFFFFFFFFFFFFFFFFFFA5
:108BE000FFFFFFFFFFFFFFFFFFFFFFFFFFFFFFFF95
:108BF000FFFFFFFFFFFFFFFFFFFFFFFFFFFFFFFF85
:108C0000FFFFFFFFFFFFFFFFFFFFFFFFFFFFFFFF74
:108C1000FFFFFFFFFFFFFFFFFFFFFFFFFFFFFFFF64
:108C2000FFFFFFFFFFFFFFFFFFFFFFFFFFFFFFFF54
:108C3000FFFFFFFFFFFFFFFFFFFFFFFFFFFFFFFF44
:108C4000FFFFFFFFFFFFFFFFFFFFFFFFFFFFFFFF34
:108C5000FFFFFFFFFFFFFFFFFFFFFFFFFFFFFFFF24
:108C6000FFFFFFFFFFFFFFFFFFFFFFFFFFFFFFFF14
:108C7000FFFFFFFFFFFFFFFFFFFFFFFFFFFFFFFF04
:108C8000FFFFFFFFFFFFFFFFFFFFFFFFFFFFFFFFF4
:108C9000FFFFFFFFFFFFFFFFFFFFFFFFFFFFFFFFE4
:108CA000FFFFFFFFFFFFFFFFFFFFFFFFFFFFFFFFD4
:108CB000FFFFFFFFFFFFFFFFFFFFFFFFFFFFFFFFC4
:108CC000FFFFFFFFFFFFFFFFFFFFFFFFFFFFFFFFB4
:108CD000FFFFFFFFFFFFFFFFFFFFFFFFFFFFFFFFA4
:108CE000FFFFFFFFFFFFFFFFFFFFFFFFFFFFFFFF94
:108CF000FFFFFFFFFFFFFFFFFFFFFFFFFFFFFFFF84
:108D0000FFFFFFFFFFFFFFFFFFFFFFFFFFFFFFFF73
:108D1000FFFFFFFFFFFFFFFFFFFFFFFFFFFFFFFF63
:108D2000FFFFFFFFFFFFFFFFFFFFFFFFFFFFFFFF53
:108D3000FFFFFFFFFFFFFFFFFFFFFFFFFFFFFFFF43
:108D4000FFFFFFFFFFFFFFFFFFFFFFFFFFFFFFFF33
:108D5000FFFFFFFFFFFFFFFFFFFFFFFFFFFFFFFF23
:108D6000FFFFFFFFFFFFFFFFFFFFFFFFFFFFFFFF13
:108D7000FFFFFFFFFFFFFFFFFFFFFFFFFFFFFFFF03
:108D8000FFFFFFFFFFFFFFFFFFFFFFFFFFFFFFFFF3
:108D9000FFFFFFFFFFFFFFFFFFFFFFFFFFFFFFFFE3
:108DA000FFFFFFFFFFFFFFFFFFFFFFFFFFFFFFFFD3
:108DB000FFFFFFFFFFFFFFFFFFFFFFFFFFFFFFFFC3
:108DC000FFFFFFFFFFFFFFFFFFFFFFFFFFFFFFFFB3
:108DD000FFFFFFFFFFFFFFFFFFFFFFFFFFFFFFFFA3
:108DE000FFFFFFFFFFFFFFFFFFFFFFFFFFFFFFFF93
:108DF000FFFFFFFFFFFFFFFFFFFFFFFFFFFFFFFF83
:108E0000FFFFFFFFFFFFFFFFFFFFFFFFFFFFFFFF72
:108E1000FFFFFFFFFFFFFFFFFFFFFFFFFFFFFFFF62
:108E2000FFFFFFFFFFFFFFFFFFFFFFFFFFFFFFFF52
:108E3000FFFFFFFFFFFFFFFFFFFFFFFFFFFFFFFF42
:108E4000FFFFFFFFFFFFFFFFFFFFFFFFFFFFFFFF32
:108E5000FFFFFFFFFFFFFFFFFFFFFFFFFFFFFFFF22
:108E6000FFFFFFFFFFFFFFFFFFFFFFFFFFFFFFFF12
:108E7000FFFFFFFFFFFFFFFFFFFFFFFFFFFFFFFF02
:108E8000FFFFFFFFFFFFFFFFFFFFFFFFFFFFFFFFF2
:108E9000FFFFFFFFFFFFFFFFFFFFFFFFFFFFFFFFE2
:108EA000FFFFFFFFFFFFFFFFFFFFFFFFFFFFFFFFD2
:108EB000FFFFFFFFFFFFFFFFFFFFFFFFFFFFFFFFC2
:108EC000FFFFFFFFFFFFFFFFFFFFFFFFFFFFFFFFB2
:108ED000FFFFFFFFFFFFFFFFFFFFFFFFFFFFFFFFA2
:108EE000FFFFFFFFFFFFFFFFFFFFFFFFFFFFFFFF92
:108EF000FFFFFFFFFFFFFFFFFFFFFFFFFFFFFFFF82
:108F0000FFFFFFFFFFFFFFFFFFFFFFFFFFFFFFFF71
:108F1000FFFFFFFFFFFFFFFFFFFFFFFFFFFFFFFF61
:108F2000FFFFFFFFFFFFFFFFFFFFFFFFFFFFFFFF51
:108F3000FFFFFFFFFFFFFFFFFFFFFFFFFFFFFFFF41
:108F4000FFFFFFFFFFFFFFFFFFFFFFFFFFFFFFFF31
:108F5000FFFFFFFFFFFFFFFFFFFFFFFFFFFFFFFF21
:108F6000FFFFFFFFFFFFFFFFFFFFFFFFFFFFFFFF11
:108F7000FFFFFFFFFFFFFFFFFFFFFFFFFFFFFFFF01
:108F8000FFFFFFFFFFFFFFFFFFFFFFFFFFFFFFFFF1
:108F9000FFFFFFFFFFFFFFFFFFFFFFFFFFFFFFFFE1
:108FA000FFFFFFFFFFFFFFFFFFFFFFFFFFFFFFFFD1
:108FB000FFFFFFFFFFFFFFFFFFFFFFFFFFFFFFFFC1
:108FC000FFFFFFFFFFFFFFFFFFFFFFFFFFFFFFFFB1
:108FD000FFFFFFFFFFFFFFFFFFFFFFFFFFFFFFFFA1
:108FE000FFFFFFFFFFFFFFFFFFFFFFFFFFFFFFFF91
:108FF000FFFFFFFFFFFFFFFFFFFFFFFFFFFFFFFF81
:10900000FFFFFFFFFFFFFFFFFFFFFFFFFFFFFFFF70
:10901000FFFFFFFFFFFFFFFFFFFFFFFFFFFFFFFF60
:10902000FFFFFFFFFFFFFFFFFFFFFFFFFFFFFFFF50
:10903000FFFFFFFFFFFFFFFFFFFFFFFFFFFFFFFF40
:10904000FFFFFFFFFFFFFFFFFFFFFFFFFFFFFFFF30
:10905000FFFFFFFFFFFFFFFFFFFFFFFFFFFFFFFF20
:10906000FFFFFFFFFFFFFFFFFFFFFFFFFFFFFFFF10
:10907000FFFFFFFFFFFFFFFFFFFFFFFFFFFFFFFF00
:10908000FFFFFFFFFFFFFFFFFFFFFFFFFFFFFFFFF0
:10909000FFFFFFFFFFFFFFFFFFFFFFFFFFFFFFFFE0
:1090A000FFFFFFFFFFFFFFFFFFFFFFFFFFFFFFFFD0
:1090B000FFFFFFFFFFFFFFFFFFFFFFFFFFFFFFFFC0
:1090C000FFFFFFFFFFFFFFFFFFFFFFFFFFFFFFFFB0
:1090D000FFFFFFFFFFFFFFFFFFFFFFFFFFFFFFFFA0
:1090E000FFFFFFFFFFFFFFFFFFFFFFFFFFFFFFFF90
:1090F000FFFFFFFFFFFFFFFFFFFFFFFFFFFFFFFF80
:10910000FFFFFFFFFFFFFFFFFFFFFFFFFFFFFFFF6F
:10911000FFFFFFFFFFFFFFFFFFFFFFFFFFFFFFFF5F
:10912000FFFFFFFFFFFFFFFFFFFFFFFFFFFFFFFF4F
:10913000FFFFFFFFFFFFFFFFFFFFFFFFFFFFFFFF3F
:10914000FFFFFFFFFFFFFFFFFFFFFFFFFFFFFFFF2F
:10915000FFFFFFFFFFFFFFFFFFFFFFFFFFFFFFFF1F
:10916000FFFFFFFFFFFFFFFFFFFFFFFFFFFFFFFF0F
:10917000FFFFFFFFFFFFFFFFFFFFFFFFFFFFFFFFFF
:10918000FFFFFFFFFFFFFFFFFFFFFFFFFFFFFFFFEF
:10919000FFFFFFFFFFFFFFFFFFFFFFFFFFFFFFFFDF
:1091A000FFFFFFFFFFFFFFFFFFFFFFFFFFFFFFFFCF
:1091B000FFFFFFFFFFFFFFFFFFFFFFFFFFFFFFFFBF
:1091C000FFFFFFFFFFFFFFFFFFFFFFFFFFFFFFFFAF
:1091D000FFFFFFFFFFFFFFFFFFFFFFFFFFFFFFFF9F
:1091E000FFFFFFFFFFFFFFFFFFFFFFFFFFFFFFFF8F
:1091F000FFFFFFFFFFFFFFFFFFFFFFFFFFFFFFFF7F
:10920000FFFFFFFFFFFFFFFFFFFFFFFFFFFFFFFF6E
:10921000FFFFFFFFFFFFFFFFFFFFFFFFFFFFFFFF5E
:10922000FFFFFFFFFFFFFFFFFFFFFFFFFFFFFFFF4E
:10923000FFFFFFFFFFFFFFFFFFFFFFFFFFFFFFFF3E
:10924000FFFFFFFFFFFFFFFFFFFFFFFFFFFFFFFF2E
:10925000FFFFFFFFFFFFFFFFFFFFFFFFFFFFFFFF1E
:10926000FFFFFFFFFFFFFFFFFFFFFFFFFFFFFFFF0E
:10927000FFFFFFFFFFFFFFFFFFFFFFFFFFFFFFFFFE
:10928000FFFFFFFFFFFFFFFFFFFFFFFFFFFFFFFFEE
:10929000FFFFFFFFFFFFFFFFFFFFFFFFFFFFFFFFDE
:1092A000FFFFFFFFFFFFFFFFFFFFFFFFFFFFFFFFCE
:1092B000FFFFFFFFFFFFFFFFFFFFFFFFFFFFFFFFBE
:1092C000FFFFFFFFFFFFFFFFFFFFFFFFFFFFFFFFAE
:1092D000FFFFFFFFFFFFFFFFFFFFFFFFFFFFFFFF9E
:1092E000FFFFFFFFFFFFFFFFFFFFFFFFFFFFFFFF8E
:1092F000FFFFFFFFFFFFFFFFFFFFFFFFFFFFFFFF7E
:10930000FFFFFFFFFFFFFFFFFFFFFFFFFFFFFFFF6D
:10931000FFFFFFFFFFFFFFFFFFFFFFFFFFFFFFFF5D
:10932000FFFFFFFFFFFFFFFFFFFFFFFFFFFFFFFF4D
:10933000FFFFFFFFFFFFFFFFFFFFFFFFFFFFFFFF3D
:10934000FFFFFFFFFFFFFFFFFFFFFFFFFFFFFFFF2D
:10935000FFFFFFFFFFFFFFFFFFFFFFFFFFFFFFFF1D
:10936000FFFFFFFFFFFFFFFFFFFFFFFFFFFFFFFF0D
:10937000FFFFFFFFFFFFFFFFFFFFFFFFFFFFFFFFFD
:10938000FFFFFFFFFFFFFFFFFFFFFFFFFFFFFFFFED
:10939000FFFFFFFFFFFFFFFFFFFFFFFFFFFFFFFFDD
:1093A000FFFFFFFFFFFFFFFFFFFFFFFFFFFFFFFFCD
:1093B000FFFFFFFFFFFFFFFFFFFFFFFFFFFFFFFFBD
:1093C000FFFFFFFFFFFFFFFFFFFFFFFFFFFFFFFFAD
:1093D000FFFFFFFFFFFFFFFFFFFFFFFFFFFFFFFF9D
:1093E000FFFFFFFFFFFFFFFFFFFFFFFFFFFFFFFF8D
:1093F000FFFFFFFFFFFFFFFFFFFFFFFFFFFFFFFF7D
:10940000FFFFFFFFFFFFFFFFFFFFFFFFFFFFFFFF6C
:10941000FFFFFFFFFFFFFFFFFFFFFFFFFFFFFFFF5C
:10942000FFFFFFFFFFFFFFFFFFFFFFFFFFFFFFFF4C
:10943000FFFFFFFFFFFFFFFFFFFFFFFFFFFFFFFF3C
:10944000FFFFFFFFFFFFFFFFFFFFFFFFFFFFFFFF2C
:10945000FFFFFFFFFFFFFFFFFFFFFFFFFFFFFFFF1C
:10946000FFFFFFFFFFFFFFFFFFFFFFFFFFFFFFFF0C
:10947000FFFFFFFFFFFFFFFFFFFFFFFFFFFFFFFFFC
:10948000FFFFFFFFFFFFFFFFFFFFFFFFFFFFFFFFEC
:10949000FFFFFFFFFFFFFFFFFFFFFFFFFFFFFFFFDC
:1094A000FFFFFFFFFFFFFFFFFFFFFFFFFFFFFFFFCC
:1094B000FFFFFFFFFFFFFFFFFFFFFFFFFFFFFFFFBC
:1094C000FFFFFFFFFFFFFFFFFFFFFFFFFFFFFFFFAC
:1094D000FFFFFFFFFFFFFFFFFFFFFFFFFFFFFFFF9C
:1094E000FFFFFFFFFFFFFFFFFFFFFFFFFFFFFFFF8C
:1094F000FFFFFFFFFFFFFFFFFFFFFFFFFFFFFFFF7C
:10950000FFFFFFFFFFFFFFFFFFFFFFFFFFFFFFFF6B
:10951000FFFFFFFFFFFFFFFFFFFFFFFFFFFFFFFF5B
:10952000FFFFFFFFFFFFFFFFFFFFFFFFFFFFFFFF4B
:10953000FFFFFFFFFFFFFFFFFFFFFFFFFFFFFFFF3B
:10954000FFFFFFFFFFFFFFFFFFFFFFFFFFFFFFFF2B
:10955000FFFFFFFFFFFFFFFFFFFFFFFFFFFFFFFF1B
:10956000FFFFFFFFFFFFFFFFFFFFFFFFFFFFFFFF0B
:10957000FFFFFFFFFFFFFFFFFFFFFFFFFFFFFFFFFB
:10958000FFFFFFFFFFFFFFFFFFFFFFFFFFFFFFFFEB
:10959000FFFFFFFFFFFFFFFFFFFFFFFFFFFFFFFFDB
:1095A000FFFFFFFFFFFFFFFFFFFFFFFFFFFFFFFFCB
:1095B000FFFFFFFFFFFFFFFFFFFFFFFFFFFFFFFFBB
:1095C000FFFFFFFFFFFFFFFFFFFFFFFFFFFFFFFFAB
:1095D000FFFFFFFFFFFFFFFFFFFFFFFFFFFFFFFF9B
:1095E000FFFFFFFFFFFFFFFFFFFFFFFFFFFFFFFF8B
:1095F000FFFFFFFFFFFFFFFFFFFFFFFFFFFFFFFF7B
:10960000FFFFFFFFFFFFFFFFFFFFFFFFFFFFFFFF6A
:10961000FFFFFFFFFFFFFFFFFFFFFFFFFFFFFFFF5A
:10962000FFFFFFFFFFFFFFFFFFFFFFFFFFFFFFFF4A
:10963000FFFFFFFFFFFFFFFFFFFFFFFFFFFFFFFF3A
:10964000FFFFFFFFFFFFFFFFFFFFFFFFFFFFFFFF2A
:10965000FFFFFFFFFFFFFFFFFFFFFFFFFFFFFFFF1A
:10966000FFFFFFFFFFFFFFFFFFFFFFFFFFFFFFFF0A
:10967000FFFFFFFFFFFFFFFFFFFFFFFFFFFFFFFFFA
:10968000FFFFFFFFFFFFFFFFFFFFFFFFFFFFFFFFEA
:10969000FFFFFFFFFFFFFFFFFFFFFFFFFFFFFFFFDA
:1096A000FFFFFFFFFFFFFFFFFFFFFFFFFFFFFFFFCA
:1096B000FFFFFFFFFFFFFFFFFFFFFFFFFFFFFFFFBA
:1096C000FFFFFFFFFFFFFFFFFFFFFFFFFFFFFFFFAA
:1096D000FFFFFFFFFFFFFFFFFFFFFFFFFFFFFFFF9A
:1096E000FFFFFFFFFFFFFFFFFFFFFFFFFFFFFFFF8A
:1096F000FFFFFFFFFFFFFFFFFFFFFFFFFFFFFFFF7A
:10970000FFFFFFFFFFFFFFFFFFFFFFFFFFFFFFFF69
:10971000FFFFFFFFFFFFFFFFFFFFFFFFFFFFFFFF59
:10972000FFFFFFFFFFFFFFFFFFFFFFFFFFFFFFFF49
:10973000FFFFFFFFFFFFFFFFFFFFFFFFFFFFFFFF39
:10974000FFFFFFFFFFFFFFFFFFFFFFFFFFFFFFFF29
:10975000FFFFFFFFFFFFFFFFFFFFFFFFFFFFFFFF19
:10976000FFFFFFFFFFFFFFFFFFFFFFFFFFFFFFFF09
:10977000FFFFFFFFFFFFFFFFFFFFFFFFFFFFFFFFF9
:10978000FFFFFFFFFFFFFFFFFFFFFFFFFFFFFFFFE9
:10979000FFFFFFFFFFFFFFFFFFFFFFFFFFFFFFFFD9
:1097A000FFFFFFFFFFFFFFFFFFFFFFFFFFFFFFFFC9
:1097B000FFFFFFFFFFFFFFFFFFFFFFFFFFFFFFFFB9
:1097C000FFFFFFFFFFFFFFFFFFFFFFFFFFFFFFFFA9
:1097D000FFFFFFFFFFFFFFFFFFFFFFFFFFFFFFFF99
:1097E000FFFFFFFFFFFFFFFFFFFFFFFFFFFFFFFF89
:1097F000FFFFFFFFFFFFFFFFFFFFFFFFFFFFFFFF79
:10980000FFFFFFFFFFFFFFFFFFFFFFFFFFFFFFFF68
:10981000FFFFFFFFFFFFFFFFFFFFFFFFFFFFFFFF58
:10982000FFFFFFFFFFFFFFFFFFFFFFFFFFFFFFFF48
:10983000FFFFFFFFFFFFFFFFFFFFFFFFFFFFFFFF38
:10984000FFFFFFFFFFFFFFFFFFFFFFFFFFFFFFFF28
:10985000FFFFFFFFFFFFFFFFFFFFFFFFFFFFFFFF18
:10986000FFFFFFFFFFFFFFFFFFFFFFFFFFFFFFFF08
:10987000FFFFFFFFFFFFFFFFFFFFFFFFFFFFFFFFF8
:10988000FFFFFFFFFFFFFFFFFFFFFFFFFFFFFFFFE8
:10989000FFFFFFFFFFFFFFFFFFFFFFFFFFFFFFFFD8
:1098A000FFFFFFFFFFFFFFFFFFFFFFFFFFFFFFFFC8
:1098B000FFFFFFFFFFFFFFFFFFFFFFFFFFFFFFFFB8
:1098C000FFFFFFFFFFFFFFFFFFFFFFFFFFFFFFFFA8
:1098D000FFFFFFFFFFFFFFFFFFFFFFFFFFFFFFFF98
:1098E000FFFFFFFFFFFFFFFFFFFFFFFFFFFFFFFF88
:1098F000FFFFFFFFFFFFFFFFFFFFFFFFFFFFFFFF78
:10990000FFFFFFFFFFFFFFFFFFFFFFFFFFFFFFFF67
:10991000FFFFFFFFFFFFFFFFFFFFFFFFFFFFFFFF57
:10992000FFFFFFFFFFFFFFFFFFFFFFFFFFFFFFFF47
:10993000FFFFFFFFFFFFFFFFFFFFFFFFFFFFFFFF37
:10994000FFFFFFFFFFFFFFFFFFFFFFFFFFFFFFFF27
:10995000FFFFFFFFFFFFFFFFFFFFFFFFFFFFFFFF17
:10996000FFFFFFFFFFFFFFFFFFFFFFFFFFFFFFFF07
:10997000FFFFFFFFFFFFFFFFFFFFFFFFFFFFFFFFF7
:10998000FFFFFFFFFFFFFFFFFFFFFFFFFFFFFFFFE7
:10999000FFFFFFFFFFFFFFFFFFFFFFFFFFFFFFFFD7
:1099A000FFFFFFFFFFFFFFFFFFFFFFFFFFFFFFFFC7
:1099B000FFFFFFFFFFFFFFFFFFFFFFFFFFFFFFFFB7
:1099C000FFFFFFFFFFFFFFFFFFFFFFFFFFFFFFFFA7
:1099D000FFFFFFFFFFFFFFFFFFFFFFFFFFFFFFFF97
:1099E000FFFFFFFFFFFFFFFFFFFFFFFFFFFFFFFF87
:1099F000FFFFFFFFFFFFFFFFFFFFFFFFFFFFFFFF77
:109A0000FFFFFFFFFFFFFFFFFFFFFFFFFFFFFFFF66
:109A1000FFFFFFFFFFFFFFFFFFFFFFFFFFFFFFFF56
:109A2000FFFFFFFFFFFFFFFFFFFFFFFFFFFFFFFF46
:109A3000FFFFFFFFFFFFFFFFFFFFFFFFFFFFFFFF36
:109A4000FFFFFFFFFFFFFFFFFFFFFFFFFFFFFFFF26
:109A5000FFFFFFFFFFFFFFFFFFFFFFFFFFFFFFFF16
:109A6000FFFFFFFFFFFFFFFFFFFFFFFFFFFFFFFF06
:109A7000FFFFFFFFFFFFFFFFFFFFFFFFFFFFFFFFF6
:109A8000FFFFFFFFFFFFFFFFFFFFFFFFFFFFFFFFE6
:109A9000FFFFFFFFFFFFFFFFFFFFFFFFFFFFFFFFD6
:109AA000FFFFFFFFFFFFFFFFFFFFFFFFFFFFFFFFC6
:109AB000FFFFFFFFFFFFFFFFFFFFFFFFFFFFFFFFB6
:109AC000FFFFFFFFFFFFFFFFFFFFFFFFFFFFFFFFA6
:109AD000FFFFFFFFFFFFFFFFFFFFFFFFFFFFFFFF96
:109AE000FFFFFFFFFFFFFFFFFFFFFFFFFFFFFFFF86
:109AF000FFFFFFFFFFFFFFFFFFFFFFFFFFFFFFFF76
:109B0000FFFFFFFFFFFFFFFFFFFFFFFFFFFFFFFF65
:109B1000FFFFFFFFFFFFFFFFFFFFFFFFFFFFFFFF55
:109B2000FFFFFFFFFFFFFFFFFFFFFFFFFFFFFFFF45
:109B3000FFFFFFFFFFFFFFFFFFFFFFFFFFFFFFFF35
:109B4000FFFFFFFFFFFFFFFFFFFFFFFFFFFFFFFF25
:109B5000FFFFFFFFFFFFFFFFFFFFFFFFFFFFFFFF15
:109B6000FFFFFFFFFFFFFFFFFFFFFFFFFFFFFFFF05
:109B7000FFFFFFFFFFFFFFFFFFFFFFFFFFFFFFFFF5
:109B8000FFFFFFFFFFFFFFFFFFFFFFFFFFFFFFFFE5
:109B9000FFFFFFFFFFFFFFFFFFFFFFFFFFFFFFFFD5
:109BA000FFFFFFFFFFFFFFFFFFFFFFFFFFFFFFFFC5
:109BB000FFFFFFFFFFFFFFFFFFFFFFFFFFFFFFFFB5
:109BC000FFFFFFFFFFFFFFFFFFFFFFFFFFFFFFFFA5
:109BD000FFFFFFFFFFFFFFFFFFFFFFFFFFFFFFFF95
:109BE000FFFFFFFFFFFFFFFFFFFFFFFFFFFFFFFF85
:109BF000FFFFFFFFFFFFFFFFFFFFFFFFFFFFFFFF75
:109C0000FFFFFFFFFFFFFFFFFFFFFFFFFFFFFFFF64
:109C1000FFFFFFFFFFFFFFFFFFFFFFFFFFFFFFFF54
:109C2000FFFFFFFFFFFFFFFFFFFFFFFFFFFFFFFF44
:109C3000FFFFFFFFFFFFFFFFFFFFFFFFFFFFFFFF34
:109C4000FFFFFFFFFFFFFFFFFFFFFFFFFFFFFFFF24
:109C5000FFFFFFFFFFFFFFFFFFFFFFFFFFFFFFFF14
:109C6000FFFFFFFFFFFFFFFFFFFFFFFFFFFFFFFF04
:109C7000FFFFFFFFFFFFFFFFFFFFFFFFFFFFFFFFF4
:109C8000FFFFFFFFFFFFFFFFFFFFFFFFFFFFFFFFE4
:109C9000FFFFFFFFFFFFFFFFFFFFFFFFFFFFFFFFD4
:109CA000FFFFFFFFFFFFFFFFFFFFFFFFFFFFFFFFC4
:109CB000FFFFFFFFFFFFFFFFFFFFFFFFFFFFFFFFB4
:109CC000FFFFFFFFFFFFFFFFFFFFFFFFFFFFFFFFA4
:109CD000FFFFFFFFFFFFFFFFFFFFFFFFFFFFFFFF94
:109CE000FFFFFFFFFFFFFFFFFFFFFFFFFFFFFFFF84
:109CF000FFFFFFFFFFFFFFFFFFFFFFFFFFFFFFFF74
:109D0000FFFFFFFFFFFFFFFFFFFFFFFFFFFFFFFF63
:109D1000FFFFFFFFFFFFFFFFFFFFFFFFFFFFFFFF53
:109D2000FFFFFFFFFFFFFFFFFFFFFFFFFFFFFFFF43
:109D3000FFFFFFFFFFFFFFFFFFFFFFFFFFFFFFFF33
:109D4000FFFFFFFFFFFFFFFFFFFFFFFFFFFFFFFF23
:109D5000FFFFFFFFFFFFFFFFFFFFFFFFFFFFFFFF13
:109D6000FFFFFFFFFFFFFFFFFFFFFFFFFFFFFFFF03
:109D7000FFFFFFFFFFFFFFFFFFFFFFFFFFFFFFFFF3
:109D8000FFFFFFFFFFFFFFFFFFFFFFFFFFFFFFFFE3
:109D9000FFFFFFFFFFFFFFFFFFFFFFFFFFFFFFFFD3
:109DA000FFFFFFFFFFFFFFFFFFFFFFFFFFFFFFFFC3
:109DB000FFFFFFFFFFFFFFFFFFFFFFFFFFFFFFFFB3
:109DC000FFFFFFFFFFFFFFFFFFFFFFFFFFFFFFFFA3
:109DD000FFFFFFFFFFFFFFFFFFFFFFFFFFFFFFFF93
:109DE000FFFFFFFFFFFFFFFFFFFFFFFFFFFFFFFF83
:109DF000FFFFFFFFFFFFFFFFFFFFFFFFFFFFFFFF73
:109E0000FFFFFFFFFFFFFFFFFFFFFFFFFFFFFFFF62
:109E1000FFFFFFFFFFFFFFFFFFFFFFFFFFFFFFFF52
:109E2000FFFFFFFFFFFFFFFFFFFFFFFFFFFFFFFF42
:109E3000FFFFFFFFFFFFFFFFFFFFFFFFFFFFFFFF32
:109E4000FFFFFFFFFFFFFFFFFFFFFFFFFFFFFFFF22
:109E5000FFFFFFFFFFFFFFFFFFFFFFFFFFFFFFFF12
:109E6000FFFFFFFFFFFFFFFFFFFFFFFFFFFFFFFF02
:109E7000FFFFFFFFFFFFFFFFFFFFFFFFFFFFFFFFF2
:109E8000FFFFFFFFFFFFFFFFFFFFFFFFFFFFFFFFE2
:109E9000FFFFFFFFFFFFFFFFFFFFFFFFFFFFFFFFD2
:109EA000FFFFFFFFFFFFFFFFFFFFFFFFFFFFFFFFC2
:109EB000FFFFFFFFFFFFFFFFFFFFFFFFFFFFFFFFB2
:109EC000FFFFFFFFFFFFFFFFFFFFFFFFFFFFFFFFA2
:109ED000FFFFFFFFFFFFFFFFFFFFFFFFFFFFFFFF92
:109EE000FFFFFFFFFFFFFFFFFFFFFFFFFFFFFFFF82
:109EF000FFFFFFFFFFFFFFFFFFFFFFFFFFFFFFFF72
:109F0000FFFFFFFFFFFFFFFFFFFFFFFFFFFFFFFF61
:109F1000FFFFFFFFFFFFFFFFFFFFFFFFFFFFFFFF51
:109F2000FFFFFFFFFFFFFFFFFFFFFFFFFFFFFFFF41
:109F3000FFFFFFFFFFFFFFFFFFFFFFFFFFFFFFFF31
:109F4000FFFFFFFFFFFFFFFFFFFFFFFFFFFFFFFF21
:109F5000FFFFFFFFFFFFFFFFFFFFFFFFFFFFFFFF11
:109F6000FFFFFFFFFFFFFFFFFFFFFFFFFFFFFFFF01
:109F7000FFFFFFFFFFFFFFFFFFFFFFFFFFFFFFFFF1
:109F8000FFFFFFFFFFFFFFFFFFFFFFFFFFFFFFFFE1
:109F9000FFFFFFFFFFFFFFFFFFFFFFFFFFFFFFFFD1
:109FA000FFFFFFFFFFFFFFFFFFFFFFFFFFFFFFFFC1
:109FB000FFFFFFFFFFFFFFFFFFFFFFFFFFFFFFFFB1
:109FC000FFFFFFFFFFFFFFFFFFFFFFFFFFFFFFFFA1
:109FD000FFFFFFFFFFFFFFFFFFFFFFFFFFFFFFFF91
:109FE000FFFFFFFFFFFFFFFFFFFFFFFFFFFFFFFF81
:109FF000FFFFFFFFFFFFFFFFFFFFFFFFFFFFFFFF71
:10A00000FFFFFFFFFFFFFFFFFFFFFFFFFFFFFFFF60
:10A01000FFFFFFFFFFFFFFFFFFFFFFFFFFFFFFFF50
:10A02000FFFFFFFFFFFFFFFFFFFFFFFFFFFFFFFF40
:10A03000FFFFFFFFFFFFFFFFFFFFFFFFFFFFFFFF30
:10A04000FFFFFFFFFFFFFFFFFFFFFFFFFFFFFFFF20
:10A05000FFFFFFFFFFFFFFFFFFFFFFFFFFFFFFFF10
:10A06000FFFFFFFFFFFFFFFFFFFFFFFFFFFFFFFF00
:10A07000FFFFFFFFFFFFFFFFFFFFFFFFFFFFFFFFF0
:10A08000FFFFFFFFFFFFFFFFFFFFFFFFFFFFFFFFE0
:10A09000FFFFFFFFFFFFFFFFFFFFFFFFFFFFFFFFD0
:10A0A000FFFFFFFFFFFFFFFFFFFFFFFFFFFFFFFFC0
:10A0B000FFFFFFFFFFFFFFFFFFFFFFFFFFFFFFFFB0
:10A0C000FFFFFFFFFFFFFFFFFFFFFFFFFFFFFFFFA0
:10A0D000FFFFFFFFFFFFFFFFFFFFFFFFFFFFFFFF90
:10A0E000FFFFFFFFFFFFFFFFFFFFFFFFFFFFFFFF80
:10A0F000FFFFFFFFFFFFFFFFFFFFFFFFFFFFFFFF70
:10A10000FFFFFFFFFFFFFFFFFFFFFFFFFFFFFFFF5F
:10A11000FFFFFFFFFFFFFFFFFFFFFFFFFFFFFFFF4F
:10A12000FFFFFFFFFFFFFFFFFFFFFFFFFFFFFFFF3F
:10A13000FFFFFFFFFFFFFFFFFFFFFFFFFFFFFFFF2F
:10A14000FFFFFFFFFFFFFFFFFFFFFFFFFFFFFFFF1F
:10A15000FFFFFFFFFFFFFFFFFFFFFFFFFFFFFFFF0F
:10A16000FFFFFFFFFFFFFFFFFFFFFFFFFFFFFFFFFF
:10A17000FFFFFFFFFFFFFFFFFFFFFFFFFFFFFFFFEF
:10A18000FFFFFFFFFFFFFFFFFFFFFFFFFFFFFFFFDF
:10A19000FFFFFFFFFFFFFFFFFFFFFFFFFFFFFFFFCF
:10A1A000FFFFFFFFFFFFFFFFFFFFFFFFFFFFFFFFBF
:10A1B000FFFFFFFFFFFFFFFFFFFFFFFFFFFFFFFFAF
:10A1C000FFFFFFFFFFFFFFFFFFFFFFFFFFFFFFFF9F
:10A1D000FFFFFFFFFFFFFFFFFFFFFFFFFFFFFFFF8F
:10A1E000FFFFFFFFFFFFFFFFFFFFFFFFFFFFFFFF7F
:10A1F000FFFFFFFFFFFFFFFFFFFFFFFFFFFFFFFF6F
:10A20000FFFFFFFFFFFFFFFFFFFFFFFFFFFFFFFF5E
:10A21000FFFFFFFFFFFFFFFFFFFFFFFFFFFFFFFF4E
:10A22000FFFFFFFFFFFFFFFFFFFFFFFFFFFFFFFF3E
:10A23000FFFFFFFFFFFFFFFFFFFFFFFFFFFFFFFF2E
:10A24000FFFFFFFFFFFFFFFFFFFFFFFFFFFFFFFF1E
:10A25000FFFFFFFFFFFFFFFFFFFFFFFFFFFFFFFF0E
:10A26000FFFFFFFFFFFFFFFFFFFFFFFFFFFFFFFFFE
:10A27000FFFFFFFFFFFFFFFFFFFFFFFFFFFFFFFFEE
:10A28000FFFFFFFFFFFFFFFFFFFFFFFFFFFFFFFFDE
:10A29000FFFFFFFFFFFFFFFFFFFFFFFFFFFFFFFFCE
:10A2A000FFFFFFFFFFFFFFFFFFFFFFFFFFFFFFFFBE
:10A2B000FFFFFFFFFFFFFFFFFFFFFFFFFFFFFFFFAE
:10A2C000FFFFFFFFFFFFFFFFFFFFFFFFFFFFFFFF9E
:10A2D000FFFFFFFFFFFFFFFFFFFFFFFFFFFFFFFF8E
:10A2E000FFFFFFFFFFFFFFFFFFFFFFFFFFFFFFFF7E
:10A2F000FFFFFFFFFFFFFFFFFFFFFFFFFFFFFFFF6E
:10A30000FFFFFFFFFFFFFFFFFFFFFFFFFFFFFFFF5D
:10A31000FFFFFFFFFFFFFFFFFFFFFFFFFFFFFFFF4D
:10A32000FFFFFFFFFFFFFFFFFFFFFFFFFFFFFFFF3D
:10A33000FFFFFFFFFFFFFFFFFFFFFFFFFFFFFFFF2D
:10A34000FFFFFFFFFFFFFFFFFFFFFFFFFFFFFFFF1D
:10A35000FFFFFFFFFFFFFFFFFFFFFFFFFFFFFFFF0D
:10A36000FFFFFFFFFFFFFFFFFFFFFFFFFFFFFFFFFD
:10A37000FFFFFFFFFFFFFFFFFFFFFFFFFFFFFFFFED
:10A38000FFFFFFFFFFFFFFFFFFFFFFFFFFFFFFFFDD
:10A39000FFFFFFFFFFFFFFFFFFFFFFFFFFFFFFFFCD
:10A3A000FFFFFFFFFFFFFFFFFFFFFFFFFFFFFFFFBD
:10A3B000FFFFFFFFFFFFFFFFFFFFFFFFFFFFFFFFAD
:10A3C000FFFFFFFFFFFFFFFFFFFFFFFFFFFFFFFF9D
:10A3D000FFFFFFFFFFFFFFFFFFFFFFFFFFFFFFFF8D
:10A3E000FFFFFFFFFFFFFFFFFFFFFFFFFFFFFFFF7D
:10A3F000FFFFFFFFFFFFFFFFFFFFFFFFFFFFFFFF6D
:10A40000FFFFFFFFFFFFFFFFFFFFFFFFFFFFFFFF5C
:10A41000FFFFFFFFFFFFFFFFFFFFFFFFFFFFFFFF4C
:10A42000FFFFFFFFFFFFFFFFFFFFFFFFFFFFFFFF3C
:10A43000FFFFFFFFFFFFFFFFFFFFFFFFFFFFFFFF2C
:10A44000FFFFFFFFFFFFFFFFFFFFFFFFFFFFFFFF1C
:10A45000FFFFFFFFFFFFFFFFFFFFFFFFFFFFFFFF0C
:10A46000FFFFFFFFFFFFFFFFFFFFFFFFFFFFFFFFFC
:10A47000FFFFFFFFFFFFFFFFFFFFFFFFFFFFFFFFEC
:10A48000FFFFFFFFFFFFFFFFFFFFFFFFFFFFFFFFDC
:10A49000FFFFFFFFFFFFFFFFFFFFFFFFFFFFFFFFCC
:10A4A000FFFFFFFFFFFFFFFFFFFFFFFFFFFFFFFFBC
:10A4B000FFFFFFFFFFFFFFFFFFFFFFFFFFFFFFFFAC
:10A4C000FFFFFFFFFFFFFFFFFFFFFFFFFFFFFFFF9C
:10A4D000FFFFFFFFFFFFFFFFFFFFFFFFFFFFFFFF8C
:10A4E000FFFFFFFFFFFFFFFFFFFFFFFFFFFFFFFF7C
:10A4F000FFFFFFFFFFFFFFFFFFFFFFFFFFFFFFFF6C
:10A50000FFFFFFFFFFFFFFFFFFFFFFFFFFFFFFFF5B
:10A51000FFFFFFFFFFFFFFFFFFFFFFFFFFFFFFFF4B
:10A52000FFFFFFFFFFFFFFFFFFFFFFFFFFFFFFFF3B
:10A53000FFFFFFFFFFFFFFFFFFFFFFFFFFFFFFFF2B
:10A54000FFFFFFFFFFFFFFFFFFFFFFFFFFFFFFFF1B
:10A55000FFFFFFFFFFFFFFFFFFFFFFFFFFFFFFFF0B
:10A56000FFFFFFFFFFFFFFFFFFFFFFFFFFFFFFFFFB
:10A57000FFFFFFFFFFFFFFFFFFFFFFFFFFFFFFFFEB
:10A58000FFFFFFFFFFFFFFFFFFFFFFFFFFFFFFFFDB
:10A59000FFFFFFFFFFFFFFFFFFFFFFFFFFFFFFFFCB
:10A5A000FFFFFFFFFFFFFFFFFFFFFFFFFFFFFFFFBB
:10A5B000FFFFFFFFFFFFFFFFFFFFFFFFFFFFFFFFAB
:10A5C000FFFFFFFFFFFFFFFFFFFFFFFFFFFFFFFF9B
:10A5D000FFFFFFFFFFFFFFFFFFFFFFFFFFFFFFFF8B
:10A5E000FFFFFFFFFFFFFFFFFFFFFFFFFFFFFFFF7B
:10A5F000FFFFFFFFFFFFFFFFFFFFFFFFFFFFFFFF6B
:10A60000FFFFFFFFFFFFFFFFFFFFFFFFFFFFFFFF5A
:10A61000FFFFFFFFFFFFFFFFFFFFFFFFFFFFFFFF4A
:10A62000FFFFFFFFFFFFFFFFFFFFFFFFFFFFFFFF3A
:10A63000FFFFFFFFFFFFFFFFFFFFFFFFFFFFFFFF2A
:10A64000FFFFFFFFFFFFFFFFFFFFFFFFFFFFFFFF1A
:10A65000FFFFFFFFFFFFFFFFFFFFFFFFFFFFFFFF0A
:10A66000FFFFFFFFFFFFFFFFFFFFFFFFFFFFFFFFFA
:10A67000FFFFFFFFFFFFFFFFFFFFFFFFFFFFFFFFEA
:10A68000FFFFFFFFFFFFFFFFFFFFFFFFFFFFFFFFDA
:10A69000FFFFFFFFFFFFFFFFFFFFFFFFFFFFFFFFCA
:10A6A000FFFFFFFFFFFFFFFFFFFFFFFFFFFFFFFFBA
:10A6B000FFFFFFFFFFFFFFFFFFFFFFFFFFFFFFFFAA
:10A6C000FFFFFFFFFFFFFFFFFFFFFFFFFFFFFFFF9A
:10A6D000FFFFFFFFFFFFFFFFFFFFFFFFFFFFFFFF8A
:10A6E000FFFFFFFFFFFFFFFFFFFFFFFFFFFFFFFF7A
:10A6F000FFFFFFFFFFFFFFFFFFFFFFFFFFFFFFFF6A
:10A70000FFFFFFFFFFFFFFFFFFFFFFFFFFFFFFFF59
:10A71000FFFFFFFFFFFFFFFFFFFFFFFFFFFFFFFF49
:10A72000FFFFFFFFFFFFFFFFFFFFFFFFFFFFFFFF39
:10A73000FFFFFFFFFFFFFFFFFFFFFFFFFFFFFFFF29
:10A74000FFFFFFFFFFFFFFFFFFFFFFFFFFFFFFFF19
:10A75000FFFFFFFFFFFFFFFFFFFFFFFFFFFFFFFF09
:10A76000FFFFFFFFFFFFFFFFFFFFFFFFFFFFFFFFF9
:10A77000FFFFFFFFFFFFFFFFFFFFFFFFFFFFFFFFE9
:10A78000FFFFFFFFFFFFFFFFFFFFFFFFFFFFFFFFD9
:10A79000FFFFFFFFFFFFFFFFFFFFFFFFFFFFFFFFC9
:10A7A000FFFFFFFFFFFFFFFFFFFFFFFFFFFFFFFFB9
:10A7B000FFFFFFFFFFFFFFFFFFFFFFFFFFFFFFFFA9
:10A7C000FFFFFFFFFFFFFFFFFFFFFFFFFFFFFFFF99
:10A7D000FFFFFFFFFFFFFFFFFFFFFFFFFFFFFFFF89
:10A7E000FFFFFFFFFFFFFFFFFFFFFFFFFFFFFFFF79
:10A7F000FFFFFFFFFFFFFFFFFFFFFFFFFFFFFFFF69
:10A80000FFFFFFFFFFFFFFFFFFFFFFFFFFFFFFFF58
:10A81000FFFFFFFFFFFFFFFFFFFFFFFFFFFFFFFF48
:10A82000FFFFFFFFFFFFFFFFFFFFFFFFFFFFFFFF38
:10A83000FFFFFFFFFFFFFFFFFFFFFFFFFFFFFFFF28
:10A84000FFFFFFFFFFFFFFFFFFFFFFFFFFFFFFFF18
:10A85000FFFFFFFFFFFFFFFFFFFFFFFFFFFFFFFF08
:10A86000FFFFFFFFFFFFFFFFFFFFFFFFFFFFFFFFF8
:10A87000FFFFFFFFFFFFFFFFFFFFFFFFFFFFFFFFE8
:10A88000FFFFFFFFFFFFFFFFFFFFFFFFFFFFFFFFD8
:10A89000FFFFFFFFFFFFFFFFFFFFFFFFFFFFFFFFC8
:10A8A000FFFFFFFFFFFFFFFFFFFFFFFFFFFFFFFFB8
:10A8B000FFFFFFFFFFFFFFFFFFFFFFFFFFFFFFFFA8
:10A8C000FFFFFFFFFFFFFFFFFFFFFFFFFFFFFFFF98
:10A8D000FFFFFFFFFFFFFFFFFFFFFFFFFFFFFFFF88
:10A8E000FFFFFFFFFFFFFFFFFFFFFFFFFFFFFFFF78
:10A8F000FFFFFFFFFFFFFFFFFFFFFFFFFFFFFFFF68
:10A90000FFFFFFFFFFFFFFFFFFFFFFFFFFFFFFFF57
:10A91000FFFFFFFFFFFFFFFFFFFFFFFFFFFFFFFF47
:10A92000FFFFFFFFFFFFFFFFFFFFFFFFFFFFFFFF37
:10A93000FFFFFFFFFFFFFFFFFFFFFFFFFFFFFFFF27
:10A94000FFFFFFFFFFFFFFFFFFFFFFFFFFFFFFFF17
:10A95000FFFFFFFFFFFFFFFFFFFFFFFFFFFFFFFF07
:10A96000FFFFFFFFFFFFFFFFFFFFFFFFFFFFFFFFF7
:10A97000FFFFFFFFFFFFFFFFFFFFFFFFFFFFFFFFE7
:10A98000FFFFFFFFFFFFFFFFFFFFFFFFFFFFFFFFD7
:10A99000FFFFFFFFFFFFFFFFFFFFFFFFFFFFFFFFC7
:10A9A000FFFFFFFFFFFFFFFFFFFFFFFFFFFFFFFFB7
:10A9B000FFFFFFFFFFFFFFFFFFFFFFFFFFFFFFFFA7
:10A9C000FFFFFFFFFFFFFFFFFFFFFFFFFFFFFFFF97
:10A9D000FFFFFFFFFFFFFFFFFFFFFFFFFFFFFFFF87
:10A9E000FFFFFFFFFFFFFFFFFFFFFFFFFFFFFFFF77
:10A9F000FFFFFFFFFFFFFFFFFFFFFFFFFFFFFFFF67
:10AA0000FFFFFFFFFFFFFFFFFFFFFFFFFFFFFFFF56
:10AA1000FFFFFFFFFFFFFFFFFFFFFFFFFFFFFFFF46
:10AA2000FFFFFFFFFFFFFFFFFFFFFFFFFFFFFFFF36
:10AA3000FFFFFFFFFFFFFFFFFFFFFFFFFFFFFFFF26
:10AA4000FFFFFFFFFFFFFFFFFFFFFFFFFFFFFFFF16
:10AA5000FFFFFFFFFFFFFFFFFFFFFFFFFFFFFFFF06
:10AA6000FFFFFFFFFFFFFFFFFFFFFFFFFFFFFFFFF6
:10AA7000FFFFFFFFFFFFFFFFFFFFFFFFFFFFFFFFE6
:10AA8000FFFFFFFFFFFFFFFFFFFFFFFFFFFFFFFFD6
:10AA9000FFFFFFFFFFFFFFFFFFFFFFFFFFFFFFFFC6
:10AAA000FFFFFFFFFFFFFFFFFFFFFFFFFFFFFFFFB6
:10AAB000FFFFFFFFFFFFFFFFFFFFFFFFFFFFFFFFA6
:10AAC000FFFFFFFFFFFFFFFFFFFFFFFFFFFFFFFF96
:10AAD000FFFFFFFFFFFFFFFFFFFFFFFFFFFFFFFF86
:10AAE000FFFFFFFFFFFFFFFFFFFFFFFFFFFFFFFF76
:10AAF000FFFFFFFFFFFFFFFFFFFFFFFFFFFFFFFF66
:10AB0000FFFFFFFFFFFFFFFFFFFFFFFFFFFFFFFF55
:10AB1000FFFFFFFFFFFFFFFFFFFFFFFFFFFFFFFF45
:10AB2000FFFFFFFFFFFFFFFFFFFFFFFFFFFFFFFF35
:10AB3000FFFFFFFFFFFFFFFFFFFFFFFFFFFFFFFF25
:10AB4000FFFFFFFFFFFFFFFFFFFFFFFFFFFFFFFF15
:10AB5000FFFFFFFFFFFFFFFFFFFFFFFFFFFFFFFF05
:10AB6000FFFFFFFFFFFFFFFFFFFFFFFFFFFFFFFFF5
:10AB7000FFFFFFFFFFFFFFFFFFFFFFFFFFFFFFFFE5
:10AB8000FFFFFFFFFFFFFFFFFFFFFFFFFFFFFFFFD5
:10AB9000FFFFFFFFFFFFFFFFFFFFFFFFFFFFFFFFC5
:10ABA000FFFFFFFFFFFFFFFFFFFFFFFFFFFFFFFFB5
:10ABB000FFFFFFFFFFFFFFFFFFFFFFFFFFFFFFFFA5
:10ABC000FFFFFFFFFFFFFFFFFFFFFFFFFFFFFFFF95
:10ABD000FFFFFFFFFFFFFFFFFFFFFFFFFFFFFFFF85
:10ABE000FFFFFFFFFFFFFFFFFFFFFFFFFFFFFFFF75
:10ABF000FFFFFFFFFFFFFFFFFFFFFFFFFFFFFFFF65
:10AC0000FFFFFFFFFFFFFFFFFFFFFFFFFFFFFFFF54
:10AC1000FFFFFFFFFFFFFFFFFFFFFFFFFFFFFFFF44
:10AC2000FFFFFFFFFFFFFFFFFFFFFFFFFFFFFFFF34
:10AC3000FFFFFFFFFFFFFFFFFFFFFFFFFFFFFFFF24
:10AC4000FFFFFFFFFFFFFFFFFFFFFFFFFFFFFFFF14
:10AC5000FFFFFFFFFFFFFFFFFFFFFFFFFFFFFFFF04
:10AC6000FFFFFFFFFFFFFFFFFFFFFFFFFFFFFFFFF4
:10AC7000FFFFFFFFFFFFFFFFFFFFFFFFFFFFFFFFE4
:10AC8000FFFFFFFFFFFFFFFFFFFFFFFFFFFFFFFFD4
:10AC9000FFFFFFFFFFFFFFFFFFFFFFFFFFFFFFFFC4
:10ACA000FFFFFFFFFFFFFFFFFFFFFFFFFFFFFFFFB4
:10ACB000FFFFFFFFFFFFFFFFFFFFFFFFFFFFFFFFA4
:10ACC000FFFFFFFFFFFFFFFFFFFFFFFFFFFFFFFF94
:10ACD000FFFFFFFFFFFFFFFFFFFFFFFFFFFFFFFF84
:10ACE000FFFFFFFFFFFFFFFFFFFFFFFFFFFFFFFF74
:10ACF000FFFFFFFFFFFFFFFFFFFFFFFFFFFFFFFF64
:10AD0000FFFFFFFFFFFFFFFFFFFFFFFFFFFFFFFF53
:10AD1000FFFFFFFFFFFFFFFFFFFFFFFFFFFFFFFF43
:10AD2000FFFFFFFFFFFFFFFFFFFFFFFFFFFFFFFF33
:10AD3000FFFFFFFFFFFFFFFFFFFFFFFFFFFFFFFF23
:10AD4000FFFFFFFFFFFFFFFFFFFFFFFFFFFFFFFF13
:10AD5000FFFFFFFFFFFFFFFFFFFFFFFFFFFFFFFF03
:10AD6000FFFFFFFFFFFFFFFFFFFFFFFFFFFFFFFFF3
:10AD7000FFFFFFFFFFFFFFFFFFFFFFFFFFFFFFFFE3
:10AD8000FFFFFFFFFFFFFFFFFFFFFFFFFFFFFFFFD3
:10AD9000FFFFFFFFFFFFFFFFFFFFFFFFFFFFFFFFC3
:10ADA000FFFFFFFFFFFFFFFFFFFFFFFFFFFFFFFFB3
:10ADB000FFFFFFFFFFFFFFFFFFFFFFFFFFFFFFFFA3
:10ADC000FFFFFFFFFFFFFFFFFFFFFFFFFFFFFFFF93
:10ADD000FFFFFFFFFFFFFFFFFFFFFFFFFFFFFFFF83
:10ADE000FFFFFFFFFFFFFFFFFFFFFFFFFFFFFFFF73
:10ADF000FFFFFFFFFFFFFFFFFFFFFFFFFFFFFFFF63
:10AE0000FFFFFFFFFFFFFFFFFFFFFFFFFFFFFFFF52
:10AE1000FFFFFFFFFFFFFFFFFFFFFFFFFFFFFFFF42
:10AE2000FFFFFFFFFFFFFFFFFFFFFFFFFFFFFFFF32
:10AE3000FFFFFFFFFFFFFFFFFFFFFFFFFFFFFFFF22
:10AE4000FFFFFFFFFFFFFFFFFFFFFFFFFFFFFFFF12
:10AE5000FFFFFFFFFFFFFFFFFFFFFFFFFFFFFFFF02
:10AE6000FFFFFFFFFFFFFFFFFFFFFFFFFFFFFFFFF2
:10AE7000FFFFFFFFFFFFFFFFFFFFFFFFFFFFFFFFE2
:10AE8000FFFFFFFFFFFFFFFFFFFFFFFFFFFFFFFFD2
:10AE9000FFFFFFFFFFFFFFFFFFFFFFFFFFFFFFFFC2
:10AEA000FFFFFFFFFFFFFFFFFFFFFFFFFFFFFFFFB2
:10AEB000FFFFFFFFFFFFFFFFFFFFFFFFFFFFFFFFA2
:10AEC000FFFFFFFFFFFFFFFFFFFFFFFFFFFFFFFF92
:10AED000FFFFFFFFFFFFFFFFFFFFFFFFFFFFFFFF82
:10AEE000FFFFFFFFFFFFFFFFFFFFFFFFFFFFFFFF72
:10AEF000FFFFFFFFFFFFFFFFFFFFFFFFFFFFFFFF62
:10AF0000FFFFFFFFFFFFFFFFFFFFFFFFFFFFFFFF51
:10AF1000FFFFFFFFFFFFFFFFFFFFFFFFFFFFFFFF41
:10AF2000FFFFFFFFFFFFFFFFFFFFFFFFFFFFFFFF31
:10AF3000FFFFFFFFFFFFFFFFFFFFFFFFFFFFFFFF21
:10AF4000FFFFFFFFFFFFFFFFFFFFFFFFFFFFFFFF11
:10AF5000FFFFFFFFFFFFFFFFFFFFFFFFFFFFFFFF01
:10AF6000FFFFFFFFFFFFFFFFFFFFFFFFFFFFFFFFF1
:10AF7000FFFFFFFFFFFFFFFFFFFFFFFFFFFFFFFFE1
:10AF8000FFFFFFFFFFFFFFFFFFFFFFFFFFFFFFFFD1
:10AF9000FFFFFFFFFFFFFFFFFFFFFFFFFFFFFFFFC1
:10AFA000FFFFFFFFFFFFFFFFFFFFFFFFFFFFFFFFB1
:10AFB000FFFFFFFFFFFFFFFFFFFFFFFFFFFFFFFFA1
:10AFC000FFFFFFFFFFFFFFFFFFFFFFFFFFFFFFFF91
:10AFD000FFFFFFFFFFFFFFFFFFFFFFFFFFFFFFFF81
:10AFE000FFFFFFFFFFFFFFFFFFFFFFFFFFFFFFFF71
:10AFF000FFFFFFFFFFFFFFFFFFFFFFFFFFFFFFFF61
:10B00000FFFFFFFFFFFFFFFFFFFFFFFFFFFFFFFF50
:10B01000FFFFFFFFFFFFFFFFFFFFFFFFFFFFFFFF40
:10B02000FFFFFFFFFFFFFFFFFFFFFFFFFFFFFFFF30
:10B03000FFFFFFFFFFFFFFFFFFFFFFFFFFFFFFFF20
:10B04000FFFFFFFFFFFFFFFFFFFFFFFFFFFFFFFF10
:10B05000FFFFFFFFFFFFFFFFFFFFFFFFFFFFFFFF00
:10B06000FFFFFFFFFFFFFFFFFFFFFFFFFFFFFFFFF0
:10B07000FFFFFFFFFFFFFFFFFFFFFFFFFFFFFFFFE0
:10B08000FFFFFFFFFFFFFFFFFFFFFFFFFFFFFFFFD0
:10B09000FFFFFFFFFFFFFFFFFFFFFFFFFFFFFFFFC0
:10B0A000FFFFFFFFFFFFFFFFFFFFFFFFFFFFFFFFB0
:10B0B000FFFFFFFFFFFFFFFFFFFFFFFFFFFFFFFFA0
:10B0C000FFFFFFFFFFFFFFFFFFFFFFFFFFFFFFFF90
:10B0D000FFFFFFFFFFFFFFFFFFFFFFFFFFFFFFFF80
:10B0E000FFFFFFFFFFFFFFFFFFFFFFFFFFFFFFFF70
:10B0F000FFFFFFFFFFFFFFFFFFFFFFFFFFFFFFFF60
:10B10000FFFFFFFFFFFFFFFFFFFFFFFFFFFFFFFF4F
:10B11000FFFFFFFFFFFFFFFFFFFFFFFFFFFFFFFF3F
:10B12000FFFFFFFFFFFFFFFFFFFFFFFFFFFFFFFF2F
:10B13000FFFFFFFFFFFFFFFFFFFFFFFFFFFFFFFF1F
:10B14000FFFFFFFFFFFFFFFFFFFFFFFFFFFFFFFF0F
:10B15000FFFFFFFFFFFFFFFFFFFFFFFFFFFFFFFFFF
:10B16000FFFFFFFFFFFFFFFFFFFFFFFFFFFFFFFFEF
:10B17000FFFFFFFFFFFFFFFFFFFFFFFFFFFFFFFFDF
:10B18000FFFFFFFFFFFFFFFFFFFFFFFFFFFFFFFFCF
:10B19000FFFFFFFFFFFFFFFFFFFFFFFFFFFFFFFFBF
:10B1A000FFFFFFFFFFFFFFFFFFFFFFFFFFFFFFFFAF
:10B1B000FFFFFFFFFFFFFFFFFFFFFFFFFFFFFFFF9F
:10B1C000FFFFFFFFFFFFFFFFFFFFFFFFFFFFFFFF8F
:10B1D000FFFFFFFFFFFFFFFFFFFFFFFFFFFFFFFF7F
:10B1E000FFFFFFFFFFFFFFFFFFFFFFFFFFFFFFFF6F
:10B1F000FFFFFFFFFFFFFFFFFFFFFFFFFFFFFFFF5F
:10B20000FFFFFFFFFFFFFFFFFFFFFFFFFFFFFFFF4E
:10B21000FFFFFFFFFFFFFFFFFFFFFFFFFFFFFFFF3E
:10B22000FFFFFFFFFFFFFFFFFFFFFFFFFFFFFFFF2E
:10B23000FFFFFFFFFFFFFFFFFFFFFFFFFFFFFFFF1E
:10B24000FFFFFFFFFFFFFFFFFFFFFFFFFFFFFFFF0E
:10B25000FFFFFFFFFFFFFFFFFFFFFFFFFFFFFFFFFE
:10B26000FFFFFFFFFFFFFFFFFFFFFFFFFFFFFFFFEE
:10B27000FFFFFFFFFFFFFFFFFFFFFFFFFFFFFFFFDE
:10B28000FFFFFFFFFFFFFFFFFFFFFFFFFFFFFFFFCE
:10B29000FFFFFFFFFFFFFFFFFFFFFFFFFFFFFFFFBE
:10B2A000FFFFFFFFFFFFFFFFFFFFFFFFFFFFFFFFAE
:10B2B000FFFFFFFFFFFFFFFFFFFFFFFFFFFFFFFF9E
:10B2C000FFFFFFFFFFFFFFFFFFFFFFFFFFFFFFFF8E
:10B2D000FFFFFFFFFFFFFFFFFFFFFFFFFFFFFFFF7E
:10B2E000FFFFFFFFFFFFFFFFFFFFFFFFFFFFFFFF6E
:10B2F000FFFFFFFFFFFFFFFFFFFFFFFFFFFFFFFF5E
:10B30000FFFFFFFFFFFFFFFFFFFFFFFFFFFFFFFF4D
:10B31000FFFFFFFFFFFFFFFFFFFFFFFFFFFFFFFF3D
:10B32000FFFFFFFFFFFFFFFFFFFFFFFFFFFFFFFF2D
:10B33000FFFFFFFFFFFFFFFFFFFFFFFFFFFFFFFF1D
:10B34000FFFFFFFFFFFFFFFFFFFFFFFFFFFFFFFF0D
:10B35000FFFFFFFFFFFFFFFFFFFFFFFFFFFFFFFFFD
:10B36000FFFFFFFFFFFFFFFFFFFFFFFFFFFFFFFFED
:10B37000FFFFFFFFFFFFFFFFFFFFFFFFFFFFFFFFDD
:10B38000FFFFFFFFFFFFFFFFFFFFFFFFFFFFFFFFCD
:10B39000FFFFFFFFFFFFFFFFFFFFFFFFFFFFFFFFBD
:10B3A000FFFFFFFFFFFFFFFFFFFFFFFFFFFFFFFFAD
:10B3B000FFFFFFFFFFFFFFFFFFFFFFFFFFFFFFFF9D
:10B3C000FFFFFFFFFFFFFFFFFFFFFFFFFFFFFFFF8D
:10B3D000FFFFFFFFFFFFFFFFFFFFFFFFFFFFFFFF7D
:10B3E000FFFFFFFFFFFFFFFFFFFFFFFFFFFFFFFF6D
:10B3F000FFFFFFFFFFFFFFFFFFFFFFFFFFFFFFFF5D
:10B40000FFFFFFFFFFFFFFFFFFFFFFFFFFFFFFFF4C
:10B41000FFFFFFFFFFFFFFFFFFFFFFFFFFFFFFFF3C
:10B42000FFFFFFFFFFFFFFFFFFFFFFFFFFFFFFFF2C
:10B43000FFFFFFFFFFFFFFFFFFFFFFFFFFFFFFFF1C
:10B44000FFFFFFFFFFFFFFFFFFFFFFFFFFFFFFFF0C
:10B45000FFFFFFFFFFFFFFFFFFFFFFFFFFFFFFFFFC
:10B46000FFFFFFFFFFFFFFFFFFFFFFFFFFFFFFFFEC
:10B47000FFFFFFFFFFFFFFFFFFFFFFFFFFFFFFFFDC
:10B48000FFFFFFFFFFFFFFFFFFFFFFFFFFFFFFFFCC
:10B49000FFFFFFFFFFFFFFFFFFFFFFFFFFFFFFFFBC
:10B4A000FFFFFFFFFFFFFFFFFFFFFFFFFFFFFFFFAC
:10B4B000FFFFFFFFFFFFFFFFFFFFFFFFFFFFFFFF9C
:10B4C000FFFFFFFFFFFFFFFFFFFFFFFFFFFFFFFF8C
:10B4D000FFFFFFFFFFFFFFFFFFFFFFFFFFFFFFFF7C
:10B4E000FFFFFFFFFFFFFFFFFFFFFFFFFFFFFFFF6C
:10B4F000FFFFFFFFFFFFFFFFFFFFFFFFFFFFFFFF5C
:10B50000FFFFFFFFFFFFFFFFFFFFFFFFFFFFFFFF4B
:10B51000FFFFFFFFFFFFFFFFFFFFFFFFFFFFFFFF3B
:10B52000FFFFFFFFFFFFFFFFFFFFFFFFFFFFFFFF2B
:10B53000FFFFFFFFFFFFFFFFFFFFFFFFFFFFFFFF1B
:10B54000FFFFFFFFFFFFFFFFFFFFFFFFFFFFFFFF0B
:10B55000FFFFFFFFFFFFFFFFFFFFFFFFFFFFFFFFFB
:10B56000FFFFFFFFFFFFFFFFFFFFFFFFFFFFFFFFEB
:10B57000FFFFFFFFFFFFFFFFFFFFFFFFFFFFFFFFDB
:10B58000FFFFFFFFFFFFFFFFFFFFFFFFFFFFFFFFCB
:10B59000FFFFFFFFFFFFFFFFFFFFFFFFFFFFFFFFBB
:10B5A000FFFFFFFFFFFFFFFFFFFFFFFFFFFFFFFFAB
:10B5B000FFFFFFFFFFFFFFFFFFFFFFFFFFFFFFFF9B
:10B5C000FFFFFFFFFFFFFFFFFFFFFFFFFFFFFFFF8B
:10B5D000FFFFFFFFFFFFFFFFFFFFFFFFFFFFFFFF7B
:10B5E000FFFFFFFFFFFFFFFFFFFFFFFFFFFFFFFF6B
:10B5F000FFFFFFFFFFFFFFFFFFFFFFFFFFFFFFFF5B
:10B60000FFFFFFFFFFFFFFFFFFFFFFFFFFFFFFFF4A
:10B61000FFFFFFFFFFFFFFFFFFFFFFFFFFFFFFFF3A
:10B62000FFFFFFFFFFFFFFFFFFFFFFFFFFFFFFFF2A
:10B63000FFFFFFFFFFFFFFFFFFFFFFFFFFFFFFFF1A
:10B64000FFFFFFFFFFFFFFFFFFFFFFFFFFFFFFFF0A
:10B65000FFFFFFFFFFFFFFFFFFFFFFFFFFFFFFFFFA
:10B66000FFFFFFFFFFFFFFFFFFFFFFFFFFFFFFFFEA
:10B67000FFFFFFFFFFFFFFFFFFFFFFFFFFFFFFFFDA
:10B68000FFFFFFFFFFFFFFFFFFFFFFFFFFFFFFFFCA
:10B69000FFFFFFFFFFFFFFFFFFFFFFFFFFFFFFFFBA
:10B6A000FFFFFFFFFFFFFFFFFFFFFFFFFFFFFFFFAA
:10B6B000FFFFFFFFFFFFFFFFFFFFFFFFFFFFFFFF9A
:10B6C000FFFFFFFFFFFFFFFFFFFFFFFFFFFFFFFF8A
:10B6D000FFFFFFFFFFFFFFFFFFFFFFFFFFFFFFFF7A
:10B6E000FFFFFFFFFFFFFFFFFFFFFFFFFFFFFFFF6A
:10B6F000FFFFFFFFFFFFFFFFFFFFFFFFFFFFFFFF5A
:10B70000FFFFFFFFFFFFFFFFFFFFFFFFFFFFFFFF49
:10B71000FFFFFFFFFFFFFFFFFFFFFFFFFFFFFFFF39
:10B72000FFFFFFFFFFFFFFFFFFFFFFFFFFFFFFFF29
:10B73000FFFFFFFFFFFFFFFFFFFFFFFFFFFFFFFF19
:10B74000FFFFFFFFFFFFFFFFFFFFFFFFFFFFFFFF09
:10B75000FFFFFFFFFFFFFFFFFFFFFFFFFFFFFFFFF9
:10B76000FFFFFFFFFFFFFFFFFFFFFFFFFFFFFFFFE9
:10B77000FFFFFFFFFFFFFFFFFFFFFFFFFFFFFFFFD9
:10B78000FFFFFFFFFFFFFFFFFFFFFFFFFFFFFFFFC9
:10B79000FFFFFFFFFFFFFFFFFFFFFFFFFFFFFFFFB9
:10B7A000FFFFFFFFFFFFFFFFFFFFFFFFFFFFFFFFA9
:10B7B000FFFFFFFFFFFFFFFFFFFFFFFFFFFFFFFF99
:10B7C000FFFFFFFFFFFFFFFFFFFFFFFFFFFFFFFF89
:10B7D000FFFFFFFFFFFFFFFFFFFFFFFFFFFFFFFF79
:10B7E000FFFFFFFFFFFFFFFFFFFFFFFFFFFFFFFF69
:10B7F000FFFFFFFFFFFFFFFFFFFFFFFFFFFFFFFF59
:10B80000FFFFFFFFFFFFFFFFFFFFFFFFFFFFFFFF48
:10B81000FFFFFFFFFFFFFFFFFFFFFFFFFFFFFFFF38
:10B82000FFFFFFFFFFFFFFFFFFFFFFFFFFFFFFFF28
:10B83000FFFFFFFFFFFFFFFFFFFFFFFFFFFFFFFF18
:10B84000FFFFFFFFFFFFFFFFFFFFFFFFFFFFFFFF08
:10B85000FFFFFFFFFFFFFFFFFFFFFFFFFFFFFFFFF8
:10B86000FFFFFFFFFFFFFFFFFFFFFFFFFFFFFFFFE8
:10B87000FFFFFFFFFFFFFFFFFFFFFFFFFFFFFFFFD8
:10B88000FFFFFFFFFFFFFFFFFFFFFFFFFFFFFFFFC8
:10B89000FFFFFFFFFFFFFFFFFFFFFFFFFFFFFFFFB8
:10B8A000FFFFFFFFFFFFFFFFFFFFFFFFFFFFFFFFA8
:10B8B000FFFFFFFFFFFFFFFFFFFFFFFFFFFFFFFF98
:10B8C000FFFFFFFFFFFFFFFFFFFFFFFFFFFFFFFF88
:10B8D000FFFFFFFFFFFFFFFFFFFFFFFFFFFFFFFF78
:10B8E000FFFFFFFFFFFFFFFFFFFFFFFFFFFFFFFF68
:10B8F000FFFFFFFFFFFFFFFFFFFFFFFFFFFFFFFF58
:10B90000FFFFFFFFFFFFFFFFFFFFFFFFFFFFFFFF47
:10B91000FFFFFFFFFFFFFFFFFFFFFFFFFFFFFFFF37
:10B92000FFFFFFFFFFFFFFFFFFFFFFFFFFFFFFFF27
:10B93000FFFFFFFFFFFFFFFFFFFFFFFFFFFFFFFF17
:10B94000FFFFFFFFFFFFFFFFFFFFFFFFFFFFFFFF07
:10B95000FFFFFFFFFFFFFFFFFFFFFFFFFFFFFFFFF7
:10B96000FFFFFFFFFFFFFFFFFFFFFFFFFFFFFFFFE7
:10B97000FFFFFFFFFFFFFFFFFFFFFFFFFFFFFFFFD7
:10B98000FFFFFFFFFFFFFFFFFFFFFFFFFFFFFFFFC7
:10B99000FFFFFFFFFFFFFFFFFFFFFFFFFFFFFFFFB7
:10B9A000FFFFFFFFFFFFFFFFFFFFFFFFFFFFFFFFA7
:10B9B000FFFFFFFFFFFFFFFFFFFFFFFFFFFFFFFF97
:10B9C000FFFFFFFFFFFFFFFFFFFFFFFFFFFFFFFF87
:10B9D000FFFFFFFFFFFFFFFFFFFFFFFFFFFFFFFF77
:10B9E000FFFFFFFFFFFFFFFFFFFFFFFFFFFFFFFF67
:10B9F000FFFFFFFFFFFFFFFFFFFFFFFFFFFFFFFF57
:10BA0000FFFFFFFFFFFFFFFFFFFFFFFFFFFFFFFF46
:10BA1000FFFFFFFFFFFFFFFFFFFFFFFFFFFFFFFF36
:10BA2000FFFFFFFFFFFFFFFFFFFFFFFFFFFFFFFF26
:10BA3000FFFFFFFFFFFFFFFFFFFFFFFFFFFFFFFF16
:10BA4000FFFFFFFFFFFFFFFFFFFFFFFFFFFFFFFF06
:10BA5000FFFFFFFFFFFFFFFFFFFFFFFFFFFFFFFFF6
:10BA6000FFFFFFFFFFFFFFFFFFFFFFFFFFFFFFFFE6
:10BA7000FFFFFFFFFFFFFFFFFFFFFFFFFFFFFFFFD6
:10BA8000FFFFFFFFFFFFFFFFFFFFFFFFFFFFFFFFC6
:10BA9000FFFFFFFFFFFFFFFFFFFFFFFFFFFFFFFFB6
:10BAA000FFFFFFFFFFFFFFFFFFFFFFFFFFFFFFFFA6
:10BAB000FFFFFFFFFFFFFFFFFFFFFFFFFFFFFFFF96
:10BAC000FFFFFFFFFFFFFFFFFFFFFFFFFFFFFFFF86
:10BAD000FFFFFFFFFFFFFFFFFFFFFFFFFFFFFFFF76
:10BAE000FFFFFFFFFFFFFFFFFFFFFFFFFFFFFFFF66
:10BAF000FFFFFFFFFFFFFFFFFFFFFFFFFFFFFFFF56
:10BB0000FFFFFFFFFFFFFFFFFFFFFFFFFFFFFFFF45
:10BB1000FFFFFFFFFFFFFFFFFFFFFFFFFFFFFFFF35
:10BB2000FFFFFFFFFFFFFFFFFFFFFFFFFFFFFFFF25
:10BB3000FFFFFFFFFFFFFFFFFFFFFFFFFFFFFFFF15
:10BB4000FFFFFFFFFFFFFFFFFFFFFFFFFFFFFFFF05
:10BB5000FFFFFFFFFFFFFFFFFFFFFFFFFFFFFFFFF5
:10BB6000FFFFFFFFFFFFFFFFFFFFFFFFFFFFFFFFE5
:10BB7000FFFFFFFFFFFFFFFFFFFFFFFFFFFFFFFFD5
:10BB8000FFFFFFFFFFFFFFFFFFFFFFFFFFFFFFFFC5
:10BB9000FFFFFFFFFFFFFFFFFFFFFFFFFFFFFFFFB5
:10BBA000FFFFFFFFFFFFFFFFFFFFFFFFFFFFFFFFA5
:10BBB000FFFFFFFFFFFFFFFFFFFFFFFFFFFFFFFF95
:10BBC000FFFFFFFFFFFFFFFFFFFFFFFFFFFFFFFF85
:10BBD000FFFFFFFFFFFFFFFFFFFFFFFFFFFFFFFF75
:10BBE000FFFFFFFFFFFFFFFFFFFFFFFFFFFFFFFF65
:10BBF000FFFFFFFFFFFFFFFFFFFFFFFFFFFFFFFF55
:10BC0000FFFFFFFFFFFFFFFFFFFFFFFFFFFFFFFF44
:10BC1000FFFFFFFFFFFFFFFFFFFFFFFFFFFFFFFF34
:10BC2000FFFFFFFFFFFFFFFFFFFFFFFFFFFFFFFF24
:10BC3000FFFFFFFFFFFFFFFFFFFFFFFFFFFFFFFF14
:10BC4000FFFFFFFFFFFFFFFFFFFFFFFFFFFFFFFF04
:10BC5000FFFFFFFFFFFFFFFFFFFFFFFFFFFFFFFFF4
:10BC6000FFFFFFFFFFFFFFFFFFFFFFFFFFFFFFFFE4
:10BC7000FFFFFFFFFFFFFFFFFFFFFFFFFFFFFFFFD4
:10BC8000FFFFFFFFFFFFFFFFFFFFFFFFFFFFFFFFC4
:10BC9000FFFFFFFFFFFFFFFFFFFFFFFFFFFFFFFFB4
:10BCA000FFFFFFFFFFFFFFFFFFFFFFFFFFFFFFFFA4
:10BCB000FFFFFFFFFFFFFFFFFFFFFFFFFFFFFFFF94
:10BCC000FFFFFFFFFFFFFFFFFFFFFFFFFFFFFFFF84
:10BCD000FFFFFFFFFFFFFFFFFFFFFFFFFFFFFFFF74
:10BCE000FFFFFFFFFFFFFFFFFFFFFFFFFFFFFFFF64
:10BCF000FFFFFFFFFFFFFFFFFFFFFFFFFFFFFFFF54
:10BD0000FFFFFFFFFFFFFFFFFFFFFFFFFFFFFFFF43
:10BD1000FFFFFFFFFFFFFFFFFFFFFFFFFFFFFFFF33
:10BD2000FFFFFFFFFFFFFFFFFFFFFFFFFFFFFFFF23
:10BD3000FFFFFFFFFFFFFFFFFFFFFFFFFFFFFFFF13
:10BD4000FFFFFFFFFFFFFFFFFFFFFFFFFFFFFFFF03
:10BD5000FFFFFFFFFFFFFFFFFFFFFFFFFFFFFFFFF3
:10BD6000FFFFFFFFFFFFFFFFFFFFFFFFFFFFFFFFE3
:10BD7000FFFFFFFFFFFFFFFFFFFFFFFFFFFFFFFFD3
:10BD8000FFFFFFFFFFFFFFFFFFFFFFFFFFFFFFFFC3
:10BD9000FFFFFFFFFFFFFFFFFFFFFFFFFFFFFFFFB3
:10BDA000FFFFFFFFFFFFFFFFFFFFFFFFFFFFFFFFA3
:10BDB000FFFFFFFFFFFFFFFFFFFFFFFFFFFFFFFF93
:10BDC000FFFFFFFFFFFFFFFFFFFFFFFFFFFFFFFF83
:10BDD000FFFFFFFFFFFFFFFFFFFFFFFFFFFFFFFF73
:10BDE000FFFFFFFFFFFFFFFFFFFFFFFFFFFFFFFF63
:10BDF000FFFFFFFFFFFFFFFFFFFFFFFFFFFFFFFF53
:10BE0000FFFFFFFFFFFFFFFFFFFFFFFFFFFFFFFF42
:10BE1000FFFFFFFFFFFFFFFFFFFFFFFFFFFFFFFF32
:10BE2000FFFFFFFFFFFFFFFFFFFFFFFFFFFFFFFF22
:10BE3000FFFFFFFFFFFFFFFFFFFFFFFFFFFFFFFF12
:10BE4000FFFFFFFFFFFFFFFFFFFFFFFFFFFFFFFF02
:10BE5000FFFFFFFFFFFFFFFFFFFFFFFFFFFFFFFFF2
:10BE6000FFFFFFFFFFFFFFFFFFFFFFFFFFFFFFFFE2
:10BE7000FFFFFFFFFFFFFFFFFFFFFFFFFFFFFFFFD2
:10BE8000FFFFFFFFFFFFFFFFFFFFFFFFFFFFFFFFC2
:10BE9000FFFFFFFFFFFFFFFFFFFFFFFFFFFFFFFFB2
:10BEA000FFFFFFFFFFFFFFFFFFFFFFFFFFFFFFFFA2
:10BEB000FFFFFFFFFFFFFFFFFFFFFFFFFFFFFFFF92
:10BEC000FFFFFFFFFFFFFFFFFFFFFFFFFFFFFFFF82
:10BED000FFFFFFFFFFFFFFFFFFFFFFFFFFFFFFFF72
:10BEE000FFFFFFFFFFFFFFFFFFFFFFFFFFFFFFFF62
:10BEF000FFFFFFFFFFFFFFFFFFFFFFFFFFFFFFFF52
:10BF0000FFFFFFFFFFFFFFFFFFFFFFFFFFFFFFFF41
:10BF1000FFFFFFFFFFFFFFFFFFFFFFFFFFFFFFFF31
:10BF2000FFFFFFFFFFFFFFFFFFFFFFFFFFFFFFFF21
:10BF3000FFFFFFFFFFFFFFFFFFFFFFFFFFFFFFFF11
:10BF4000FFFFFFFFFFFFFFFFFFFFFFFFFFFFFFFF01
:10BF5000FFFFFFFFFFFFFFFFFFFFFFFFFFFFFFFFF1
:10BF6000FFFFFFFFFFFFFFFFFFFFFFFFFFFFFFFFE1
:10BF7000FFFFFFFFFFFFFFFFFFFFFFFFFFFFFFFFD1
:10BF8000FFFFFFFFFFFFFFFFFFFFFFFFFFFFFFFFC1
:10BF9000FFFFFFFFFFFFFFFFFFFFFFFFFFFFFFFFB1
:10BFA000FFFFFFFFFFFFFFFFFFFFFFFFFFFFFFFFA1
:10BFB000FFFFFFFFFFFFFFFFFFFFFFFFFFFFFFFF91
:10BFC000FFFFFFFFFFFFFFFFFFFFFFFFFFFFFFFF81
:10BFD000FFFFFFFFFFFFFFFFFFFFFFFFFFFFFFFF71
:10BFE000FFFFFFFFFFFFFFFFFFFFFFFFFFFFFFFF61
:10BFF000FFFFFFFFFFFFFFFFFFFFFFFFFFFFFFFF51
:10C00000FFFFFFFFFFFFFFFFFFFFFFFFFFFFFFFF40
:10C01000FFFFFFFFFFFFFFFFFFFFFFFFFFFFFFFF30
:10C02000FFFFFFFFFFFFFFFFFFFFFFFFFFFFFFFF20
:10C03000FFFFFFFFFFFFFFFFFFFFFFFFFFFFFFFF10
:10C04000FFFFFFFFFFFFFFFFFFFFFFFFFFFFFFFF00
:10C05000FFFFFFFFFFFFFFFFFFFFFFFFFFFFFFFFF0
:10C06000FFFFFFFFFFFFFFFFFFFFFFFFFFFFFFFFE0
:10C07000FFFFFFFFFFFFFFFFFFFFFFFFFFFFFFFFD0
:10C08000FFFFFFFFFFFFFFFFFFFFFFFFFFFFFFFFC0
:10C09000FFFFFFFFFFFFFFFFFFFFFFFFFFFFFFFFB0
:10C0A000FFFFFFFFFFFFFFFFFFFFFFFFFFFFFFFFA0
:10C0B000FFFFFFFFFFFFFFFFFFFFFFFFFFFFFFFF90
:10C0C000FFFFFFFFFFFFFFFFFFFFFFFFFFFFFFFF80
:10C0D000FFFFFFFFFFFFFFFFFFFFFFFFFFFFFFFF70
:10C0E000FFFFFFFFFFFFFFFFFFFFFFFFFFFFFFFF60
:10C0F000FFFFFFFFFFFFFFFFFFFFFFFFFFFFFFFF50
:10C10000FFFFFFFFFFFFFFFFFFFFFFFFFFFFFFFF3F
:10C11000FFFFFFFFFFFFFFFFFFFFFFFFFFFFFFFF2F
:10C12000FFFFFFFFFFFFFFFFFFFFFFFFFFFFFFFF1F
:10C13000FFFFFFFFFFFFFFFFFFFFFFFFFFFFFFFF0F
:10C14000FFFFFFFFFFFFFFFFFFFFFFFFFFFFFFFFFF
:10C15000FFFFFFFFFFFFFFFFFFFFFFFFFFFFFFFFEF
:10C16000FFFFFFFFFFFFFFFFFFFFFFFFFFFFFFFFDF
:10C17000FFFFFFFFFFFFFFFFFFFFFFFFFFFFFFFFCF
:10C18000FFFFFFFFFFFFFFFFFFFFFFFFFFFFFFFFBF
:10C19000FFFFFFFFFFFFFFFFFFFFFFFFFFFFFFFFAF
:10C1A000FFFFFFFFFFFFFFFFFFFFFFFFFFFFFFFF9F
:10C1B000FFFFFFFFFFFFFFFFFFFFFFFFFFFFFFFF8F
:10C1C000FFFFFFFFFFFFFFFFFFFFFFFFFFFFFFFF7F
:10C1D000FFFFFFFFFFFFFFFFFFFFFFFFFFFFFFFF6F
:10C1E000FFFFFFFFFFFFFFFFFFFFFFFFFFFFFFFF5F
:10C1F000FFFFFFFFFFFFFFFFFFFFFFFFFFFFFFFF4F
:10C20000FFFFFFFFFFFFFFFFFFFFFFFFFFFFFFFF3E
:10C21000FFFFFFFFFFFFFFFFFFFFFFFFFFFFFFFF2E
:10C22000FFFFFFFFFFFFFFFFFFFFFFFFFFFFFFFF1E
:10C23000FFFFFFFFFFFFFFFFFFFFFFFFFFFFFFFF0E
:10C24000FFFFFFFFFFFFFFFFFFFFFFFFFFFFFFFFFE
:10C25000FFFFFFFFFFFFFFFFFFFFFFFFFFFFFFFFEE
:10C26000FFFFFFFFFFFFFFFFFFFFFFFFFFFFFFFFDE
:10C27000FFFFFFFFFFFFFFFFFFFFFFFFFFFFFFFFCE
:10C28000FFFFFFFFFFFFFFFFFFFFFFFFFFFFFFFFBE
:10C29000FFFFFFFFFFFFFFFFFFFFFFFFFFFFFFFFAE
:10C2A000FFFFFFFFFFFFFFFFFFFFFFFFFFFFFFFF9E
:10C2B000FFFFFFFFFFFFFFFFFFFFFFFFFFFFFFFF8E
:10C2C000FFFFFFFFFFFFFFFFFFFFFFFFFFFFFFFF7E
:10C2D000FFFFFFFFFFFFFFFFFFFFFFFFFFFFFFFF6E
:10C2E000FFFFFFFFFFFFFFFFFFFFFFFFFFFFFFFF5E
:10C2F000FFFFFFFFFFFFFFFFFFFFFFFFFFFFFFFF4E
:10C30000FFFFFFFFFFFFFFFFFFFFFFFFFFFFFFFF3D
:10C31000FFFFFFFFFFFFFFFFFFFFFFFFFFFFFFFF2D
:10C32000FFFFFFFFFFFFFFFFFFFFFFFFFFFFFFFF1D
:10C33000FFFFFFFFFFFFFFFFFFFFFFFFFFFFFFFF0D
:10C34000FFFFFFFFFFFFFFFFFFFFFFFFFFFFFFFFFD
:10C35000FFFFFFFFFFFFFFFFFFFFFFFFFFFFFFFFED
:10C36000FFFFFFFFFFFFFFFFFFFFFFFFFFFFFFFFDD
:10C37000FFFFFFFFFFFFFFFFFFFFFFFFFFFFFFFFCD
:10C38000FFFFFFFFFFFFFFFFFFFFFFFFFFFFFFFFBD
:10C39000FFFFFFFFFFFFFFFFFFFFFFFFFFFFFFFFAD
:10C3A000FFFFFFFFFFFFFFFFFFFFFFFFFFFFFFFF9D
:10C3B000FFFFFFFFFFFFFFFFFFFFFFFFFFFFFFFF8D
:10C3C000FFFFFFFFFFFFFFFFFFFFFFFFFFFFFFFF7D
:10C3D000FFFFFFFFFFFFFFFFFFFFFFFFFFFFFFFF6D
:10C3E000FFFFFFFFFFFFFFFFFFFFFFFFFFFFFFFF5D
:10C3F000FFFFFFFFFFFFFFFFFFFFFFFFFFFFFFFF4D
:10C40000FFFFFFFFFFFFFFFFFFFFFFFFFFFFFFFF3C
:10C41000FFFFFFFFFFFFFFFFFFFFFFFFFFFFFFFF2C
:10C42000FFFFFFFFFFFFFFFFFFFFFFFFFFFFFFFF1C
:10C43000FFFFFFFFFFFFFFFFFFFFFFFFFFFFFFFF0C
:10C44000FFFFFFFFFFFFFFFFFFFFFFFFFFFFFFFFFC
:10C45000FFFFFFFFFFFFFFFFFFFFFFFFFFFFFFFFEC
:10C46000FFFFFFFFFFFFFFFFFFFFFFFFFFFFFFFFDC
:10C47000FFFFFFFFFFFFFFFFFFFFFFFFFFFFFFFFCC
:10C48000FFFFFFFFFFFFFFFFFFFFFFFFFFFFFFFFBC
:10C49000FFFFFFFFFFFFFFFFFFFFFFFFFFFFFFFFAC
:10C4A000FFFFFFFFFFFFFFFFFFFFFFFFFFFFFFFF9C
:10C4B000FFFFFFFFFFFFFFFFFFFFFFFFFFFFFFFF8C
:10C4C000FFFFFFFFFFFFFFFFFFFFFFFFFFFFFFFF7C
:10C4D000FFFFFFFFFFFFFFFFFFFFFFFFFFFFFFFF6C
:10C4E000FFFFFFFFFFFFFFFFFFFFFFFFFFFFFFFF5C
:10C4F000FFFFFFFFFFFFFFFFFFFFFFFFFFFFFFFF4C
:10C50000FFFFFFFFFFFFFFFFFFFFFFFFFFFFFFFF3B
:10C51000FFFFFFFFFFFFFFFFFFFFFFFFFFFFFFFF2B
:10C52000FFFFFFFFFFFFFFFFFFFFFFFFFFFFFFFF1B
:10C53000FFFFFFFFFFFFFFFFFFFFFFFFFFFFFFFF0B
:10C54000FFFFFFFFFFFFFFFFFFFFFFFFFFFFFFFFFB
:10C55000FFFFFFFFFFFFFFFFFFFFFFFFFFFFFFFFEB
:10C56000FFFFFFFFFFFFFFFFFFFFFFFFFFFFFFFFDB
:10C57000FFFFFFFFFFFFFFFFFFFFFFFFFFFFFFFFCB
:10C58000FFFFFFFFFFFFFFFFFFFFFFFFFFFFFFFFBB
:10C59000FFFFFFFFFFFFFFFFFFFFFFFFFFFFFFFFAB
:10C5A000FFFFFFFFFFFFFFFFFFFFFFFFFFFFFFFF9B
:10C5B000FFFFFFFFFFFFFFFFFFFFFFFFFFFFFFFF8B
:10C5C000FFFFFFFFFFFFFFFFFFFFFFFFFFFFFFFF7B
:10C5D000FFFFFFFFFFFFFFFFFFFFFFFFFFFFFFFF6B
:10C5E000FFFFFFFFFFFFFFFFFFFFFFFFFFFFFFFF5B
:10C5F000FFFFFFFFFFFFFFFFFFFFFFFFFFFFFFFF4B
:10C60000FFFFFFFFFFFFFFFFFFFFFFFFFFFFFFFF3A
:10C61000FFFFFFFFFFFFFFFFFFFFFFFFFFFFFFFF2A
:10C62000FFFFFFFFFFFFFFFFFFFFFFFFFFFFFFFF1A
:10C63000FFFFFFFFFFFFFFFFFFFFFFFFFFFFFFFF0A
:10C64000FFFFFFFFFFFFFFFFFFFFFFFFFFFFFFFFFA
:10C65000FFFFFFFFFFFFFFFFFFFFFFFFFFFFFFFFEA
:10C66000FFFFFFFFFFFFFFFFFFFFFFFFFFFFFFFFDA
:10C67000FFFFFFFFFFFFFFFFFFFFFFFFFFFFFFFFCA
:10C68000FFFFFFFFFFFFFFFFFFFFFFFFFFFFFFFFBA
:10C69000FFFFFFFFFFFFFFFFFFFFFFFFFFFFFFFFAA
:10C6A000FFFFFFFFFFFFFFFFFFFFFFFFFFFFFFFF9A
:10C6B000FFFFFFFFFFFFFFFFFFFFFFFFFFFFFFFF8A
:10C6C000FFFFFFFFFFFFFFFFFFFFFFFFFFFFFFFF7A
:10C6D000FFFFFFFFFFFFFFFFFFFFFFFFFFFFFFFF6A
:10C6E000FFFFFFFFFFFFFFFFFFFFFFFFFFFFFFFF5A
:10C6F000FFFFFFFFFFFFFFFFFFFFFFFFFFFFFFFF4A
:10C70000FFFFFFFFFFFFFFFFFFFFFFFFFFFFFFFF39
:10C71000FFFFFFFFFFFFFFFFFFFFFFFFFFFFFFFF29
:10C72000FFFFFFFFFFFFFFFFFFFFFFFFFFFFFFFF19
:10C73000FFFFFFFFFFFFFFFFFFFFFFFFFFFFFFFF09
:10C74000FFFFFFFFFFFFFFFFFFFFFFFFFFFFFFFFF9
:10C75000FFFFFFFFFFFFFFFFFFFFFFFFFFFFFFFFE9
:10C76000FFFFFFFFFFFFFFFFFFFFFFFFFFFFFFFFD9
:10C77000FFFFFFFFFFFFFFFFFFFFFFFFFFFFFFFFC9
:10C78000FFFFFFFFFFFFFFFFFFFFFFFFFFFFFFFFB9
:10C79000FFFFFFFFFFFFFFFFFFFFFFFFFFFFFFFFA9
:10C7A000FFFFFFFFFFFFFFFFFFFFFFFFFFFFFFFF99
:10C7B000FFFFFFFFFFFFFFFFFFFFFFFFFFFFFFFF89
:10C7C000FFFFFFFFFFFFFFFFFFFFFFFFFFFFFFFF79
:10C7D000FFFFFFFFFFFFFFFFFFFFFFFFFFFFFFFF69
:10C7E000FFFFFFFFFFFFFFFFFFFFFFFFFFFFFFFF59
:10C7F000FFFFFFFFFFFFFFFFFFFFFFFFFFFFFFFF49
:10C80000FFFFFFFFFFFFFFFFFFFFFFFFFFFFFFFF38
:10C81000FFFFFFFFFFFFFFFFFFFFFFFFFFFFFFFF28
:10C82000FFFFFFFFFFFFFFFFFFFFFFFFFFFFFFFF18
:10C83000FFFFFFFFFFFFFFFFFFFFFFFFFFFFFFFF08
:10C84000FFFFFFFFFFFFFFFFFFFFFFFFFFFFFFFFF8
:10C85000FFFFFFFFFFFFFFFFFFFFFFFFFFFFFFFFE8
:10C86000FFFFFFFFFFFFFFFFFFFFFFFFFFFFFFFFD8
:10C87000FFFFFFFFFFFFFFFFFFFFFFFFFFFFFFFFC8
:10C88000FFFFFFFFFFFFFFFFFFFFFFFFFFFFFFFFB8
:10C89000FFFFFFFFFFFFFFFFFFFFFFFFFFFFFFFFA8
:10C8A000FFFFFFFFFFFFFFFFFFFFFFFFFFFFFFFF98
:10C8B000FFFFFFFFFFFFFFFFFFFFFFFFFFFFFFFF88
:10C8C000FFFFFFFFFFFFFFFFFFFFFFFFFFFFFFFF78
:10C8D000FFFFFFFFFFFFFFFFFFFFFFFFFFFFFFFF68
:10C8E000FFFFFFFFFFFFFFFFFFFFFFFFFFFFFFFF58
:10C8F000FFFFFFFFFFFFFFFFFFFFFFFFFFFFFFFF48
:10C90000FFFFFFFFFFFFFFFFFFFFFFFFFFFFFFFF37
:10C91000FFFFFFFFFFFFFFFFFFFFFFFFFFFFFFFF27
:10C92000FFFFFFFFFFFFFFFFFFFFFFFFFFFFFFFF17
:10C93000FFFFFFFFFFFFFFFFFFFFFFFFFFFFFFFF07
:10C94000FFFFFFFFFFFFFFFFFFFFFFFFFFFFFFFFF7
:10C95000FFFFFFFFFFFFFFFFFFFFFFFFFFFFFFFFE7
:10C96000FFFFFFFFFFFFFFFFFFFFFFFFFFFFFFFFD7
:10C97000FFFFFFFFFFFFFFFFFFFFFFFFFFFFFFFFC7
:10C98000FFFFFFFFFFFFFFFFFFFFFFFFFFFFFFFFB7
:10C99000FFFFFFFFFFFFFFFFFFFFFFFFFFFFFFFFA7
:10C9A000FFFFFFFFFFFFFFFFFFFFFFFFFFFFFFFF97
:10C9B000FFFFFFFFFFFFFFFFFFFFFFFFFFFFFFFF87
:10C9C000FFFFFFFFFFFFFFFFFFFFFFFFFFFFFFFF77
:10C9D000FFFFFFFFFFFFFFFFFFFFFFFFFFFFFFFF67
:10C9E000FFFFFFFFFFFFFFFFFFFFFFFFFFFFFFFF57
:10C9F000FFFFFFFFFFFFFFFFFFFFFFFFFFFFFFFF47
:10CA0000FFFFFFFFFFFFFFFFFFFFFFFFFFFFFFFF36
:10CA1000FFFFFFFFFFFFFFFFFFFFFFFFFFFFFFFF26
:10CA2000FFFFFFFFFFFFFFFFFFFFFFFFFFFFFFFF16
:10CA3000FFFFFFFFFFFFFFFFFFFFFFFFFFFFFFFF06
:10CA4000FFFFFFFFFFFFFFFFFFFFFFFFFFFFFFFFF6
:10CA5000FFFFFFFFFFFFFFFFFFFFFFFFFFFFFFFFE6
:10CA6000FFFFFFFFFFFFFFFFFFFFFFFFFFFFFFFFD6
:10CA7000FFFFFFFFFFFFFFFFFFFFFFFFFFFFFFFFC6
:10CA8000FFFFFFFFFFFFFFFFFFFFFFFFFFFFFFFFB6
:10CA9000FFFFFFFFFFFFFFFFFFFFFFFFFFFFFFFFA6
:10CAA000FFFFFFFFFFFFFFFFFFFFFFFFFFFFFFFF96
:10CAB000FFFFFFFFFFFFFFFFFFFFFFFFFFFFFFFF86
:10CAC000FFFFFFFFFFFFFFFFFFFFFFFFFFFFFFFF76
:10CAD000FFFFFFFFFFFFFFFFFFFFFFFFFFFFFFFF66
:10CAE000FFFFFFFFFFFFFFFFFFFFFFFFFFFFFFFF56
:10CAF000FFFFFFFFFFFFFFFFFFFFFFFFFFFFFFFF46
:10CB0000FFFFFFFFFFFFFFFFFFFFFFFFFFFFFFFF35
:10CB1000FFFFFFFFFFFFFFFFFFFFFFFFFFFFFFFF25
:10CB2000FFFFFFFFFFFFFFFFFFFFFFFFFFFFFFFF15
:10CB3000FFFFFFFFFFFFFFFFFFFFFFFFFFFFFFFF05
:10CB4000FFFFFFFFFFFFFFFFFFFFFFFFFFFFFFFFF5
:10CB5000FFFFFFFFFFFFFFFFFFFFFFFFFFFFFFFFE5
:10CB6000FFFFFFFFFFFFFFFFFFFFFFFFFFFFFFFFD5
:10CB7000FFFFFFFFFFFFFFFFFFFFFFFFFFFFFFFFC5
:10CB8000FFFFFFFFFFFFFFFFFFFFFFFFFFFFFFFFB5
:10CB9000FFFFFFFFFFFFFFFFFFFFFFFFFFFFFFFFA5
:10CBA000FFFFFFFFFFFFFFFFFFFFFFFFFFFFFFFF95
:10CBB000FFFFFFFFFFFFFFFFFFFFFFFFFFFFFFFF85
:10CBC000FFFFFFFFFFFFFFFFFFFFFFFFFFFFFFFF75
:10CBD000FFFFFFFFFFFFFFFFFFFFFFFFFFFFFFFF65
:10CBE000FFFFFFFFFFFFFFFFFFFFFFFFFFFFFFFF55
:10CBF000FFFFFFFFFFFFFFFFFFFFFFFFFFFFFFFF45
:10CC0000FFFFFFFFFFFFFFFFFFFFFFFFFFFFFFFF34
:10CC1000FFFFFFFFFFFFFFFFFFFFFFFFFFFFFFFF24
:10CC2000FFFFFFFFFFFFFFFFFFFFFFFFFFFFFFFF14
:10CC3000FFFFFFFFFFFFFFFFFFFFFFFFFFFFFFFF04
:10CC4000FFFFFFFFFFFFFFFFFFFFFFFFFFFFFFFFF4
:10CC5000FFFFFFFFFFFFFFFFFFFFFFFFFFFFFFFFE4
:10CC6000FFFFFFFFFFFFFFFFFFFFFFFFFFFFFFFFD4
:10CC7000FFFFFFFFFFFFFFFFFFFFFFFFFFFFFFFFC4
:10CC8000FFFFFFFFFFFFFFFFFFFFFFFFFFFFFFFFB4
:10CC9000FFFFFFFFFFFFFFFFFFFFFFFFFFFFFFFFA4
:10CCA000FFFFFFFFFFFFFFFFFFFFFFFFFFFFFFFF94
:10CCB000FFFFFFFFFFFFFFFFFFFFFFFFFFFFFFFF84
:10CCC000FFFFFFFFFFFFFFFFFFFFFFFFFFFFFFFF74
:10CCD000FFFFFFFFFFFFFFFFFFFFFFFFFFFFFFFF64
:10CCE000FFFFFFFFFFFFFFFFFFFFFFFFFFFFFFFF54
:10CCF000FFFFFFFFFFFFFFFFFFFFFFFFFFFFFFFF44
:10CD0000FFFFFFFFFFFFFFFFFFFFFFFFFFFFFFFF33
:10CD1000FFFFFFFFFFFFFFFFFFFFFFFFFFFFFFFF23
:10CD2000FFFFFFFFFFFFFFFFFFFFFFFFFFFFFFFF13
:10CD3000FFFFFFFFFFFFFFFFFFFFFFFFFFFFFFFF03
:10CD4000FFFFFFFFFFFFFFFFFFFFFFFFFFFFFFFFF3
:10CD5000FFFFFFFFFFFFFFFFFFFFFFFFFFFFFFFFE3
:10CD6000FFFFFFFFFFFFFFFFFFFFFFFFFFFFFFFFD3
:10CD7000FFFFFFFFFFFFFFFFFFFFFFFFFFFFFFFFC3
:10CD8000FFFFFFFFFFFFFFFFFFFFFFFFFFFFFFFFB3
:10CD9000FFFFFFFFFFFFFFFFFFFFFFFFFFFFFFFFA3
:10CDA000FFFFFFFFFFFFFFFFFFFFFFFFFFFFFFFF93
:10CDB000FFFFFFFFFFFFFFFFFFFFFFFFFFFFFFFF83
:10CDC000FFFFFFFFFFFFFFFFFFFFFFFFFFFFFFFF73
:10CDD000FFFFFFFFFFFFFFFFFFFFFFFFFFFFFFFF63
:10CDE000FFFFFFFFFFFFFFFFFFFFFFFFFFFFFFFF53
:10CDF000FFFFFFFFFFFFFFFFFFFFFFFFFFFFFFFF43
:10CE0000FFFFFFFFFFFFFFFFFFFFFFFFFFFFFFFF32
:10CE1000FFFFFFFFFFFFFFFFFFFFFFFFFFFFFFFF22
:10CE2000FFFFFFFFFFFFFFFFFFFFFFFFFFFFFFFF12
:10CE3000FFFFFFFFFFFFFFFFFFFFFFFFFFFFFFFF02
:10CE4000FFFFFFFFFFFFFFFFFFFFFFFFFFFFFFFFF2
:10CE5000FFFFFFFFFFFFFFFFFFFFFFFFFFFFFFFFE2
:10CE6000FFFFFFFFFFFFFFFFFFFFFFFFFFFFFFFFD2
:10CE7000FFFFFFFFFFFFFFFFFFFFFFFFFFFFFFFFC2
:10CE8000FFFFFFFFFFFFFFFFFFFFFFFFFFFFFFFFB2
:10CE9000FFFFFFFFFFFFFFFFFFFFFFFFFFFFFFFFA2
:10CEA000FFFFFFFFFFFFFFFFFFFFFFFFFFFFFFFF92
:10CEB000FFFFFFFFFFFFFFFFFFFFFFFFFFFFFFFF82
:10CEC000FFFFFFFFFFFFFFFFFFFFFFFFFFFFFFFF72
:10CED000FFFFFFFFFFFFFFFFFFFFFFFFFFFFFFFF62
:10CEE000FFFFFFFFFFFFFFFFFFFFFFFFFFFFFFFF52
:10CEF000FFFFFFFFFFFFFFFFFFFFFFFFFFFFFFFF42
:10CF0000FFFFFFFFFFFFFFFFFFFFFFFFFFFFFFFF31
:10CF1000FFFFFFFFFFFFFFFFFFFFFFFFFFFFFFFF21
:10CF2000FFFFFFFFFFFFFFFFFFFFFFFFFFFFFFFF11
:10CF3000FFFFFFFFFFFFFFFFFFFFFFFFFFFFFFFF01
:10CF4000FFFFFFFFFFFFFFFFFFFFFFFFFFFFFFFFF1
:10CF5000FFFFFFFFFFFFFFFFFFFFFFFFFFFFFFFFE1
:10CF6000FFFFFFFFFFFFFFFFFFFFFFFFFFFFFFFFD1
:10CF7000FFFFFFFFFFFFFFFFFFFFFFFFFFFFFFFFC1
:10CF8000FFFFFFFFFFFFFFFFFFFFFFFFFFFFFFFFB1
:10CF9000FFFFFFFFFFFFFFFFFFFFFFFFFFFFFFFFA1
:10CFA000FFFFFFFFFFFFFFFFFFFFFFFFFFFFFFFF91
:10CFB000FFFFFFFFFFFFFFFFFFFFFFFFFFFFFFFF81
:10CFC000FFFFFFFFFFFFFFFFFFFFFFFFFFFFFFFF71
:10CFD000FFFFFFFFFFFFFFFFFFFFFFFFFFFFFFFF61
:10CFE000FFFFFFFFFFFFFFFFFFFFFFFFFFFFFFFF51
:10CFF000FFFFFFFFFFFFFFFFFFFFFFFFFFFFFFFF41
:10D00000FFFFFFFFFFFFFFFFFFFFFFFFFFFFFFFF30
:10D01000FFFFFFFFFFFFFFFFFFFFFFFFFFFFFFFF20
:10D02000FFFFFFFFFFFFFFFFFFFFFFFFFFFFFFFF10
:10D03000FFFFFFFFFFFFFFFFFFFFFFFFFFFFFFFF00
:10D04000FFFFFFFFFFFFFFFFFFFFFFFFFFFFFFFFF0
:10D05000FFFFFFFFFFFFFFFFFFFFFFFFFFFFFFFFE0
:10D06000FFFFFFFFFFFFFFFFFFFFFFFFFFFFFFFFD0
:10D07000FFFFFFFFFFFFFFFFFFFFFFFFFFFFFFFFC0
:10D08000FFFFFFFFFFFFFFFFFFFFFFFFFFFFFFFFB0
:10D09000FFFFFFFFFFFFFFFFFFFFFFFFFFFFFFFFA0
:10D0A000FFFFFFFFFFFFFFFFFFFFFFFFFFFFFFFF90
:10D0B000FFFFFFFFFFFFFFFFFFFFFFFFFFFFFFFF80
:10D0C000FFFFFFFFFFFFFFFFFFFFFFFFFFFFFFFF70
:10D0D000FFFFFFFFFFFFFFFFFFFFFFFFFFFFFFFF60
:10D0E000FFFFFFFFFFFFFFFFFFFFFFFFFFFFFFFF50
:10D0F000FFFFFFFFFFFFFFFFFFFFFFFFFFFFFFFF40
:10D10000FFFFFFFFFFFFFFFFFFFFFFFFFFFFFFFF2F
:10D11000FFFFFFFFFFFFFFFFFFFFFFFFFFFFFFFF1F
:10D12000FFFFFFFFFFFFFFFFFFFFFFFFFFFFFFFF0F
:10D13000FFFFFFFFFFFFFFFFFFFFFFFFFFFFFFFFFF
:10D14000FFFFFFFFFFFFFFFFFFFFFFFFFFFFFFFFEF
:10D15000FFFFFFFFFFFFFFFFFFFFFFFFFFFFFFFFDF
:10D16000FFFFFFFFFFFFFFFFFFFFFFFFFFFFFFFFCF
:10D17000FFFFFFFFFFFFFFFFFFFFFFFFFFFFFFFFBF
:10D18000FFFFFFFFFFFFFFFFFFFFFFFFFFFFFFFFAF
:10D19000FFFFFFFFFFFFFFFFFFFFFFFFFFFFFFFF9F
:10D1A000FFFFFFFFFFFFFFFFFFFFFFFFFFFFFFFF8F
:10D1B000FFFFFFFFFFFFFFFFFFFFFFFFFFFFFFFF7F
:10D1C000FFFFFFFFFFFFFFFFFFFFFFFFFFFFFFFF6F
:10D1D000FFFFFFFFFFFFFFFFFFFFFFFFFFFFFFFF5F
:10D1E000FFFFFFFFFFFFFFFFFFFFFFFFFFFFFFFF4F
:10D1F000FFFFFFFFFFFFFFFFFFFFFFFFFFFFFFFF3F
:10D20000FFFFFFFFFFFFFFFFFFFFFFFFFFFFFFFF2E
:10D21000FFFFFFFFFFFFFFFFFFFFFFFFFFFFFFFF1E
:10D22000FFFFFFFFFFFFFFFFFFFFFFFFFFFFFFFF0E
:10D23000FFFFFFFFFFFFFFFFFFFFFFFFFFFFFFFFFE
:10D24000FFFFFFFFFFFFFFFFFFFFFFFFFFFFFFFFEE
:10D25000FFFFFFFFFFFFFFFFFFFFFFFFFFFFFFFFDE
:10D26000FFFFFFFFFFFFFFFFFFFFFFFFFFFFFFFFCE
:10D27000FFFFFFFFFFFFFFFFFFFFFFFFFFFFFFFFBE
:10D28000FFFFFFFFFFFFFFFFFFFFFFFFFFFFFFFFAE
:10D29000FFFFFFFFFFFFFFFFFFFFFFFFFFFFFFFF9E
:10D2A000FFFFFFFFFFFFFFFFFFFFFFFFFFFFFFFF8E
:10D2B000FFFFFFFFFFFFFFFFFFFFFFFFFFFFFFFF7E
:10D2C000FFFFFFFFFFFFFFFFFFFFFFFFFFFFFFFF6E
:10D2D000FFFFFFFFFFFFFFFFFFFFFFFFFFFFFFFF5E
:10D2E000FFFFFFFFFFFFFFFFFFFFFFFFFFFFFFFF4E
:10D2F000FFFFFFFFFFFFFFFFFFFFFFFFFFFFFFFF3E
:10D30000FFFFFFFFFFFFFFFFFFFFFFFFFFFFFFFF2D
:10D31000FFFFFFFFFFFFFFFFFFFFFFFFFFFFFFFF1D
:10D32000FFFFFFFFFFFFFFFFFFFFFFFFFFFFFFFF0D
:10D33000FFFFFFFFFFFFFFFFFFFFFFFFFFFFFFFFFD
:10D34000FFFFFFFFFFFFFFFFFFFFFFFFFFFFFFFFED
:10D35000FFFFFFFFFFFFFFFFFFFFFFFFFFFFFFFFDD
:10D36000FFFFFFFFFFFFFFFFFFFFFFFFFFFFFFFFCD
:10D37000FFFFFFFFFFFFFFFFFFFFFFFFFFFFFFFFBD
:10D38000FFFFFFFFFFFFFFFFFFFFFFFFFFFFFFFFAD
:10D39000FFFFFFFFFFFFFFFFFFFFFFFFFFFFFFFF9D
:10D3A000FFFFFFFFFFFFFFFFFFFFFFFFFFFFFFFF8D
:10D3B000FFFFFFFFFFFFFFFFFFFFFFFFFFFFFFFF7D
:10D3C000FFFFFFFFFFFFFFFFFFFFFFFFFFFFFFFF6D
:10D3D000FFFFFFFFFFFFFFFFFFFFFFFFFFFFFFFF5D
:10D3E000FFFFFFFFFFFFFFFFFFFFFFFFFFFFFFFF4D
:10D3F000FFFFFFFFFFFFFFFFFFFFFFFFFFFFFFFF3D
:10D40000FFFFFFFFFFFFFFFFFFFFFFFFFFFFFFFF2C
:10D41000FFFFFFFFFFFFFFFFFFFFFFFFFFFFFFFF1C
:10D42000FFFFFFFFFFFFFFFFFFFFFFFFFFFFFFFF0C
:10D43000FFFFFFFFFFFFFFFFFFFFFFFFFFFFFFFFFC
:10D44000FFFFFFFFFFFFFFFFFFFFFFFFFFFFFFFFEC
:10D45000FFFFFFFFFFFFFFFFFFFFFFFFFFFFFFFFDC
:10D46000FFFFFFFFFFFFFFFFFFFFFFFFFFFFFFFFCC
:10D47000FFFFFFFFFFFFFFFFFFFFFFFFFFFFFFFFBC
:10D48000FFFFFFFFFFFFFFFFFFFFFFFFFFFFFFFFAC
:10D49000FFFFFFFFFFFFFFFFFFFFFFFFFFFFFFFF9C
:10D4A000FFFFFFFFFFFFFFFFFFFFFFFFFFFFFFFF8C
:10D4B000FFFFFFFFFFFFFFFFFFFFFFFFFFFFFFFF7C
:10D4C000FFFFFFFFFFFFFFFFFFFFFFFFFFFFFFFF6C
:10D4D000FFFFFFFFFFFFFFFFFFFFFFFFFFFFFFFF5C
:10D4E000FFFFFFFFFFFFFFFFFFFFFFFFFFFFFFFF4C
:10D4F000FFFFFFFFFFFFFFFFFFFFFFFFFFFFFFFF3C
:10D50000FFFFFFFFFFFFFFFFFFFFFFFFFFFFFFFF2B
:10D51000FFFFFFFFFFFFFFFFFFFFFFFFFFFFFFFF1B
:10D52000FFFFFFFFFFFFFFFFFFFFFFFFFFFFFFFF0B
:10D53000FFFFFFFFFFFFFFFFFFFFFFFFFFFFFFFFFB
:10D54000FFFFFFFFFFFFFFFFFFFFFFFFFFFFFFFFEB
:10D55000FFFFFFFFFFFFFFFFFFFFFFFFFFFFFFFFDB
:10D56000FFFFFFFFFFFFFFFFFFFFFFFFFFFFFFFFCB
:10D57000FFFFFFFFFFFFFFFFFFFFFFFFFFFFFFFFBB
:10D58000FFFFFFFFFFFFFFFFFFFFFFFFFFFFFFFFAB
:10D59000FFFFFFFFFFFFFFFFFFFFFFFFFFFFFFFF9B
:10D5A000FFFFFFFFFFFFFFFFFFFFFFFFFFFFFFFF8B
:10D5B000FFFFFFFFFFFFFFFFFFFFFFFFFFFFFFFF7B
:10D5C000FFFFFFFFFFFFFFFFFFFFFFFFFFFFFFFF6B
:10D5D000FFFFFFFFFFFFFFFFFFFFFFFFFFFFFFFF5B
:10D5E000FFFFFFFFFFFFFFFFFFFFFFFFFFFFFFFF4B
:10D5F000FFFFFFFFFFFFFFFFFFFFFFFFFFFFFFFF3B
:10D60000FFFFFFFFFFFFFFFFFFFFFFFFFFFFFFFF2A
:10D61000FFFFFFFFFFFFFFFFFFFFFFFFFFFFFFFF1A
:10D62000FFFFFFFFFFFFFFFFFFFFFFFFFFFFFFFF0A
:10D63000FFFFFFFFFFFFFFFFFFFFFFFFFFFFFFFFFA
:10D64000FFFFFFFFFFFFFFFFFFFFFFFFFFFFFFFFEA
:10D65000FFFFFFFFFFFFFFFFFFFFFFFFFFFFFFFFDA
:10D66000FFFFFFFFFFFFFFFFFFFFFFFFFFFFFFFFCA
:10D67000FFFFFFFFFFFFFFFFFFFFFFFFFFFFFFFFBA
:10D68000FFFFFFFFFFFFFFFFFFFFFFFFFFFFFFFFAA
:10D69000FFFFFFFFFFFFFFFFFFFFFFFFFFFFFFFF9A
:10D6A000FFFFFFFFFFFFFFFFFFFFFFFFFFFFFFFF8A
:10D6B000FFFFFFFFFFFFFFFFFFFFFFFFFFFFFFFF7A
:10D6C000FFFFFFFFFFFFFFFFFFFFFFFFFFFFFFFF6A
:10D6D000FFFFFFFFFFFFFFFFFFFFFFFFFFFFFFFF5A
:10D6E000FFFFFFFFFFFFFFFFFFFFFFFFFFFFFFFF4A
:10D6F000FFFFFFFFFFFFFFFFFFFFFFFFFFFFFFFF3A
:10D70000FFFFFFFFFFFFFFFFFFFFFFFFFFFFFFFF29
:10D71000FFFFFFFFFFFFFFFFFFFFFFFFFFFFFFFF19
:10D72000FFFFFFFFFFFFFFFFFFFFFFFFFFFFFFFF09
:10D73000FFFFFFFFFFFFFFFFFFFFFFFFFFFFFFFFF9
:10D74000FFFFFFFFFFFFFFFFFFFFFFFFFFFFFFFFE9
:10D75000FFFFFFFFFFFFFFFFFFFFFFFFFFFFFFFFD9
:10D76000FFFFFFFFFFFFFFFFFFFFFFFFFFFFFFFFC9
:10D77000FFFFFFFFFFFFFFFFFFFFFFFFFFFFFFFFB9
:10D78000FFFFFFFFFFFFFFFFFFFFFFFFFFFFFFFFA9
:10D79000FFFFFFFFFFFFFFFFFFFFFFFFFFFFFFFF99
:10D7A000FFFFFFFFFFFFFFFFFFFFFFFFFFFFFFFF89
:10D7B000FFFFFFFFFFFFFFFFFFFFFFFFFFFFFFFF79
:10D7C000FFFFFFFFFFFFFFFFFFFFFFFFFFFFFFFF69
:10D7D000FFFFFFFFFFFFFFFFFFFFFFFFFFFFFFFF59
:10D7E000FFFFFFFFFFFFFFFFFFFFFFFFFFFFFFFF49
:10D7F000FFFFFFFFFFFFFFFFFFFFFFFFFFFFFFFF39
:10D80000FFFFFFFFFFFFFFFFFFFFFFFFFFFFFFFF28
:10D81000FFFFFFFFFFFFFFFFFFFFFFFFFFFFFFFF18
:10D82000FFFFFFFFFFFFFFFFFFFFFFFFFFFFFFFF08
:10D83000FFFFFFFFFFFFFFFFFFFFFFFFFFFFFFFFF8
:10D84000FFFFFFFFFFFFFFFFFFFFFFFFFFFFFFFFE8
:10D85000FFFFFFFFFFFFFFFFFFFFFFFFFFFFFFFFD8
:10D86000FFFFFFFFFFFFFFFFFFFFFFFFFFFFFFFFC8
:10D87000FFFFFFFFFFFFFFFFFFFFFFFFFFFFFFFFB8
:10D88000FFFFFFFFFFFFFFFFFFFFFFFFFFFFFFFFA8
:10D89000FFFFFFFFFFFFFFFFFFFFFFFFFFFFFFFF98
:10D8A000FFFFFFFFFFFFFFFFFFFFFFFFFFFFFFFF88
:10D8B000FFFFFFFFFFFFFFFFFFFFFFFFFFFFFFFF78
:10D8C000FFFFFFFFFFFFFFFFFFFFFFFFFFFFFFFF68
:10D8D000FFFFFFFFFFFFFFFFFFFFFFFFFFFFFFFF58
:10D8E000FFFFFFFFFFFFFFFFFFFFFFFFFFFFFFFF48
:10D8F000FFFFFFFFFFFFFFFFFFFFFFFFFFFFFFFF38
:10D90000FFFFFFFFFFFFFFFFFFFFFFFFFFFFFFFF27
:10D91000FFFFFFFFFFFFFFFFFFFFFFFFFFFFFFFF17
:10D92000FFFFFFFFFFFFFFFFFFFFFFFFFFFFFFFF07
:10D93000FFFFFFFFFFFFFFFFFFFFFFFFFFFFFFFFF7
:10D94000FFFFFFFFFFFFFFFFFFFFFFFFFFFFFFFFE7
:10D95000FFFFFFFFFFFFFFFFFFFFFFFFFFFFFFFFD7
:10D96000FFFFFFFFFFFFFFFFFFFFFFFFFFFFFFFFC7
:10D97000FFFFFFFFFFFFFFFFFFFFFFFFFFFFFFFFB7
:10D98000FFFFFFFFFFFFFFFFFFFFFFFFFFFFFFFFA7
:10D99000FFFFFFFFFFFFFFFFFFFFFFFFFFFFFFFF97
:10D9A000FFFFFFFFFFFFFFFFFFFFFFFFFFFFFFFF87
:10D9B000FFFFFFFFFFFFFFFFFFFFFFFFFFFFFFFF77
:10D9C000FFFFFFFFFFFFFFFFFFFFFFFFFFFFFFFF67
:10D9D000FFFFFFFFFFFFFFFFFFFFFFFFFFFFFFFF57
:10D9E000FFFFFFFFFFFFFFFFFFFFFFFFFFFFFFFF47
:10D9F000FFFFFFFFFFFFFFFFFFFFFFFFFFFFFFFF37
:10DA0000FFFFFFFFFFFFFFFFFFFFFFFFFFFFFFFF26
:10DA1000FFFFFFFFFFFFFFFFFFFFFFFFFFFFFFFF16
:10DA2000FFFFFFFFFFFFFFFFFFFFFFFFFFFFFFFF06
:10DA3000FFFFFFFFFFFFFFFFFFFFFFFFFFFFFFFFF6
:10DA4000FFFFFFFFFFFFFFFFFFFFFFFFFFFFFFFFE6
:10DA5000FFFFFFFFFFFFFFFFFFFFFFFFFFFFFFFFD6
:10DA6000FFFFFFFFFFFFFFFFFFFFFFFFFFFFFFFFC6
:10DA7000FFFFFFFFFFFFFFFFFFFFFFFFFFFFFFFFB6
:10DA8000FFFFFFFFFFFFFFFFFFFFFFFFFFFFFFFFA6
:10DA9000FFFFFFFFFFFFFFFFFFFFFFFFFFFFFFFF96
:10DAA000FFFFFFFFFFFFFFFFFFFFFFFFFFFFFFFF86
:10DAB000FFFFFFFFFFFFFFFFFFFFFFFFFFFFFFFF76
:10DAC000FFFFFFFFFFFFFFFFFFFFFFFFFFFFFFFF66
:10DAD000FFFFFFFFFFFFFFFFFFFFFFFFFFFFFFFF56
:10DAE000FFFFFFFFFFFFFFFFFFFFFFFFFFFFFFFF46
:10DAF000FFFFFFFFFFFFFFFFFFFFFFFFFFFFFFFF36
:10DB0000FFFFFFFFFFFFFFFFFFFFFFFFFFFFFFFF25
:10DB1000FFFFFFFFFFFFFFFFFFFFFFFFFFFFFFFF15
:10DB2000FFFFFFFFFFFFFFFFFFFFFFFFFFFFFFFF05
:10DB3000FFFFFFFFFFFFFFFFFFFFFFFFFFFFFFFFF5
:10DB4000FFFFFFFFFFFFFFFFFFFFFFFFFFFFFFFFE5
:10DB5000FFFFFFFFFFFFFFFFFFFFFFFFFFFFFFFFD5
:10DB6000FFFFFFFFFFFFFFFFFFFFFFFFFFFFFFFFC5
:10DB7000FFFFFFFFFFFFFFFFFFFFFFFFFFFFFFFFB5
:10DB8000FFFFFFFFFFFFFFFFFFFFFFFFFFFFFFFFA5
:10DB9000FFFFFFFFFFFFFFFFFFFFFFFFFFFFFFFF95
:10DBA000FFFFFFFFFFFFFFFFFFFFFFFFFFFFFFFF85
:10DBB000FFFFFFFFFFFFFFFFFFFFFFFFFFFFFFFF75
:10DBC000FFFFFFFFFFFFFFFFFFFFFFFFFFFFFFFF65
:10DBD000FFFFFFFFFFFFFFFFFFFFFFFFFFFFFFFF55
:10DBE000FFFFFFFFFFFFFFFFFFFFFFFFFFFFFFFF45
:10DBF000FFFFFFFFFFFFFFFFFFFFFFFFFFFFFFFF35
:10DC0000FFFFFFFFFFFFFFFFFFFFFFFFFFFFFFFF24
:10DC1000FFFFFFFFFFFFFFFFFFFFFFFFFFFFFFFF14
:10DC2000FFFFFFFFFFFFFFFFFFFFFFFFFFFFFFFF04
:10DC3000FFFFFFFFFFFFFFFFFFFFFFFFFFFFFFFFF4
:10DC4000FFFFFFFFFFFFFFFFFFFFFFFFFFFFFFFFE4
:10DC5000FFFFFFFFFFFFFFFFFFFFFFFFFFFFFFFFD4
:10DC6000FFFFFFFFFFFFFFFFFFFFFFFFFFFFFFFFC4
:10DC7000FFFFFFFFFFFFFFFFFFFFFFFFFFFFFFFFB4
:10DC8000FFFFFFFFFFFFFFFFFFFFFFFFFFFFFFFFA4
:10DC9000FFFFFFFFFFFFFFFFFFFFFFFFFFFFFFFF94
:10DCA000FFFFFFFFFFFFFFFFFFFFFFFFFFFFFFFF84
:10DCB000FFFFFFFFFFFFFFFFFFFFFFFFFFFFFFFF74
:10DCC000FFFFFFFFFFFFFFFFFFFFFFFFFFFFFFFF64
:10DCD000FFFFFFFFFFFFFFFFFFFFFFFFFFFFFFFF54
:10DCE000FFFFFFFFFFFFFFFFFFFFFFFFFFFFFFFF44
:10DCF000FFFFFFFFFFFFFFFFFFFFFFFFFFFFFFFF34
:10DD0000FFFFFFFFFFFFFFFFFFFFFFFFFFFFFFFF23
:10DD1000FFFFFFFFFFFFFFFFFFFFFFFFFFFFFFFF13
:10DD2000FFFFFFFFFFFFFFFFFFFFFFFFFFFFFFFF03
:10DD3000FFFFFFFFFFFFFFFFFFFFFFFFFFFFFFFFF3
:10DD4000FFFFFFFFFFFFFFFFFFFFFFFFFFFFFFFFE3
:10DD5000FFFFFFFFFFFFFFFFFFFFFFFFFFFFFFFFD3
:10DD6000FFFFFFFFFFFFFFFFFFFFFFFFFFFFFFFFC3
:10DD7000FFFFFFFFFFFFFFFFFFFFFFFFFFFFFFFFB3
:10DD8000FFFFFFFFFFFFFFFFFFFFFFFFFFFFFFFFA3
:10DD9000FFFFFFFFFFFFFFFFFFFFFFFFFFFFFFFF93
:10DDA000FFFFFFFFFFFFFFFFFFFFFFFFFFFFFFFF83
:10DDB000FFFFFFFFFFFFFFFFFFFFFFFFFFFFFFFF73
:10DDC000FFFFFFFFFFFFFFFFFFFFFFFFFFFFFFFF63
:10DDD000FFFFFFFFFFFFFFFFFFFFFFFFFFFFFFFF53
:10DDE000FFFFFFFFFFFFFFFFFFFFFFFFFFFFFFFF43
:10DDF000FFFFFFFFFFFFFFFFFFFFFFFFFFFFFFFF33
:10DE0000FFFFFFFFFFFFFFFFFFFFFFFFFFFFFFFF22
:10DE1000FFFFFFFFFFFFFFFFFFFFFFFFFFFFFFFF12
:10DE2000FFFFFFFFFFFFFFFFFFFFFFFFFFFFFFFF02
:10DE3000FFFFFFFFFFFFFFFFFFFFFFFFFFFFFFFFF2
:10DE4000FFFFFFFFFFFFFFFFFFFFFFFFFFFFFFFFE2
:10DE5000FFFFFFFFFFFFFFFFFFFFFFFFFFFFFFFFD2
:10DE6000FFFFFFFFFFFFFFFFFFFFFFFFFFFFFFFFC2
:10DE7000FFFFFFFFFFFFFFFFFFFFFFFFFFFFFFFFB2
:10DE8000FFFFFFFFFFFFFFFFFFFFFFFFFFFFFFFFA2
:10DE9000FFFFFFFFFFFFFFFFFFFFFFFFFFFFFFFF92
:10DEA000FFFFFFFFFFFFFFFFFFFFFFFFFFFFFFFF82
:10DEB000FFFFFFFFFFFFFFFFFFFFFFFFFFFFFFFF72
:10DEC000FFFFFFFFFFFFFFFFFFFFFFFFFFFFFFFF62
:10DED000FFFFFFFFFFFFFFFFFFFFFFFFFFFFFFFF52
:10DEE000FFFFFFFFFFFFFFFFFFFFFFFFFFFFFFFF42
:10DEF000FFFFFFFFFFFFFFFFFFFFFFFFFFFFFFFF32
:10DF0000FFFFFFFFFFFFFFFFFFFFFFFFFFFFFFFF21
:10DF1000FFFFFFFFFFFFFFFFFFFFFFFFFFFFFFFF11
:10DF2000FFFFFFFFFFFFFFFFFFFFFFFFFFFFFFFF01
:10DF3000FFFFFFFFFFFFFFFFFFFFFFFFFFFFFFFFF1
:10DF4000FFFFFFFFFFFFFFFFFFFFFFFFFFFFFFFFE1
:10DF5000FFFFFFFFFFFFFFFFFFFFFFFFFFFFFFFFD1
:10DF6000FFFFFFFFFFFFFFFFFFFFFFFFFFFFFFFFC1
:10DF7000FFFFFFFFFFFFFFFFFFFFFFFFFFFFFFFFB1
:10DF8000FFFFFFFFFFFFFFFFFFFFFFFFFFFFFFFFA1
:10DF9000FFFFFFFFFFFFFFFFFFFFFFFFFFFFFFFF91
:10DFA000FFFFFFFFFFFFFFFFFFFFFFFFFFFFFFFF81
:10DFB000FFFFFFFFFFFFFFFFFFFFFFFFFFFFFFFF71
:10DFC000FFFFFFFFFFFFFFFFFFFFFFFFFFFFFFFF61
:10DFD000FFFFFFFFFFFFFFFFFFFFFFFFFFFFFFFF51
:10DFE000FFFFFFFFFFFFFFFFFFFFFFFFFFFFFFFF41
:10DFF000FFFFFFFFFFFFFFFFFFFFFFFFFFFFFFFF31
:10E00000FFFFFFFFFFFFFFFFFFFFFFFFFFFFFFFF20
:10E01000FFFFFFFFFFFFFFFFFFFFFFFFFFFFFFFF10
:10E02000FFFFFFFFFFFFFFFFFFFFFFFFFFFFFFFF00
:10E03000FFFFFFFFFFFFFFFFFFFFFFFFFFFFFFFFF0
:10E04000FFFFFFFFFFFFFFFFFFFFFFFFFFFFFFFFE0
:10E05000FFFFFFFFFFFFFFFFFFFFFFFFFFFFFFFFD0
:10E06000FFFFFFFFFFFFFFFFFFFFFFFFFFFFFFFFC0
:10E07000FFFFFFFFFFFFFFFFFFFFFFFFFFFFFFFFB0
:10E08000FFFFFFFFFFFFFFFFFFFFFFFFFFFFFFFFA0
:10E09000FFFFFFFFFFFFFFFFFFFFFFFFFFFFFFFF90
:10E0A000FFFFFFFFFFFFFFFFFFFFFFFFFFFFFFFF80
:10E0B000FFFFFFFFFFFFFFFFFFFFFFFFFFFFFFFF70
:10E0C000FFFFFFFFFFFFFFFFFFFFFFFFFFFFFFFF60
:10E0D000FFFFFFFFFFFFFFFFFFFFFFFFFFFFFFFF50
:10E0E000FFFFFFFFFFFFFFFFFFFFFFFFFFFFFFFF40
:10E0F000FFFFFFFFFFFFFFFFFFFFFFFFFFFFFFFF30
:10E10000FFFFFFFFFFFFFFFFFFFFFFFFFFFFFFFF1F
:10E11000FFFFFFFFFFFFFFFFFFFFFFFFFFFFFFFF0F
:10E12000FFFFFFFFFFFFFFFFFFFFFFFFFFFFFFFFFF
:10E13000FFFFFFFFFFFFFFFFFFFFFFFFFFFFFFFFEF
:10E14000FFFFFFFFFFFFFFFFFFFFFFFFFFFFFFFFDF
:10E15000FFFFFFFFFFFFFFFFFFFFFFFFFFFFFFFFCF
:10E16000FFFFFFFFFFFFFFFFFFFFFFFFFFFFFFFFBF
:10E17000FFFFFFFFFFFFFFFFFFFFFFFFFFFFFFFFAF
:10E18000FFFFFFFFFFFFFFFFFFFFFFFFFFFFFFFF9F
:10E19000FFFFFFFFFFFFFFFFFFFFFFFFFFFFFFFF8F
:10E1A000FFFFFFFFFFFFFFFFFFFFFFFFFFFFFFFF7F
:10E1B000FFFFFFFFFFFFFFFFFFFFFFFFFFFFFFFF6F
:10E1C000FFFFFFFFFFFFFFFFFFFFFFFFFFFFFFFF5F
:10E1D000FFFFFFFFFFFFFFFFFFFFFFFFFFFFFFFF4F
:10E1E000FFFFFFFFFFFFFFFFFFFFFFFFFFFFFFFF3F
:10E1F000FFFFFFFFFFFFFFFFFFFFFFFFFFFFFFFF2F
:10E20000FFFFFFFFFFFFFFFFFFFFFFFFFFFFFFFF1E
:10E21000FFFFFFFFFFFFFFFFFFFFFFFFFFFFFFFF0E
:10E22000FFFFFFFFFFFFFFFFFFFFFFFFFFFFFFFFFE
:10E23000FFFFFFFFFFFFFFFFFFFFFFFFFFFFFFFFEE
:10E24000FFFFFFFFFFFFFFFFFFFFFFFFFFFFFFFFDE
:10E25000FFFFFFFFFFFFFFFFFFFFFFFFFFFFFFFFCE
:10E26000FFFFFFFFFFFFFFFFFFFFFFFFFFFFFFFFBE
:10E27000FFFFFFFFFFFFFFFFFFFFFFFFFFFFFFFFAE
:10E28000FFFFFFFFFFFFFFFFFFFFFFFFFFFFFFFF9E
:10E29000FFFFFFFFFFFFFFFFFFFFFFFFFFFFFFFF8E
:10E2A000FFFFFFFFFFFFFFFFFFFFFFFFFFFFFFFF7E
:10E2B000FFFFFFFFFFFFFFFFFFFFFFFFFFFFFFFF6E
:10E2C000FFFFFFFFFFFFFFFFFFFFFFFFFFFFFFFF5E
:10E2D000FFFFFFFFFFFFFFFFFFFFFFFFFFFFFFFF4E
:10E2E000FFFFFFFFFFFFFFFFFFFFFFFFFFFFFFFF3E
:10E2F000FFFFFFFFFFFFFFFFFFFFFFFFFFFFFFFF2E
:10E30000FFFFFFFFFFFFFFFFFFFFFFFFFFFFFFFF1D
:10E31000FFFFFFFFFFFFFFFFFFFFFFFFFFFFFFFF0D
:10E32000FFFFFFFFFFFFFFFFFFFFFFFFFFFFFFFFFD
:10E33000FFFFFFFFFFFFFFFFFFFFFFFFFFFFFFFFED
:10E34000FFFFFFFFFFFFFFFFFFFFFFFFFFFFFFFFDD
:10E35000FFFFFFFFFFFFFFFFFFFFFFFFFFFFFFFFCD
:10E36000FFFFFFFFFFFFFFFFFFFFFFFFFFFFFFFFBD
:10E37000FFFFFFFFFFFFFFFFFFFFFFFFFFFFFFFFAD
:10E38000FFFFFFFFFFFFFFFFFFFFFFFFFFFFFFFF9D
:10E39000FFFFFFFFFFFFFFFFFFFFFFFFFFFFFFFF8D
:10E3A000FFFFFFFFFFFFFFFFFFFFFFFFFFFFFFFF7D
:10E3B000FFFFFFFFFFFFFFFFFFFFFFFFFFFFFFFF6D
:10E3C000FFFFFFFFFFFFFFFFFFFFFFFFFFFFFFFF5D
:10E3D000FFFFFFFFFFFFFFFFFFFFFFFFFFFFFFFF4D
:10E3E000FFFFFFFFFFFFFFFFFFFFFFFFFFFFFFFF3D
:10E3F000FFFFFFFFFFFFFFFFFFFFFFFFFFFFFFFF2D
:10E40000FFFFFFFFFFFFFFFFFFFFFFFFFFFFFFFF1C
:10E41000FFFFFFFFFFFFFFFFFFFFFFFFFFFFFFFF0C
:10E42000FFFFFFFFFFFFFFFFFFFFFFFFFFFFFFFFFC
:10E43000FFFFFFFFFFFFFFFFFFFFFFFFFFFFFFFFEC
:10E44000FFFFFFFFFFFFFFFFFFFFFFFFFFFFFFFFDC
:10E45000FFFFFFFFFFFFFFFFFFFFFFFFFFFFFFFFCC
:10E46000FFFFFFFFFFFFFFFFFFFFFFFFFFFFFFFFBC
:10E47000FFFFFFFFFFFFFFFFFFFFFFFFFFFFFFFFAC
:10E48000FFFFFFFFFFFFFFFFFFFFFFFFFFFFFFFF9C
:10E49000FFFFFFFFFFFFFFFFFFFFFFFFFFFFFFFF8C
:10E4A000FFFFFFFFFFFFFFFFFFFFFFFFFFFFFFFF7C
:10E4B000FFFFFFFFFFFFFFFFFFFFFFFFFFFFFFFF6C
:10E4C000FFFFFFFFFFFFFFFFFFFFFFFFFFFFFFFF5C
:10E4D000FFFFFFFFFFFFFFFFFFFFFFFFFFFFFFFF4C
:10E4E000FFFFFFFFFFFFFFFFFFFFFFFFFFFFFFFF3C
:10E4F000FFFFFFFFFFFFFFFFFFFFFFFFFFFFFFFF2C
:10E50000FFFFFFFFFFFFFFFFFFFFFFFFFFFFFFFF1B
:10E51000FFFFFFFFFFFFFFFFFFFFFFFFFFFFFFFF0B
:10E52000FFFFFFFFFFFFFFFFFFFFFFFFFFFFFFFFFB
:10E53000FFFFFFFFFFFFFFFFFFFFFFFFFFFFFFFFEB
:10E54000FFFFFFFFFFFFFFFFFFFFFFFFFFFFFFFFDB
:10E55000FFFFFFFFFFFFFFFFFFFFFFFFFFFFFFFFCB
:10E56000FFFFFFFFFFFFFFFFFFFFFFFFFFFFFFFFBB
:10E57000FFFFFFFFFFFFFFFFFFFFFFFFFFFFFFFFAB
:10E58000FFFFFFFFFFFFFFFFFFFFFFFFFFFFFFFF9B
:10E59000FFFFFFFFFFFFFFFFFFFFFFFFFFFFFFFF8B
:10E5A000FFFFFFFFFFFFFFFFFFFFFFFFFFFFFFFF7B
:10E5B000FFFFFFFFFFFFFFFFFFFFFFFFFFFFFFFF6B
:10E5C000FFFFFFFFFFFFFFFFFFFFFFFFFFFFFFFF5B
:10E5D000FFFFFFFFFFFFFFFFFFFFFFFFFFFFFFFF4B
:10E5E000FFFFFFFFFFFFFFFFFFFFFFFFFFFFFFFF3B
:10E5F000FFFFFFFFFFFFFFFFFFFFFFFFFFFFFFFF2B
:10E60000FFFFFFFFFFFFFFFFFFFFFFFFFFFFFFFF1A
:10E61000FFFFFFFFFFFFFFFFFFFFFFFFFFFFFFFF0A
:10E62000FFFFFFFFFFFFFFFFFFFFFFFFFFFFFFFFFA
:10E63000FFFFFFFFFFFFFFFFFFFFFFFFFFFFFFFFEA
:10E64000FFFFFFFFFFFFFFFFFFFFFFFFFFFFFFFFDA
:10E65000FFFFFFFFFFFFFFFFFFFFFFFFFFFFFFFFCA
:10E66000FFFFFFFFFFFFFFFFFFFFFFFFFFFFFFFFBA
:10E67000FFFFFFFFFFFFFFFFFFFFFFFFFFFFFFFFAA
:10E68000FFFFFFFFFFFFFFFFFFFFFFFFFFFFFFFF9A
:10E69000FFFFFFFFFFFFFFFFFFFFFFFFFFFFFFFF8A
:10E6A000FFFFFFFFFFFFFFFFFFFFFFFFFFFFFFFF7A
:10E6B000FFFFFFFFFFFFFFFFFFFFFFFFFFFFFFFF6A
:10E6C000FFFFFFFFFFFFFFFFFFFFFFFFFFFFFFFF5A
:10E6D000FFFFFFFFFFFFFFFFFFFFFFFFFFFFFFFF4A
:10E6E000FFFFFFFFFFFFFFFFFFFFFFFFFFFFFFFF3A
:10E6F000FFFFFFFFFFFFFFFFFFFFFFFFFFFFFFFF2A
:10E70000FFFFFFFFFFFFFFFFFFFFFFFFFFFFFFFF19
:10E71000FFFFFFFFFFFFFFFFFFFFFFFFFFFFFFFF09
:10E72000FFFFFFFFFFFFFFFFFFFFFFFFFFFFFFFFF9
:10E73000FFFFFFFFFFFFFFFFFFFFFFFFFFFFFFFFE9
:10E74000FFFFFFFFFFFFFFFFFFFFFFFFFFFFFFFFD9
:10E75000FFFFFFFFFFFFFFFFFFFFFFFFFFFFFFFFC9
:10E76000FFFFFFFFFFFFFFFFFFFFFFFFFFFFFFFFB9
:10E77000FFFFFFFFFFFFFFFFFFFFFFFFFFFFFFFFA9
:10E78000FFFFFFFFFFFFFFFFFFFFFFFFFFFFFFFF99
:10E79000FFFFFFFFFFFFFFFFFFFFFFFFFFFFFFFF89
:10E7A000FFFFFFFFFFFFFFFFFFFFFFFFFFFFFFFF79
:10E7B000FFFFFFFFFFFFFFFFFFFFFFFFFFFFFFFF69
:10E7C000FFFFFFFFFFFFFFFFFFFFFFFFFFFFFFFF59
:10E7D000FFFFFFFFFFFFFFFFFFFFFFFFFFFFFFFF49
:10E7E000FFFFFFFFFFFFFFFFFFFFFFFFFFFFFFFF39
:10E7F000FFFFFFFFFFFFFFFFFFFFFFFFFFFFFFFF29
:10E80000FFFFFFFFFFFFFFFFFFFFFFFFFFFFFFFF18
:10E81000FFFFFFFFFFFFFFFFFFFFFFFFFFFFFFFF08
:10E82000FFFFFFFFFFFFFFFFFFFFFFFFFFFFFFFFF8
:10E83000FFFFFFFFFFFFFFFFFFFFFFFFFFFFFFFFE8
:10E84000FFFFFFFFFFFFFFFFFFFFFFFFFFFFFFFFD8
:10E85000FFFFFFFFFFFFFFFFFFFFFFFFFFFFFFFFC8
:10E86000FFFFFFFFFFFFFFFFFFFFFFFFFFFFFFFFB8
:10E87000FFFFFFFFFFFFFFFFFFFFFFFFFFFFFFFFA8
:10E88000FFFFFFFFFFFFFFFFFFFFFFFFFFFFFFFF98
:10E89000FFFFFFFFFFFFFFFFFFFFFFFFFFFFFFFF88
:10E8A000FFFFFFFFFFFFFFFFFFFFFFFFFFFFFFFF78
:10E8B000FFFFFFFFFFFFFFFFFFFFFFFFFFFFFFFF68
:10E8C000FFFFFFFFFFFFFFFFFFFFFFFFFFFFFFFF58
:10E8D000FFFFFFFFFFFFFFFFFFFFFFFFFFFFFFFF48
:10E8E000FFFFFFFFFFFFFFFFFFFFFFFFFFFFFFFF38
:10E8F000FFFFFFFFFFFFFFFFFFFFFFFFFFFFFFFF28
:10E90000FFFFFFFFFFFFFFFFFFFFFFFFFFFFFFFF17
:10E91000FFFFFFFFFFFFFFFFFFFFFFFFFFFFFFFF07
:10E92000FFFFFFFFFFFFFFFFFFFFFFFFFFFFFFFFF7
:10E93000FFFFFFFFFFFFFFFFFFFFFFFFFFFFFFFFE7
:10E94000FFFFFFFFFFFFFFFFFFFFFFFFFFFFFFFFD7
:10E95000FFFFFFFFFFFFFFFFFFFFFFFFFFFFFFFFC7
:10E96000FFFFFFFFFFFFFFFFFFFFFFFFFFFFFFFFB7
:10E97000FFFFFFFFFFFFFFFFFFFFFFFFFFFFFFFFA7
:10E98000FFFFFFFFFFFFFFFFFFFFFFFFFFFFFFFF97
:10E99000FFFFFFFFFFFFFFFFFFFFFFFFFFFFFFFF87
:10E9A000FFFFFFFFFFFFFFFFFFFFFFFFFFFFFFFF77
:10E9B000FFFFFFFFFFFFFFFFFFFFFFFFFFFFFFFF67
:10E9C000FFFFFFFFFFFFFFFFFFFFFFFFFFFFFFFF57
:10E9D000FFFFFFFFFFFFFFFFFFFFFFFFFFFFFFFF47
:10E9E000FFFFFFFFFFFFFFFFFFFFFFFFFFFFFFFF37
:10E9F000FFFFFFFFFFFFFFFFFFFFFFFFFFFFFFFF27
:10EA0000FFFFFFFFFFFFFFFFFFFFFFFFFFFFFFFF16
:10EA1000FFFFFFFFFFFFFFFFFFFFFFFFFFFFFFFF06
:10EA2000FFFFFFFFFFFFFFFFFFFFFFFFFFFFFFFFF6
:10EA3000FFFFFFFFFFFFFFFFFFFFFFFFFFFFFFFFE6
:10EA4000FFFFFFFFFFFFFFFFFFFFFFFFFFFFFFFFD6
:10EA5000FFFFFFFFFFFFFFFFFFFFFFFFFFFFFFFFC6
:10EA6000FFFFFFFFFFFFFFFFFFFFFFFFFFFFFFFFB6
:10EA7000FFFFFFFFFFFFFFFFFFFFFFFFFFFFFFFFA6
:10EA8000FFFFFFFFFFFFFFFFFFFFFFFFFFFFFFFF96
:10EA9000FFFFFFFFFFFFFFFFFFFFFFFFFFFFFFFF86
:10EAA000FFFFFFFFFFFFFFFFFFFFFFFFFFFFFFFF76
:10EAB000FFFFFFFFFFFFFFFFFFFFFFFFFFFFFFFF66
:10EAC000FFFFFFFFFFFFFFFFFFFFFFFFFFFFFFFF56
:10EAD000FFFFFFFFFFFFFFFFFFFFFFFFFFFFFFFF46
:10EAE000FFFFFFFFFFFFFFFFFFFFFFFFFFFFFFFF36
:10EAF000FFFFFFFFFFFFFFFFFFFFFFFFFFFFFFFF26
:10EB0000FFFFFFFFFFFFFFFFFFFFFFFFFFFFFFFF15
:10EB1000FFFFFFFFFFFFFFFFFFFFFFFFFFFFFFFF05
:10EB2000FFFFFFFFFFFFFFFFFFFFFFFFFFFFFFFFF5
:10EB3000FFFFFFFFFFFFFFFFFFFFFFFFFFFFFFFFE5
:10EB4000FFFFFFFFFFFFFFFFFFFFFFFFFFFFFFFFD5
:10EB5000FFFFFFFFFFFFFFFFFFFFFFFFFFFFFFFFC5
:10EB6000FFFFFFFFFFFFFFFFFFFFFFFFFFFFFFFFB5
:10EB7000FFFFFFFFFFFFFFFFFFFFFFFFFFFFFFFFA5
:10EB8000FFFFFFFFFFFFFFFFFFFFFFFFFFFFFFFF95
:10EB9000FFFFFFFFFFFFFFFFFFFFFFFFFFFFFFFF85
:10EBA000FFFFFFFFFFFFFFFFFFFFFFFFFFFFFFFF75
:10EBB000FFFFFFFFFFFFFFFFFFFFFFFFFFFFFFFF65
:10EBC000FFFFFFFFFFFFFFFFFFFFFFFFFFFFFFFF55
:10EBD000FFFFFFFFFFFFFFFFFFFFFFFFFFFFFFFF45
:10EBE000FFFFFFFFFFFFFFFFFFFFFFFFFFFFFFFF35
:10EBF000FFFFFFFFFFFFFFFFFFFFFFFFFFFFFFFF25
:10EC0000FFFFFFFFFFFFFFFFFFFFFFFFFFFFFFFF14
:10EC1000FFFFFFFFFFFFFFFFFFFFFFFFFFFFFFFF04
:10EC2000FFFFFFFFFFFFFFFFFFFFFFFFFFFFFFFFF4
:10EC3000FFFFFFFFFFFFFFFFFFFFFFFFFFFFFFFFE4
:10EC4000FFFFFFFFFFFFFFFFFFFFFFFFFFFFFFFFD4
:10EC5000FFFFFFFFFFFFFFFFFFFFFFFFFFFFFFFFC4
:10EC6000FFFFFFFFFFFFFFFFFFFFFFFFFFFFFFFFB4
:10EC7000FFFFFFFFFFFFFFFFFFFFFFFFFFFFFFFFA4
:10EC8000FFFFFFFFFFFFFFFFFFFFFFFFFFFFFFFF94
:10EC9000FFFFFFFFFFFFFFFFFFFFFFFFFFFFFFFF84
:10ECA000FFFFFFFFFFFFFFFFFFFFFFFFFFFFFFFF74
:10ECB000FFFFFFFFFFFFFFFFFFFFFFFFFFFFFFFF64
:10ECC000FFFFFFFFFFFFFFFFFFFFFFFFFFFFFFFF54
:10ECD000FFFFFFFFFFFFFFFFFFFFFFFFFFFFFFFF44
:10ECE000FFFFFFFFFFFFFFFFFFFFFFFFFFFFFFFF34
:10ECF000FFFFFFFFFFFFFFFFFFFFFFFFFFFFFFFF24
:10ED0000FFFFFFFFFFFFFFFFFFFFFFFFFFFFFFFF13
:10ED1000FFFFFFFFFFFFFFFFFFFFFFFFFFFFFFFF03
:10ED2000FFFFFFFFFFFFFFFFFFFFFFFFFFFFFFFFF3
:10ED3000FFFFFFFFFFFFFFFFFFFFFFFFFFFFFFFFE3
:10ED4000FFFFFFFFFFFFFFFFFFFFFFFFFFFFFFFFD3
:10ED5000FFFFFFFFFFFFFFFFFFFFFFFFFFFFFFFFC3
:10ED6000FFFFFFFFFFFFFFFFFFFFFFFFFFFFFFFFB3
:10ED7000FFFFFFFFFFFFFFFFFFFFFFFFFFFFFFFFA3
:10ED8000FFFFFFFFFFFFFFFFFFFFFFFFFFFFFFFF93
:10ED9000FFFFFFFFFFFFFFFFFFFFFFFFFFFFFFFF83
:10EDA000FFFFFFFFFFFFFFFFFFFFFFFFFFFFFFFF73
:10EDB000FFFFFFFFFFFFFFFFFFFFFFFFFFFFFFFF63
:10EDC000FFFFFFFFFFFFFFFFFFFFFFFFFFFFFFFF53
:10EDD000FFFFFFFFFFFFFFFFFFFFFFFFFFFFFFFF43
:10EDE000FFFFFFFFFFFFFFFFFFFFFFFFFFFFFFFF33
:10EDF000FFFFFFFFFFFFFFFFFFFFFFFFFFFFFFFF23
:10EE0000FFFFFFFFFFFFFFFFFFFFFFFFFFFFFFFF12
:10EE1000FFFFFFFFFFFFFFFFFFFFFFFFFFFFFFFF02
:10EE2000FFFFFFFFFFFFFFFFFFFFFFFFFFFFFFFFF2
:10EE3000FFFFFFFFFFFFFFFFFFFFFFFFFFFFFFFFE2
:10EE4000FFFFFFFFFFFFFFFFFFFFFFFFFFFFFFFFD2
:10EE5000FFFFFFFFFFFFFFFFFFFFFFFFFFFFFFFFC2
:10EE6000FFFFFFFFFFFFFFFFFFFFFFFFFFFFFFFFB2
:10EE7000FFFFFFFFFFFFFFFFFFFFFFFFFFFFFFFFA2
:10EE8000FFFFFFFFFFFFFFFFFFFFFFFFFFFFFFFF92
:10EE9000FFFFFFFFFFFFFFFFFFFFFFFFFFFFFFFF82
:10EEA000FFFFFFFFFFFFFFFFFFFFFFFFFFFFFFFF72
:10EEB000FFFFFFFFFFFFFFFFFFFFFFFFFFFFFFFF62
:10EEC000FFFFFFFFFFFFFFFFFFFFFFFFFFFFFFFF52
:10EED000FFFFFFFFFFFFFFFFFFFFFFFFFFFFFFFF42
:10EEE000FFFFFFFFFFFFFFFFFFFFFFFFFFFFFFFF32
:10EEF000FFFFFFFFFFFFFFFFFFFFFFFFFFFFFFFF22
:10EF0000FFFFFFFFFFFFFFFFFFFFFFFFFFFFFFFF11
:10EF1000FFFFFFFFFFFFFFFFFFFFFFFFFFFFFFFF01
:10EF2000FFFFFFFFFFFFFFFFFFFFFFFFFFFFFFFFF1
:10EF3000FFFFFFFFFFFFFFFFFFFFFFFFFFFFFFFFE1
:10EF4000FFFFFFFFFFFFFFFFFFFFFFFFFFFFFFFFD1
:10EF5000FFFFFFFFFFFFFFFFFFFFFFFFFFFFFFFFC1
:10EF6000FFFFFFFFFFFFFFFFFFFFFFFFFFFFFFFFB1
:10EF7000FFFFFFFFFFFFFFFFFFFFFFFFFFFFFFFFA1
:10EF8000FFFFFFFFFFFFFFFFFFFFFFFFFFFFFFFF91
:10EF9000FFFFFFFFFFFFFFFFFFFFFFFFFFFFFFFF81
:10EFA000FFFFFFFFFFFFFFFFFFFFFFFFFFFFFFFF71
:10EFB000FFFFFFFFFFFFFFFFFFFFFFFFFFFFFFFF61
:10EFC000FFFFFFFFFFFFFFFFFFFFFFFFFFFFFFFF51
:10EFD000FFFFFFFFFFFFFFFFFFFFFFFFFFFFFFFF41
:10EFE000FFFFFFFFFFFFFFFFFFFFFFFFFFFFFFFF31
:10EFF000FFFFFFFFFFFFFFFFFFFFFFFFFFFFFFFF21
:10F00000FFFFFFFFFFFFFFFFFFFFFFFFFFFFFFFF10
:10F01000FFFFFFFFFFFFFFFFFFFFFFFFFFFFFFFF00
:10F02000FFFFFFFFFFFFFFFFFFFFFFFFFFFFFFFFF0
:10F03000FFFFFFFFFFFFFFFFFFFFFFFFFFFFFFFFE0
:10F04000FFFFFFFFFFFFFFFFFFFFFFFFFFFFFFFFD0
:10F05000FFFFFFFFFFFFFFFFFFFFFFFFFFFFFFFFC0
:10F06000FFFFFFFFFFFFFFFFFFFFFFFFFFFFFFFFB0
:10F07000FFFFFFFFFFFFFFFFFFFFFFFFFFFFFFFFA0
:10F08000FFFFFFFFFFFFFFFFFFFFFFFFFFFFFFFF90
:10F09000FFFFFFFFFFFFFFFFFFFFFFFFFFFFFFFF80
:10F0A000FFFFFFFFFFFFFFFFFFFFFFFFFFFFFFFF70
:10F0B000FFFFFFFFFFFFFFFFFFFFFFFFFFFFFFFF60
:10F0C000FFFFFFFFFFFFFFFFFFFFFFFFFFFFFFFF50
:10F0D000FFFFFFFFFFFFFFFFFFFFFFFFFFFFFFFF40
:10F0E000FFFFFFFFFFFFFFFFFFFFFFFFFFFFFFFF30
:10F0F000FFFFFFFFFFFFFFFFFFFFFFFFFFFFFFFF20
:10F10000FFFFFFFFFFFFFFFFFFFFFFFFFFFFFFFF0F
:10F11000FFFFFFFFFFFFFFFFFFFFFFFFFFFFFFFFFF
:10F12000FFFFFFFFFFFFFFFFFFFFFFFFFFFFFFFFEF
:10F13000FFFFFFFFFFFFFFFFFFFFFFFFFFFFFFFFDF
:10F14000FFFFFFFFFFFFFFFFFFFFFFFFFFFFFFFFCF
:10F15000FFFFFFFFFFFFFFFFFFFFFFFFFFFFFFFFBF
:10F16000FFFFFFFFFFFFFFFFFFFFFFFFFFFFFFFFAF
:10F17000FFFFFFFFFFFFFFFFFFFFFFFFFFFFFFFF9F
:10F18000FFFFFFFFFFFFFFFFFFFFFFFFFFFFFFFF8F
:10F19000FFFFFFFFFFFFFFFFFFFFFFFFFFFFFFFF7F
:10F1A000FFFFFFFFFFFFFFFFFFFFFFFFFFFFFFFF6F
:10F1B000FFFFFFFFFFFFFFFFFFFFFFFFFFFFFFFF5F
:10F1C000FFFFFFFFFFFFFFFFFFFFFFFFFFFFFFFF4F
:10F1D000FFFFFFFFFFFFFFFFFFFFFFFFFFFFFFFF3F
:10F1E000FFFFFFFFFFFFFFFFFFFFFFFFFFFFFFFF2F
:10F1F000FFFFFFFFFFFFFFFFFFFFFFFFFFFFFFFF1F
:10F20000FFFFFFFFFFFFFFFFFFFFFFFFFFFFFFFF0E
:10F21000FFFFFFFFFFFFFFFFFFFFFFFFFFFFFFFFFE
:10F22000FFFFFFFFFFFFFFFFFFFFFFFFFFFFFFFFEE
:10F23000FFFFFFFFFFFFFFFFFFFFFFFFFFFFFFFFDE
:10F24000FFFFFFFFFFFFFFFFFFFFFFFFFFFFFFFFCE
:10F25000FFFFFFFFFFFFFFFFFFFFFFFFFFFFFFFFBE
:10F26000FFFFFFFFFFFFFFFFFFFFFFFFFFFFFFFFAE
:10F27000FFFFFFFFFFFFFFFFFFFFFFFFFFFFFFFF9E
:10F28000FFFFFFFFFFFFFFFFFFFFFFFFFFFFFFFF8E
:10F29000FFFFFFFFFFFFFFFFFFFFFFFFFFFFFFFF7E
:10F2A000FFFFFFFFFFFFFFFFFFFFFFFFFFFFFFFF6E
:10F2B000FFFFFFFFFFFFFFFFFFFFFFFFFFFFFFFF5E
:10F2C000FFFFFFFFFFFFFFFFFFFFFFFFFFFFFFFF4E
:10F2D000FFFFFFFFFFFFFFFFFFFFFFFFFFFFFFFF3E
:10F2E000FFFFFFFFFFFFFFFFFFFFFFFFFFFFFFFF2E
:10F2F000FFFFFFFFFFFFFFFFFFFFFFFFFFFFFFFF1E
:10F30000FFFFFFFFFFFFFFFFFFFFFFFFFFFFFFFF0D
:10F31000FFFFFFFFFFFFFFFFFFFFFFFFFFFFFFFFFD
:10F32000FFFFFFFFFFFFFFFFFFFFFFFFFFFFFFFFED
:10F33000FFFFFFFFFFFFFFFFFFFFFFFFFFFFFFFFDD
:10F34000FFFFFFFFFFFFFFFFFFFFFFFFFFFFFFFFCD
:10F35000FFFFFFFFFFFFFFFFFFFFFFFFFFFFFFFFBD
:10F36000FFFFFFFFFFFFFFFFFFFFFFFFFFFFFFFFAD
:10F37000FFFFFFFFFFFFFFFFFFFFFFFFFFFFFFFF9D
:10F38000FFFFFFFFFFFFFFFFFFFFFFFFFFFFFFFF8D
:10F39000FFFFFFFFFFFFFFFFFFFFFFFFFFFFFFFF7D
:10F3A000FFFFFFFFFFFFFFFFFFFFFFFFFFFFFFFF6D
:10F3B000FFFFFFFFFFFFFFFFFFFFFFFFFFFFFFFF5D
:10F3C000FFFFFFFFFFFFFFFFFFFFFFFFFFFFFFFF4D
:10F3D000FFFFFFFFFFFFFFFFFFFFFFFFFFFFFFFF3D
:10F3E000FFFFFFFFFFFFFFFFFFFFFFFFFFFFFFFF2D
:10F3F000FFFFFFFFFFFFFFFFFFFFFFFFFFFFFFFF1D
:10F40000FFFFFFFFFFFFFFFFFFFFFFFFFFFFFFFF0C
:10F41000FFFFFFFFFFFFFFFFFFFFFFFFFFFFFFFFFC
:10F42000FFFFFFFFFFFFFFFFFFFFFFFFFFFFFFFFEC
:10F43000FFFFFFFFFFFFFFFFFFFFFFFFFFFFFFFFDC
:10F44000FFFFFFFFFFFFFFFFFFFFFFFFFFFFFFFFCC
:10F45000FFFFFFFFFFFFFFFFFFFFFFFFFFFFFFFFBC
:10F46000FFFFFFFFFFFFFFFFFFFFFFFFFFFFFFFFAC
:10F47000FFFFFFFFFFFFFFFFFFFFFFFFFFFFFFFF9C
:10F48000FFFFFFFFFFFFFFFFFFFFFFFFFFFFFFFF8C
:10F49000FFFFFFFFFFFFFFFFFFFFFFFFFFFFFFFF7C
:10F4A000FFFFFFFFFFFFFFFFFFFFFFFFFFFFFFFF6C
:10F4B000FFFFFFFFFFFFFFFFFFFFFFFFFFFFFFFF5C
:10F4C000FFFFFFFFFFFFFFFFFFFFFFFFFFFFFFFF4C
:10F4D000FFFFFFFFFFFFFFFFFFFFFFFFFFFFFFFF3C
:10F4E000FFFFFFFFFFFFFFFFFFFFFFFFFFFFFFFF2C
:10F4F000FFFFFFFFFFFFFFFFFFFFFFFFFFFFFFFF1C
:10F50000FFFFFFFFFFFFFFFFFFFFFFFFFFFFFFFF0B
:10F51000FFFFFFFFFFFFFFFFFFFFFFFFFFFFFFFFFB
:10F52000FFFFFFFFFFFFFFFFFFFFFFFFFFFFFFFFEB
:10F53000FFFFFFFFFFFFFFFFFFFFFFFFFFFFFFFFDB
:10F54000FFFFFFFFFFFFFFFFFFFFFFFFFFFFFFFFCB
:10F55000FFFFFFFFFFFFFFFFFFFFFFFFFFFFFFFFBB
:10F56000FFFFFFFFFFFFFFFFFFFFFFFFFFFFFFFFAB
:10F57000FFFFFFFFFFFFFFFFFFFFFFFFFFFFFFFF9B
:10F58000FFFFFFFFFFFFFFFFFFFFFFFFFFFFFFFF8B
:10F59000FFFFFFFFFFFFFFFFFFFFFFFFFFFFFFFF7B
:10F5A000FFFFFFFFFFFFFFFFFFFFFFFFFFFFFFFF6B
:10F5B000FFFFFFFFFFFFFFFFFFFFFFFFFFFFFFFF5B
:10F5C000FFFFFFFFFFFFFFFFFFFFFFFFFFFFFFFF4B
:10F5D000FFFFFFFFFFFFFFFFFFFFFFFFFFFFFFFF3B
:10F5E000FFFFFFFFFFFFFFFFFFFFFFFFFFFFFFFF2B
:10F5F000FFFFFFFFFFFFFFFFFFFFFFFFFFFFFFFF1B
:10F60000FFFFFFFFFFFFFFFFFFFFFFFFFFFFFFFF0A
:10F61000FFFFFFFFFFFFFFFFFFFFFFFFFFFFFFFFFA
:10F62000FFFFFFFFFFFFFFFFFFFFFFFFFFFFFFFFEA
:10F63000FFFFFFFFFFFFFFFFFFFFFFFFFFFFFFFFDA
:10F64000FFFFFFFFFFFFFFFFFFFFFFFFFFFFFFFFCA
:10F65000FFFFFFFFFFFFFFFFFFFFFFFFFFFFFFFFBA
:10F66000FFFFFFFFFFFFFFFFFFFFFFFFFFFFFFFFAA
:10F67000FFFFFFFFFFFFFFFFFFFFFFFFFFFFFFFF9A
:10F68000FFFFFFFFFFFFFFFFFFFFFFFFFFFFFFFF8A
:10F69000FFFFFFFFFFFFFFFFFFFFFFFFFFFFFFFF7A
:10F6A000FFFFFFFFFFFFFFFFFFFFFFFFFFFFFFFF6A
:10F6B000FFFFFFFFFFFFFFFFFFFFFFFFFFFFFFFF5A
:10F6C000FFFFFFFFFFFFFFFFFFFFFFFFFFFFFFFF4A
:10F6D000FFFFFFFFFFFFFFFFFFFFFFFFFFFFFFFF3A
:10F6E000FFFFFFFFFFFFFFFFFFFFFFFFFFFFFFFF2A
:10F6F000FFFFFFFFFFFFFFFFFFFFFFFFFFFFFFFF1A
:10F70000FFFFFFFFFFFFFFFFFFFFFFFFFFFFFFFF09
:10F71000FFFFFFFFFFFFFFFFFFFFFFFFFFFFFFFFF9
:10F72000FFFFFFFFFFFFFFFFFFFFFFFFFFFFFFFFE9
:10F73000FFFFFFFFFFFFFFFFFFFFFFFFFFFFFFFFD9
:10F74000FFFFFFFFFFFFFFFFFFFFFFFFFFFFFFFFC9
:10F75000FFFFFFFFFFFFFFFFFFFFFFFFFFFFFFFFB9
:10F76000FFFFFFFFFFFFFFFFFFFFFFFFFFFFFFFFA9
:10F77000FFFFFFFFFFFFFFFFFFFFFFFFFFFFFFFF99
:10F78000FFFFFFFFFFFFFFFFFFFFFFFFFFFFFFFF89
:10F79000FFFFFFFFFFFFFFFFFFFFFFFFFFFFFFFF79
:10F7A000FFFFFFFFFFFFFFFFFFFFFFFFFFFFFFFF69
:10F7B000FFFFFFFFFFFFFFFFFFFFFFFFFFFFFFFF59
:10F7C000FFFFFFFFFFFFFFFFFFFFFFFFFFFFFFFF49
:10F7D000FFFFFFFFFFFFFFFFFFFFFFFFFFFFFFFF39
:10F7E000FFFFFFFFFFFFFFFFFFFFFFFFFFFFFFFF29
:10F7F000FFFFFFFFFFFFFFFFFFFFFFFFFFFFFFFF19
:10F80000FFFFFFFFFFFFFFFFFFFFFFFFFFFFFFFF08
:10F81000FFFFFFFFFFFFFFFFFFFFFFFFFFFFFFFFF8
:10F82000FFFFFFFFFFFFFFFFFFFFFFFFFFFFFFFFE8
:10F83000FFFFFFFFFFFFFFFFFFFFFFFFFFFFFFFFD8
:10F84000FFFFFFFFFFFFFFFFFFFFFFFFFFFFFFFFC8
:10F85000FFFFFFFFFFFFFFFFFFFFFFFFFFFFFFFFB8
:10F86000FFFFFFFFFFFFFFFFFFFFFFFFFFFFFFFFA8
:10F87000FFFFFFFFFFFFFFFFFFFFFFFFFFFFFFFF98
:10F88000FFFFFFFFFFFFFFFFFFFFFFFFFFFFFFFF88
:10F89000FFFFFFFFFFFFFFFFFFFFFFFFFFFFFFFF78
:10F8A000FFFFFFFFFFFFFFFFFFFFFFFFFFFFFFFF68
:10F8B000FFFFFFFFFFFFFFFFFFFFFFFFFFFFFFFF58
:10F8C000FFFFFFFFFFFFFFFFFFFFFFFFFFFFFFFF48
:10F8D000FFFFFFFFFFFFFFFFFFFFFFFFFFFFFFFF38
:10F8E000FFFFFFFFFFFFFFFFFFFFFFFFFFFFFFFF28
:10F8F000FFFFFFFFFFFFFFFFFFFFFFFFFFFFFFFF18
:10F90000FFFFFFFFFFFFFFFFFFFFFFFFFFFFFFFF07
:10F91000FFFFFFFFFFFFFFFFFFFFFFFFFFFFFFFFF7
:10F92000FFFFFFFFFFFFFFFFFFFFFFFFFFFFFFFFE7
:10F93000FFFFFFFFFFFFFFFFFFFFFFFFFFFFFFFFD7
:10F94000FFFFFFFFFFFFFFFFFFFFFFFFFFFFFFFFC7
:10F95000FFFFFFFFFFFFFFFFFFFFFFFFFFFFFFFFB7
:10F96000FFFFFFFFFFFFFFFFFFFFFFFFFFFFFFFFA7
:10F97000FFFFFFFFFFFFFFFFFFFFFFFFFFFFFFFF97
:10F98000FFFFFFFFFFFFFFFFFFFFFFFFFFFFFFFF87
:10F99000FFFFFFFFFFFFFFFFFFFFFFFFFFFFFFFF77
:10F9A000FFFFFFFFFFFFFFFFFFFFFFFFFFFFFFFF67
:10F9B000FFFFFFFFFFFFFFFFFFFFFFFFFFFFFFFF57
:10F9C000FFFFFFFFFFFFFFFFFFFFFFFFFFFFFFFF47
:10F9D000FFFFFFFFFFFFFFFFFFFFFFFFFFFFFFFF37
:10F9E000FFFFFFFFFFFFFFFFFFFFFFFFFFFFFFFF27
:10F9F000FFFFFFFFFFFFFFFFFFFFFFFFFFFFFFFF17
:10FA0000FFFFFFFFFFFFFFFFFFFFFFFFFFFFFFFF06
:10FA1000FFFFFFFFFFFFFFFFFFFFFFFFFFFFFFFFF6
:10FA2000FFFFFFFFFFFFFFFFFFFFFFFFFFFFFFFFE6
:10FA3000FFFFFFFFFFFFFFFFFFFFFFFFFFFFFFFFD6
:10FA4000FFFFFFFFFFFFFFFFFFFFFFFFFFFFFFFFC6
:10FA5000FFFFFFFFFFFFFFFFFFFFFFFFFFFFFFFFB6
:10FA6000FFFFFFFFFFFFFFFFFFFFFFFFFFFFFFFFA6
:10FA7000FFFFFFFFFFFFFFFFFFFFFFFFFFFFFFFF96
:10FA8000FFFFFFFFFFFFFFFFFFFFFFFFFFFFFFFF86
:10FA9000FFFFFFFFFFFFFFFFFFFFFFFFFFFFFFFF76
:10FAA000FFFFFFFFFFFFFFFFFFFFFFFFFFFFFFFF66
:10FAB000FFFFFFFFFFFFFFFFFFFFFFFFFFFFFFFF56
:10FAC000FFFFFFFFFFFFFFFFFFFFFFFFFFFFFFFF46
:10FAD000FFFFFFFFFFFFFFFFFFFFFFFFFFFFFFFF36
:10FAE000FFFFFFFFFFFFFFFFFFFFFFFFFFFFFFFF26
:10FAF000FFFFFFFFFFFFFFFFFFFFFFFFFFFFFFFF16
:10FB0000FFFFFFFFFFFFFFFFFFFFFFFFFFFFFFFF05
:10FB1000FFFFFFFFFFFFFFFFFFFFFFFFFFFFFFFFF5
:10FB2000FFFFFFFFFFFFFFFFFFFFFFFFFFFFFFFFE5
:10FB3000FFFFFFFFFFFFFFFFFFFFFFFFFFFFFFFFD5
:10FB4000FFFFFFFFFFFFFFFFFFFFFFFFFFFFFFFFC5
:10FB5000FFFFFFFFFFFFFFFFFFFFFFFFFFFFFFFFB5
:10FB6000FFFFFFFFFFFFFFFFFFFFFFFFFFFFFFFFA5
:10FB7000FFFFFFFFFFFFFFFFFFFFFFFFFFFFFFFF95
:10FB8000FFFFFFFFFFFFFFFFFFFFFFFFFFFFFFFF85
:10FB9000FFFFFFFFFFFFFFFFFFFFFFFFFFFFFFFF75
:10FBA000FFFFFFFFFFFFFFFFFFFFFFFFFFFFFFFF65
:10FBB000FFFFFFFFFFFFFFFFFFFFFFFFFFFFFFFF55
:10FBC000FFFFFFFFFFFFFFFFFFFFFFFFFFFFFFFF45
:10FBD000FFFFFFFFFFFFFFFFFFFFFFFFFFFFFFFF35
:10FBE000FFFFFFFFFFFFFFFFFFFFFFFFFFFFFFFF25
:10FBF000FFFFFFFFFFFFFFFFFFFFFFFFFFFFFFFF15
:10FC0000FFFFFFFFFFFFFFFFFFFFFFFFFFFFFFFF04
:10FC1000FFFFFFFFFFFFFFFFFFFFFFFFFFFFFFFFF4
:10FC2000FFFFFFFFFFFFFFFFFFFFFFFFFFFFFFFFE4
:10FC3000FFFFFFFFFFFFFFFFFFFFFFFFFFFFFFFFD4
:10FC4000FFFFFFFFFFFFFFFFFFFFFFFFFFFFFFFFC4
:10FC5000FFFFFFFFFFFFFFFFFFFFFFFFFFFFFFFFB4
:10FC6000FFFFFFFFFFFFFFFFFFFFFFFFFFFFFFFFA4
:10FC7000FFFFFFFFFFFFFFFFFFFFFFFFFFFFFFFF94
:10FC8000FFFFFFFFFFFFFFFFFFFFFFFFFFFFFFFF84
:10FC9000FFFFFFFFFFFFFFFFFFFFFFFFFFFFFFFF74
:10FCA000FFFFFFFFFFFFFFFFFFFFFFFFFFFFFFFF64
:10FCB000FFFFFFFFFFFFFFFFFFFFFFFFFFFFFFFF54
:10FCC000FFFFFFFFFFFFFFFFFFFFFFFFFFFFFFFF44
:10FCD000FFFFFFFFFFFFFFFFFFFFFFFFFFFFFFFF34
:10FCE000FFFFFFFFFFFFFFFFFFFFFFFFFFFFFFFF24
:10FCF000FFFFFFFFFFFFFFFFFFFFFFFFFFFFFFFF14
:10FD0000FFFFFFFFFFFFFFFFFFFFFFFFFFFFFFFF03
:10FD1000FFFFFFFFFFFFFFFFFFFFFFFFFFFFFFFFF3
:10FD2000FFFFFFFFFFFFFFFFFFFFFFFFFFFFFFFFE3
:10FD3000FFFFFFFFFFFFFFFFFFFFFFFFFFFFFFFFD3
:10FD4000FFFFFFFFFFFFFFFFFFFFFFFFFFFFFFFFC3
:10FD5000FFFFFFFFFFFFFFFFFFFFFFFFFFFFFFFFB3
:10FD6000FFFFFFFFFFFFFFFFFFFFFFFFFFFFFFFFA3
:10FD7000FFFFFFFFFFFFFFFFFFFFFFFFFFFFFFFF93
:10FD8000FFFFFFFFFFFFFFFFFFFFFFFFFFFFFFFF83
:10FD9000FFFFFFFFFFFFFFFFFFFFFFFFFFFFFFFF73
:10FDA000FFFFFFFFFFFFFFFFFFFFFFFFFFFFFFFF63
:10FDB000FFFFFFFFFFFFFFFFFFFFFFFFFFFFFFFF53
:10FDC000FFFFFFFFFFFFFFFFFFFFFFFFFFFFFFFF43
:10FDD000FFFFFFFFFFFFFFFFFFFFFFFFFFFFFFFF33
:10FDE000FFFFFFFFFFFFFFFFFFFFFFFFFFFFFFFF23
:10FDF000FFFFFFFFFFFFFFFFFFFFFFFFFFFFFFFF13
:10FE0000FFFFFFFFFFFFFFFFFFFFFFFFFFFFFFFF02
:10FE1000FFFFFFFFFFFFFFFFFFFFFFFFFFFFFFFFF2
:10FE2000FFFFFFFFFFFFFFFFFFFFFFFFFFFFFFFFE2
:10FE3000FFFFFFFFFFFFFFFFFFFFFFFFFFFFFFFFD2
:10FE4000FFFFFFFFFFFFFFFFFFFFFFFFFFFFFFFFC2
:10FE5000FFFFFFFFFFFFFFFFFFFFFFFFFFFFFFFFB2
:10FE6000FFFFFFFFFFFFFFFFFFFFFFFFFFFFFFFFA2
:10FE7000FFFFFFFFFFFFFFFFFFFFFFFFFFFFFFFF92
:10FE8000FFFFFFFFFFFFFFFFFFFFFFFFFFFFFFFF82
:10FE9000FFFFFFFFFFFFFFFFFFFFFFFFFFFFFFFF72
:10FEA000FFFFFFFFFFFFFFFFFFFFFFFFFFFFFFFF62
:10FEB000FFFFFFFFFFFFFFFFFFFFFFFFFFFFFFFF52
:10FEC000FFFFFFFFFFFFFFFFFFFFFFFFFFFFFFFF42
:10FED000FFFFFFFFFFFFFFFFFFFFFFFFFFFFFFFF32
:10FEE000FFFFFFFFFFFFFFFFFFFFFFFFFFFFFFFF22
:10FEF000FFFFFFFFFFFFFFFFFFFFFFFFFFFFFFFF12
:10FF0000FFFFFFFFFFFFFFFFFFFFFFFFFFFFFFFF01
:10FF1000FFFFFFFFFFFFFFFFFFFFFFFFFFFFFFFFF1
:10FF2000FFFFFFFFFFFFFFFFFFFFFFFFFFFFFFFFE1
:10FF3000FFFFFFFFFFFFFFFFFFFFFFFFFFFFFFFFD1
:10FF4000FFFFFFFFFFFFFFFFFFFFFFFFFFFFFFFFC1
:10FF5000FFFFFFFFFFFFFFFFFFFFFFFFFFFFFFFFB1
:10FF6000FFFFFFFFFFFFFFFFFFFFFFFFFFFFFFFFA1
:10FF7000FFFFFFFFFFFFFFFFFFFFFFFFFFFFFFFF91
:10FF8000FFFFFFFFFFFFFFFFFFFFFFFFFFFFFFFF81
:10FF9000FFFFFFFFFFFFFFFFFFFFFFFFFFFFFFFF71
:10FFA000FFFFFFFFFFFFFFFFFFFFFFFFFFFFFFFF61
:10FFB000FFFFFFFFFFFFFFFFFFFFFFFFFFFFFFFF51
:10FFC000FFFFFFFFFFFFFFFFFFFFFFFFFFFFFFFF41
:10FFD000FFFFFFFFFFFFFFFFFFFFFFFFFFFFFFFF31
:10FFE000FFFFFFFFFFFFFFFFFFFFFFFFFFFFFFFF21
:10FFF000FFFFFFFFFFFFFFFFFFFFFFFFFFFFB7A9AF
:020000040020DA
:080000000F06000000000000E3
:020000040030CA
:0E0000001D187F7C018991FF00C0FFE0FF40CA
:0200000400F00A
:10000000C8006E00B400B4000100580201000E0FD9
:100010002C0164009600FA000000580200001E1F28
:100020008A023002440244020100580202002E2FCC
:10003000000406000000003700000000F89B0200EA
:100040000864FDFF000000000014004B4C4D4E4FB3
:1000500000000000000000000000000000000000A0
:100060000000000000000000000000000000000090
:100070000000000000000000000000000000647F9D
:10008000000000000000000001000000000000006F
:00000001FF
