:102000002DEF10F0FFFFFFFF0182D6EF43F0FFFF3F
:10201000FFFFFFFFFFFFFFFF0180D8CF60F0E8CF99
:1020200061F0E0CF62F0D9CF63F0DACF64F09DB811
:102030009EA802D0F3EC88F0A3B8A4A802D061EC6B
:1020400087F064C0DAFF63C0D9FF62C0E0FF61C0FF
:10205000E8FF60C0D8FF0190100090EF2EF000283C
:102060002401721E015A1E01FAAA0094C700E2233D
:102070000146DC001A24010C2401FE2301F0230197
:10208000D42301C62301B82301E024013EEB0077ED
:102090007C585E79716F760600003800545C7300DE
:1020A000506D781C0000006E00777C395E79716F8E
:1020B000760600003800373F7300506D783E000010
:1020C000006E00303132333435363738396162636F
:1020D000646566003F065B4F666D7D077F67051090
:1020E0002030406080A0FF6E67C579DD61021A086C
:1020F00022010A00060E0A003C000000182201001E
:1021000000580201000A0058240000000000003AB4
:102110008D00202D006826010021014065000E0879
:102120000164260100000052E000429A00F82401F8
:10213000000000FEE700E28A00042501000000FE26
:10214000E700E28A006C2601000000F42201167FFD
:102150000000000000000000E700C2A9000000002D
:102160000000009AD900F09A00000000000000482A
:102170002601AACB0000000000000044260166A54D
:1021800000AA02019138616C6C506F6442756666FA
:102190006572735B504F445F4255464645525F52ED
:1021A000585D20213D204E554C4C00616C6C506FA9
:1021B00064427566666572735B504F445F42554674
:1021C0004645525F54585D20213D204E554C4C00F1
:1021D0006F75744361706163697479203E20444176
:1021E00054414752414D5F4D494E5F4F564552480D
:1021F00045414400417373657274696F6E20666176
:10220000696C65643A202573202825733A2025736C
:102210003A202564290A00636F6E6669672D3E7354
:1022200061766553657474696E677320213D204E35
:10223000554C4C00636F6E6669672D3E70726F7609
:1022400069646553697A6520213D204E554C4C00E8
:102250007372632F447269766572732F506F647363
:10226000436861696E556172742E6300636F6E66B8
:1022700069672D3E777269746542797465732021B0
:102280003D204E554C4C00636F6E6669672D3E7263
:10229000656164427974657320213D204E554C4C34
:1022A000007372632F506F6473436861696E2F50BF
:1022B0006F6473436861696E2E6300777269746539
:1022C000506572696F64203E207461736B50657253
:1022D000696F6400636F6D6D756E696361746557D6
:1022E000697468506F6473436861696E00696E70E9
:1022F000757453697A65203E3D2076616C7565532F
:10230000697A6500736574506F6473436F6D6D73A4
:1023100041747472696275746573007372632F54CB
:1023200061736B732F526164696F5461736B2E63B9
:10233000007372632F526164696F2F566172496E28
:10234000742E63007372632F526164696F2F526140
:1023500064696F2E630070726F636573735261649A
:10236000696F427974657300706F6473556172743C
:1023700020213D204E554C4C00526164696F5461E0
:10238000736B5F496E697400636861696E20213DFB
:10239000204E554C4C00696E6974506F64734368ED
:1023A00061696E006465636F6465566172496E743D
:1023B00000382E382E382E382E00302E324C4F005A
:1023C000414C2E484900414C2E4C4F0048454C5042
:1023D00000303030300031313131003232323200B1
:1023E0003333333300343434340035353535002D50
:1023F0002D2D2D006572723100657272320065728A
:1024000072330065727234006572725500446174F3
:102410006100636F6E6E0050726F7500504831300E
:1024200000504820340050482037004641494C00B5
:102430004F4F4F4F0050415353004550742D004EA5
:1024400047452E002D41434300436F6E66006E6387
:102450006E6F006275737900636F6E7400372E3192
:102460000046414300644546006F66660043414CA8
:102470000043484100506F6400457272004F464669
:10248000002575006F6E00627200454C004F5200CF
:102490005552006E63004943007264007048002A80
:1024A00043002A460045430000FF01018351841187
:1024B00070E1680E00019C6F230E9D6F500E9E6FA1
:1024C000220E9F6F010EA16F7C0EA06FD40EA26F23
:1024D000220EA36FE5EC84F05CD083C1A1F084C12F
:1024E000A2F0000140DADFA005D001D003D03BDA32
:1024F000DF904FD0A1C06CF0A2C06DF0000E22ECB6
:1025000092F06CC068F06DC069F0000120EECCF074
:102510006C51D9266D51DA22DF50050F6A6F58ECE5
:1025200083F023EC7AF0A1C065F0A2C066F0000150
:1025300020EECCF0A151D926A251DA22DECF67F0ED
:10254000DDCF68F06D6B050E67256B6F000E68219F
:102550006C6F11D06B516525D96E6C516621DA6EA6
:102560006D516525E16E000E6621E26EDFCFE7FF5B
:102570006D2B6B4B6C2BF0D9DF50696F6A6B695117
:102580006B5D6A516C59E6E301D0E4D7E5D96DC0C3
:10259000DFFF83C179F084C17AF033D020EECFF031
:1025A0007951D9267A51DA2201D80AD00500FA6E7B
:1025B000DE50FD6EDE50FE6EDE50FF6EFA501200F1
:1025C0007B6FD8D9DF507C6F7C517925D96E000E96
:1025D0007A21DA6E7BC0DFFFCDD910EE64F079513D
:1025E000E1267A51E222E7507B6F7B29656F666BAB
:1025F000000E6623686B640E676F9DEC6BF065518F
:10260000DF6E79C065F07AC066F0000120EECAF096
:102610006551D9266651DA22DECF67F0DDCF68F04A
:1026200067C0D9FF68C0DAFFDF500009B7E101D009
:10263000B5D779C065F07AC066F016D0696B0CD05A
:102640005CD969516525E16E000E6621E26EDFCF2F
:10265000E7FF53D9DF6A692B5CD9DE50695DF0E38F
:1026600001D0EED756D9DF0665C0D9FF66C0DAFFC4
:102670001B0EDE1807E001D005D04BD9DF50DEE19C
:1026800001D0DCD779C072F07AC073F020EE64F02C
:102690002FD9030EDF6004D001D002D0000EAFD0DE
:1026A00072C0D9FF73C0DAFF1B0EDE1803E0F6D745
:1026B00001D0F4D720EE02F01BD9DF50746F20EE6A
:1026C00001F016D9DF50766F7451756F0AD975C055
:1026D000DEFF76C0DDFF05D9DECF74F0DDCF75F00B
:1026E000060E7425776F000E7521786F20EE64F06A
:1026F000FFD8DF50746F756B7751745D78517559E1
:1027000003E2CCD701D0CAD7ECD8010EDB5005E1EB
:102710005D0EDE5C10E301D00ED038D90001676B8E
:10272000C9EC3BF0672B630E6765FAD701D0F8D789
:10273000D1EC3BF0B3D772C06CF073C06DF0D1D860
:10274000DF50050F6E6F706B716B010E6F6F39D0BC
:10275000700E656F6F516C25D96E000E6D21DA6EAB
:10276000DF50666F6651676F686B67C068F0676BB4
:102770006551D96EDA6A6751DE1A6851DD1A080EA2
:102780006B6FE2D868AF14D001D012D0DDD8D890EA
:1027900067376837210E6719696F100E68196A6FFD
:1027A0006551D96EDA6A69C0DEFF6AC0DDFF03D009
:1027B000655165EC27F06B076B51E3E101D0E1D780
:1027C0006F2B6E516F5DC4E301D0C2D77051711190
:1027D00001E002D0010E01D0000E00090FE101D08E
:1027E0000DD0D4D80001676BC9EC3BF0672B630EAA
:1027F0006765FAD79DD7F8D79BD750D7010E000948
:1028000001E06BD683C165F084C166F089D8DFA290
:1028100013D001D011D020EECEF089D8DFCF67F0F1
:10282000DF2A0F0E676508D001D006D079D8DF9275
:1028300020EECEF07CD8DF6A73D8DFB201D002D0B0
:10284000010E01D0000E00094BE17AEC86F0010187
:102850009C5144E09FEC85F000016C6B16D0000E9B
:102860006C25D96EDA6A070EDA226C5101018325D4
:1028700000016A6F86D86B6F650E6A25E16E000EE7
:102880006B21E26EDFCFE7FF6C2B01019D51000150
:102890006C5DE5E301D0E3D753D8C4EC3BF09DC1B8
:1028A000DFFF650E83250001666F6BD8676F9DC1E2
:1028B00068F042D8C4EC3BF001D80AD00500FA6EAB
:1028C000DE50FD6EDE50FE6EDE50FF6EFA501200DE
:1028D00037D8C4EC3BF0DF6A9C6B010CABEC73F0B7
:1028E000010C20EECCF07251D9267351DA2212007D
:1028F0007251D9267351DA22120069516525676F2A
:10290000000E6621686F6729D96E000E6821DA6EA5
:10291000120020EE64F06551D9266651DA221200C9
:1029200020EED2F06551D9266651DA2212006551A7
:10293000D9266651DA221200010120EED3F01200EE
:10294000010120EEC9F012006551D96EDA6ADECFBE
:1029500067F0DDCF68F0120020EE64F06551D926F3
:102960006651DA22120020EED2F0A151D926A251EE
:10297000DA22120020EE64F07951D9267A51DA2257
:102980001200000E010184210001120072C065F0E6
:1029900073C066F01200826B836B7A51D96EDA6A6B
:1029A000DECFF6FFDDCFF7FF000EF86E0800F55022
:1029B000250A01E09AD17A51D96EDA6ADE2A000E30
:1029C000DD227A51D96EDA6ADECF84F0DDCF85F070
:1029D00084C0F6FF85C0F7FF000EF86E0800F550C2
:1029E000640A0AE084C0F6FF85C0F7FF000EF86EA7
:1029F0000800F550690A72E17BC0D9FF7CC0DAFF9C
:102A0000020EDF26DF5CD96EDA6ADECF86F0DECF1B
:102A100087F084297D6F000E85217E6F7A51D96EF3
:102A2000DA6A7DC0DEFF7EC0DDFF200E8A6F010EF8
:102A300087AF000E816F8A07320E8A25D96EDA6A57
:102A4000050EDA2286C065F087C066F0686B0A0E54
:102A5000676F9DEC6BF065C06BF066C06CF0DEECF0
:102A60008DF06B51300FDF6E86C071F087C072F051
:102A7000746B0A0E736FDDEC62F071C086F072C089
:102A800087F0824B832B8651871102E08A51D3E174
:102A90008A511CE081511AE08A07320E8A25D96ECC
:102AA000DA6A050EDA222D0EDF6E824B832B0ED0F2
:102AB000320E8A25D96EDA6A050EDA22DF50656F8A
:102AC000666B79C067F040EC64F08A2B200E8A199F
:102AD000EFE182C079F083C07AF0120084C0F6FF83
:102AE00085C0F7FF000EF86E0800F550750A60E12A
:102AF0007BC0D9FF7CC0DAFF020EDF26DF5CD96E17
:102B0000DA6ADECF86F0DECF87F084297D6F000E93
:102B100085217E6F7A51D96EDA6A7DC0DEFF7EC074
:102B2000DDFF3CD0200E8A6F8A07320E8A25D96ECF
:102B3000DA6A050EDA2286C065F087C066F0686B37
:102B40000A0E676F47EC7FF06551300FDF6E86C06D
:102B500065F087C066F0686B0A0E676FB5EC79F0B8
:102B600065C086F066C087F0824B832B8651871143
:102B700011E08A510FE0D8D7320E8A25D96EDA6A71
:102B8000050EDA22DF50656F666B79C067F040ECA6
:102B900064F08A2B200E8A199CE0EED784C0F6FFE1
:102BA00085C0F7FF000EF86E0800F550750ABAE010
:102BB000816B7A51D96EDA6ADECFF6FFDDCFF7FF8F
:102BC000000EF86E0800F550730A09E17A51D96ECB
:102BD000DA6ADE2A000EDD22010E816F3CD07A51C6
:102BE000D96EDA6ADECFF6FFDDCFF7FF000EF86EA2
:102BF0000800F5506C0A2FE17A51D96EDA6ADECFFF
:102C00007DF0DDCF7EF07D2B000E7E237DC0F6FFB4
:102C10007EC0F7FF000EF86E0800F5506C0A1BE14D
:102C20007A51D96EDA6ADECF7DF0DDCF7EF0020E0A
:102C30007D27000E7E237DC0F6FF7EC0F7FF000ECD
:102C4000F86E0800F550730A06E17A51D96EDA6A17
:102C5000030EDE26BFD781513FE07BC0D9FF7CC089
:102C6000DAFF020EDF26DF5CD96EDA6ADECF7FF094
:102C7000DECF80F01CD07FC0F6FF80C0F7FF000ED3
:102C8000F86E0F0EF76403D00800F55005D0F6CFAC
:102C9000E9FFF7CFEAFFEF500001656F666B79C07F
:102CA00067F040EC64F0824B832B7F4B802B7FC01E
:102CB000F6FF80C0F7FF000EF86E0F0EF76403D02A
:102CC0000800F55005D0F6CFE9FFF7CFEAFFEF5047
:102CD000000901E1FED6CFD77A51D96EDA6ADE2A31
:102CE000000EDD22796B7A6B12007A51D96EDA6AA6
:102CF000DECFF6FFDDCFF7FF000EF86E0800F550CF
:102D0000656F666B79C067F040EC64F07A51D96EFC
:102D1000DA6ADE2A000EDD227A6B010E796F010C71
:102D2000D2C373F0D3C374F0D4C375F0D5C376F0B7
:102D300038EC80F0000901E0120032EC8AF070C03B
:102D4000D6F371C0D7F327D9DF50030B030A03E191
:102D5000010E0101986F010198050EE11CD9DF50A9
:102D6000030B030A09E017D9DF500201F96F700E57
:102D7000F91702E10101986B0101980501E0DFD02C
:102D80002EEC92F065C0D8F366C0D9F304D9DFA861
:102D900022D0D8C365F0D9C366F0F4D823EC86F00E
:102DA000D8C36BF0D9C36CF0030120EE46F000D914
:102DB00001D80AD00500FA6EDE50FD6EDE50FE6EC0
:102DC000DE50FF6EFA501200010E0001656F000E1A
:102DD00092EC81F01ED0D8C365F0D9C366F0C9D893
:102DE0004FEC86F0D8C36BF0D9C36CF0030120EE32
:102DF00049F0DED801D80AD00500FA6EDE50FD6E2B
:102E0000DE50FE6EDE50FF6EFA501200E0D892ECFB
:102E100081F0A3EC92F065C0DAF366C0DBF3BBD8B7
:102E2000DFAA21D0DAC365F0DBC366F0ABD823ECB0
:102E300086F0DAC36BF0DBC36CF0030120EE46F0E2
:102E4000BCD801D80AD00500FA6EDE50FD6EDE5007
:102E5000FE6EDE50FF6EFA501200010E0001656F2B
:102E600092EC81F020D0DAC365F0DBC366F081D844
:102E70004FEC86F0DAC36BF0DBC36CF0030120EE9D
:102E800049F09BD801D80AD00500FA6EDE50FD6EDD
:102E9000DE50FE6EDE50FF6EFA5012000001656BD0
:102EA000010E92EC81F0A8EC92F065C0DCF366C0F4
:102EB000DDF371D8DFAC22D0DCC365F0DDC366F092
:102EC00061D823EC86F0DCC36BF0DDC36CF003014A
:102ED00020EE46F077D801D80AD00500FA6EDE5011
:102EE000FD6EDE50FE6EDE50FF6EFA501200010ED7
:102EF0000001656F020E92EC81F030D0DCC365F00A
:102F0000DDC366F036D84FEC86F0DCC36BF0DDC372
:102F10006CF0030120EE49F055D801D80AD0050025
:102F2000FA6EDE50FD6EDE50FE6EDE50FF6EFA5021
:102F300012000001656B020E92EC81F00FD0899EA9
:102F4000899C8F968F9043D892EC81F0656B010E2F
:102F500092EC81F0656B020E92EC81F0D2C3DBF152
:102F6000D3C3DCF1D4C3DDF1D5C3DEF119D8E5EF6D
:102F700033F0D2C367F0D3C368F0D4C369F0D5C3CC
:102F80006AF01200D2C367F0D3C368F0D4C369F00B
:102F9000D5C36AF01200D6C3D9FFD7C3DAFF120037
:102FA000010E0101DF6FE06BE16BE26BE36B010C83
:102FB000D851D926D951DA221200DA51D926DB515B
:102FC000DA221200DC51D926DD51DA22120000018A
:102FD000656B000C63C1D9FF64C1DAFF01D80AD068
:102FE0000500FA6EDE50FD6EDE50FE6EDE50FF6EA6
:102FF000FA50120065C0E0F366C0E1F30301E0514E
:10300000E11138E0010161510301E01933E10101EF
:1030100062510301E1192EE1800E0001676F080E75
:10302000686F6A6B800E696F010120EE03F01AD998
:1030300001D80AD00500FA6EDE50FD6EDE50FE6E3D
:10304000DE50FF6EFA50120067C0DEF368C0DFF397
:10305000800E0101DD6F080EDE6FDEC3DFF1DFC31E
:10306000E0F1000EE16F080EE26FE46B800EE36F9B
:1030700085EC37F0E0C361F1E1C362F127C26EF085
:1030800028C26FF029C270F02AC271F00201272B0A
:10309000000E282329232A236EC065F06FC066F036
:1030A00070C067F071C068F02BC269F02CC26AF082
:1030B0002DC26BF02EC26CF069EC6CF0655166119C
:1030C0006711681101E002D0010E01D0000E000965
:1030D0003CE0000E0301E26F080EE36FE20E000118
:1030E000826F030E836F856B800E846FE40E866F94
:1030F000030E876FFCEC89F0E2C366F0E3C367F070
:10310000E4C368F0E5C369F0010120EE06F0AAD837
:1031100001D80AD00500FA6EDE50FD6EDE50FE6E5C
:10312000DE50FF6EFA50120091D8DFA606D001D013
:1031300004D08CD8DF968AD8DF8A0101655104E07B
:1031400001D002D0668101D0669100017FD8DFAA4C
:1031500020D001D01ED020EE02F07FD88ED8DD2204
:10316000DD52DD52030EDB500BE1020EDB5008E1B5
:10317000010EDB5005E10A0EDE5C0BE301D009D045
:1031800065D8DF8863D8DF9A20EE02F066D848EC75
:1031900075F0656B0101655109E001D007D066A1AA
:1031A00005D001D003D0010E0001656F000165510B
:1031B00000094BE001D0010C5AD8040EB8653AD092
:1031C00001D038D0010165A706D001D004D01EEC93
:1031D00093F00101659765A10CD001D00AD0B4B17C
:1031E00001D002D0010E01D0000EEEEC83F00101FF
:1031F000659165A306D001D004D0E4EC90F0010104
:10320000659365A506D001D004D01CEC93F00101B4
:10321000659565A90CD001D00AD0B4B501D002D013
:10322000010E01D0000EA2EC8FF0010165996691AC
:10323000010E66171CD8B82BB83701016651000182
:10324000B819010BB8190101666F010C20EE01F0ED
:10325000F651D926F751DA221200F651D926F75144
:10326000DA2212006351D9266451DA2212000101D8
:1032700066317F0B0001B86F1200DE2A000EDE22DD
:10328000DE22000C1BEC92F065C073F066C074F097
:10329000290E00012BD9696B020E6B6F39EC84F09B
:1032A000270E24D9020E696F6B6F39EC84F0230E60
:1032B0001DD9040E2AD939EC84F0250E17D9060E33
:1032C00024D939EC84F02B0E11D9080E1ED939EC13
:1032D00084F02D0E0BD90A0E18D939EC84F03A0E71
:1032E00005D90C0E16D939EC84F017D90D0E11D969
:1032F00039EC84F002D93DEC60F069EC8FF065C0E8
:1033000073F066C074F0290E0001F0D8100EFDD8DD
:1033100039EC84F0270EEAD8120EF7D839EC84F095
:10332000230EE4D8140EF1D839EC84F0250EDED843
:10333000160EEBD839EC84F02B0ED8D8180EE5D841
:1033400039EC84F02D0ED2D81A0EDFD839EC84F087
:103350003A0ECCD81C0EDDD839EC84F0DED81D0E28
:10336000D8D839EC84F0C9D83DEC60F075EC8FF01A
:1033700065C073F066C074F0290E0001B7D8200E46
:10338000C4D839EC84F0270EB1D8220EBED839EC5F
:1033900084F0230EABD8240EB8D839EC84F0250E77
:1033A000A5D8260EB2D839EC84F02B0E9FD8280E63
:1033B000ACD839EC84F02D0E99D82A0EA6D839EC69
:1033C00084F03A0E93D82C0EA4D839EC84F0A5D80A
:1033D0002D0E9FD839EC84F090D83DEC60F0380E7B
:1033E00085D8440E92D839EC84F0A00E676F010E98
:1033F000686F6A6B300E8DD839EC84F0AB0E676F56
:10340000010E686F6A6B310E84D839EC84F0AC0E13
:10341000676F010E686F6A6B320E7BD839EC84F0EF
:103420000101AC97BB0E0001676F010E686F6A6BFC
:10343000330E78D839EC84F0590E676F686B6A6B7D
:10344000380E70D839EC84F0C30E676F010E686FC8
:103450006A6B3C0E67D839EC84F0BF0E676F010EC3
:10346000686F6A6B400E5ED839EC84F05E0E676F51
:10347000686B6A6B460E4DD839EC84F0C70E676FE7
:10348000010E686F6A6B470E40D839EC84F0CD0EA0
:10349000676F010E686F6A6B490E37D839EC84F09C
:1034A00076EC92F065296E6F000E66216F6F6EC02C
:1034B00067F06FC068F06A6B500E2BD839EC84F05F
:1034C000706B702B0E0E7065FCD7710E676F686B9A
:1034D0006A6B880E1ED839EC84F071B103D00101FB
:1034E000B49102D00101B481000012007325676F0E
:1034F000000E7421686F6A6B120073C065F074C0AF
:1035000066F072C067F0686B1200696F020E6B6F35
:10351000020C696F010E6B6F010C720E676F686BA6
:103520006A6B1200696F040E6B6F040C0550800B00
:103530000E6E05500524146E04BE1480145008E06D
:10354000142804E1026A036A046A056A048E04D03E
:10355000026A036A046A056A0950800B0E1A095050
:1035600009240F6E08BE0F800F5008E00F2804E1F9
:10357000066A076A086A096A088E04D0066A076A3A
:10358000086A096A0F5002E0145005E1026A036AF2
:10359000046A056A120008500202F3CF19F0F4CF52
:1035A0001AF01950106E116A126A136A1A50156EC9
:1035B000166A176A186A07500302F3CF19F0F4CF9E
:1035C0001AF019501026000E1122122213221A503E
:1035D0001526000E16221722182206500402F3CFD9
:1035E00019F0F4CF1AF019501026000E11221222F1
:1035F00013221A501526000E16221722182212C066
:1036000013F011C012F010C011F0106A065003023E
:10361000F3CF19F0F4CF1AF0195010261A501122D6
:10362000000E1222132207500202F3CF19F0F4CF3A
:103630001AF0195010261A501122000E12221322CD
:1036400012C013F011C012F010C011F0106A065031
:103650000202F3CF19F0F4CF1AF0195010261A50C5
:103660001122000E1222132208500302F3CF19F088
:10367000F4CF1AF0195015261A501622000E1722F0
:10368000182207500402F3CF19F0F4CF1AF01950A2
:1036900015261A501622000E17221822085004026E
:1036A000F3CF19F0F4CF1AF019500A6E1A500B6EBE
:1036B0000C6A0D6A080ED8900A360B360C360D3699
:1036C000E82EF9D70A5015260B5016220C50172257
:1036D0000D50182213501526000E162217221822FC
:1036E00012C013F011C012F010C011F0106A0F5088
:1036F00014C00AF00B6A0A26000E0B22820E0A245E
:10370000196EFF0E0B201A6E0FD0D8901536163694
:103710001736183613BE1580D8901036113612366B
:1037200013361906D8A01A0617AEEFD70F6A13AED4
:1037300013D010500A6E11500B6E12500C6E7F0E8B
:1037400013140D6E0A500B100C100D1003E0010E37
:103750000F6E02D015B0FBD70F500EE0152A000EE9
:1037600016221722182218A007D018341832173240
:1037700016321532194A1A2A1ABE0AD01A5002E114
:10378000192806E3156A166A800E176E7F0E15D08B
:103790001ABE04D01A5008E1190406E2156A166A26
:1037A000176A186A0E6A0AD019C014F07F0E17162D
:1037B000186A14B0178ED8901430186E0E50181264
:1037C00015C002F016C003F017C004F018C005F0D1
:1037D0001200880501E028D11BEC92F065C076F05C
:1037E00066C077F0290E000123D96B6B020E6D6F56
:1037F0006AEC76F0270E1CD9020E6B6F6D6F6AECC7
:1038000076F0230E15D9040E1AD96AEC76F0250E3F
:103810000FD9060E14D96AEC76F02B0E09D9080ED2
:103820000ED96AEC76F02D0E03D90A0E08D96AEC8F
:1038300076F03A0EFDD80C0E06D96AEC76F0350E0D
:10384000F7D80D0E00D96AEC76F069EC8FF065C000
:1038500076F066C077F0290E0001EAD8100EEFD896
:103860006AEC76F0270EE4D8120EE9D86AEC76F00E
:10387000230EDED8140EE3D86AEC76F0250ED8D8E5
:10388000160EDDD86AEC76F02B0ED2D8180ED7D8EB
:103890006AEC76F02D0ECCD81A0ED1D86AEC76F000
:1038A0003A0EC6D81C0ECFD86AEC76F0350EC0D8CA
:1038B0001D0EC9D86AEC76F075EC8FF065C076F015
:1038C00066C077F0290E0001B3D8200EB8D86AEC94
:1038D00076F0270EADD8220EB2D86AEC76F0230E21
:1038E000A7D8240EACD86AEC76F0250EA1D8260E07
:1038F000A6D86AEC76F02B0E9BD8280EA0D86AECDE
:1039000076F02D0E95D82A0E9AD86AEC76F03A0EFB
:103910008FD82C0E98D86AEC76F0350E89D82D0EFB
:1039200092D86AEC76F0380E83D8440E88D86AECC8
:1039300076F0A00E696F010E6A6F6C6B300E83D843
:103940006AEC76F0AB0E696F010E6A6F6C6B310E2C
:103950007AD86AEC76F0AC0E696F010E6A6F6C6B08
:10396000320E71D86AEC76F0BB0E696F010E6A6F89
:103970006C6B330E6CD86AEC76F0590E696F6A6B1B
:103980006C6B380E64D86AEC76F0C30E696F010E6A
:103990006A6F6C6B3C0E5BD86AEC76F0BF0E696F99
:1039A000010E6A6F6C6B400E52D86AEC76F05E0EB8
:1039B000696F6A6B6C6B460E46D86AEC76F0C70E80
:1039C000696F010E6A6F6C6B470E39D86AEC76F03E
:1039D000CD0E696F010E6A6F6C6B490E30D86AECC0
:1039E00076F076EC92F06529726F000E6621736FA7
:1039F00072C069F073C06AF06C6B500E24D86AEC28
:103A000076F0756B752B0E0E7565FCD70101010EF6
:103A1000B4A1000E0001746F740E696F6A6B6C6B59
:103A2000880E11D86AEC76F00101886B0000120054
:103A30007625696F000E77216A6F6C6B12006B6FD1
:103A4000020E6D6F020C6B6F010E6D6F010C6B6FD0
:103A5000040E6D6F040C6851800B716F68516825FE
:103A6000736F67BF7381735105E0732901E106D954
:103A7000678F03D0656B666B676B686B6C51800BEF
:103A8000726F711901E0718D6C516C25726F6BBF93
:103A90007281725108E0722904E1696B6A6B6B6B89
:103AA0006C6B6B8F03D0696B6A6B6B6B6C6B735158
:103AB000725D22E271AD02D0800E711B73C074F092
:103AC00072C073F074C072F065C074F069C065F0C4
:103AD00074C069F066C074F06AC066F074C06AF0C1
:103AE00067C074F06BC067F074C06BF068C074F0AE
:103AF0006CC068F074C06CF0746B735172C06DF080
:103B00006E6B6D5F000E6E5B6EBF15D06E5103E184
:103B10001A0E6D5D10E3C7D8010ED8B4000E746F95
:103B2000ADD872C073F00AD074A102D0B7D802D059
:103B3000D89074339AD87251735DF6E371BD15D085
:103B4000735101E1A6D0695165276A5166236B5113
:103B500067236C51682368A153D074A102D09ED80A
:103B600002D0D890743381D84BD06951655D6A51C9
:103B700066596B5167596851800A6D6F6C51800AA4
:103B80006D591FE26551695D6D6F66516A596E6FBF
:103B900067516B596F6F68516C59706FFF0E6D25CF
:103BA000656FFF0E6E21666FFF0E6F21676FFF0E50
:103BB0007021686F800E711B746D74510AE163D8B7
:103BC00008D06951655F6A51665B6B51675B6C51E8
:103BD000685B69D813E1745111E15BD0D890653707
:103BE00066376737683774BF658174A102D0D880A3
:103BF00001D0D8907437735101E0730767AFEED7E7
:103C0000726B74AF0AD074C06DF07F0E6D1703E055
:103C1000010E726F02D065B1FBD772510BE033D841
:103C200068A108D068356833673366336533732914
:103C300001E0732B732902E0735104E11FD8735123
:103C400001E1716B73A102D0678F01D0679FD8909B
:103C50007331686F71BF688F65C065F066C066F0CC
:103C600067C067F068C068F0120065B1748F68358E
:103C70006833673366336533732B1200656B666B8D
:103C8000676B686B1200652B000E66236723682341
:103C9000000C656B666B676B686B1200D8907431B3
:103CA0000109746F120065516611671168111200E5
:103CB0009B6F00019B516BEC79F068C09CF069C070
:103CC0009DF000019C519D11D8B412009CC065F07C
:103CD0009DC066F0A3EC88F00009D8B41200250E50
:103CE0009E6F9F0E916F926B91C0D9FF92C0DAFFC9
:103CF0009BC0DFFF20EE01F09151D9269251DA22CC
:103D000010EE3AF0F1D8E222E7509EEC8AF0DF6E36
:103D10009E0EB2EC41F0CAEC55F020EE22F0BDD878
:103D2000DF501FE1260E9E6F9F0E936F946B93C022
:103D3000D9FF94C0DAFFC8D8B0D810EE01F0935183
:103D4000E1269451A4D820EE1FF0A7D810EE03F07E
:103D50009351E1269451B3D8B2EC41F0CAEC55F03E
:103D60004CD0270E9E6F9F0E976F986B97C0D9FF10
:103D700098C0DAFFA9D891D810EE23F0B5D889EC15
:103D800046F096D8D8A020EE23F087D8DECF8DF06D
:103D9000DDCF8EF020EE01F0ABD88DC0DEFF8EC0FF
:103DA000DDFF20EE1FF079D810EE03F09751E126E9
:103DB0009851E222DFCFE7FF20EE23F06ED810EE1D
:103DC00025F092D889EC46F073D8D8A020EE23F0E5
:103DD00064D8DECF8FF0DDCF90F020EE04F088D8ED
:103DE0008FC0DEFF90C0DDFF20EE1FF056D810EE32
:103DF00006F09751E1269851AED7290E9E6F9F0E7F
:103E0000956F966B6AD820EE2BF047D84BD83FD8E9
:103E10009E0EB2EC41F0CAEC55F02A0E9E6F5DD8B2
:103E200020EE2DF03AD83ED832D89E0EB2EC41F0BA
:103E3000CAEC55F02B0E9E6F9F0E996F9A6B99C02E
:103E4000D9FF9AC0DAFF9BC0DFFF20EE27F025D80C
:103E500010EE01F03ED81BD820EE1FF01ED810EE59
:103E600003F037D8E222DFCFE7FF20EE29F015D8A4
:103E700010EE04F02ED80BD820EE1FF00ED810EE66
:103E800006F027D81CD8B2EC41F0CAEF55F0E22278
:103E9000DECFE6FFDDCFE5FF12009C51D9269D5114
:103EA000DA22120010EE01F09551E126965112002F
:103EB0008C6FDE50800A8C5920EE25F01200E22231
:103EC000DFCFE7FF9E0E12009BC0DFFF20EE25F044
:103ED00012009951E1269A51120095C0D9FF96C05F
:103EE000DAFF9BC0DFFF12009C51E1269D511200BA
:103EF0009751D9269851DA2212001FEC72F007D997
:103F00000FD9D6EC78F0F4D8A1EC62F07DC0D1F1F5
:103F10007EC0D2F17FC0D3F180C0D4F1E2C0D6F030
:103F2000E3C0D7F0E4C0D8F0E5C0D9F0D1C1DAF0F1
:103F3000D2C1DBF0D3C1DCF0D4C1DDF0E40EDE6F22
:103F4000020EDF6FDB0EE06F020EE16FE7EC68F050
:103F5000D6C040F3D7C041F3DAD8320EE8D8D6EC59
:103F600078F0C6D8A1EC62F07DC0D5F17EC0D6F164
:103F70007FC0D7F180C0D8F1CAD8D2D8D6EC78F0BB
:103F8000B7D8A1EC62F07DC0D9F17EC0DAF17FC074
:103F9000DBF180C0DCF1D5C1C2F0D6C1C3F0D7C11E
:103FA000C4F0D8C1C5F0D9C1C6F0DAC1C7F0DBC1D1
:103FB000C8F0DCC1C9F0BE0ECA6F030ECB6FDAECDD
:103FC0002DF0C2C042F3C3C043F3A1D8640EAFD8F2
:103FD000D6EC78F08DD8A1EC62F07DC08AF07EC07E
:103FE0008BF07FC08CF080C08DF037EC87F08AC0FA
:103FF00044F38BC045F38BD8640E99D8D6EC78F097
:1040000077D8A1EC62F07DC0DDF17EC0DEF17FC02B
:10401000DFF180C0E0F1E2C08AF0E3C08BF0E4C0E1
:104020008CF0E5C08DF0DDC18EF0DEC18FF0DFC118
:1040300090F0E0C191F036EC61F08AC046F38BC09D
:1040400047F365D86DD8D6EC78F052D8A1EC62F081
:104050007DC08AF07EC08BF07FC08CF080C08DF078
:104060005AEC85F08AC048F38BC049F350D858D831
:10407000D6EC78F03DD8A1EC62F07DC08AF07EC02D
:104080008BF07FC08CF080C08DF0D9EC82F08AC0BC
:104090004AF38BC04BF33BD83C0E49D8D6EC78F0B2
:1040A00027D8A1EC62F07DC0ABF07EC0ACF07FC041
:1040B000ADF080C0AEF0EDEC7BF0ABC04CF3ACC02B
:1040C0004DF3400E656F030E666F686B070E676FEA
:1040D000E2C069F0E3C06AF0E4C06BF0E5C06CF0E8
:1040E000A60E6D6F120E6E6F010E6F6F39EF86F0B8
:1040F00071C07DF072C07EF073C07FF074C080F03C
:10410000E80E816F030E826F836B846B030CE2C039
:1041100071F0E3C072F0E4C073F0E5C074F0120017
:10412000E80E756F030E766F776B786B030C756F07
:10413000766B776B786B1200866F0001876B070ECA
:1041400086190FE1E3EC80F0FDD83FEC88F0DFEC5E
:1041500080F0F8D83FEC88F0DBEC80F0F3D83FEF4C
:1041600088F0090E8619D8B41200856BA5D081C0DD
:10417000D9FF82C0DAFF7FC0E1FF80C0E2FFDE50DE
:10418000E61801E1B3D08751220F7A6F300E7B6FB2
:104190007FC0D9FF80C0DAFFDF507C6F87511B0FD3
:1041A0003FEC88F0A3D020EE01F0D4D810EE01F05F
:1041B0007F51E1268051E222DE50E61801E196D0DF
:1041C0008751770F7A6F300E7B6F20EE01F0A6D803
:1041D000700F3FEC88F08AD020EE02F0BBD810EED2
:1041E00002F07F51E1268051E222DE50E6187EE0A7
:1041F0008751470FA1D892D8440F3FEC88F0B3D82D
:104200009BD88CD84B0F3FEC88F0A9D895D886D88E
:104210004B0F3FEC88F06AD020EE03F09BD810EEF5
:1042200003F07F51E1268051E222DE50E6185EE085
:104230008751220F7A6F370E7B6F20EE03F06ED816
:104240001B0F3FEC88F052D020EE04F083D810EE24
:1042500004F07F51E1268051E222DE50E61846E06C
:104260008751770F7A6F370E7B6F20EE04F056D8A8
:10427000700F3FEC88F03AD020EE05F06BD810EECE
:1042800005F07F51E1268051E222DE50E6182EE053
:104290008751470F4BD842D8440F3FEC88F063D882
:1042A00045D83CD84B0F3FEC88F059D83FD836D88A
:1042B0004B0F3FEC88F01AD08651836F846B84518A
:1042C00015E1835101E153D7010A01E16CD7030ADB
:1042D00083E0010AA1E0070AB7E0010ACDE0030A82
:1042E00005E0010A03E00F0AD8A4010A0B0E000141
:1042F0008727852B030E8565DFD7060E8661060CA2
:1043000086517F25D96E000E8021DA6E8651812577
:10431000E16E000E8221E26EC1EF50F07F51D9268E
:104320008051DA22DF507C6F875112007A6F370E8E
:104330007B6F20EE05F0370C7A6F300E7B6F20EE2E
:1043400002F0300C7B6F7FC0D9FF80C0DAFFDF50F6
:104350007C6F180C8151D9268251DA22120000019B
:1043600087514E0F1200000187514B0F12007651FA
:10437000800B7F6F76517625816F75BF818181516A
:1043800005E0812901E103D9758F01D000D97A5167
:10439000800B7F1B7A517A25806F79BF8081805195
:1043A00005E0802901E1EED8798F01D0EBD880516A
:1043B00002E0815105E1736B746B756B766B1200D3
:1043C00079517303B2D8826F836B846B856B8B5189
:1043D000866F876B886B896B78517403A6D8B3D8C6
:1043E00077517503A2D8AFD8A6D8775174039DD85A
:1043F000B6D87851730399D8B2D89DD87751730342
:1044000094D8ADD87951740390D8B5D87851750344
:104410008CD8B1D87951750388D87B6F8B517C6F5C
:104420007D6B7E6B080ED8907B377C377D377E376F
:10443000E82EF9D77B5186277C5187237D5188232D
:104440007E5189238551862791D875D8805181C0A6
:104450007BF07C6B7B27000E7C23820E7B258A6F92
:10446000FF0E7C218B6F0FD0D89086378737883727
:10447000893785BF8681D8908237833784378537DF
:104480008A07D8A08B0788AFEFD7806B85AF13D092
:1044900082517B6F83517C6F84517D6F7F0E8515B8
:1044A0007E6F7B517C117D117E1103E0010E806FC8
:1044B00002D086B1FBD780510BE0862B57D889A15B
:1044C00007D0893589338833873386338A4B8B2BE2
:1044D0008BBF0AD08B5102E18A2906E3866B876B7A
:1044E000800E886F7F0E15D08BBF04D08B5108E1F2
:1044F0008A0506E2866B876B886B896B7F6B0AD0B7
:104500008AC081F07F0E8817896B81B1888FD8901F
:104510008131896F7F51891386C073F087C074F031
:1045200088C075F089C076F01200F3CF8AF0F4CF1E
:104530008BF08A51120084C085F083C084F082C061
:1045400083F0826B12008227000E8323842385234D
:104550008B518627000E872388238923000C82270E
:104560008B518323000E84238523000C000E8723A8
:1045700088238923000C86278B518723000E8823EC
:104580008923000C776B786B796B7A6B1200736BF5
:10459000746B756B766B120023C290F024C291F09D
:1045A00025C292F026C293F07DC090F07EC091F0BB
:1045B0007FC092F080C093F090C081F091C082F0F3
:1045C00092C083F093C084F083358435816F826B11
:1045D000836B846B823781518D6F8E6B8EBF0ED053
:1045E0008E5103E1960E8D5D09E37DC07DF07EC0A6
:1045F0007EF07FC07FF080C080F01200010E93AF8C
:10460000000E8F6F8F5112E07DC065F07EC066F0A6
:104610007FC067F080C068F07BEC8CF065C07DF0F7
:1046200066C07EF067C07FF068C080F08EBF05D0A6
:104630008E5108E17E0E8D5D05E27D6B7E6B7F6B9A
:10464000806B1200696B6A6B6B6B4B0E6C6F7DC07D
:1046500065F07EC066F07FC067F080C068F02BEC2C
:104660001DF091D8696B6A6B6B6BCB0E6C6F94D835
:104670002BEC1DF065C085F066C086F067C087F042
:1046800068C088F085C075F086C076F087C077F086
:1046900088C078F07DC079F07EC07AF07FC07BF072
:1046A00080C07CF020EC81F075C098F076C099F065
:1046B00077C09AF078C09BF0896B8A6B8B6B8C6BA0
:1046C000656B666B676B3F0E54D8D1EC5BF003E211
:1046D0006CD8BF0E0AD0656B666B676BBF0E49D88E
:1046E000D1EC5BF003E361D83F0E8C6F7DC069F0C5
:1046F0007EC06AF07FC06BF080C06CF098C065F03F
:1047000099C066F09AC067F09BC068F02BEC1DF072
:104710003AD842D889C069F08AC06AF08BC06BF081
:104720008CC06CF02BEC1DF065C098F066C099F061
:1047300067C09AF068C09BF08F5112E098C065F096
:1047400099C066F09AC067F09BC068F07BEC8CF073
:1047500065C098F066C099F067C09AF068C09BF099
:1047600098C07DF099C07EF09AC07FF09BC080F029
:104770001200686F98C069F099C06AF09AC06BF037
:104780009BC06CF0120065C094F066C095F067C0E5
:1047900096F068C097F0120094C065F095C066F07E
:1047A00096C067F097C068F01200896B8A6B800E24
:1047B0008B6F800C30EC93F0B0EC68F000018E6BE6
:1047C0008F6B906B916B8D6BB10ED5D87E6B45EC7A
:1047D0008FF0B0EC68F0680E00018C6FE40EE82EEC
:1047E000FED78C2FFCD70000B10E0001C4D87E6F1D
:1047F00045EC8FF0B0EC68F0680E00018C6FE40EB1
:10480000E82EFED78C2FFCD7000000018D2B020E66
:104810008D65DAD78E818E0E896F24EC75F00001DC
:104820008E838E0E896F24EC75F000018E858E0EBE
:10483000896F24EC75F000018E878E0E896F24EC51
:1048400075F000018E898E0E896F24EC75F00001E1
:104850008E8B8E0E896F24EC75F000018E8D8E0E7E
:10486000896F24EC75F000018E8F8E0E896F24EC19
:1048700075F000018F8B8E0E896F24EC75F00001AE
:104880008F898E0E896F24EC75F000018F878E0E54
:10489000896F24EC75F000018F858E0E896F24ECF2
:1048A00075F000018F838E0E896F24EC75F0000186
:1048B0008F818E0E896F24EC75F000018F8F8E0E24
:1048C000896F24EC75F0000190818E0E896F24ECC5
:1048D00075F000018F8D8E0E896F24EC75F000014C
:1048E00090838E0E896F24EC75F0000190878E0EF8
:1048F000896F24EC75F0000190858E0E896F24EC91
:1049000075F0000190898E0E896F24EC75F000011E
:1049100091898E0E896F24EC75F0000191838E0EC3
:10492000896F24EC75F00001908B8E0E896F24EC5A
:1049300075F00001908F8E0E896F24EC75F00001E8
:10494000908D8E0E896F24EC75F0000191818E0E92
:10495000896F24EC75F00001918B8E0E896F24EC29
:1049600075F0000191858E0E896F24EC75F030ECA6
:1049700093F0B0EF68F07A6F230E7B6F010E7C6FBF
:104980008DC07DF0010CA26BA36BA46BA56B9E0E7A
:10499000A26FEF0EA36FE10EA46F410EA56FA3D817
:1049A0004EEC3AF0CED85C0E776FFE0E786FE80EC4
:1049B000796F3A0E7A6FB7EC21F073C09EF07CD815
:1049C0002BEC1DF0ACD88FD84EEC3AF0BAD88BD87F
:1049D0004EEC3AF0ADD8B7EC21F09CD88ED8ED0E65
:1049E000776F450E786FDE0E796FB20E7A6FB7EC87
:1049F00021F073C09EF060D82BEC1DF090D873D8D6
:104A00004EEC3AF09ED86FD84EEC3AF091D8B7EC15
:104A100021F080D872D867D84EEC3AF089D8B7EC3C
:104A200021F078D86AD83A0E776F6D0E786FA00EA5
:104A3000796F2B0E7A6FB7EC21F073C09EF03CD8E3
:104A40002BEC1DF06CD8A2C073F0A3C074F0A4C00E
:104A500075F0A5C076F0776B786B200E796F410EFC
:104A60007A6FB7EC21F073C0A2F074C0A3F075C0E8
:104A7000A4F076C0A5F0A2C07DF0A3C07EF0A4C0D3
:104A80007FF0A5C080F0CCEC22F07DC0A2F07EC00B
:104A9000A3F07FC0A4F080C0A5F0A2C065F0A3C0C1
:104AA00066F0A4C067F0A5C068F0AEEC56F065C033
:104AB0009CF066C09DF0120074C09FF075C0A0F01D
:104AC00076C0A1F0A2C065F0A3C066F0A4C067F0F4
:104AD000A5C068F09EC069F09FC06AF0A0C06BF0EE
:104AE000A1C06CF012009CC065F09DC066F0000E85
:104AF00066BFFF0E676F686F010C75C0A0F076C0CF
:104B0000A1F09EC073F09FC074F0A0C075F0A1C06A
:104B100076F0120073C09EF074C09FF0120065C062
:104B2000A2F066C0A3F067C0A4F068C0A5F01200B0
:104B300065C077F066C078F067C079F068C07AF039
:104B4000120065C073F066C074F067C075F068C08D
:104B500076F01200686F7BD0160E656F260E666FBA
:104B6000010E676F1200EE0E656FBC0E666F000ED1
:104B7000676F1200840E656F150E666F010E676F0A
:104B80001200960E656F110E666F010E676F1200B0
:104B9000DE0E656FDE0E666F000E676F1200FA0E96
:104BA000656FB50E666F000E676F1200AA0E656F17
:104BB000F80E666F000E676F12001A0E656F0E0E0C
:104BC000666F010E676F1200940E656FF70E666FC9
:104BD000000E676F1200BA0E656FF90E666F000E59
:104BE000676F1200760E656FF90E666F000E676FC5
:104BF00012004E0E656FF70E666F000E676F1200A3
:104C0000320E656FF90E666F000E676F1200F80EB8
:104C1000656FE50E666F000E676F12004E0E656FD2
:104C2000E90E666F000E676F1200EE0E656FF80EEC
:104C3000666F000E676F1200C20E656FE10E666F41
:104C4000000E676F1200656B666B676B12000001E8
:104C5000685189E0020AE9E0010A8CE0070A91E064
:104C6000010A8FE0030AC5E0010A8BE00F0AB3E0F6
:104C7000020A80E0010A01E17DD71B0AD6E0010AA1
:104C800087E0090AD2E0010A8AE0030A8FE03A0AC3
:104C9000CCE0010A01E16ED7030A01E16BD7010AFA
:104CA0008CE0070A91E0010A9DE0030AA9E0010AED
:104CB000AEE00E0AB3E0030AB1E0010AA8E01B0A65
:104CC000BBE0710AB2E0030AB0E0010AAEE0070AF5
:104CD000ACE0010AAAE0030AA8E0010AA6E00E0A75
:104CE000A4E0030AA2E0010AA0E02B0A01E134D704
:104CF000110A01E169D7F10A98E0030A96E0070A70
:104D000094E0140A01E159D7010A01E125D7030A09
:104D100001E122D798D7C7D8DA22DECF77F0DDCFEE
:104D200078F0C1D8B4EC33F086EC42F0E7500001E3
:104D30007A6FB9D8BED886EC42F0E750796F3CC0A4
:104D40007BF03DC07CF0770E746F3FEC83F0000980
:104D500001E093D0770E6C6F726B736B6C517AECD1
:104D60002BF086EC42F0E750030F706F000E22EC40
:104D700092F000016C51D96EDA6ADECF68F0DDCFB7
:104D800069F070C06AF058EC83F0010E716F3FD08B
:104D9000720E656F6C51D96EDA6ADECF6DF0DDCFC1
:104DA0006EF071516D25D96E000E6E21DA6EDF50F6
:104DB000666F6651676F686B67C068F0676B6551B7
:104DC000D96EDA6A6751DE1A6851DD1A080E6B6F08
:104DD00074D868AF14D001D012D06FD8D89067378C
:104DE0006837210E6719696F100E68196A6F65516F
:104DF000D96EDA6A69C0DEFF6AC0DDFF02D0655194
:104E000064D86B076B51E4E101D0E2D7712B70518C
:104E1000715DBEE301D0BCD76C513EEC2BF033D8B2
:104E200073C0DFFF6C513EEC2BF0DF2A6C513EEC7F
:104E30002BF029D872C0DFFF6C513EEC2BF0DF2A3B
:104E40006C513EEC2BF01FD80D0EDF6E6C513EEC1A
:104E50002BF0DF2A77C066F078C067F079C068F081
:104E600001D80BD00500FA6E02014D51FD6E4E5176
:104E7000FE6E4F51FF6EFA50120015D81AD886EC0C
:104E800042F0E76A1200DF506D6F6C51D96EDA6A3A
:104E9000DECF6EF0DDCF6FF06D516E25D96E000E56
:104EA0006F21DA6E120020EE02F03A50D9263B5004
:104EB0001200DA2210EE64F012006551D96EDA6A3F
:104EC000DECF67F0DDCF68F01200D96EDA6AD890D5
:104ED000DE36DD3612001BEC92F065C079F066C05C
:104EE0007AF0ADD88ED8C80EDE6EDD6A20EE27F0DF
:104EF00088D86E0EAFD885D8B40EDE6EB9D881D8FA
:104F0000B40EADD87ED8010EDE6E80D87AD882D8A5
:104F100078D8010EDF6E97D83DEC60F069EC8FF029
:104F200065C079F066C07AF08AD86BD82C0EDE6E38
:104F3000010E9AD866D8640E8DD863D8960EDE6EB0
:104F400097D85FD8FA0E8BD85CD8DE6A5FD859D86C
:104F500061D857D8DF6A77D83DEC60F075EC8FF0F8
:104F600065C079F066C07AF06AD84BD88A0EDE6EDA
:104F7000020E7AD846D8300EDE6E020EDD6E20EEBE
:104F800023F03FD87ED820EE25F03BD87AD820EE0B
:104F90002BF037D8010EDE6E39D833D83BD831D854
:104FA000020EDF6E50D83DEC60F020EE38F029D8CC
:104FB000DE6ADD6A0101A06B040EAB6F060EAC6FFA
:104FC0005BD856EC7BF02DD85E6AC76BC86B76EC6D
:104FD00092F065C068F066C069F06B6B6A6B6D6BD0
:104FE000570E6C6F4CEC87F0786B782B0E0E786553
:104FF000FCD70101B481010E886FE9EC1BF00000C1
:1050000012007951D9267A51DA221200DD6A20EE97
:105010002DF01200580EDE6E020EDD6E20EE3AF01C
:10502000020C020EC56FC66B080EBF6F640EC06F18
:10503000FD0EC16FC269CE6B140ECD6F140C000152
:1050400020EE29F0120079C065F07AC066F0686B36
:10505000676B1200DE6EDD6A20EE23F01200DE6E5A
:10506000DD6A20EE2BF01200DD6E20EE27F012003C
:10507000DD6A20EE25F01200596A5A6A5B6A5C6AA2
:10508000F80C440EDE6E020EDD6E020C0001786F2D
:1050900078511FE0816B826B000E716F030E726F8F
:1050A000D8908135D96E8235DA6ED890D936DA3615
:1050B0007151D9267251DA22B9D8814B822B82BF25
:1050C000EBD7825103E10B0E815DE6E30101916BA9
:1050D000000C01019151040D000EF324D96E030E52
:1050E000F420DA6EA3D86DC079F06EC07AF06FC08C
:1050F0007BF070C07CF06DC07DF06EC07EF06FC044
:105100007FF070C080F0912B090E916501D0916BFA
:105110000001876B886B79D8DE50795DDE507A5953
:10512000DE507B597C51800A776FDE50800A7759B8
:1051300009E26BD8DECF79F0DECF7AF0DECF7BF0FC
:10514000DECF7CF062D87D51DE5C7E51DE587F512F
:10515000DE58DE50800A776F8051800A775909E265
:1051600054D8DECF7DF0DECF7EF0DECF7FF0DECF15
:1051700080F0874B882B88BFCED7885103E10A0E79
:10518000875DC9E37D51795D656F7E517A59666FA0
:105190007F517B59676F80517C59686F46EC79F07D
:1051A00065C083F066C084F067C085F068C086F093
:1051B00086BF09D08651851105E1C00E835D5D0E65
:1051C000845901E3000C86BF09D08651851105E1A1
:1051D000E00E835D2E0E845901E3010C86BF09D0D9
:1051E0008651851105E1700E835D170E845901E328
:1051F000020C86BF040C8651851105E1B80E835D53
:105200000B0E845901E3030C040C000E716F030EA6
:10521000726FD8908735D96E8835DA6ED890D936C6
:10522000DA367151D9267251DA2212006DC0DEFFD2
:105230006EC0DEFF6FC0DEFF70C0DEFF120064D004
:10524000B6D89EEF92F0B3D829EF5DF0B0D8B5EFA5
:1052500085F0ADD84DEF8EF0BFD8DE6FB8D8DF6FD8
:105260009CEF65F0B9D8986FB2D8996F8CEF8FF03A
:10527000B3D8986FACD8996FBFEF47F0ADD8986F9F
:10528000A6D8996FF1EF29F0A7D8986FA0D8996F99
:10529000EDEF61F0A1D8986F9AD8996F26EF5AF088
:1052A0009BD8986F94D8996FA3EF30F080D8B5EF62
:1052B0008EF0010185D8DECF98F0DDCF99F030EF88
:1052C00090F001017DD8DECF98F0DDCF99F028EF86
:1052D00092F082D8656F7BD8666F84EF7FF07CD8C0
:1052E000656F75D8666F3FEF8BF076D8956F6FD886
:1052F000966FCAEF92F0DBC16CF0DCC16DF09FEFEE
:1053000087F055D88BEF82F0DBC1D9FFDCC1DAFF23
:10531000DF5002E1C5EF71F0010AD8B41200030AB0
:1053200002E14CEF41F0010AECE0070A89E0140ABF
:1053300002E1C2EF8DF0080A02E1CAEF90F0380AEC
:1053400002E1BDEF5FF0100AD6E0710A01E17BD700
:10535000030A01E17BD7010A01E17BD7070A01E1DA
:105360007BD7010A01E17ED7030A82E0010A86E0C9
:105370000E0A8AE0030A8EE0010A92E01A0AD8B403
:105380001200310AD8B41200010AA9E0100AD8B4F8
:105390001200F10A8BE0030A8CE0070A92E0140A7B
:1053A000D8B41200010AA1E0030A93E0120001013F
:1053B00020EE01F0DB51D926DC51DA22DF50120059
:1053C00020EE01F0DB51D926DC51DA221200000E6A
:1053D0000101DC2100011200010E0101DB250001A9
:1053E0001200C0D86BEC79F068C0A4F069C0A5F0D9
:1053F0000001A451A51104E1B5D8886F020E4FD069
:10540000040E9825A0D87CEC4FF07FC0A0F080C09F
:10541000A1F0982998D87CEC4FF07FC0A2F080C012
:10542000A3F0A2C06DF0A3C06EF0A0C06FF0A1C049
:1054300070F0A4C071F0A5C072F0746B41EC31F053
:1054400028E201D026D02FEC31F06C6B5ED808E357
:1054500001D006D069D804E301D002D0010E6C6FF0
:105460006C51000916E001D014D038EC31F06C6BAF
:105470004CD808E301D006D057D804E301D002D0BD
:10548000010E6C6F6C51000904E001D002D0010ED6
:10549000746F7451000905E165D8886F030E896F38
:1054A00031D020EE3AF064D8020EDE18010ED8A4F6
:1054B000000E9F6F9F5105E1A2C09BF0A3C09CF01E
:1054C00004D0A0C09BF0A1C09CF020EE23F050D8E7
:1054D0009BC0DEFF9CC0DDFF9F5105E1A0C09DF099
:1054E000A1C09EF004D0A2C09DF0A3C09EF020EE0B
:1054F00025F03ED89DC0DEFF9EC0DDFF1BEC8CF08A
:1055000031D83BD8470EBFEF82F020EE13F0675141
:10551000D9266851DA22DE50655D6651800A6B6FCC
:10552000DE50800A6B59120020EE15F06751D92623
:105530006851DA226551DE5CDE50800A6B6F66517D
:10554000800A6B5912007F6F000E9921806F20EE48
:105550001FF0A451D926A551DA22DECF81F0DDCF8C
:1055600082F0120098C0D9FF99C0DAFFDF50120014
:10557000A451D926A551DA2212000001886F896B47
:10558000120070517BD8030EDF6E7051D96EDA6A4B
:10559000DECF71F0DDCF72F071C0D9FF72C0DAFFDB
:1055A0001B0EDF6E56D8500EDF6E705167D8DF2AA3
:1055B00050D8DF6A705162D8DF2A4BD8DF6870514B
:1055C0005DD818EC35F070C06BF0A5D8686B9BD82F
:1055D00003E008D001D006D0682B050E6865F7D728
:1055E00001D0F5D76F6B67D86F2B050E6F65FBD7B2
:1055F00001D0F9D76B5142D846D840D848D857D8AF
:105600003DD8DF2A6B513AD842D879D837D8DF2A2B
:1056100020D8010EDF6E705131D8DF2A1AD8640EFF
:10562000DF6E70512BD8DF2A705113EC35F086EC09
:1056300042F0E76A70515ED886EC42F070511ED895
:10564000DF50FD0FE76E705119D8640EDF60010C5A
:10565000000C7051D96EDA6A020ED926DF50716FD4
:105660007051D96EDA6ADECF72F0DDCF73F071510E
:105670007225D96E000E7321DA6E1200D96EDA6AC5
:10568000020ED926020C060EDF266B511200DF50E7
:105690006C6F6B51D96EDA6ADECF6DF0DDCF6EF0D4
:1056A0006C516D25D96E000E6E21DA6E1200CA0E95
:1056B000DF6E6B5112006F516925D96E000E6A21A1
:1056C000DA6E6B51E16EE26AE6CF6CF0E5CF6DF019
:1056D0006B51E16EE26A020EE126E7506C27000E84
:1056E0006D236F516C25E16E000E6D21E26EDFCFF0
:1056F000E7FF1200D96EDA6A10EE02F01200FE0E19
:10570000DF6E6B51120068516525D96E000E66215F
:10571000DA6EDE28120069C065F06AC066F0120019
:10572000939A8A9A1A0E00017D6FF80EE82EFED722
:105730007D2FFCD700008A8A200E00017D6F290E84
:10574000E82EFED77D2FFCD700D0C00E00019AD8DE
:10575000300E6BEC8CF0C00E95D8370E6BEC8CF0E5
:10576000C00E90D8360E6BEC8CF0A3D83F0E786F3D
:10577000300E6BEC8CF09DD83F0E786F370E6BECD3
:105780008CF097D8280E786F360E6BEC8CF06DD8B5
:10579000300E6BEC8CF069D8370E6BEC8CF065D862
:1057A000360E6BEC8CF07AD8300E6BEC8CF076D831
:1057B000370E6BEC8CF072D8360E6BEC8CF068D830
:1057C000300E6BEC8CF064D8370E6BEC8CF060D83C
:1057D000360E6BEC8CF0010E7A6F300E5BEC8CF0B9
:1057E000010E7A6F370E5BEC8CF0010E7A6F360E7D
:1057F0005BEC8CF033D8300E6BEC8CF02FD8370E7E
:105800006BEC8CF02BD8360E6BEC8CF07E6B34D8B6
:10581000300E6BEC8CF030D8370E6BEC8CF02CD853
:10582000360E6BEC8CF07E2B170E7E65F0D7180EC3
:105830007E6F400E39D8300E6BEC8CF0400E34D8B1
:10584000370E6BEC8CF0400E2FD8360E6BEC8CF0D4
:105850007E2B9B0E7E65EDD700009B0CC00E766FF5
:10586000090E776F030E786F030CC00E766F040E6F
:10587000776FEB0E786FEB0C400E766F7EC077F093
:10588000786B400C766F060E776F020E786F020C05
:10589000C00E766F776B400E786F400CC00E766F3F
:1058A000010E776F786B010C766F7EC077F07869A8
:1058B0001200C00E766F050E776F050C0101D351F3
:1058C000070ED8A4090E3E249CD8F5CFF6F20A00A4
:1058D000F5CFF7F279C165F07AC166F0A8D801D8A2
:1058E0000DD00500FA6E0900F550FD6E0900F55067
:1058F000FE6E0900F550FF6EFA50120065C0F8F216
:1059000066C0F9F20201F6510101D103F3CFD8F1DB
:10591000F4CFD9F1D203F350D9270201F751010195
:10592000D103F350D92788D8DECFDAF1DDCFDBF110
:10593000DA51D8250201FA6F0101D951DB210201A8
:10594000FB6FE86AE8360101D9BFE8060201FC6F87
:10595000E86AFCBFE806FD6F030E3E24010151D842
:10596000F5CFDAF15AD8DC510201FA5D0101DD51BF
:105970000201FB590101DE510201FC59FD51800A6F
:105980000101E06FDF51800AE05902E2030E1CD0F2
:10599000050E3E2436D8F5CFDAF13FD80201FA5190
:1059A0000101DC5D0201FB510101DD590201FC51E5
:1059B0000101DE59DF51800AE06F0201FD51800ACA
:1059C0000101E0590FE2050E3E241BD8F5CFDAF1B4
:1059D0000900F5CFDBF1DAC1FAF2DBC1FBF202011B
:1059E000FC6BFD6B29D8FAC2DEFFFBC2DDFFD4C120
:1059F000EAF0D5C1EBF0D6C1ECF0D7C1EDF021EF64
:105A000079F0D86F000E3F20D96FD8C1F6FFD9C109
:105A1000F7FF000EF86E090012000900F5CFDBF168
:105A2000DA51DC6FDB51DD6FDE6BDF6B12003EC0E5
:105A3000F6FF3FC0F7FF1200F8C2D9FFF9C2DAFF44
:105A40001200E1C1D9FFE2C1DAFFDECFE3F1DDCF21
:105A5000E4F1A85105E1ABD881EC91F0B0EC68F02D
:105A60000001666B080E656F97D86551671906E1EE
:105A70006651681901E002D0010E01D0000E000944
:105A800014E06E6B010E81EC91F0840E7A6F240E9F
:105A90007B6F78D845EC8FF0010E0201A86F0201F0
:105AA000A56BA66BB0EC68F058D0666B040E656F02
:105AB00073D86551671906E16651681901E002D093
:105AC000010E01D0000E000911E06E6B010E81EC99
:105AD00091F0690E7A6F240E7B6F54D845EC8FF0ED
:105AE0000201A86B64D881EC91F0D9D7010E666FE2
:105AF000656B52D86551671906E16651681901E076
:105B000002D0010E01D0000E000927E04AD8A819E2
:105B10000EE0A8B103D00101B49102D00101B4811B
:105B2000010E4CEC92F0D6EC92F0E9EC1BF0DDC1EA
:105B3000D9F1DEC1DAF1DFC1DBF1E0C1DCF122EE47
:105B4000C3F001D80AD00500FA6EDE50FD6EDE50BB
:105B5000FE6EDE50FF6EFA5012000201A851D8B45A
:105B60001200A7510101B119D8B4120020D881EC5C
:105B700091F0A2EC7FF00BD83CEC3DF045EC8FF0BF
:105B8000B0EF68F0010E7C6F7D6F7E6B010C65C01D
:105B90007AF066C07BF01200E3C167F0E4C168F000
:105BA00012000101010EB4A1000E02011200000159
:105BB0006E6B020CC651C25DC751C359C851C4595E
:105BC000C951C55908E3BB0E9C6F220E94D82F0E05
:105BD00099D8E5EC84F0CAC0D9FFCBC0DAFFDE501B
:105BE000DE10DE1009E1340E00019C6F220E83D816
:105BF000300E88D8E5EC84F0000120EE03F088D860
:105C000008E1870E9C6F220E76D8310E7BD8E5EC2A
:105C100084F0000120EE06F07BD808E16C0E9C6F4A
:105C2000220E69D8320E6ED8E5EC84F0000120EE29
:105C300009F06ED808E1170E9C6F220E5CD8330E67
:105C400061D8E5EC84F0C2C05BF3C3C05CF3C4C0B0
:105C50005DF3C5C05EF3D40E03015F6F2F0E606F5E
:105C6000000E616FC6C07DF0C7C07EF0C8C07FF077
:105C7000C9C080F0C2C081F0C3C082F0C4C083F04C
:105C8000C5C084F0A1EC62F07DC02BF27EC02CF286
:105C90007FC02DF280C02EF2CAC063F1CBC064F188
:105CA0000101616B626B0201276B286B296B2A6B08
:105CB0004F0E0101AD250001F66F000E0101AE216E
:105CC0000001F76F000EBB6F080EBC6FBE6B800E3D
:105CD000BD6F010120EE09F032EC19F0DECFBFF00C
:105CE000DECFC0F0DDCFC1F061EC7BF05B0EC26FA8
:105CF000030EC36F12009D6F1B0E9E6F230E9F6FCE
:105D0000A16B1200A06F790EA26F230EA36F120079
:105D1000CA51D926CB51DA22DE50DE10DE10120035
:105D2000FE0EF66EF30EF76E000EF86E05EE95F0B1
:105D300010EE48F00900F5CFEEFFE550E150FAE132
:105D4000AC0EF66E040EF76E010EF86E04EE72F0F5
:105D500010EE36F00900F5CFEEFFE550E150FAE124
:105D6000FA0EF66E090EF76E010EF86E03EEA3F052
:105D700010EE2FF00900F5CFEEFFE550E150FAE10B
:105D8000F60EF66EE90EF76E000EF86E02EEA4F057
:105D900010EE52F00900F5CFEEFFE550E150FAE1C8
:105DA0008C0EF66E250EF76E010EF86E01EEE6F023
:105DB00010EE08F00900F5CFEEFFE550E150FAE1F2
:105DC0000DEE00F0D60EEE6AE806FDE10CEE00F0F6
:105DD000FA0EEE6AE806FDE10BEE00F0FA0EEE6A4E
:105DE000E806FDE10AEE00F0B40EEE6AE806FDE119
:105DF00009EE00F0FA0EEE6AE806FDE108EE00F0AA
:105E000011EE00F0EE6AE550E150FCE1E250FAE1FB
:105E100007EE00F0C90EEE6AE806FDE106EE00F0BE
:105E2000BB0EEE6AE806FDE105EE00F0950EEE6AA7
:105E3000E806FDE104EE00F0720EEE6AE806FDE110
:105E400003EE00F0A30EEE6AE806FDE102EE00F0BC
:105E5000A40EEE6AE806FDE101EE00F0D10EEE6A56
:105E6000E806FDE100EEF2F0090EEE6AE806FDE15B
:105E700000EE33F02C0EEE6AE806FDE1019001928F
:105E80000001CAEF4CF0D1C1D9FFD2C1DAFFDFAEB9
:105E9000000C42C065F043C066F0E6EC8AF00009F1
:105EA00001E185D0000E83EC6EF065C0F6F266C0AD
:105EB000F7F220EE33F037EC3DF010EE04F086EC14
:105EC00042F0E6CFF8F2E5CFF9F28BD849D020EED8
:105ED0000DF037EC3DF080D80201F651FE5D010176
:105EE000D96F0201F751FF590101DA6F0201F85130
:105EF0000101D903F3CFDBF1F4CFDCF1DA03F35086
:105F0000DC270201F9510101D903F350DC27D751F5
:105F1000DB250201FA6F0101D851DC210201FB6F80
:105F200051D8FAC2A7F0FBC2A8F0DDEC40F0A5C042
:105F3000FCF2A6C0FDF2770EA1EC35F0FEC275F0C2
:105F4000FFC276F0FCC277F0FDC278F07A6B000EEB
:105F5000796FB5EC35F03EEC44F00201FE4BFF2BBF
:105F600027D8B5E33ED817D096EC35F030D880EC82
:105F700035F0BDEC3DF0D8902AD8DA6E6F0ED926F8
:105F8000020EDA2229D8D7C1D9FFD8C1DAFF9CEC9A
:105F900035F0FE4BFF2B0CD8E7E3D3C1EAF0D4C1B8
:105FA000EBF0D5C1ECF0D6C1EDF021EC79F0010CAD
:105FB0004050FE5DFF51800A0101D76F4150800AB9
:105FC000D759120042C0A5F043C0A6F0120002014A
:105FD000FE35D96EFF351200DECFD7F1DDCFD8F117
:105FE00012000201FE6BFF6B120020EE38F097D812
:105FF000DFAE16D020EE39F092D8DFB211D077D8CC
:10600000C35D92D8C45995D8C55998D8C6597BD87C
:1060100091C0BFF192C0C0F193C0C1F194C0C2F170
:1060200020EE39F07CD8DFA216D020EE38F077D8F9
:10603000DFBE11D05CD8BF5D77D8C0597AD8C159BE
:106040007DD8C25960D891C0C3F192C0C4F193C049
:10605000C5F194C0C6F159500101C35D2C6F5A506F
:10606000C4592D6F5B50C5592E6F5C50C6592F6FA8
:106070002CC17DF02DC17EF02EC17FF02FC180F0AC
:106080002C0E0001816F010E69EC40F0DCEC48F051
:106090007DC02CF17EC02DF17FC02EF180C02FF18C
:1060A00059500101BF5D286F5A50C059296F5B508C
:1060B000C1592A6F5C50C2592B6F28C17DF029C18C
:1060C0007EF02AC17FF02BC180F0D40E0001816FD9
:1060D000FE0E826F83698469DCEC48F07DC028F194
:1060E0007EC029F17FC02AF180C02BF11200D89028
:1060F00059348D6F5A348E6F5B348F6F5C34906F70
:106100008D51010112000001946F911F921F931F86
:10611000941F912B000E922393239423000C8B51F8
:10612000D9268C51DA2212000001916F8E510101A3
:1061300012000001926F8F51010112000001936F54
:1061400090510101120085D86BEC79F068C09EF087
:1061500069C09FF000019E519F1104E17AD8886FB9
:10616000020E50D0982966D87CEC4FF07FC09AF090
:1061700080C09BF0040E98255DD87CEC4FF07FC06A
:106180009CF080C09DF09AC06DF09BC06EF09CC0EA
:106190006FF09DC070F09EC071F09FC072F0746B84
:1061A00070D82AE201D028D05AD86C6B85EC2AF03E
:1061B00009E301D007D094EC2AF004E301D002D027
:1061C000010E6C6F6C51000917E001D015D050D84A
:1061D0006C6B85EC2AF009E301D007D094EC2AF02F
:1061E00004E301D002D0010E6C6F6C51000904E091
:1061F00001D002D0010E746F7451000905E129D855
:10620000886F030E896F13D020EE27F043D89AC011
:10621000DEFF9BC0DDFF20EE29F03CD89CC0DEFFF6
:106220009DC0DDFF1BEC8CF014D8BDEC2AF04B0EAA
:10623000BFEF82F07F6F000E9921806F20EE1FF07C
:106240009E51D9269F51DA22DECF81F0DDCF82F038
:10625000120098C0D9FF99C0DAFFDF5012006DC05C
:1062600065F06EC066F071C067F072C068F0120031
:106270006FC065F070C066F071C067F072C068F002
:1062800012006F516D5D6E51800A736F7051800AFC
:10629000735912009E51D9269F51DA221200A0D8BC
:1062A000DE6ADD6A6CC065F06DC066F07B0E676FFC
:1062B00078EC72F065C080F066C081F080C065F057
:1062C00081C066F06CC067F06DC068F07CD865C0B6
:1062D00079F066C07AF07951705D7A51715901E2B6
:1062E0001200030E746F756B8051745F8151755B82
:1062F0007CD87451DE267551DD2272D8DFCF74F060
:10630000DE2ADFCF75F0000EDD226FD8DECF76F00B
:10631000DDCF77F074517625D96E75517721DA6E1D
:10632000AA0EDF6E7E6B7F6B20D07E517B0FD96E05
:10633000DA6A72C0E1FF73C0E2FFE7CF74F0E62AC9
:10634000E7CF75F0000EE5226EC0E1FF6FC0E2FFFF
:10635000E6CF76F0E5CF77F074517625E16E755192
:1063600077210BEC71F07E4B7F2B80517E5D81514C
:106370007F59DBE335D86C51DE266D51DD2235D8EF
:10638000DECF65F0DDCF66F02BD8DECF67F0DDCF56
:1063900068F08FEC86F0746F23D8DECF75F0DDCF18
:1063A00076F023D8DECF77F0DDCF78F07551772502
:1063B000D96E76517821DA6E74C0DFFF11D8DE2AEB
:1063C000000EDD22000C67516525696F685166215A
:1063D0006A6F020E6925656F000E6A21666F1200F2
:1063E00072C0D9FF73C0DAFF12006EC0D9FF6FC050
:1063F000DAFF12000001686F66D09C0E656F260EF2
:10640000666F010E676F1200860E656FDB0E666F9A
:10641000000E676F1200740E656F200E666F010E1E
:10642000676F1200F80E656F1A0E666F010E676FC8
:106430001200640E656FF50E666F000E676F120036
:10644000460E656F070E666F010E676F1200EC0E49
:10645000656F020E666F010E676F1200260E656F84
:10646000DB0E666F000E676F1200860E656FFA0E08
:10647000666F000E676F12009A0E656F1D0E666FD5
:10648000010E676F1200B40E656F1C0E666F010E71
:10649000676F1200B40E656F020E666F010E676FB4
:1064A0001200EE0E656FA00E666F000E676F120091
:1064B000A00E656F160E666F010E676F1200656B9A
:1064C000666B676B12000001685197E0010A9CE05F
:1064D000030A93E0010A9FE0070A9DE0140A8DE099
:1064E000080A8BE0380A89E0100AE2E0710A93E0BA
:1064F000030A91E0010A96E0070A9BE0010AA0E086
:10650000030AA5E0010AAAE00E0AAFE0030AADE023
:10651000010AA4E01A0AC5E0310ABCE0010A89E0D8
:10652000100AB8E0F10A01E176D7030AA5E0070AEC
:10653000A3E0140AAFE0010AADE0030AA4E0BFD76C
:10654000010E8AEC7EF0D9EC8EF0000902E0B0EF8B
:1065500068F0D2EC92F0000904E06CEC5DF0B0EF72
:1065600068F00001E66BE76B76D0D890E635D96E1F
:10657000E735CAEC5BF0DECFE8F0DDCFE9F00001F3
:1065800020EE33F076D8DECFE4F0DDCFE5F0E4C0E6
:10659000D9FFE5C0DAFFDF5057EC70F0E8C065F0D6
:1065A000E9C066F0E6EC8AF0000943E0E8C067F075
:1065B000E9C068F0B9EC86F0000907E0E8C084F0B3
:1065C000E9C085F097EC49F043D0000120EE3CF0A3
:1065D00050D8DFA212D020EE3BF04BD8DFB60DD062
:1065E0000101B65135E1E8C0D2F0E9C0D3F013ECB7
:1065F0008DF044D808EC77F02BD0E8C067F0E9C004
:1066000068F067EC8EF0000907E0E8C084F0E9C0AC
:1066100085F0C9EC50F01CD0000120EE3BF029D8E9
:10662000DFA2E1D7E8C0D4F0E9C0D5F053EC74F0B4
:106630000FD0E8C065F0E9C066F0D4EC8AF000093C
:1066400004E11CD808EC77F003D00101B651B6E1A3
:106650000001E64BE72B0101A7510001E65DE75180
:10666000800AE46F15EC76F0E45901E27ED7B0EFD2
:1066700068F0E851D926E951DA221200E8C0D4F0D6
:10668000E9C0D5F0120020EE33F072D810EE09F018
:1066900086EC42F0E650E610E61044E020EE0BF007
:1066A00067D86BD865D88CD876D85ED886EC42F09F
:1066B000E7509F6FA06B20EE33F05AD810EE09F030
:1066C00086EC42F001D80AD00500FA6EE650FD6E65
:1066D000E650FE6EE650FF6EFA50120020EE0DF00E
:1066E00047D869D820EE0BF043D847D841D868D8AE
:1066F000A06B020E9F6F20EE33F03AD810EE09F037
:1067000086EC42F001D80AD00500FA6EE650FD6E24
:10671000E650FE6EE650FF6EFA50120020EE0FF0CB
:1067200027D849D020EE0BF023D82ED821D839D83D
:1067300032D81AD886EC42F0E7507D6F7E6BDDECE4
:1067400059F020EE0DF014D831D820EE0BF010D80F
:106750001BD80ED826D87E6B020E7D6FDDEC59F06B
:1067600020EE0FF005D822D0DA2210EE03F012004E
:10677000A351D926A451DA221200DECF9BF0DDCF3F
:106780009CF020EE1FF01200DECF79F0DDCF7AF022
:1067900020EE1FF0120020EE36F0A351D926A451AE
:1067A0001200DECF7BF0DDCF7CF0120079C0DEFF7F
:1067B0007AC0DDFF12009BC0DEFF9CC0DDFF12002F
:1067C000DECF9DF0DDCF9EF01200F60E0001736F5C
:1067D000020E746FFBEC6FF073C0F7F274C0F8F246
:1067E00002017BD8DFA00AD0DBC165F0DCC166F016
:1067F000DDC167F0DEC168F0D3EC90F00101E0513B
:10680000E11108E0E0C1D9FFE1C1DAFFF7C2DEFF24
:10681000F8C2DDFFE251E31106E0E2C1D9FFE3C1B6
:10682000DAFFF6C2DFFF60D8DE5016E1DE0414E1C5
:106830000201F65111E051D8DFB40ED04ED8DFB6C8
:106840000BD0DBC1D1F1DCC1D2F1DDC1D3F1DEC1AE
:10685000D4F1E1EC85F0010C47D8DE04DE1005E050
:1068600043D8020EDE18DE101DE10201F65103E1ED
:1068700034D8DFA4010C31D8DFB2010C35D8DE04E6
:10688000DE1005E136D8FF0E55EC80F0010C2CD857
:10689000020EDE18DE10D8A4010C2BD8010E55EC28
:1068A00080F0010C21D8800EDE18DE1015E1010108
:1068B000DF5112E00201F651D8B4010C0ED8DFB25C
:1068C000010CDBC1D1F1DCC1D2F1DDC1D3F1DEC1FC
:1068D000D4F1C7EC87F0010C000C20EE02F0F75168
:1068E000D926F851DA221200F7C2D9FFF8C2DAFF2E
:1068F0001200DBC1D5F1DCC1D6F1DDC1D7F1DEC1BB
:10690000D8F1120070513EEC2BF0030EDF6E705187
:10691000D96EDA6ADECF71F0DDCF72F071C0D9FFC7
:1069200072C0DAFF1B0EDF6E69D8510EDF6E705138
:106930003EEC2BF0DF2A62D8DF6A70513EEC2BF080
:10694000DF2A5CD8DF6870513EEC2BF071D870C044
:106950006BF08BEC2BF0686B83EC2BF003E008D032
:1069600001D006D0682B050E6865F6D701D0F4D7A4
:106970006F6B5BEC2BF06F2B050E6F65FAD701D0B8
:10698000F8D76B513EEC2BF043EC2BF03EEC2BF0A8
:1069900047EC2BF057EC2BF03EEC2BF0DF2A6B5141
:1069A0003EEC2BF047EC2BF07FEC2BF03EEC2BF089
:1069B000DF2A24D8010EDF6E70513EEC2BF0DF2A67
:1069C0001DD8EBC1DFFF70513EEC2BF0DF2A705178
:1069D0002AD886EC42F0E76A70517AEC2BF086EC0C
:1069E00042F070513EEC2BF0DF50FD0FE76E70511E
:1069F0003EEC2BF0640EDF60010C000C7051D96E80
:106A0000DA6A020ED926DF50716F7051D96EDA6AD8
:106A1000DECF72F0DDCF73F071517225D96E000EAA
:106A20007321DA6E1200D96EDA6A10EE01F01200EC
:106A3000DF2AAFC169F0B0C16AF0120018EC78F03B
:106A4000B0C0D7F1B1C0D8F184D8770ED926020EE4
:106A5000DA22DECFF0F0DDCFF1F0D1510001F025E8
:106A60000101D96FD2510001F1210101DA6F770ED6
:106A7000000167D87BC175F07CC176F0D9C177F091
:106A8000DAC178F0D7C179F0D8C17AF06ED83EEC8F
:106A900044F00101DB6FDB510DE148D87B35D96E45
:106AA0007C352ED8BDEC3DF054D86F0E33D80001A4
:106AB00043D81AD0DC6BDD6B0DD038D851D820D834
:106AC000BDEC3DF0D8904CD8DA6E6F0E23D834D898
:106AD000DC4BDD2B4050DC5DDD51800A0001F06FA6
:106AE0004150800AF059E9E320EC8AF0D3C1EAF082
:106AF000D4C1EBF0D5C1ECF0D6C1EDF021EF79F0C7
:106B0000DA6E770ED926020EDA22DECFA9F0DDCFBB
:106B1000AAF01200D926020EDA22DECFF0F0DDCF85
:106B2000F1F0F0C0D9FFF1C0DAFF120042C0A7F0C7
:106B300043C0A8F0D8901200A7C0DEFFA8C0DDFFB8
:106B40001200716F020E726F40C073F041C074F09A
:106B50001200D89001017B35D96E7C35DA6E1200B7
:106B60000101DC35D96EDD3512007DC17BF07EC1BF
:106B70007CF01200256A266A276A25C002F026C02A
:106B800003F0000E2724D96EDA6A010EDA22DF50F4
:106B9000046E10EC7CF002C025F003C026F0272A1A
:106BA0000D0E2764EAD7255026107AE101C128F09E
:106BB00004C101F128C004F102C128F003C102F1AF
:106BC00028C003F101C102F002C103F003C104F0C7
:106BD00004C105F06BEC7AF002C001F103C002F1D0
:106BE00004C003F105C004F1066A076AC80E086E06
:106BF000420E096E01C102F002C103F003C104F0AC
:106C000004C105F096EC1AF002C01BF003C01CF0A2
:106C100004C01DF005C01EF044EC57F01BC05FF12E
:106C20001CC060F106C128F009C106F128C009F1B5
:106C300007C128F008C107F128C008F106C102F019
:106C400007C103F008C104F009C105F06BEC7AF04C
:106C500002C006F103C007F104C008F105C009F144
:106C6000066A076AC80E086E420E096E06C102F077
:106C700007C103F008C104F009C105F096EC1AF051
:106C800002C01BF003C01CF004C01DF005C01EF0C4
:106C900044EC57F01BC05DF11CC05EF18E6B04D05C
:106CA000010E01018E6F00000000120068C065F047
:106CB00069C066F022EC8DF06E6F736B0101ACA5BC
:106CC0000BD0000120EE3BF06851D9266951DA2241
:106CD000DFA602D0010E736F00017351010ED8B40C
:106CE000000E6F6F68C065F069C066F0B4EC8DF09F
:106CF000706F6FD8DFA0000E716F6BD8DFA2000E2F
:106D0000726F746B756B44D0D8907435D96E7535CD
:106D1000CAEC5BF0DECF76F0DDCF77F076C065F0C1
:106D200077C066F0D4EC8AF0000930E06F5112E0D1
:106D30003BD8DFA80FD06A5174190BE16B5175195C
:106D400008E120EE3CF07651D9267751DA22DF8037
:106D500001D037D868C065F069C066F0D4EC8AF01D
:106D6000000914E06E5103E01FD8DFB02AD870513B
:106D700003E01AD8DFB225D8715103E015D8DFB48B
:106D800020D8725103E010D8DFB61BD8744B752B96
:106D90000101A7510001745D7551800A6C6F15ECFB
:106DA00076F06C59B1E312006A5176256C6F6B5125
:106DB00077216D6F500E6C25D96E000E6D21DA6E45
:106DC000120020EE3CF07651D9267751DA22DF828C
:106DD000120020EE38F06851D9266951DA22010CF0
:106DE000270E7DD8B2C0D9FFB3C0DAFF7ED8250EFA
:106DF000B025B66F6ED864D8BD6B030EBC6F20EEA5
:106E000022F07ED8DF5015E0BD6B040EBC6F20EE83
:106E10003AF076D8020EDE1802E1230E06D0230ED9
:106E2000B025B66F56D84CD8250E59D820EE04F0B0
:106E300047D8290E54D8BCC0B8F0BDC0B9F0D8901E
:106E4000B837B937B851B225BA6FB951B321BB6F52
:106E5000FE0EBA25D96EFF0EBB21DA6E46D8BE6B88
:106E6000BF6B20D0B0C0A5F0B1C0A6F043D8B251DE
:106E7000D926B351DA22DECFB6F0DDCFB7F0B6C0F7
:106E8000D9FFB7C0DAFFC3EC3CF0DDEC40F032D8FC
:106E9000B451D926B551DA22A5C0DEFFA6C0DDFF68
:106EA000BE4BBF2BBC51BE5DBF51800AB66FBD51FA
:106EB000800AB659D7E3BCC0B0F0BDC0B1F0120033
:106EC000B251D926B351DA22B6C0DEFFB7C0DDFF1A
:106ED0001200000EB121B76F20EE02F01200B025B3
:106EE000B66F000EB121B76F1200B6C0DEFFB7C09B
:106EF000DDFF1200D890BE35D96EBF35DA6E1200B4
:106F0000B051D926B151DA221200E45115E1040E34
:106F1000E35D12E2D00E00019C6F210E9D6F440EC6
:106F20009E6F230E9F6FA16B2E0EA06F560EA26F49
:106F3000230EA36FE5EC84F0DDC1B3F0DEC1B4F045
:106F4000DFC1B5F0E0C1B6F0A1EC5CF0000901E0F2
:106F500012000201FC6BFD6BDDC1ADF0DEC1AEF0D5
:106F6000FC0E0001AF6F020EB06FD5EC83F0ADC028
:106F7000F6F2AEC0F7F2FCC265F0FDC266F065291C
:106F8000656F000E6621666F65C0F8F266C0F9F2A3
:106F9000950E656F030E666F0201F8510101DD2544
:106FA0000001676F0201F9510101DE210001686FE4
:106FB000F6C269F0F7C26AF047EC7AF034D8010102
:106FC000E1250001676F000E0101E2210001686FF9
:106FD000FB0E0101E3250001696FFF0E0101E421B1
:106FE00000016A6F28EC73F006D0FAC2DBF1FBC235
:106FF000DCF11FEC29F0820E0001796F1D0E7A6F13
:10700000010E7B6F97EC8FF065C07CF066C07DF061
:1070100002EC43F079C0FAF27AC0FBF20201FA51B5
:10702000FB11E3E112008D0E656F030E666F040C19
:10703000726B706B7FD8D96E6A516821DA6E7251AB
:107040006525E16E000E6621E26EE7506B6FD89009
:107050006B37D8906B37D8906B35DF6E6BD86B6F12
:107060006A5168216C6F6B2959D86D6F050E6E6F70
:10707000D8906D336E2FFCD76D51DF6E722B702B55
:10708000030E7065D7D76F6B5ED86F513BD8100E6B
:107090006B25E16E000E6C21E26EDFCFE7FF722BF5
:1070A0006F2B030E6F65F0D7716B71512BD8080EE3
:1070B0006B2534D80F0BDF6E46D8DF50696F693B04
:1070C0000F0E691769A10AD071511CD8080E6B25E3
:1070D000D96E000E6C21DA6E000EDB8E715112D863
:1070E000090E6B251BD86D6F050E6E6FD8906D3332
:1070F0006E2FFCD76D51DF6E722B712B030E7165F5
:10710000D4D7030C696F6A6BD89069376A376951B5
:1071100067256B6F6A5168216C6F1200D96E000E83
:107120006C21DA6E72516525E16E000E6621E26E09
:10713000E75012007051020DF3CF69F0F4CF6AF0FE
:1071400069516725120072516525D96E000E6621BE
:10715000DA6E12000101B4A1120000016E6B010E83
:1071600081EC91F06E6B020E81EC91F0000E6E6B73
:1071700081EC91F0170E7A6F240E11EC4DF045EC76
:107180008FF0890E656FB2C168F0B3C169F06BD83A
:1071900067C066F0676B663B0F0E6617661752D8BE
:1071A000D96EDA6A0800F5CFDFFF69510F0BC30F04
:1071B000F66E200ED8B0010FF76EF86A000EF822B6
:1071C0006551D96EDA6AD92A0800F5CFDFFF4BD8AE
:1071D000040ED89067336633E82EFBD70F0E661780
:1071E00031D83EEC2BF00800F5CFDFFF0F0E68150D
:1071F000666F28D833D80800F5CFDFFF0101B4B19E
:1072000006D0EF0E00018D6F230E8E6F04D0890E15
:1072100000018D6F8E6B8DC07AF08EC07BF0C2EC5A
:107220002DF045EC8FF0B0EC68F00201A56BA66B79
:10723000030E0001656F65C0A4F20101B485100E54
:107240004CEF92F0676BC30E6625F66E200E672139
:10725000F76EF86A000EF82265511200D96EDA6AEC
:10726000030ED926030C68C066F069C067F01200EF
:107270001BEC92F065C0C5F066C0C6F075EC8FF0EF
:1072800065C0C8F066C0C9F069EC8FF065C0CAF08F
:1072900066C0CBF00001C36B01019A5108E0C8C081
:1072A00065F0C9C066F05EEC8DF0000903E0010EE8
:1072B0000001C36FC46B0101995108E0CAC065F0B9
:1072C000CBC066F05EEC8DF0000903E0010E00011A
:1072D000C46F010E01019A6F996FC8C065F0C9C0F3
:1072E00066F022EC87F0CAC065F0CBC066F022ECF5
:1072F00087F0C5C065F0C6C066F05EEC8DF0000991
:10730000010ED8A4000EC26FC8C0B6F0C9C0B7F055
:10731000BEC0B8F0BFC0B9F0C2C0BAF020EE19F0DC
:10732000C551D926C651DA22DECFBBF0DDCFBCF085
:10733000C3C0BDF0B0EC78F0CAC0B6F0CBC0B7F0B7
:10734000C0C0B8F0C1C0B9F0010EBA6FC0C0BBF088
:10735000C1C0BCF0C4C0BDF0B0EC78F011D8C76FAC
:10736000C8C069F0C9C06AF0C7C06BF024EC50F027
:10737000CAC069F0CBC06AF0C7C06BF024EF50F010
:107380000101010EACA1000E00011200E1C1D9FF04
:10739000E2C1DAFFDECFE3F1DDCFE4F10001666B9D
:1073A000100E76D86551671906E16651681901E03B
:1073B00002D0010E01D0000E00090CE022EEC0F058
:1073C0000500FA6EDE50FD6EDE50FE6EDE50FF6E82
:1073D000FA501200666B200E5BD86551671906E102
:1073E0006651681901E002D0010E01D0000E0009BB
:1073F0000CE022EEC9F00500FA6EDE50FD6EDE50A4
:10740000FE6EDE50FF6EFA501200666B400E40D8E2
:107410006551671906E16651681901E002D0010E55
:1074200001D0000E00090CE022EED2F00500FA6E49
:10743000DE50FD6EDE50FE6EDE50FF6EFA50120022
:10744000010E666F656BE3C167F0E4C168F06551DA
:10745000671906E16651681901E002D0010E01D0FA
:10746000000E0009D8B41200DDC1D9F1DEC1DAF195
:10747000DFC1DBF1E0C1DCF122EEBAF00500FA6E0B
:10748000DE50FD6EDE50FE6EDE50FF6EFA501200D2
:10749000656FE3C167F0E4C168F012006D6F000131
:1074A0006D511CE068AF1AD065C069F066C06AF023
:1074B00067C06BF068C06CF0691F6A1F6B1F6C1FA0
:1074C000692B000E6A236B236C2369C06FF06AC0BE
:1074D00070F06BC071F06CC072F008D065C06FF0D6
:1074E00066C070F067C071F068C072F065516611D7
:1074F0006711681105E1656B666B676B686B12005D
:10750000960E6E6F02D06E2B4AD8696B6A6B6B6BEE
:10751000FE0E72153ED808E0F6D76E2B6F2B000ECC
:107520007023712372233BD8696B6A6B6B6B72514A
:1075300030D807E0F2D76E07D8906F3770377137C1
:10754000723771BF03D0020E6E61F5D76EA1719FC5
:10755000D8906E336EC069F06A6B6B6B6C6B69C0F0
:107560006CF06B6B6A6B696B69516F136A517013C6
:107570006B5171136C5172136D5102E068BF728FC1
:107580006FC065F070C066F071C067F072C068F0DF
:1075900012006C6F69516A116B116C111200D89056
:1075A0007233713370336F331200C9C074F0CAC0C4
:1075B00075F0CBC076F0CCC077F0AEEC81F0CBC0EC
:1075C00065F0CCC066F017EC2DF0000EF86E01D817
:1075D0000DD00500FA6E0900F550FD6E0900F5505A
:1075E000FE6E0900F550FF6EFA50120065C0D9FF1B
:1075F00066C0DAFFDECFD3F0DDCFD4F0D351D411A3
:1076000011E143D8F5500900F5100CE03ED8F5CF54
:107610007AF00A00F5CF7BF0A7EC68F044D82FD8B9
:1076200045EF8FF0D3C065F0D4C066F0686B3C0EB8
:10763000676FB5EC79F06551D16FD3C065F0D4C0F8
:1076400066F0686B3C0E676F47EC7FF06551D26F58
:10765000D151640DF3CFCDF0F4CFCEF0D251CD2582
:10766000CF6F000ECE21D06FCFC0C4F0D0C0C5F018
:1076700078EC74F018D86EEC74F0E5EF8EF0DA2246
:10768000DF507D6F010E7E6F010C0B0E3E24CD6F1F
:10769000000E3F20CE6FCDC0F6FFCEC0F7FF000E2C
:1076A000F86E09001200CB51D926CC511200000E01
:1076B0000101836F0D0E846F20EECAF065D8D00EE5
:1076C000DE6E010EDD6E20EECFF05ED8540EDE6E63
:1076D000FC0EDE6E000EDE6E20EE64F055D8DF6A22
:1076E00020EED2F051D8DF6A20EECCF04DD8DE6A21
:1076F000DD6A20EECEF048D8DF6A20EED3F044D821
:10770000D40EDE6E130EDE6E010EDE6E83C165F0EA
:1077100084C166F00001676B3CD8672B630E676518
:10772000FBD701D0F9D73DD8650E010183250001B3
:10773000656FC1EC14F0666F0001676B2AD8672B88
:10774000630E6765FBD701D0F9D72BD883C1A0F2B0
:1077500084C1A1F2650E010183250201A26F000E12
:10776000010184210201A36FA00E0001A46F020E8B
:10777000A56F9CEC14F008D8DECFA6F0DECFA7F002
:10778000DDCFA8F029EF65F08351D9268451DA22A4
:10779000120067516525D96E000E6621DA6EDF6A28
:1077A000120020EE64F06551D9266651DA22DF6AB4
:1077B00012006FD8DFA01FD0BFC0A0F0C0C0A1F0E2
:1077C000C1C0A2F0C2C0A3F0C3C0A4F0C4C0A5F061
:1077D00076EC75F0000938E0BFC065F0C0C066F017
:1077E000C1C067F0C2C068F0C3C069F0C4C06AF02D
:1077F0004FEC86F029D0BFC0A0F0C0C0A1F0C1C03E
:10780000A2F0C2C0A3F0C3C0A4F0C4C0A5F064EC51
:1078100078F0000919E0BFC0B9F0C0C0BAF08FEC31
:1078200063F0000903E00101ACB50ED0BFC065F004
:10783000C0C066F0C1C067F0C2C068F0C3C069F0E4
:10784000C4C06AF023EC86F024D8DFA011D0BFC0FA
:107850006BF0C0C06CF020EE46F023D80500FA6E45
:10786000DE50FD6EDE50FE6EDE50FF6EFA501200EE
:10787000BFC06BF0C0C06CF020EE49F012D805001C
:10788000FA6EDE50FD6EDE50FE6EDE50FF6EFA5078
:107890001200000120EE3BF0BF51D926C051DA2280
:1078A0001200BF51D926C051DA221200C0C0B0F078
:1078B000C1C0B1F0C60EB26FB36BCE0EB46FB56B74
:1078C000F0EC36F0B0C0D6F0B1C0D7F0C0C0A5F033
:1078D000C1C0A6F020EE15F0C051D926C151DA2260
:1078E00052D8DDEC40F0A5C0C4F0A6C0C5F0D86BFE
:1078F000D96B1BD0CE0E716F726BD6C073F0D7C030
:1079000074F0D8C075F0D9C076F042D8DECF77F0E9
:10791000DDCF78F07A6B000E796FC4C07BF0C5C004
:107920007CF03EEC44F0D84BD92B24D8E3E3D86B61
:10793000D96B1DD0C0C0A7F0C1C0A8F029D8DECF38
:10794000A9F0DDCFAAF0BDEC3DF0D851020DF35007
:10795000C60FD96EDA6ADECFC2F0DDCFC3F0C2C087
:10796000D9FFC3C0DAFF9CEC35F0D84BD92B02D835
:10797000E1E31200D651D85DD951800AC26FD751C8
:10798000800AC2591200DECFA7F0DDCFA8F01200A6
:10799000D851020DF350CE0FD96EDA6A1200A9C188
:1079A000D1F0AAC1D2F020EE33F061D8DECFCFF013
:1079B000DDCFD0F0D1C06EF0D2C06FF09DEC84F07E
:1079C000D1C06FF0D2C070F020EE3AF050D8DF5046
:1079D0000001716F72EC80F0CFC0D9FFD0C0DAFF28
:1079E000DF5057EC70F0C00E00017A6F230E11ECDF
:1079F0004DF045EC8FF020EE29F039D843D8CB6B11
:107A0000010ECC6FD5EC7AF020EE22F030D8DF50AA
:107A10000AE020EE23F02BD835D8010ECB6FCC6BCB
:107A2000D5EC7AF008D0990E7A6F240E7B6FC2ECF9
:107A30002DF045EC8FF020EE25F019D823D8010E5B
:107A4000CB6FCC6FD5EC7AF0C60E7A6F230E7B6FBE
:107A500013D845EC8FF020EE27F009D813D8020E8A
:107A6000CB6F010ECC6FD5EC7AF0F3EF6DF0425096
:107A7000D9264350DA221200010E7C6F020E7D6F70
:107A80007E6B020CDECFC9F0DDCFCAF0120001011F
:107A9000ACA913D020EE4DF06BD862EC6CF0DE5048
:107AA000E61801E102D0010E01D0000E000905E147
:107AB000AFEC64F05DD8DF9012000001656B01014E
:107AC000ACAB0CD001D00AD020EE55F051D8DFB0CD
:107AD00005D001D003D0010E0001656F0001655192
:107AE00000092BE03CC070F03DC071F094EC90F0C8
:107AF000ACA91FD020EE4DF03BD8DF5007E06DEC75
:107B000068F0DF9C030E94EC92F00CD06DEC68F002
:107B1000DF8C6DEC68F0DF986DEC68F0DF86040EAA
:107B200094EC92F020EE4DF023D862EC6CF0DFCFB5
:107B3000E7FF20EE55F01CD8DF800101EA5106E096
:107B400001D004D0EA6B966B010E0CD0962B9605F3
:107B50000001656FA60E656504D001D002D0010159
:107B6000F2D7000E0009D8B41200010E94EF92F083
:107B70003C50D9263D50DA221200000120EE1FF0C1
:107B80006DD8DECFAFF0DDCFB0F020EE36F0A751EC
:107B9000D926A851B4EC33F086EC42F0E750B16F2F
:107BA000B26B53D886EC42F0E650E610E61027E0C0
:107BB000A9C09BF0AAC09CF020EE13F04FD8DECFF6
:107BC0009DF0DDCF9EF0AFC09FF0B0C0A0F0B1C07F
:107BD000A1F0B2C0A2F039D886EC42F001D80AD0A8
:107BE0000500FA6EE650FD6EE650FE6EE650FF6E42
:107BF000FA5012009BC0A7F09CC0A8F0120020EE23
:107C000013F02CD8DECFABF0DDCFACF06C6B010EF7
:107C10006B6FB151AF5D6D6FB251B0596E6FCAEC01
:107C20007EF0A9516B03F3CFADF0F4CFAEF06C034F
:107C3000F350AE27AA516B03F350AE27AB51AD25DD
:107C4000A76FAC51AE21A86F120020EE33F0A75100
:107C5000D926A851DA2210EE0FF01200A751D9262A
:107C6000A851DA2212007AC0D9FF7BC0DAFF0101E5
:107C70001451DE180EE0010E0001766F100E776FC2
:107C80007AC0D9FF7BC0DAFFDF50786F360E6BEC1D
:107C90008CF0000120EE01F07A51D9267B51DA22D6
:107CA000DE500101151910E0010E0001766F120E71
:107CB000776F20EE01F07A51D9267B51DA22DF501E
:107CC000786F360E6BEC8CF0000120EE02F07A51EA
:107CD000D9267B51DA22DE500101161910E0010E7F
:107CE0000001766F140E776F20EE02F07A51D926DC
:107CF0007B51DA22DF50786F360E6BEC8CF000018E
:107D000020EE03F07A51D9267B51DA22DE500101B0
:107D1000171910E0010E0001766F160E776F20EE36
:107D200003F07A51D9267B51DA22DF50786F360E74
:107D30006BEC8CF07AC0D9FF7BC0DAFFDECF14F198
:107D4000DECF15F1DECF16F1DECF17F11200000104
:107D50006A6F3CD0666B050E656F050C666B010E95
:107D6000656F010C666B020E656F020C666B040E8C
:107D7000656F040C666B070E656F070C666B030E70
:107D8000656F030C685103E1040E675DE3E320EEC9
:107D900003F06551D9266651DA22DF50696F050E6E
:107DA0006925656F666B000E6623000C666B060E18
:107DB000656F060C67C077F168C078F167C065F041
:107DC00068C066F01200656B666B120000016A51B4
:107DD000010AC0E0020AC2E0070AC0E0340AEAE091
:107DE000710ABCE0030ABAE0010AB8E0070ABAE087
:107DF000010AB8E0030ABAE0010ABCE00E0ABEE0DC
:107E0000030ABCE0010AB6E01A0ABCE0310AAAE0A3
:107E1000010AA8E0100AA6E0F10AA0E0030AA2E025
:107E2000070AA0E0140A9EE0010A9CE0030ABEE0F3
:107E3000CAD78BC099F08CC09AF067D899C071F0FE
:107E40009AC072F09BC073F09CC074F08FC075F044
:107E500090C076F0776B786BD6EC78F071C099F0C3
:107E600072C09AF073C09BF074C09CF08F51916FF8
:107E70009051926F936B946B91510008956F000E27
:107E80009255966F010E9355976F000E9455986F0B
:107E900095C071F096C072F097C073F098C074F0FE
:107EA0008DC075F08EC076F063EC40F0D6EC78F0C3
:107EB00071C095F072C096F073C097F074C098F0DE
:107EC0009551992796519A2397519B2398519C231A
:107ED000000E99257D6F800E9A217E6F000E9B21EA
:107EE0007F6F000E9C21806F816B826B010E836F10
:107EF000846BDCEC48F07DC099F07EC09AF005D828
:107F000099C08BF09AC08CF01200000E9ABFFF0E41
:107F10009B6F9C6F1200D2C3DBF1D3C3DCF1D4C3DF
:107F2000DDF1D5C3DEF10101DF6BD90EE06F030E89
:107F3000E16FD80EE26F030EE36FE5EC33F000095A
:107F400001E0120003014CD8DFB21200D85111E059
:107F5000D9C3D1F1DAC3D2F1D2C3D3F1D3C3D4F1AF
:107F6000D4C3D5F1D5C3D6F1D5EC73F0000901E047
:107F700012000301D85111E0D9C3D1F1DAC3D2F113
:107F8000D2C3D3F1D3C3D4F1D4C3D5F1D5C3D6F181
:107F900043EC2FF0000901E012000301D85103E186
:107FA0001FD8DFA4120023D8DFB403D020D8DFA667
:107FB00012001DD8DFB403D0D669D76903D0D76BC0
:107FC000010ED66FD6C3D1F1D7C3D2F1D2C3D3F14C
:107FD000D3C3D4F1D4C3D5F1D5C3D6F11EEF35F058
:107FE00020EE02F0D951D926DA51DA221200D9C393
:107FF000D9FFDAC3DAFF120059508B5D8F6F5A50E8
:108000008C59906F5B508D59916F5C508E59926F67
:1080100048D80A0ED8EC40F0DCEC48F04BD88FC0C2
:1080200071F090C072F091C073F092C074F0E8C12A
:1080300075F0E9C176F047D8D6EC78F071C08FF0D2
:1080400072C090F073C091F074C092F092BF0CD0E7
:1080500028D82CC181F02DC182F02EC183F02FC110
:1080600084F0DCEC48F00BD01CD828C181F029C189
:1080700082F02AC183F02BC184F0DCEC48F01AD8DE
:1080800010D8E80E816F030E24D8DCEC48F012D82B
:108090008F51BC088B6F9051D8A0E82A02088C6FD2
:1080A00012008FC07DF090C07EF091C07FF092C032
:1080B00080F012007DC08FF07EC090F07FC091F004
:1080C00080C092F01200000E76BFFF0E776F786FBF
:1080D0001200826F836B846B12008D296D6F000E0E
:1080E0008E216E6F6C6B200E6B6FCAEC7EF06BC0D6
:1080F0008FF06CC090F0000E90BFFF0E916F926FEA
:108100008BC071F08CC072F044D80A0E97EC20F04E
:10811000D6EC78F08F51715D976F90517259986FCE
:1081200091517359996F925174599A6F97C071F028
:1081300098C072F099C073F09AC074F0050E97EC75
:1081400020F0D6EC78F02BD8090E32D8DCEC48F0D1
:108150007DC093F07EC094F07FC095F080C096F013
:10816000050E93257D6F000E94217E6F000E9521E4
:108170007F6F000E9621806F0A0E1AD8DCEC48F053
:108180007DC08BF07EC08CF07FC08DF080C08EF003
:108190001200000E72BFFF0E736F746F120071C079
:1081A0007DF072C07EF073C07FF074C080F012006A
:1081B000816F826B836B846B1200000120EE1FF0D5
:1081C00066D8DECFACF0DDCFADF020EE36F0A551B5
:1081D000D926A651B4EC33F086EC42F0E750AE6FEE
:1081E000AF6B4CD886EC42F0E650E610E61027E084
:1081F000A7C097F0A8C098F020EE13F048D8DECFC3
:1082000099F0DDCF9AF0ACC09BF0ADC09CF0AEC051
:108210009DF0AFC09EF032D886EC42F001D80AD073
:108220000500FA6EE650FD6EE650FE6EE650FF6EFB
:10823000FA50120097C0A5F098C0A6F0120020EEE8
:1082400013F025D8DECFA9F0DDCFAAF0A951A75DA4
:10825000716FAA51A859726FAE51AC5D6D6FAF517D
:10826000AD590CEC52F0CAEC7EF007EC52F0DDECAC
:1082700062F071C0A5F072C0A6F0120020EE33F0DB
:10828000A551D926A651DA2210EE0CF01200A55104
:10829000D926A651DA221200030E00019D6F0101BA
:1082A000B4B305D0A0C199F000019A6B04D00001CD
:1082B0009A6B010E996F9951B0EC8AF09E6F9D0EEA
:1082C00051D8CAEC55F0040E9D6F23EC58F06CC0E9
:1082D0009EF06DC09FF09D0E45D8CAEC55F0050E7E
:1082E0009D6F6DEC58F06CC09EF06DC09FF09D0EC0
:1082F00039D8CAEC55F09B6B9B51B3EC70F09B2BBB
:10830000020E9B65F9D7070E9D6F55EC69F06CC0A6
:108310009EF06DC09FF09D0E25D8CAEC55F09C6B69
:108320009C51F2EC71F09C2B020E9C65F9D70A0E61
:108330009D6F05EC64F000019E6F9D0E13D8CAEC92
:1083400055F00B0E9D6FADC1D9FFAEC1DAFFDF5006
:108350009E6F9D0E07D8CAEC55F0886B896B020E94
:10836000BFEF82F07E6F37C07FF038C080F039C039
:1083700081F012000001C66FC0C065F0C1C066F098
:10838000C2C067F0C3C068F0D3EC90F0C6C0A0F1E3
:10839000A1C1C7F0A2C1C8F00001C751C8111BE0BC
:1083A0003CD84FD818E0C0C077F0C1C078F0C2C048
:1083B00079F0C3C07AF031D801D80DD00500FA6E3B
:1083C0000900F550FD6E0900F550FE6E0900F550EC
:1083D000FF6EFA5012000001C6513CEC5FF065C020
:1083E000C9F066C0CAF0C9C0A1F1CAC0A2F1C9C033
:1083F000A3F1CAC0A4F11ED824D8D8B412001AD848
:108400000500FA6E0900F550FD6E0900F550FE6E8C
:108410000900F550FF6EFA501200030EC725C46F15
:10842000000EC821C56FC4C0F6FFC5C0F7FF000E1F
:10843000F86E1200C9C0F6FFCAC0F7FF000EF86E52
:1084400012000900F5500900F5100900F51012009E
:108450006651A9EC52F05AD8E750676F67056D6F07
:108460000E0E6D6501D0010C6D51050DF3CF67F057
:10847000F4CF68F06651A4EC52F0DECF69F0DDCFA6
:108480006AF0675169256B6F68516A216C6F020E43
:108490006B256E6F000E6C216F6F6EC0D9FF6FC0C1
:1084A000DAFF6DC0DFFF6651AEEC52F02FD820EE40
:1084B00001F031D810EE07F029D820EE02F02BD8C9
:1084C00010EE08F023D820EE03F025D810EE09F0C6
:1084D0001DD820EE04F01FD8040ED92610EE4DF062
:1084E00015D8E72A20EE02F06E51D9266F51DA2214
:1084F000DFA0000C6651A4EC52F010EE4EF006D84E
:10850000010EE76E020E94EC92F0000CDE50E126B4
:10851000DD50E22212006E51D9266F51DA22E7CFE8
:10852000DFFF6651D96EDA6A120074EC8EF000013A
:10853000796F02EC93F000017A6FD2EC92F00001B7
:108540007B6F7C6B0101ACA306D03EEC78F0000998
:1085500002E0010E7C6F56EC77F0C1EC69F07D6BA8
:108560007E6B44D0D8907D35D96E7E35CAEC5BF0F9
:10857000DECF7FF0DDCF80F07FC065F080C066F099
:10858000AAEC7EF07FC065F080C066F07AC067F02C
:1085900079C068F054EC63F07B5106E07FC068F06E
:1085A00080C069F0B5EC84F07C5106E07FC068F0D3
:1085B00080C069F0CDEC84F07FC068F080C069F0C5
:1085C0007DC06AF07EC06BF056EC36F07FC068F07C
:1085D00080C069F0470E7D25D96E020E7E21DA6ECD
:1085E000DF506A6FFFEC7CF07D4B7E2B0101A751C1
:1085F00000017D5D7E51800A786F15EC76F0785928
:10860000B1E31200716B010E706F830E726F01D8AF
:108610000AD00500FA6E7951FD6E7A51FE6E7B51DB
:10862000FF6EFA501200000903E0796B7A6B1200BA
:1086300083C0D9FF84C0DAFFDF500301826F82510B
:10864000FAEC31F065C080F066C081F067C082F05E
:10865000805181118211E9E083C065F084C066F029
:10866000FF0E7C25676FFF0E7D21686F030182512D
:10867000A7EC3EF065C07EF066C07FF07EC070F073
:108680007FC071F0830E726F01D80AD00500FA6EB8
:108690007951FD6E7A51FE6E7B51FF6EFA501200D9
:1086A0000009C3E183C070F084C071F0830E726F63
:1086B000030E736F01D80AD00500FA6E8051FD6E6B
:1086C0008151FE6E8251FF6EFA501200820E00013F
:1086D000796F030E7A6F120063D8B2EC88F0DE1067
:1086E00001E1010C5DD8DA22DECF90F0DECF91F00F
:1086F000DECF92F0DECF93F020C194F021C195F04F
:1087000022C196F023C197F0D890973396339533D2
:1087100094339051945D986F91519559996F9251FE
:1087200096599A6F935197599B6F8C5198257D6FED
:108730008D5199217E6F8E519A217F6F8F519B2190
:1087400025D8A1EC62F07DC09CF07EC09DF07FC07A
:108750009EF080C09FF020EE2DF08A51D9268B51DB
:10876000DA22DECF90F0DDCF91F09051926F9151EF
:10877000936F946B956B92519C5D93519D5994515D
:108780009E5995519F59D8B0010C000C806F20C1A3
:1087900081F021C182F022C183F023C184F0120054
:1087A00020EE41F08A51D9268B511200FACF29F0E0
:1087B000FBCF2AF0D9CF2BF0DACF2CF0F3CF2DF06E
:1087C000F4CF2EF0F6CF2FF0F7CF30F0F8CF31F016
:1087D000F5CF32F0A0B6A1A60DD001D80BD0050080
:1087E000FA6E01015451FD6E5551FE6E5651FF6EE9
:1087F000FA5012009DB69EA60DD001D80BD00500F0
:10880000FA6E01015151FD6E5251FE6E5351FF6ED1
:10881000FA501200F2BAF2A402D0FAEC8BF0A0B235
:10882000A1A202D088EC85F0B9B4BAA402D0E9ECD8
:108830008BF0B9B8BAA802D0D8EC8BF09DBA9EAA3A
:1088400002D06EEC5AF0A3BAA4AA02D001EC59F0FF
:1088500032C0F5FF31C0F8FF30C0F7FF2FC0F6FF80
:108860002EC0F4FF2DC0F3FF2CC0DAFF2BC0D9FFC0
:108870002AC0FBFF29C0FAFF0192110079C084F0E1
:108880007AC085F085BF04D0855106E1840504E2F5
:1088900075C084F076C085F07351755D7D6F74513D
:1088A00076597E6F7B517D277C517E237D29826F97
:1088B000000E7E21836F8451775D7851800A7D6F31
:1088C0008551800A7D5904E284C077F085C078F034
:1088D0007751825D8351800A7D6F7851800A7D597E
:1088E00004E282C077F083C078F0D8907535D96EF5
:1088F0007635DA6E7151D9267251DA2277C0DEFFF1
:1089000078C0DDFF71C065F072C066F073C067F0BB
:1089100074C068F075C069F076C06AF0D3EC67F097
:108920007F6F71C065F072C066F075C067F076C089
:1089300068F0CCEC6AF0806F010E816F7F5103E12B
:10894000805101E1816B815112001BEC92F065C0F6
:10895000DBF066C0DCF0DBC0D9FFDCC0DAFF14EC72
:108960004CF09DEC84F0DBC065F0DCC066F0E6EC1A
:108970008AF0000906E0DBC0D2F0DCC0D3F013ECD3
:108980008DF0706B40D81CEC91F028EC93F0000156
:10899000DA6FDA51C46FC56BC4BFC507C66B33D875
:1089A000C76F010EC86FE5EC8EF0010E706F2BD80B
:1089B00014EC91F028D86D6F010E6E6F070EA6ECC7
:1089C00090F0DBC065F0DCC066F01BEC7BF065C0AE
:1089D000D8F066C0D9F0D8C07AF0D9C07BF05DEC91
:1089E00052F045EC8FF04FEC77F0020EA3EC5DF007
:1089F00045EC8FF0010E706F1CEC91F0010E706F62
:108A0000020E1CEF91F020EE21F0DB51D926DC5153
:108A1000DA22DF5012006A6F00016C6B01D06C2B00
:108A200051D86C5158D8DF5003E0030E6C65F7D76E
:108A30006C51D8B41200040E6C1901E11200010E41
:108A40006B6F22D03FD86C516527000E66236B51A7
:108A5000655DD96E6651D8A06605DA6E280E676F1F
:108A6000030E686F040E6727000E68236A5167279C
:108A7000000E68236B51675DE16E6851D8A06805F0
:108A8000E26EDFCFE7FF6B2B6B516C5DDBE26B6B54
:108A900005D018D86B511FD8DF6A6B2B040E656F99
:108AA000666B6C51655F000E665B6B51676F686B40
:108AB0006551675D6851800A696F6651800A69591E
:108AC000E8E31200280E656F030E666F6A51652792
:108AD000000E6623000C6525D96E000E6621DA6E45
:108AE0001200D2C3DBF1D3C3DCF1D4C3DDF1D5C3B3
:108AF000DEF1010E0101DF6FDA0EE06F030EE16FB0
:108B0000D90EE26F030EE36FE5EC33F0000901E0EC
:108B1000120003013FD8DFB21200D95111E0DAC3CD
:108B2000D1F1DBC3D2F1D2C3D3F1D3C3D4F1D4C3D7
:108B3000D5F1D5C3D6F1E1EC76F0000901E01200E1
:108B400030D8DFB403D02DD8DFA612000301D951ED
:108B500003E120D8DFA412001DD8010EDFA6000E0D
:108B6000D66F1FD8DFB403D0D769D86903D0D86BCC
:108B7000010ED76FD7C3D1F1D8C3D2F1D6C3D3F189
:108B8000D2C3D4F1D3C3D5F1D4C3D6F1D5C3D7F171
:108B90005EEF2CF020EE02F0DA51D926DB51DA221A
:108BA0001200DAC3D9FFDBC3DAFF12000001A56BA4
:108BB00075EC8FF065C0A6F066C0A7F041D0A6C0E6
:108BC00095F0A7C096F09FC097F0A0C098F0A1C004
:108BD00099F0A2C09AF072EC4CF00ED0A6C095F0BD
:108BE000A7C096F09FC097F0A0C098F0A1C099F0E0
:108BF000A2C09AF0F4EC49F00001A56F2FD0A6C0F6
:108C000097F0A7C098F09FC099F0A0C09AF0A1C0BB
:108C10009BF0A2C09CF069EC6BF00001A56FA55120
:108C200005E00101C86B010EC76F01D01FD800011C
:108C300020EE38F0A651D926A751DA22DF9C0ED0BB
:108C4000B8510001A36FA46BA45108E1A35106E041
:108C5000010AD5E0030AB3E0010AC0E0A6C097F01C
:108C6000A7C098F0A5C099F0A5EF8BF00101C76BE4
:108C7000C86B120020EE3AF056D8DE0416E120EE62
:108C800025F051D810EE0DF04AD843D851D801E361
:108C90001BD020EE22F047D8DF5001E1010C20EE7E
:108CA0000DF041D810EE23F01FD020EE3AF03BD863
:108CB000020EDE1827E120EE0DF035D810EE25F07B
:108CC0002ED827D835D805E320EE3BF02CD8DF94FA
:108CD00019D020EE22F027D8DF5001E1010C20EE60
:108CE00023F021D810EE0DF01AD813D821D805E2C0
:108CF00020EE3BF018D8DFA405D020EE3BF013D8CF
:108D0000DF84010C67C065F068C066F084EC84F015
:108D1000000CE222DE50E65CE650800A1200675149
:108D2000E126685112006751D9266851DA221200F3
:108D30006D6FDE50800A6D591200000E8AEC7EF0D5
:108D4000D9EC8EF0000902E0B0EF68F0D2EC92F0BE
:108D5000000904E06CEC5DF0B0EF68F00001E66B38
:108D6000E76B40D0D890E635D96EE735CAEC5BF0BA
:108D7000DECFE8F0DDCFE9F0000120EE33F0E8517E
:108D8000D926E951DA22DECFE4F0DDCFE5F0E4C008
:108D9000D9FFE5C0DAFFDF5057EC70F0E8C065F0AE
:108DA000E9C066F0E6EC8AF0000916E0E8C067F07A
:108DB000E9C068F0C8EC8CF0000907E0E8C07FF07B
:108DC000E9C080F0B6EC5AF00AD0E8C0D2F0E9C0B1
:108DD000D3F013EC8DF003D00101B651EFE10001A7
:108DE000E64BE72B0101A7510001E65DE751800A40
:108DF000E46F15EC76F0E459B5E3B0EF68F0DDC54B
:108E0000E2F1DEC5E3F1010120EE11F053D8DECF2F
:108E1000D9F1DDCFDAF1030ED903F3CFDBF1F4CFD3
:108E2000DCF1DA03F350DC2720EE0FF043D8DECF7D
:108E3000DDF1DDCFDEF1DB51DD25D96EDC51DE2148
:108E4000DA6EDECFDFF1DECFE0F1DDCFE1F1DFC5BD
:108E5000D5F1E0C5D6F1E1C5D7F1E2C5D8F101D829
:108E60000AD00500FA6EDF51FD6EE051FE6EE15151
:108E7000FF6EFA50120000091CE0010120EE0DF017
:108E800019D810EE11F0E251E126E351E222E62A70
:108E9000000EE522DE50E65CE650800ADD6FDE5013
:108EA000800ADD5906E320EE11F004D8DE6ADD6A9F
:108EB000010C000CE251D926E351DA22120058D8F5
:108EC000DE50DE1001E1000C20EE3DF08A51D92683
:108ED0008B51DA22DECF90F0DECF91F0DECF92F030
:108EE000DECF93F020C194F021C195F022C196F01D
:108EF00023C197F0D890973396339533943390519C
:108F0000945D986F91519559996F925196599A6FB6
:108F1000935197599B6F8C5198257D6F8D51992155
:108F20007E6F8E519A217F6F8F519B21C6EC43F04B
:108F3000A1EC62F07DC09CF07EC09DF07FC09EF0F1
:108F400080C09FF015D8DECF90F0DDCF91F090512A
:108F5000926F9151936F946B956B92519C5D93516D
:108F60009D5994519E5995519F59D8B0010C000CB0
:108F700020EE2BF08A51D9268B51DA22120050D8DC
:108F80006BEC79F068C09CF069C09DF000019C51C9
:108F90009D1104E145D8886F020E30D098297F6F6B
:108FA000000E9921806F20EE1FF09C51D9269D5113
:108FB000DA22DECF81F0DDCF82F07CEC4FF07FC093
:108FC0009AF080C09BF09AC065F09BC066F09CC090
:108FD00067F09DC068F06C6B85EC2AF009E301D066
:108FE00007D094EC2AF004E301D002D0010E6C6F9C
:108FF0006C51000905E114D8886F030E896F0DD0FC
:1090000020EE25F09C5112D820EE23F09C510ED872
:109010001BEC8CF005D8BDEC2AF0460EBFEF82F0B9
:1090200098C0D9FF99C0DAFFDF501200D9269D51B0
:10903000DA229AC0DEFF9BC0DDFF1200B9C065F0E6
:10904000B851CEEC8FF0C06FBD6BB6AF06D0010E3D
:10905000BD6FB56DB61FD8B0B62BB5C0ABF0B6C0FE
:10906000ACF09C0EAD6F020EAE6F19EC63F0000118
:10907000B7510308BF6FC36BBF51C35D010ED8A0CA
:10908000000EBC6FBCC065F09C0EC325D96EDA6AB9
:10909000020EDA22DF504BEC59F0BE6FB75104E0FC
:1090A000BF51C31901E1BE8FC051C3251DD8BEC039
:1090B000DFFFC32B030EC365DFD7BD51D8B4120049
:1090C000C26B030EC16FC051C1250ED8DF5006E13F
:1090D000C051C12509D8400EDF6E400CC107D8A091
:1090E000C207C2BF1200EFD7BA6FBB6B280EBA25FA
:1090F000D96E030EBB21DA6E12000001686F9C0E60
:109100000A01016F240E026F68C021FAEC0E2F6F66
:10911000010E306F326B010E316F356B720E336F93
:10912000040E346F720E366F040E376F206B020E12
:109130001F6F330E126F116FE60E1C6FC20E1D6F84
:10914000000E1E6F136B146B050E166F780E156FE5
:10915000176B186B226B020E266F440E256F020EE2
:109160002A6F8A0E296F020E286F300E276F2C6B24
:10917000010E2B6F020E2E6F580E2D6FE20E466FF2
:109180001D0E476F010E486FF00E496F150E4A6FA6
:10919000010E4B6FF20E4C6F250E4D6F010E4E6F90
:1091A0000101816B826B020E0A01596F000E0001F2
:1091B000656F0A0E666F1200866B84AF0AD0841F3B
:1091C000831F821F816D000E822383238423010E5F
:1091D000866F80AF0AD0801F7F1F7E1F7D6D000EBF
:1091E0007E237F238023010E861B876B886B896B10
:1091F0008A6B815182118311841129E0010E856FE0
:1092000006D0D8908137823783378437852B84AF57
:10921000F8D7D8908737883789378A3781517D5D6D
:1092200082517E5983517F598451805909E381517C
:109230007D5F82517E5B83517F5B8451805B878140
:10924000D8908433833382338133852FE2D786519C
:1092500008E08A1F891F881F876D000E88238923D5
:109260008A2387C07DF088C07EF089C07FF08AC0E5
:1092700080F012000101E26B960EE16F0201A45131
:109280000101E36F0CD0040E0101E26FB00E03D0B8
:109290000101E26B960EE16F14D0000012D0E35191
:1092A0000001F06FF16BF1510CE1F051F6E0010AB1
:1092B000EFE0030AEDE0010AE6E0070AE9E0010A4F
:1092C000E7E00201A5510001F06F0201A651000183
:1092D000F16F0201A54BA62B0101E1510001F05DE8
:1092E0000101E2510001F159D8A01200DDC1D9F10C
:1092F000DEC1DAF1DFC1DBF1E0C1DCF10101E351F4
:10930000090DB10EF324D96E020EF420DA6E01D8E5
:109310000AD00500FA6EDE50FD6EDE50FE6EDE50A5
:10932000FF6EFA5012000201A56BA66B120000013D
:1093300020EE38F055D8DA22DFA211D084C065F0D3
:1093400085C066F0D4EC8AF0000909E16E6B40D864
:1093500081EC91F0010E6E6F3BD881EF91F074ECCF
:109360008EF000018A6F8A5108E084C07FF085C0CA
:1093700080F08AC081F0E2EF6EF084C065F085C0B5
:1093800066F01BEC7BF065C086F066C087F084C099
:1093900065F085C066F0A4EC72F065C088F066C028
:1093A00089F086C07AF087C07BF0010E7C6F10D800
:1093B0007D6F7E6B45EC8FF088C07AF089C07BF0C2
:1093C0007C6B20EE21F00CD83FEC3BF045EF8FF0AA
:1093D00020EE21F08451D9268551DA22DF50120087
:1093E0008451D9268551120000014FD8DF92080E12
:1093F0000101BF6F640EC06FFD0EC16FC26995C0E1
:1094000065F096C066F031EC8DF0000901E1000CCA
:1094100059500001975D9B6F5A5098599C6F5B5053
:1094200099599D6F5C509A599E6F9EAF000C310EFA
:109430009B5D040E9C59FE0E9D59FF0E9E59D8B09F
:10944000000C9EAF0AD0E00E9B5DC30E9C59FC0E33
:109450009D59FF0E9E5901E2000C17D8DF8297C07C
:10946000BFF198C0C0F199C0C1F19AC0C2F195C0D6
:1094700079F096C07AF0CBEC77F00ED895C08BF0EF
:1094800096C08CF0F5EC2FF0010C20EE39F09551E0
:10949000D9269651DA22120079C0CDF17AC0CEF1E8
:1094A000120055D0070E0001FA6F01018A6B00010E
:1094B000F26BF36BF46BF56B8C9E8C9C8C980101BA
:1094C000892B1200FAC002F0180E8A25D96EDA6ACA
:1094D000010EDA22DF50036E022A02D0D890033246
:1094E000022EFCD703A002D08C8801D08C980000FB
:1094F00000008C8CE4D78C9C0000000083AA11D063
:10950000FAC002F0010E036E022A02D0D890033690
:10951000022EFCD701018A51F20FD96EDA6A03508C
:10952000DF128C9C010E0101896F0001FA510DE1DF
:10953000070EFA6F01018A2B030E8A65030C8C8ECD
:109540008C9C8C98B998896B1200FA07120089518B
:10955000A9E0010AB7E0030ACEE0120075EC8FF033
:1095600065C0A9F066C0AAF0A9C093F0AAC094F0A3
:1095700017EC88F093C0ABF094C0ACF095C0ADF0A0
:1095800096C0AEF0ABC065F0ACC066F0ADC067F0A1
:10959000AEC068F064EC7DF0ABC06DF0ACC06EF0B6
:1095A000ADC06FF0AEC070F0000E46EC28F00001C8
:1095B000A86F0101674B682B2D0E675D010E68597E
:1095C00009E3A9C097F0AAC098F0000E0001996FB6
:1095D000A5EF8BF067C165F068C166F00001686BAC
:1095E000060E676F47EC7FF065516611D8A4120034
:1095F000A8510101B95D01E2B92B030EB965030C55
:10960000ABC09FF0ACC0A0F0ADC0A1F0AEC0A2F066
:10961000D6EF45F050D8DECFF6F2DDCFF7F24BD8DB
:10962000010EDFA6000E0001F16F45D8010EDFA488
:10963000000EF11B1AE00201A56BA66B3CD8DFB649
:1096400004D0F96B010EF86F02D0F869F969F8C21D
:10965000D1F1F9C2D2F1DDC1D3F1DEC1D4F1DFC164
:10966000D5F1E0C1D6F131EC6DF02AD8F6C267F041
:10967000F7C268F06551671906E16651681901E0A3
:1096800002D0010E01D0000E0009D8B41200DDC1D5
:10969000D9F1DEC1DAF1DFC1DBF1E0C1DCF122EEAC
:1096A000D5F00500FA6EDE50FD6EDE50FE6EDE5027
:1096B000FF6EFA501200E1C1D9FFE2C1DAFF1200D9
:1096C000010E0001666F656B010C9D0E0101A56F17
:1096D000030EA66FA86B030EA76F000E44EC5BF0A1
:1096E0004AD865C0DEFF66C0DDFF45D83BD8DF6ADB
:1096F000010ECFEC4DF071EC8FF02FD865C0DEFF7E
:1097000066C0DDFF20EE02F028D82CD88CEC86F065
:109710007DEC48F07DEC8FF020D865C0DEFF66C0A0
:10972000DDFF20EE04F019D81DD8020EDF6E000117
:109730006B6B6C6B330E6B25D96E010E6C21DA6E80
:10974000DF6A6B4B6C2B6CBFF5D76C5105E1030ED8
:109750006B5DD8B01200EED71200A551D926A651E4
:10976000DA221200DECF69F0DDCF6AF069C0D9FFDE
:109770006AC0DAFF1200A5C1D9FFA6C1DAFF120044
:1097800075EC8FF065C0DEF066C0DFF0DEC0D9FF9B
:10979000DFC0DAFF49D89DEC84F058EC92F065C048
:1097A000DCF066C0DDF03AD82BE0D6C065F0D7C05B
:1097B00066F0D8C067F0D9C068F0D3EC90F020D044
:1097C000DEC0D4F0DFC0D5F0CEEF86F0DEC08BF087
:1097D000DFC08CF0DCC08DF0DDC08EF0E6EF81F0F4
:1097E000DEC08BF0DFC08CF0DCC08DF0DDC08EF011
:1097F000F9EF60F0DEC0D4F0DFC0D5F0F5EF8CF00B
:109800000DD80001DA6FDB6BDB51F4E1DA51010AAC
:10981000D7E0030ADBE0010AE3E0ECD7DCC0D9FFC4
:10982000DDC0DAFFDF501200DF5000016E6F6F6B9A
:109830001200866B876B886B896B8A6B13D0010E65
:10984000866F260E896F240E0BD0010E876F210EB6
:10985000896F240E05D0010E886F1C0E896F240EAF
:109860008A6F13D020EE01F08151D9268251DA227D
:10987000DF50846F856B855108E1845106E0010A51
:10988000DEE0030AE2E0010AE6E089518A11D8B479
:10989000120089C07AF08AC07BF07C6B1DD817D883
:1098A00045EC8FF0010E706F17D8DA22DF501CECF8
:1098B00091F0835104E00101B651D8A4120087C091
:1098C0006EF088C06FF0000186510DEF86F0DA224D
:1098D000DF507D6F7E6B120020EE21F07F51D92684
:1098E0008051120000014FD8DF9EF80E010156ECA6
:1098F0007BF0020EC56FC66B95C065F096C066F032
:1099000031EC8DF0000901E1000C59500001975D28
:109910009B6F5A5098599C6F5B5099599D6F5C5042
:109920009A599E6F9EBF000C9E5108E1D00E9B5D20
:10993000FB0E9C59010E9D59D8A0000C9EBF0AD069
:109940009E51E2E1210E9B5D3C0E9C59030E9D59F8
:1099500001E3000C18D8DF8E97C0C3F198C0C4F1A2
:1099600099C0C5F19AC0C6F195C079F096C07AF059
:10997000CBEC77F04CEC4AF095C08BF096C08CF0B5
:10998000F5EC2FF0010C20EE38F09551D9269651C8
:10999000DA221200000068EC8AF085EC7DF0F28E8D
:1099A000F28C92EC76F02BEC88F0D0B60ED03FD84B
:1099B00038D845EC8FF05F0E7A6F240E7B6F3CD861
:1099C00045EC8FF0B0EC68F0FFD7D0BA0ED02FD8AE
:1099D00028D845EC8FF0DE0E7A6F230E7B6F2CD8E3
:1099E00045EC8FF0B0EC68F0FFD738EC93F011EC59
:1099F00052F042EC19F00101AB51B2EC92F0070EBB
:109A0000FCEC90F053EC93F0090EE26F3D0EE36F27
:109A1000E46BE56B7DEC1FF0D1806CEC91F02DEFE9
:109A200010F07B6F010E7C6F7D6B7E6B010CCC0E9A
:109A300000017A6F230E1200010E7C6F7D6B7E6F2A
:109A4000010C020E45180DE1D2C3D1F1D3C3D2F1FE
:109A5000D4C3D3F1D5C3D4F1D1EC6BF0000901E04C
:109A60001200D2C3DBF1D3C3DCF1D4C3DDF1D5C323
:109A7000DEF1010E0101DF6FFA0EE06F020EE16F01
:109A8000F90EE26F020EE36FE5EC33F0000901E03E
:109A900012000201F95119E020EE02F0FA51D92624
:109AA000FB51DA22DFB211D0FAC2D1F1FBC2D2F1FE
:109AB000D2C3D3F1D3C3D4F1D4C3D5F1D5C3D6F136
:109AC000A5EC82F0000901E012004504D8A41200C0
:109AD000FAC2D5F1FBC2D6F1F9C2D7F1D2C3D8F19F
:109AE000D3C3D9F1D4C3DAF1D5C3DBF147EF66F0C4
:109AF000D2C3DBF1D3C3DCF1D4C3DDF1D5C3DEF1D6
:109B0000010E0101DF6FD90EE06F030EE16FD80E79
:109B1000E26F030EE36FE5EC33F0000901E01200A1
:109B20000301D851D8B4120020EE02F0D951D92641
:109B3000DA51DA22DFB21200D9C3D1F1DAC3D2F19D
:109B4000D2C3D3F1D3C3D4F1D4C3D5F1D5C3D6F1A5
:109B5000EAEC7EF0000901E012001CD8040EDE18C9
:109B6000DE1004E10101D269D1690AD013D8080ED0
:109B7000DE18DE10D8A412000101D26B010ED16FE5
:109B8000D2C3D3F1D3C3D4F1D4C3D5F1D5C3D6F165
:109B90000EEF66F0D9C3D9FFDAC3DAFF1200686F9F
:109BA00068C021F4F20E04012F6F020E306F326B89
:109BB000020E316F356B840E336F040E346F840EDA
:109BC000366F040E376F206B010E1F6F330E126F4E
:109BD000116FF80E1C6FC00E1D6F000E1E6F136B01
:109BE000146B010E166FF40E156F176B186B010EC8
:109BF000226F246B960E236F266BFA0E256F010ED3
:109C00002A6F2C0E296F286B640E276F2B6B2C6B21
:109C1000020E2E6F580E2D6FFA0E466F1D0E476FF7
:109C2000010E486F140E496F160E4A6F010E4B6FEE
:109C3000FE0E4C6F250E4D6F010E4E6F010E596FCB
:109C4000000E0001656F040E666F1200686F010E52
:109C50000001696F020100B34CD068C001F20091AD
:109C6000008300970E0E096F010E086FF40E076F48
:109C70000085BC0E0B6F250E0C6F010E0D6F1D6B5A
:109C8000BC0E0E6F250E0F6F010E106F1E6BBC0EFB
:109C9000116F250E126F010E136F1F6BBC0E146F28
:109CA000250E156F010E166F206BB40E176F250E63
:109CB000186F010E196F216BAFEC90F09E96840E19
:109CC0000001656F260E666F010E676F65C054F167
:109CD00066C055F167C056F1300E656FE30E666FD2
:109CE000000E676F65C051F166C052F167C053F155
:109CF000696B0001695112000001736B746B41D0F4
:109D0000D8907335D96E7435CAEC5BF0DECF75F040
:109D1000DDCF76F0000120EE3BF040D8DA22DFA064
:109D20000ED075C065F076C066F06EC067F06FC08B
:109D300068F070C069F071C06AF04FEC86F075C0D1
:109D40006BF076C06CF020EE49F028D8DA2201D80A
:109D50000AD00500FA6EDE50FD6EDE50FE6EDE505B
:109D6000FF6EFA501200000120EE41F017D837ECD8
:109D700071F075C065F076C066F084EC84F0734BCA
:109D8000742B0101A7510001735D7451800A726F39
:109D900015EC76F07259B4E31AEF80F07551D926BC
:109DA00076511200706F0101B65104E1000170514B
:109DB00001E112000001746B756B35D0D8907435D9
:109DC000D96E7535CAEC5BF0DECF71F0DDCF72F085
:109DD000000120EE4CF036D801D80AD00500FA6E0A
:109DE000DE50FD6EDE50FE6EDE50FF6EFA50120049
:109DF000736F735103E00101B65105E10001735126
:109E000010E170510EE074C065F075C066F000019D
:109E100020EE3AF017D8DF50676F73C068F0FBECA4
:109E20005EF0744B752B0101A7510001745D7551F3
:109E3000800A6F6F15EC76F06F59C0E384EC80F008
:109E400004EF8DF07151D9267251DA22120002010D
:109E50003B513F250001D06F02013C5140210001E0
:109E6000D16F02013D5141210001D26F02013E51EB
:109E700042210001D36FD051CC5DD151CD59D25187
:109E8000CE59D351CF5901E212002ED801D80AD0B1
:109E90000500FA6EDE50FD6EDE50FE6EDE50FF6E87
:109EA000FA5012000DD801D824D00500FA6EDE5009
:109EB000FD6EDE50FE6EDE50FF6EFA50120019D0BD
:109EC00067C06DF168C06EF16DC1BEF06EC1BFF0CC
:109ED0006BC1C0F06CC1C1F0000120EE06F0F8517A
:109EE000D926F951DA221200F8C0D9FFF9C0DAFFF9
:109EF00012000101936B120040D84DD8831909E17B
:109F00008251841906E142D8DECF7FF0DDCF80F0A8
:109F1000120033D8800E83BF7F0E846F8151835D22
:109F20008251800A845916E231D8DECF6BF0DDCF42
:109F30006CF023D8846B83BF84078351815D6D6F80
:109F4000845182596E6FCAEC7EF06BC07FF06CC09A
:109F500080F012001BD8DECF79F0DDCF7AF00DD87B
:109F60001AD8835D7B6F825184597C6F4AEC7EF0F6
:109F700079C07FF07AC080F0120020EE02F07F51AD
:109F8000D9268051DA22DF50836F12007FC0D9FFBB
:109F900080C0DAFF1200846B83BF840781511200F6
:109FA000685105E16751D96EDA6ADF8012006805F1
:109FB00005E16751D96EDA6ADF821200020E681974
:109FC00005E16751D96EDA6ADF841200030E681961
:109FD00005E16751D96EDA6ADF861200040E68194E
:109FE00005E16751D96EDA6ADF881200050E68193B
:109FF00005E16751D96EDA6ADF8A1200060E681928
:10A0000005E16751D96EDA6ADF8C1200070E681914
:10A0100005E16751D96EDA6ADF8E1200080E681901
:10A0200009E16751D96EDA6ADF686751D96EDA6A79
:10A03000DF9E1200090E6819D8A41200675100D0E3
:10A04000D96EDA6ADF6A120000016B5108E069C05C
:10A0500065F06AC066F0E6EC8AF0000905E132D8E6
:10A06000DF9830D8DF9A120020EE29F036D810EEB3
:10A070000DF02FD889EC46F035D803E3716B712BC6
:10A0800002D00001716B1ED8713BDF507119EF0BCC
:10A090007119DF6E20EE0DF020D810EE27F019D8E0
:10A0A00089EC46F01FD803E3716B712B02D00001DD
:10A0B000716B08D8713B7147DF507119DF0B711953
:10A0C000DF6E120020EE38F06951D9266A51DA228B
:10A0D00012006951E1266A5112006951D9266A516C
:10A0E000DA221200706FDE50800A7059120072C0BE
:10A0F0006BF073C06CF06D6B70C0D9FF71C0DAFF8C
:10A100006BC0E1FF6CC0E2FF2ED810EE01F06B5186
:10A1100034D829D810EE02F06B512FD8DFCFE7FFEB
:10A120006D2B6D517025696F000E71216A6F20EEE5
:10A1300003F02AD869C0DEFF6AC0DDFF20EE02F01E
:10A1400023D8DF506D276D517025D96E000E712117
:10A15000DA6E10EE05F06B5110D805D810EE06F04F
:10A160006B510BD80ED0DFCFE7FF6D2B6D517025F3
:10A17000D96E000E7121DA6E1200E1266C51E222D6
:10A180001200DFCFE7FF12006B51D9266C51DA22A3
:10A19000120084C065F085C066F01BEC7BF065C0E2
:10A1A00086F066C087F074EC8EF00001886F8851ED
:10A1B00008E084C07FF085C080F088C081F0E2EFC5
:10A1C0006EF020EE3BF033D8DA22DFAE0DD084C043
:10A1D000D9FF85C0DAFFDF5007E119D845EC8FF0D1
:10A1E000BA0E7A6F230E0CD020EE3CF020D8DA2283
:10A1F000DFA012000CD845EC8FF0960E7A6F240E7B
:10A20000EDEC5DF014D83FEC3BF045EF8FF086C0ED
:10A210007AF087C07BF0010E7C6F20EE21F0845134
:10A22000D9268551DA22DF507D6F7E6B1200845172
:10A23000D9268551120091518F5D976F9251905997
:10A24000986F98BF41D0985102E197053DE341D8FE
:10A2500097256D6FFF0E98216E6FCAEC7EF06BC074
:10A2600099F06CC09AF0746B020E736F99C071F024
:10A270009AC072F0DDEC62F071C093F072C094F09D
:10A28000000E94BFFF0E956F966F8B5193257D6FD7
:10A290008C5194217E6F8D5195217F6F8E51962127
:10A2A000806F99C081F09AC082F0000E82BFFF0ECD
:10A2B000836F846FDCEC48F07DC08BF07EC08CF047
:10A2C0007FC08DF080C08EF08BC08BF08CC08CF086
:10A2D00012006C6B0A0E6B6FFF0C000120EE1CF07D
:10A2E000AE51D926AF51B2EC88F013E0AEC0A6F063
:10A2F000AFC0A7F020EE1CF03DD801D82FD005004C
:10A30000FA6EDE50FD6EDE50FE6EDE50FF6EFA50CD
:10A31000120020EE05F02ED8DECFB0F0DDCFB1F088
:10A32000B0C0B2F0B1C0B3F0000EB3BFFF0EB46F57
:10A33000B56F20EE07F01ED8B2C0DEFFB3C0DEFF5F
:10A34000B4C0DEFFB5C0DEFF20EE05F013D810EE7E
:10A350000BF0AE51E126AF5147EC1FF0AEC065F0F7
:10A36000AFC066F08BEC69F0AEC0A3F0AFC0A4F054
:10A3700043EF33F0AE51D926AF51DA22120097C025
:10A380008BF098C08CF03ED863EC56F08BC09FF0F9
:10A390008CC0A0F08DC0A1F08EC0A2F099C08BF04F
:10A3A0009AC08CF02FD863EC56F08B519F5DA36F51
:10A3B0008C51A059A46F9D519B5D9F6F9E519C59DC
:10A3C000A06FFF0E9F256D6FFF0EA0216E6F6C6B4F
:10A3D000050E6B6FCAEC7EF0A3516B25716FA45113
:10A3E0006C21726F9D519B5D6D6F9E519C5914D86D
:10A3F000CAEC7EF00CD8DDEC62F071C097F072C050
:10A4000098F012009BC08DF09CC08EF012006BC0C3
:10A4100073F06CC074F012006E6F6C6B010E6B6F9A
:10A42000010C32EC8AF03ED8DFA0120030EC93F041
:10A43000610E00017A6F240E7B6F1CEC4DF045EC31
:10A440008FF0650E7A6F240E7B6F37D845EC8FF056
:10A45000B0EC68F06BEC27F032EC8AF023D8DFB078
:10A46000FBD7050E0001936F0F0E926FF10EE82ED1
:10A47000FED7922FFCD7932FFAD730EC93F0B0ECA5
:10A4800068F00B0E0001936F260E926F5D0EE82EA2
:10A49000FED7922FFCD7932FFAD700D026EC90F05E
:10A4A000DAEF23F070C094F071C095F020EE01F067
:10A4B0009451D9269551DA221200010E7C6F7D6FDE
:10A4C0007E6F010C665145D886EC42F0E750676F0D
:10A4D00067056F6F0E0E6F6501D0010C6F51050D92
:10A4E000F3CF67F0F4CF68F066512ED8DECF69F075
:10A4F000DDCF6AF0675169256B6F68516A216C6F17
:10A50000020E6B256D6F000E6C216E6F20EE02F057
:10A510006D51D9266E51DA22DFA0000C66511ED88B
:10A5200086EC42F0E7500FE066510ED810EE55F081
:10A5300086EC42F0E7A004D0050E94EC92F0000CFB
:10A54000000E94EC92F0000CD96EDA6A040ED92653
:10A55000040CD96EDA6A10EE05F01200D96EDA6AD0
:10A5600010EE06F01200D90E0001736F010E746F29
:10A57000FBEC6FF073C0DAF174C0DBF1010120EE87
:10A5800001F03DD8DFB00AD0D2C3D1F1D3C3D2F1AC
:10A59000D4C3D3F1D5C3D4F1F7EF85F02BD8010E96
:10A5A000DFA6000E0001F16F25D8010EDFA4000E1A
:10A5B000F11BD8B412000101D95105E120EE02F0DF
:10A5C0001ED8DFA4120016D8DFB604D0D86B010E57
:10A5D000D76F02D0D769D869D7C1D1F1D8C1D2F12C
:10A5E000D2C3D3F1D3C3D4F1D4C3D5F1D5C3D6F1FB
:10A5F0006BEF71F0DAC1D9FFDBC1DAFF1200DA517B
:10A60000D926DB51DA221200000120EE0CF048D8E6
:10A61000DF5008E073C065F074C066F07DEC5FF059
:10A62000000936E073C0D9FF74C0DAFFDECF75F0E1
:10A63000DECF76F0DECF77F0DECF78F00101245167
:10A6400000017525796F01012551000176217A6F8E
:10A6500001012651000177217B6F01012751000183
:10A6600078217C6F20EE07F01BD879C0DEFF7AC01E
:10A67000DEFF7BC0DEFF7CC0DEFF20EE0BF010D8DB
:10A68000010EDF6E20EE0CF00BD8010EDF6E010C18
:10A69000000120EE0BF004D8DF5001E0010C000CAB
:10A6A0007351D9267451DA221200886F0001885143
:10A6B0006BEC79F068C089F069C08AF000018951BB
:10A6C0008A11D8B412008E0E8B6F8C6B110E8D6FA9
:10A6D0008BC0D9FF8CC0DAFF88C0DFFF030E88195A
:10A6E00020EE07F0D8A420EE0FF026D810EE01F0EF
:10A6F00028D847EC1FF020EE1FF01ED810EE03F014
:10A7000020D8E222DFCFE7FF20EE04F08B51D926DC
:10A710008C51DA2210EE38F08951E1268A51E2227A
:10A72000E6CF65F0E5CF66F0C1EC90F0DF6E8D0E00
:10A73000B2EC41F0CAEF55F08951D9268A51DA229C
:10A7400012008B51E1268C5112002CEC91F0000983
:10A7500001E0000C8AC092F08BC093F08CC094F0A2
:10A760008DC095F00001D890953394339333923394
:10A77000020143510001925D966F020144510001B4
:10A780009359976F0201455100019459986F020146
:10A79000465100019559996F8E5196257D6F8F51C5
:10A7A00097217E6F905198217F6F91519921806FF1
:10A7B0008AC081F08BC082F08CC083F08DC084F0A1
:10A7C000A1EC62F07DC09AF07EC09BF07FC09CF04F
:10A7D00080C09DF09D519C1106E1840E9A5D030E90
:10A7E0009B59D8A0000C010C44D820EE57F036D865
:10A7F00045D8E5EC5CF0A6C0B5F0A7C0B6F039D8F6
:10A8000020EE0DF02BD83AD8E5EC5CF0A6C0B7F0FE
:10A81000A7C0B8F020EE3AF021D8DE040CE1020E19
:10A82000B525B26F000EB621B36FB251B75DB85106
:10A830001AD801E3010C20EE3AF010D8020EDE180F
:10A840000CE1020EB725B26F000EB821B36FB25102
:10A85000B55DB65108D801E3010C000CB051D92602
:10A86000B151DA221200800AB46FB351800AB45990
:10A870001200B0C0A6F0B1C0A7F01200DECFA8F061
:10A88000DDCFA9F0120071C065F07051CEEC8FF0F1
:10A89000786F756B766B796B75516D25726F76512C
:10A8A0006E21736F72C0F6FF73C0F7FF000EF86E73
:10A8B0000F0EF76403D00800F55001D02DD8000129
:10A8C000776F2E0E771907E1795105E0790719D8CE
:10A8D000000EDB8E08D0656B77514BEC59F0746F2E
:10A8E00010D874C0DFFF775102E0754B762B792BBF
:10A8F000030E7965D1D76F05D8A4120078510BEFFC
:10A9000045F078517925726F736B280E7225D96ED8
:10A91000030E7321DA6E1200F6CFE9FFF7CFEAFFDC
:10A92000EF50120020EE1BF047D8DF503FE020EE42
:10A9300019F042D8DECF7BF0DDCF7CF0320E7B25E4
:10A94000716F000E7C21E8EC77F0DDEC62F071C0F5
:10A9500083F072C084F0DF0E7B6F7C697B518303D0
:10A96000F3CF7DF0F4CF7EF08403F3507E277C514B
:10A970008303F3507E27210E0101CD03F3CF7FF037
:10A98000F4CF80F0CE03F350000180277D517F2566
:10A99000816F7E518021826F100E81250101E86F49
:10A9A000270E000182210101E96F1200270E01012B
:10A9B000E96F100EE86F100C7951D9267A51DA221E
:10A9C0001200D2C3DBF1D3C3DCF1D4C3DDF1D5C3B4
:10A9D000DEF1010E0101DF6FFA0EE06F020EE16F92
:10A9E000F90EE26F020EE36FE5EC33F0000901E0CF
:10A9F00012000201F951D8B4120020EE02F0FA510F
:10AA0000D926FB51DA22DFB21200FAC2D1F1FBC221
:10AA1000D2F1D2C3D3F1D3C3D4F1D4C3D5F1D5C3CA
:10AA2000D6F1FCEC78F0000901E0120013D8DFB495
:10AA300003D010D8DFA61200D2C3D1F1D3C3D2F114
:10AA4000D4C3D3F1D5C3D4F105D8010EDFA4000ED1
:10AA500065EF62F0FAC2D9FFFBC2DAFF1200800E86
:10AA6000935D01E31200960E9F6F91C0A0F0935189
:10AA700003E1020E925D09E3FF0E9225A96FFF0E1E
:10AA80009321AA6FA26BA36B06D0AA6B010EA96FCC
:10AA9000A36B010EA26FA00E8B6F94C08CF095C0BB
:10AAA0008DF09F0E8E6F8AEC78F08BC09DF08CC07D
:10AAB0009EF0000192519311D8A49EBF1200FF0E88
:10AAC0009225986FFF0E9321996F98519D5D9E512D
:10AAD000800A9A6F9951800A9A5907E3FF0E9225CE
:10AAE0009B6FFF0E93219C6F04D09DC09BF09EC076
:10AAF0009CF091519B2520EF50F001A202D05CEF19
:10AB00005CF0C5BC01D004D00001656B652B02D0A0
:10AB10000001656B653101E227D020C26EF022EEA4
:10AB200014F001D80AD00500FA6EDE50FD6EDE503A
:10AB3000FE6EDE50FF6EFA50120000016F6F706BF8
:10AB4000705102E0F8EF91F06F51010A02E1F8EF65
:10AB500091F0030A02E10DEF92F0010A02E106EF23
:10AB600092F0070AF8EF91F00201009722EE02F04E
:10AB7000DF50DF2AD96EDA6ADF500001656F65C0E9
:10AB8000C9FF02010307D8A004070351041101E122
:10AB9000060C030C866B876B45D80701656F0001B7
:10ABA000864B872B3FD8AAEC25F065C083F066C0A2
:10ABB00084F067C085F083518411851101E1120092
:10ABC0007E29706F650E8625716F070E8721726F63
:10ABD00001D80AD00500FA6E8351FD6E8451FE6ED5
:10ABE0008551FF6EFA501200000170518627715195
:10ABF0008723650E7A6F070E7B6F86C07CF087C057
:10AC00007DF001D80AD00500FA6E7F51FD6E8051AB
:10AC1000FE6E8151FF6EFA5012000001826F825168
:10AC20009BEF8EF07E51D96EDA6ADF501200020E71
:10AC30006BEC79F068C088F069C089F00001885138
:10AC40008911D8B41200190E8D6F8E0E8B6F8C6B1C
:10AC50008A6B8BC0D9FF8CC0DAFF8AC0DFFF20EE81
:10AC600001F02CD8DE6ADD6A20EE03F027D8DF6A17
:10AC700020EE04F023D8DE6ADD6A20EE06F01ED84E
:10AC8000DF6A20EE07F01AD8DE6ADD6A20EE1FF0D8
:10AC90008851D9268951DA2210EE09F08B51E1262C
:10ACA0008C51E222DFCFE7FF8D0EB2EC41F0CAEC0F
:10ACB00055F08A2B020E8A65CCD7020C8B51D9260F
:10ACC0008C51DA2212006C6B200E6B6F8D296D6F28
:10ACD000000E8E216E6FCAEC7EF06BC08FF06CC0E0
:10ACE00090F0000E90BFFF0E916F926F8BC071F0CD
:10ACF0008CC072F0C9EC40F05A0E97EC20F0D6EC04
:10AD000078F0CFEC40F0050ED8EC40F0DCEC48F0E9
:10AD10008F517D25936F90517E21946F91517F21AA
:10AD2000956F92518021966F050E93257D6F000ED1
:10AD300094217E6F000E95217F6F000E9621806F0B
:10AD40000A0ED8EC40F0DCEC48F07DC08BF07EC001
:10AD50008CF07FC08DF080C08EF0120067356835B2
:10AD60006E6F6E5105E1656B666B676B686B120009
:10AD700065C069F066C06AF067C06BF068C06CF0CF
:10AD8000696B6C3769376C6B6B6B6A6B69516D6F94
:10AD9000678F686B960E6E5F6EAF0CD06E51800A37
:10ADA000970FE1E3D89068336733663365336E3FBE
:10ADB000F9D70CD01F0E6E6507D0D5D7D890653760
:10ADC0006637673768376E076E51F8E16D5108E0F6
:10ADD000681F671F661F656D000E66236723682363
:10ADE00065C065F066C066F067C067F068C068F06F
:10ADF00012001BEC92F065C070F066C071F075EC4B
:10AE00008FF065C072F066C073F070C06BF071C0F7
:10AE10006CF000016E6B020E6D6FC7EC8BF072C0B0
:10AE20006BF073C06CF06E6B6D6BC7EC8BF0766B78
:10AE3000776B1ED0D8907635D96E7735CAEC5BF03B
:10AE4000DECF74F0DDCF75F0000120EE51F07451CB
:10AE5000D9267551DA22DF6A74C065F075C066F0D4
:10AE600076C067F077C068F0F3EC82F0764B772B12
:10AE70000101A7510001765D7751800A6F6F15ECD3
:10AE800076F06F59D7E312001D341E34246E24501F
:10AE900005E11B6A1C6A1D6A1E6A12001BC01FF0B6
:10AEA0001CC020F01DC021F01EC022F01F6A2236F7
:10AEB0001F36226A216A206A1F50236E1D8E1E6A69
:10AEC000960E245E24AE0CD02450800A970FE1E346
:10AED000D8901E321D321C321B32243EF9D70CD0C2
:10AEE0001F0E246407D0D5D7D8901B361C361D36CC
:10AEF0001E3624062450F8E1235008E01E1E1D1EB5
:10AF00001C1E1B6C000E1C221D221E221BC01BF0CF
:10AF10001CC01CF01DC01DF01EC01EF01200AB6B4B
:10AF2000AC6B42D8FB0EDF600FD03ED8DF50A96F6C
:10AF3000AA6BA851D96EDA6AA9C0DEFFAAC0DDFFEC
:10AF4000AC6B010EAB6F2BD02FD8FB0EDE1827E1B8
:10AF5000AC6B030EAB6FA75114E1030EA65D11E2BB
:10AF6000ED0E9C6F220E9D6F310E9E6F230E9F6F14
:10AF7000A16B310EA06FA40EA26F230EA36FE5ECA0
:10AF800084F0010E0001A425D96E000EA521DA6E11
:10AF9000A851E16EE26ADECFE6FFDDCFE5FFABC090
:10AFA000A4F0ACC0A5F01200A4C0D9FFA5C0DAFF80
:10AFB0001200AC0E676F010E686F3B0E65256B6F5C
:10AFC000000E66216C6F696B6A6B31D8DFA002D00E
:10AFD000698102D00001699131D8DFAE02D0698366
:10AFE00002D0000169932AD8DFAA02D0698502D075
:10AFF0000001699523D8DFAC02D0698702D0000137
:10B00000699767C0D9FF68C0DAFFDFA802D06989F5
:10B0100002D0000169990BD8DFA202D0698B02D05F
:10B020000001699B69C065F06AC066F0120020EEFD
:10B0300001F06B51D9266C51DA2212006BC0D9FF96
:10B040006CC0DAFF1200000E6BEC79F068C070F093
:10B0500069C071F0010E6BEC79F068C072F069C0E4
:10B0600073F0020E6BEC79F068C074F069C075F093
:10B0700000016E6B6F6B705171110CE020EE38F0B7
:10B080007051D9267151DA22DFAA02D06E8102D026
:10B0900000016E91725173110CE020EE38F0725184
:10B0A000D9267351DA22DFAA02D06E8302D00001C2
:10B0B0006E93745175110CE020EE38F07451D9265E
:10B0C0007551DA22DFAA02D06E8502D000016E959A
:10B0D0006EC06CF06FC06DF01200000E6BEC79F07A
:10B0E00068C070F069C071F0010E6BEC79F068C057
:10B0F00072F069C073F0020E6BEC79F068C074F006
:10B1000069C075F000016E6B6F6B705171110CE0CE
:10B1100020EE38F07051D9267151DA22DFA802D022
:10B120006E8102D000016E91725173110CE020EE1D
:10B1300038F07251D9267351DA22DFA802D06E831B
:10B1400002D000016E93745175110CE020EE38F0BE
:10B150007451D9267551DA22DFA802D06E8502D04B
:10B1600000016E956EC06CF06FC06DF012001BECAC
:10B1700092F065C0C4F066C0C5F00001C36B010168
:10B180009B5108E0C4C065F0C5C066F05EEC8DF070
:10B19000000903E0010E0001C36F010E01019B6F66
:10B1A000000128D8DE6ADD6AC25109E023D8DF80B9
:10B1B000BF699C0EBE6FC169C06F1CD8DF82C4C05E
:10B1C000B6F0C5C0B7F0BEC0B8F0BFC0B9F0010E50
:10B1D000BA6FC0C0BBF0C1C0BCF0C3C0BDF0B0EC22
:10B1E00078F0C4C069F0C5C06AF0C0EC39F06B6F8C
:10B1F00024EF50F020EE38F0C451D926C551DA22A0
:10B200001200000E4E24D96EDA6A050EDA22DF6AC9
:10B210000F0122A514D0000E4E24D96EDA6A050E55
:10B22000DA22DF8201D80BD00500FA6E01014E51FF
:10B23000FD6E4F51FE6E5051FF6EFA5012000F011D
:10B2400022A314D0000E4E24D96EDA6A050EDA223B
:10B25000DF8401D80BD00500FA6E01014B51FD6E61
:10B260004C51FE6E4D51FF6EFA501200000E4E24EE
:10B27000D96EDA6A050EDA22DF5002E18BEF8CF02C
:10B280000500FA6E01014851FD6E4951FE6E4A51AA
:10B29000FF6EFA5012006A6F2F0E00016A650AD025
:10B2A0003A0E6A6107D0D00E39D8D40E6625F66EF4
:10B2B000200E2CD0600E6A650AD07B0E6A6107D022
:10B2C0009F0E2CD88F0E6625F66E200E1FD0400ED6
:10B2D0006A650AD05B0E6A6107D0BF0E1FD8A90E3F
:10B2E0006625F66E200E12D02D0E6A1901E1400C73
:10B2F0002A0E6A1901E1630C655104E0696B3F0E87
:10B30000686F02D0686B696B685112006721F76E35
:10B31000F86A000EF8220800F55012006A25666FE0
:10B32000676BFF0E6723FF0C37D842D8745176271E
:10B330007551772320EE04F036D87651DE5C7751D4
:10B34000DE5801E2010C70C0D9FF71C0DAFF30D8BD
:10B3500076C0D9FF77C0DAFFDF2A1ED829D820EEC1
:10B3600002F021D8DECF78F0DDCF79F07651782564
:10B37000656F77517921666F72C067F073C068F0AE
:10B3800074C069F075C06AF0A6EC7DF005D8745100
:10B39000DE267551DD22000C20EE06F07051D92614
:10B3A0007151DA2212007051D9267151DA2212003D
:10B3B000DECF76F0DDCF77F012007D517B5D816FBF
:10B3C0007E517C59826F82BF3CD0825102E181055F
:10B3D00038E369EC51F081256D6FFF0E82216E6FAD
:10B3E000CAEC7EF06BC083F06CC084F0746B020E0C
:10B3F000736F83C071F084C072F0DDEC62F079513C
:10B4000071257F6F7A517221806F7FC071F080C08B
:10B4100072F083C073F084C074F0DDEC62F071C030
:10B4200079F072C07AF079C065F07AC066F083C0B6
:10B4300067F084C068F0B2EC89F065C079F066C04E
:10B440007AF079C079F07AC07AF012003AD86BECD1
:10B4500079F068C09EF069C09FF000019E519F1175
:10B4600004E12FD8886F020E1AD09D6B30D8010EE0
:10B47000DB5003E10A0EDE5C08E329D8070EDE5C30
:10B480000E0EDE5802E2010E9D6F9D51010ED8B4E2
:10B49000000E9C6F9C5105E114D8886F030E896FD4
:10B4A0000DD015D810EE2DF09E51E1269F5147EC9E
:10B4B0001FF01BEC8CF005D8BDEC2AF04A0EBFEF54
:10B4C00082F098C0D9FF99C0DAFFDF50120020EE59
:10B4D00001F09851D9269951DA221200000E492420
:10B4E000D96EDA6A090EDA22DF6AABA414D0000E34
:10B4F0004924D96EDA6A090EDA22DF8201D80BD02C
:10B500000500FA6E01014551FD6E4651FE6E475130
:10B51000FF6EFA501200ABA214D0000E4924D96E6F
:10B52000DA6A090EDA22DF8401D80BD00500FA6E40
:10B5300001014251FD6E4351FE6E4451FF6EFA50BF
:10B540001200000E4924D96EDA6A090EDA22DF50A1
:10B5500002E16DEF8DF00500FA6E02015051FD6EB3
:10B560005151FE6E5251FF6EFA501200000120EE52
:10B5700038F03FD8DA22DFA209D06E6B32D881ECE6
:10B5800091F0010E6E6F2DD881EF91F07FC065F0C4
:10B5900080C066F01BEC7BF065C081F066C082F075
:10B5A0007FC065F080C066F0A4EC72F065C083F0E7
:10B5B00066C084F081C07AF082C07BF0010E7C6F9F
:10B5C00010D87D6F7E6B45EC8FF083C07AF084C01D
:10B5D0007BF07C6B20EE21F00CD83FEC3BF045EF8C
:10B5E0008FF020EE21F07F51D9268051DA22DF50F2
:10B5F00012007F51D92680511200746B756B70C098
:10B6000073F07351D96EDA6A71C0E1FF72C0E2FF64
:10B6100030D8C9EC74F074517125676F755172217F
:10B62000686F52EC84F0655174276651752373512D
:10B630002EEC39F074517125E16E75517221E26E74
:10B6400018D8040F0ED890EC79F019D87351070F61
:10B6500008D890EC79F013D874C070F075C071F010
:10B6600012006B6F745171256C6F755172216D6F83
:10B670001200DFCFE7FF744B752B735112006B5133
:10B6800074276C51752312000001686FA50E0A0122
:10B690005B6F240E5C6F68C07BFACA0E896F030E65
:10B6A0008A6F8C6B040E8B6F8F6B960E8D6F040EF2
:10B6B0008E6F960E906F040E916F7A6B020E796FFB
:10B6C000330E6C6F6B6F000E766FCD0E776F000EC2
:10B6D000786F6D6B6E6B010E706FF40E6F6F716B28
:10B6E000726B7C6B020EA06F1D0EA16F010EA26F1C
:10B6F0003E0EA36F130EA46F010EA56FF80EA66F7A
:10B70000250EA76F010EA86FB36B5A0E0001656F6F
:10B710000A0E666F120024EC91F00001D66FD56B13
:10B72000D76BD86B25D0D890D735D96ED83532D8CD
:10B73000DECFD9F0DDCFDAF0D9C069F0DAC06AF037
:10B74000D6C06BF024EC50F0D9C065F0DAC066F0DA
:10B7500022EC8DF0000908E1D9C065F0DAC066F08E
:10B7600009EC7EF0000902E0010ED56FD74BD82B13
:10B770000101A7510001D75DD851800AD46F15ECA3
:10B7800076F0D459D0E3D65101E1D56BD5516CECAC
:10B7900090F0010CDA6E0101A551D926A651DA22EA
:10B7A00012006D6B6E6B800E67156F6F7F0E6815E4
:10B7B00038D804E1656B666B676B686B6D6B6E6B9D
:10B7C000800E6B156F6F7F0E6C152BD804E1696BC3
:10B7D0006A6B6B6B6C6B68AF09D0656D661FD8B018
:10B7E000662B671FD8B0672B800E68576CAF09D0E7
:10B7F000696D6A1FD8B06A2B6B1FD8B06B2B800E97
:10B800006C57800E681B6C1B6951655D6A516659E7
:10B810006B5167596C51685902E2D8901200D88078
:10B820001200706F6D516E116F11701112003DD8C2
:10B8300010EE33F09B51E1269C51E22200EE03F022
:10B84000E650E926E550EA22EF50A36FA46BDE50E4
:10B85000A35DA451800AA56FDE50800AA55905E3B7
:10B860009DC09BF09EC09CF012009DC08BF09EC0BE
:10B870008CF09FC08DF0A0C08EF017D8DECF8FF077
:10B88000DDCF90F020EE33F09B51D9269C51B4ECE3
:10B8900033F086EC42F0E750916F926B1BEC51F065
:10B8A0008BC09BF08CC09CF0120020EE1FF09B51CF
:10B8B000D9269C51DA221200C5BC01D003D0026AFD
:10B8C000022A01D0026A023001E226D020C20BF027
:10B8D00022EE14F001D80AD00500FA6EDE50FD6E9B
:10B8E000DE50FE6EDE50FF6EFA5012000C6E0D6AD6
:10B8F0000D5002E03AEF93F00C50010A02E13AEFEA
:10B9000093F0030A02E140EF93F0010A02E13EEFF7
:10B9100093F0070A3AEF93F00201009722EE02F04B
:10B92000DF50DF2AD96EDA6ADF50026E02C0C9FF2B
:10B9300002010307D8A004070351041101E1060C1A
:10B94000030C0001B65104E1030EB55D01E2020CE7
:10B95000B3C0D9FFB4C0DAFFAA0EDE1801E0010CB3
:10B96000BC6BBD6BB3C0ADF0B4C0AEF0BC0EAF6F7E
:10B97000B06BD5EC83F0ADC0B8F0AEC0B9F0BCC0D0
:10B9800065F0BDC066F0B8C067F0B9C068F0E3EC20
:10B9900031F065C0BAF066C0BBF0BA51B55DBB51BD
:10B9A000B65901E2020CB3C06CF0B4C06DF0BAC07D
:10B9B0006EF0BBC06FF08AEC8DF0000901E1030C62
:10B9C000B851B91101E1040C000C20EE33F03CD861
:10B9D000DECFAEF0DDCFAFF0A8C08BF0A9C08CF009
:10B9E00020EE1FF031D8DECF8DF0DDCF8EF020EECF
:10B9F00006F0AE51D926AF51DA2201D80AD005009F
:10BA0000FA6EDE50FD6EDE50FE6EDE50FF6EFA50B6
:10BA100012008BC0AAF08CC0ABF08DC0ACF08EC011
:10BA2000ADF0A6C09BF0A7C09CF0AAC09DF0ABC033
:10BA30009EF0ACC09FF0ADC0A0F017EC5CF09BC0D6
:10BA4000A6F09CC0A7F01200A651D926A751DA2271
:10BA50001200D56F030E0101D86FD55107EC89F0A4
:10BA600065C0D9F166C0DAF10101DABF2ED0DABFC4
:10BA700005D0DA512AE1080ED95D27E2010ED76F11
:10BA8000B4B306D0A05103E0070EA01901E1D76BB3
:10BA9000D751010ED8B4000ED66FD65103E0010184
:10BAA000D86B13D0D951A019FAE09DEC90F065C085
:10BAB000D1F166C0D2F167C0D3F168C0D4F1D951D9
:10BAC0004DEC75F01BEC8CF0EAD70001886BD8C107
:10BAD00089F0410EBFEF82F0750E00017A6F240EDF
:10BAE00011EC4DF045EC8FF00101ACBB24D0710E90
:10BAF00000017A6F240E7B6FC2EC2DF045EC8FF0C5
:10BB00003F0E7A6F240E26D87E6F45EC8FF0010130
:10BB1000B651D8A41200440E00017A6F240E7B6F38
:10BB20003CEC3DF045EC8FF03A0E7A6F240E0FD8C6
:10BB30000AD845EF8FF0490E00017A6F240E0AD81B
:10BB40007E6B45EF8FF07D6F010E7E6F010C7B6F7A
:10BB50007C6B020C7B6F7C6B010E7D6F010C000116
:10BB600020EE02F08151D9268251DA22DF50856F12
:10BB70000101B65102E10001852B300E0001656F15
:10BB8000240E666FE3EC86F065C083F066C084F037
:10BB90008551835D866F8451D8A08405876F87AFF8
:10BBA00002D0866B876B300E86257A6F240E872134
:10BBB00014D80FD83FEC3BF045EC8FF005D809D8EE
:10BBC000DA22DF5014EF91F0010E706F20EE21F0B9
:10BBD000010C7F51D926805112007B6F7C6B20EEC7
:10BBE00021F01200CB0E0001656F010E666FC90EC9
:10BBF000676F010E686FCF0E696F010E6A6F0101EA
:10BC000020EE03F02AD801D80AD00500FA6EDE50E3
:10BC1000FD6EDE50FE6EDE50FF6EFA50120000091F
:10BC20001BE0CBC1BEF0CCC1BFF0C9C1C0F0CAC1DE
:10BC3000C1F0CFC1C2F020EE06F00FD801D80AD073
:10BC40000500FA6EDE50FD6EDE50FE6EDE50FF6EB9
:10BC5000FA501200020E06D0000C6F51D926705116
:10BC6000DA2212000101936F010CA39A020E000167
:10BC7000656FB20E666F000E676F50EC93F0A3987D
:10BC8000C20E656F0E0E666F010E676F4FEC93F07C
:10BC9000480E0F01206F900E226F260E216F400E6E
:10BCA0001E6F030E1F6FBA0E0001656F260E666FC2
:10BCB000010E676F9DEC91F0E40E656F250E666FC7
:10BCC000010E676F96EC91F0940E656F260E666F0D
:10BCD000010E676FA4EC91F001019F6B516A506AED
:10BCE000320E4F6E4E6A4D6AD06BA38A1200696B9A
:10BCF0006A6B70C068F06851D96EDA6A71C0E1FF92
:10BD000072C0E2FFDFCFE7FF30D8D96EDA6AD92AF6
:10BD1000695123D82AD83EEC2BF011D8030ED9262E
:10BD20000ED8040ED9260BD8050ED926695115D880
:10BD3000694B6A2B69C070F06AC071F012006951DA
:10BD40007125E16E6A517221E26EDFCFE7FF694B28
:10BD50006A2B6851D96EDA6A12007125E16E6A5158
:10BD60007221E26EDFCFE7FF1200694B6A2B685148
:10BD7000120066EC89F0F2EC5DF00009FCE097EC53
:10BD800077F001D80AD00500FA6EDE50FD6EDE5065
:10BD9000FE6EDE50FF6EFA5012009FEC77F0090E37
:10BDA0000001CD6F1E0ECC6FE40EE82EFED7CC2F17
:10BDB000FCD7CD2FFAD7000074EC4FF001D80AD091
:10BDC0000500FA6EDE50FD6EDE50FE6EDE50FF6E38
:10BDD000FA50120060EC4FF002D879EF4FF00500F6
:10BDE000FA6EDE50FD6EDE50FE6EDE50FF6EFA50D3
:10BDF000120079EF4FF0010E6B6F670505E0685197
:10BE000002E0675101E06B6B6B51010ED8B4000E7C
:10BE10006D6F010E6C6F020E671905E0685102E04C
:10BE2000675101E06C6B6C51010ED8B4000E6E6F5F
:10BE300015D06D5101E035806E51D8A4348C1200BC
:10BE40006D5101E035866E51D8A4358412006D51D4
:10BE500001E036886E51D8A43682120065C069F0C0
:10BE600066C06AF06A51D8A412006951E2E0010A82
:10BE7000E7E0030AECE012006A6F28D05D0E656F00
:10BE8000210E666F1200510E656F210E666F120053
:10BE9000450E656F210E666F1200390E656F210E1B
:10BEA000666F12002D0E656F210E666F1200210E57
:10BEB000656F210E666F1200150E656F210E666F9D
:10BEC0001200090E656F210E666F120000016A51A3
:10BED000686F696B6951F5E16851F3E0010ACEE0E2
:10BEE000030AD1E0010AD4E0070AD7E0010ADAE048
:10BEF000030ADDE0010AE0E0E4D738D8DE500101B2
:10BF0000245DDE502559DE502659DE50275901E3C5
:10BF1000010C00012BD8DECF67F0DECF68F0DECF5A
:10BF200069F0DECF6AF0010124510001675D6B6F9B
:10BF300001012551000168596C6F01012651000172
:10BF400069596D6F0101275100016A596E6F65C013
:10BF5000D9FF66C0DAFF6B51DE5C6C51DE586D5163
:10BF6000DE586E51DE5801E2010C000C20EE07F0A5
:10BF70006551D9266651DA221200210E0001AD6FFB
:10BF80000101B4B305D0A0C1A9F00001AA6B04D08F
:10BF90000001AA6B010EA96FA951B0EC8AF0AE6F37
:10BFA000AD0EB2EC41F0CAEC55F0220EAD6FABC154
:10BFB000AEF0AD0EB2EC41F0CAEC55F0230EAD6F11
:10BFC000C0EC39F0AE6FAD0EB2EC41F0CAEC55F0FA
:10BFD000AB6BAB51C8EC75F0AB2B050EAB65F9D76D
:10BFE000AC6BAC5158EC1EF0AC2B020EAC65F9D723
:10BFF000886B896B200EBFEF82F007C00AF008C083
:10C000000BF0E6510A1803E1E7510B1813E0E65173
:10C010000712E75108120AC0E6F10BC0E7F1072842
:10C0200004E1082802E164EF91F0556A566A5494DD
:10C0300054965498071C526E081C536E072809E149
:10C04000082807E154AA02D0549A0000574A582AF7
:10C050001200548052C002F053C003F01CEC8BF06D
:10C06000096E010E096476EF87F0548254BA76EFB8
:10C0700087F0548A000076EF87F0000168AF0BD09C
:10C0800020EE31F02FD833D8FF0E6925676FFF0EF1
:10C090006A21686F0ED020EE31F024D8DE50675D43
:10C0A0006851800A6B6FDE50800A6B5902E3676B40
:10C0B000686B20EE35F016D867C0DFFF20EE2FF05A
:10C0C00011D815D8D8906735D96E6835DA6E6951B0
:10C0D000D9266A51DA2210EE33F06551E126665115
:10C0E00047EF1FF06551D9266651DA221200DECFE4
:10C0F00069F0DDCF6AF0120020EE05F037D8010EAE
:10C10000DBAE09D0500EDE5CC90EDE5804E220EE34
:10C1100038F02CD8DF8220EE05F028D8DECF9CF056
:10C12000DDCF9DF0C3EC24F09CC0ACF09DC0ADF021
:10C13000ACC0A8F0ADC0A9F0000EA9BFFF0EAA6F59
:10C14000AB6F20EE07F012D8A8C0DEFFA9C0DEFF5B
:10C15000AAC0DEFFABC0DEFF20EE07F007D810EE6E
:10C160000BF0A651E126A75147EF1FF0A651D926A3
:10C17000A751DA2212009D9ADC0E656FB40E666F2D
:10C18000000E676F52EC93F09D98E60E656F110EEE
:10C19000666F010E676F51EC93F0480E656E900E5E
:10C1A000AB6E240EAC6E440EAF6ED46ABC0E656FDF
:10C1B000260E666F010E676FB2EC91F02E0E656F62
:10C1C000260E666F010E676FABEC91F0980E656FEF
:10C1D000260E666F010E676FB9EC91F001019E6B40
:10C1E0004C6A4B6AFA0E4A6E496A486A476A9D8AE7
:10C1F00012008BC07FF08CC080F02FEC77F08BC0EA
:10C200007FF08CC080F08DC081F08EC082F0836B97
:10C2100019EC4CF0000120EE03F08D51D9268E511F
:10C22000DA22DF5004E12B0E916F240E03D0350E7D
:10C23000916F240E926F91C08FF092C090F08FC0DA
:10C240007AF090C07BF07C6B20EE21F00BD83FECB5
:10C250003BF045EC8FF0E4EC5DF004D8DA22DF50DF
:10C2600014EF91F08B51D9268C5112008AC037F20D
:10C270008BC038F28CC039F28DC03AF28AC071F0AE
:10C280008BC072F08CC073F08DC074F0F40EF5ECBE
:10C2900074F0D6EC78F078EC20F0A1EC62F07DC080
:10C2A00033F27EC034F27FC035F280C036F2020134
:10C2B0002F6B306B316B326B8EC062F28FC063F2CA
:10C2C00090C064F291C065F2C60E666FCA0E676FC9
:10C2D000000E686F010E0101B66F620E00018A6FD9
:10C2E000020E8B6F1200A6C08BF0A7C08CF0F5EC8D
:10C2F0002FF020EE05F02AD82ED853EC6EF020EE69
:10C3000007F024D88BC0DEFF8CC0DEFF8DC0DEFFBF
:10C310008EC0DEFFA6C079F0A7C07AF092EC54F090
:10C32000000120EE07F012D8DECF8BF0DECF8CF0CC
:10C33000DECF8DF0DECF8EF0FCEC3FF020EE0BF088
:10C3400005D88BC0DEFF8CC0DDFF1200A651D926B8
:10C35000A751DA221200DECF8BF0DDCF8CF0120075
:10C3600035D08C6B446A8A929392948A8B2B1200FC
:10C370008A82FCD78A92000E4424D96EDA6A010EB2
:10C38000DA22D890DF3682BA09D0000E4424D96E62
:10C39000DA6A010EDA22FE0EDF1608D0000E4424FF
:10C3A000D96EDA6A010EDA22000EDB80010E8B6F85
:10C3B0008C2B070E8C65070C8C6B442A0D0E446485
:10C3C0000D0C8A92B9948B6BBAEF35F08B51C9E0A2
:10C3D000010ACEE0030ACEE012002ED86BEC79F011
:10C3E00068C09DF069C09EF000019D519E1104E15E
:10C3F00023D8886F020E0ED025D8590EDE5C020EAF
:10C40000DE58010ED8B0000E9C6F9C5105E114D887
:10C41000886F030E896F0DD015D810EE2BF09D514B
:10C42000E1269E5147EC1FF01BEC8CF005D8BDECCB
:10C430002AF0490EBFEF82F098C0D9FF99C0DAFF09
:10C44000DF50120020EE01F09851D9269951DA22DE
:10C4500012002AD835D867516A2768516B2320EE1D
:10C4600004F029D86A51DE5C6B51DE5801E2010C00
:10C470001BD826D820EE02F01ED8DECF6CF0DDCF20
:10C480006DF06A516C256E6F6B516D216F6F695144
:10C49000D96EDA6A6EC0DEFF6FC0DDFF05D8675166
:10C4A000DE266851DD22000C20EE06F06551D9260B
:10C4B0006651DA2212006551D9266651DA2212003D
:10C4C000DECF6AF0DDCF6BF012000101D56FD8909E
:10C4D0002CD8ADEC4BF0DECFD8F1DDCFD9F12AD896
:10C4E000DF50D76FD55105E025D8D705D0EC7AF0CD
:10C4F0000AD0020ED71902E1D66B02D0020ED66F17
:10C5000019D8D6C1DFFFD8C165F0D9C166F0D7C14F
:10C5100067F0B3EC6EF0D1C1EAF0D2C1EBF0D3C159
:10C52000ECF0D4C1EDF021EF79F0A935D96EAA3540
:10C53000DA6E120020EE3AF0D851D926D951DA221B
:10C5400012000001866B876B886B896B81518211A9
:10C550008311841129E0010E856F06D0D8908137B0
:10C56000823783378437852B84AFF8D7D8908637C6
:10C5700087378837893781517D5D82517E59835154
:10C580007F598451805909E381517D5F82517E5BDF
:10C5900083517F5B8451805B8681D8908433833361
:10C5A00082338133852FE2D786C07DF087C07EF04D
:10C5B00088C07FF089C080F01200766B74AF06D01F
:10C5C000736D741FD8B0742B010E766F72AF06D0E6
:10C5D000716D721FD8B0722B010E761B776B786B62
:10C5E000735174111BE0010E756F04D0D89073372E
:10C5F0007437752B74AFFAD7D89077377837735173
:10C60000715D7451725905E37351715F7451725BBE
:10C610007781D89074337333752FEED7765104E059
:10C62000776D781FD8B0782B77C071F078C072F032
:10C630001200100EAB5D270EAC59D8B01200AF6BD4
:10C64000B06BB16BB26BB36BAF0E916F936B050EAA
:10C65000926F810E946F240E956FABC096F0ACC0B4
:10C6600097F02FEC55F0000009D0B2C0B3F0B1C084
:10C67000B2F0B0C0B1F0AFC0B0F0AF6B0001B351D9
:10C68000F4E0B46BB451B00FD96EDA6AB451AD2591
:10C69000E16E000EAE21E26EDFCFE7FFB42B030E9A
:10C6A000B465F0D70000030C675103E0696B692B98
:10C6B00002D00001696B2CD8693BDF506919EF0B80
:10C6C0006919DF6E20EE4FF06551D9266651DA22E6
:10C6D000DFA0686B10D01CD8DF8A120019D8DF8C5D
:10C6E000120016D8DF8A14D8DF8C120011D8DF9A16
:10C6F0000FD8DF9C12006851696F6A6B6A51F6E1CE
:10C700006951010AE8E0030AE9E0010AEAE0EED72C
:10C7100020EE3BF06551D9266651DA221200000165
:10C720002DD8DFB6010CB9C0B0F0BAC0B1F0F4EC4E
:10C7300053F0000907E0B9C065F0BAC066F084ECB8
:10C7400084F018D020EE53F020D8030EDB5009E11E
:10C75000020EDB5006E1010EDB5003E10F0EDE5C42
:10C7600003E30CD8DF8606D020EE53F00ED83DEC64
:10C7700019F0DE2203D8DFB6010C000C20EE3BF0EE
:10C78000B951D926BA51DA221200B951D926BA5173
:10C79000DA22120001A202D01EEF69F00251D96E16
:10C7A000DA6AC950DF6E022B0307D8A004070351D1
:10C7B000041103E0C59AC588050C00851DC26EF002
:10C7C00022EE0BF001D80AD00500FA6EDE50FD6EA5
:10C7D000DE50FE6EDE50FF6EFA50120000016F6FE9
:10C7E000706B705102E0E3EF91F06F51010A02E1CA
:10C7F000E3EF91F0030A02E1DCEF91F0010A02E1BC
:10C80000DCEF91F0070AE3EF91F00101ACB9010C04
:10C8100000016B6B22D06B51050DF3CF65F0F4CFA7
:10C8200066F065513C24676F66513D20686F020ECB
:10C830006725696F000E68216A6F20EE02F069516A
:10C84000D9266A51DA22DF50656F7E0E651704E043
:10C8500001D002D0010E0BD06B2B20EE4DF0B8ECC6
:10C860003DF0DE506B5DD7E301D0D5D7000E000957
:10C8700001E0030C74EC68F0DF5001E0020C000CE6
:10C88000675102E0675102E1655112006751D96EAC
:10C89000DA6A090ED926DE50DE1014E06751D96E2F
:10C8A000DA6A090ED9266751E16EE26A020EE126C4
:10C8B000DE50E65CE650800A6C6FDE50800A6C59F0
:10C8C000D8B012006751D96EDA6A020ED926DF504D
:10C8D000686F6751D96EDA6ADF506825D96EDA6AF7
:10C8E00065C0DFFF6751D96EDA6A020ED926DE2AEB
:10C8F000000EDD22000C6DEC68F0DFA814D06DECAA
:10C9000068F0DF906DEC68F0DF84010120EE56F0F6
:10C91000AD51D926AE51DA22DF826DEC68F0DF8CA2
:10C920006DEC68F0DF980101952B95050001786F9B
:10C93000130E7865130C20EE4DF0B8EC3DF05BEC77
:10C940006CF00DD8B8EC3DF0DF90D6EC92F0E9EC4D
:10C950001BF0000E94EC92F00101956B12000101A6
:10C96000AC99AC9B20EE55F01200070EA01902E026
:10C97000926B010CD5C177F0D6C178F0D7C179F0B0
:10C98000D8C17AF020EC84F0000901E0010C95ECAC
:10C9900042F0D56BD66B17D0D890D535D96ED63539
:10C9A000CAEC5BF0DECFBFF0DDCFC0F0D5C1C1F087
:10C9B000D6C1C2F0D7C1C3F0D8C1C4F0D9EC3BF0A6
:10C9C0000001D54BD62B0101A7510001D55DD651F1
:10C9D000800AD46F15EC76F0D459DEE3010C716F48
:10C9E000010E0001726F020100B130D00081000120
:10C9F000726B7151010ED8B4020E0201096FC5802D
:10CA00009DB601D004D00001656B652B02D00001FA
:10CA1000656B653116E31AD014D0000E0001656B0A
:10CA2000666B9EB60CD001D00AD09EA603D007D06C
:10CA300001D005D0850EE82EFED70000F6D798EC81
:10CA400071F0020100B1E9D701D0E7D700017251BE
:10CA50001200A4C0D9FFA5C0DAFFDE50DE1009E144
:10CA6000860E00019C6F210E21D85B0E26D8E5ECC6
:10CA700084F0000120EE02F0A451D926A551DA225B
:10CA8000DE50DE1008E1AB0E9C6F210E0FD85C0E5D
:10CA900014D8E5EC84F0A4C03AF0A5C03BF0A6C0E1
:10CAA0004DF2A7C04EF2A8C04FF212009D6FA10E2A
:10CAB0009E6F220E9F6FA16B1200A06F040EA26FDB
:10CAC000230EA36F120002012F510501DF5D030148
:10CAD000DE6F020130510501E0590301DF6F0201F1
:10CAE00031510501E1590301E06F020132510501A5
:10CAF000E2590301E16F020133510301DE5D0201DE
:10CB000034510301DF59020135510301E05902019B
:10CB100036510301E15901E2010CF6EC92F00009F3
:10CB200001E1010CDFC5D5F1E0C5D6F1E1C5D7F1D2
:10CB3000E2C5D8F135EF6BF0020EE16F28D8DF5077
:10CB40000AE11BD8E04728D8FB0B2BD81BEC8CF054
:10CB50000001E16B0AD01BD8DE0407E10ED81CD817
:10CB6000FD0B1FD8F7EC69F0F1D711D8DF50886FB3
:10CB7000E1C089F0440EBFEF82F020EE01F0DE51FB
:10CB8000D926DF51DA22DF50E06FE0471200DEC025
:10CB9000D9FFDFC0DAFF12000101AC510001E0193A
:10CBA0001200E0190101AC6F1200D80E0001736F82
:10CBB000030E746FFBEC6FF073C0D6F374C0D7F341
:10CBC000050E0201A46120D0D2C3DDF1D3C3DEF192
:10CBD000D4C3DFF1D5C3E0F1D6C3E1F1D7C3E2F1AD
:10CBE000A451090DB40EF324D96E020EF420DA6EAE
:10CBF00001D80AD00500FA6EDE50FD6EDE50FE6EE2
:10CC0000DE50FF6EFA501200D2C3DDF1D3C3DEF165
:10CC1000D4C3DFF1D5C3E0F13AEF49F0D89095ECF9
:10CC200062F0ADEC4BF0DECFD9F1DDCFDAF1D9C156
:10CC300065F0DAC166F072EC8BF0000901E11200D8
:10CC4000010120EE35F0D951D926DA51DA22DF5030
:10CC5000D125D76F000ED221D86FD9C165F0DAC1C6
:10CC600066F0D7C167F0D8C168F03DEC60F0D9C17B
:10CC7000C0F0DAC1C1F056EC3CF0D3C1EAF0D4C147
:10CC8000EBF0D5C1ECF0D6C1EDF021EF79F0010168
:10CC9000D751D8B4120026D805E0D5C1D9FF2AD87B
:10CCA000D8A4120020EE02F0D551D926D651DA22AE
:10CCB000DFBA120017D804E10CD8010EDBEF87F0C1
:10CCC000D5C1D9FF17D8D8A4120003D8FF0EDBEFC7
:10CCD00087F0D8C1D1F1D9C1D2F1DAC1D3F1DBC12A
:10CCE000D4F11200D5C1D9FFD6C1DAFF040EDE1887
:10CCF000DE101200D6C1DAFF080EDE18DE101200B8
:10CD000020EE05F031D8DECF97F0DDCF98F097C058
:10CD100099F098C09AF0000E9ABFFF0E9B6F9C6F1F
:10CD200020EE07F021D899C0DEFF9AC0DEFF9BC03D
:10CD3000DEFF9CC0DEFFA6C08BF0A7C08CF020EE0B
:10CD400007F012D8DECF8DF0DECF8EF0DECF8FF081
:10CD5000DECF90F0B9EC66F020EE0BF005D88BC07A
:10CD6000DEFF8CC0DDFF1200A651D926A751DA22C2
:10CD700012005E506B6F6C6B6BBF6C0720EE1FF088
:10CD80008B51D9268C51DA22DECF6DF0DDCF6EF0DB
:10CD9000CAEC7EF06BC093F06CC094F0D20E932579
:10CDA000916F0A0E9421926F91C071F092C072F04F
:10CDB000C9EC40F08DC075F08EC076F08FC077F072
:10CDC00090C078F0D6EC78F0CFEC40F0D20E816FC6
:10CDD0000A0E69EC40F0DCEC48F07DC08BF07EC0C0
:10CDE0008CF012009DC08BF09EC08CF09FC08DF027
:10CDF000A0C08EF063EC56F08BC0A5F08CC0A6F0FE
:10CE00006C6B010E6B6FA1519F5D6D6FA251A059AC
:10CE10006E6FCAEC7EF09B516B03F3CFA3F0F4CF9F
:10CE2000A4F06C03F350A4279C516B03F350A42788
:10CE3000A351A527A451A623A5C08BF0A6C08CF0B2
:10CE40009FC08DF0A0C08EF06DEC40F08BC09BF0C9
:10CE50008CC09CF0120000016F6B6B6B6E6B1BD073
:10CE60006E51050DF3CF67F0F4CF68F0675165257B
:10CE7000696F685166216A6F020E69256C6F000E3A
:10CE80006A216D6F19D8DE506F5D03E215D8DF504F
:10CE90006F6F6B2B6E2B20EE4DF06551D9266651CE
:10CEA000DA22DE506E5DDCE36B51D8B4640C6F5156
:10CEB00001E1640C6F51120020EE04F06C51D92690
:10CEC0006D51DA2212000001716F80EC70F010D009
:10CED000338225D0338423D0338621D033881FD0AA
:10CEE000338A1DD0338C1BD0338E19D0338017D0AA
:10CEF000000171516F6F706B7051F8E16F51F6E086
:10CF0000010AE6E0030AE6E0010AE6E0070AE6E0D5
:10CF1000010AE6E0030AE6E0010AE6E0E7D733C0EB
:10CF200069F034C06AF035C06BF036C06CF06EC08A
:10CF30006DF004EF8DF09F5127E19DC065F09EC01C
:10CF400066F05EEC8DF000091FE120EE03F026D8BC
:10CF5000DECF8BF0DDCF8CF020EE05F01FD8DECFDA
:10CF60008DF0DDCF8EF020EE11F018D8DECF8FF0EF
:10CF7000DDCF90F019EC3FF020EE05F00FD88BC01C
:10CF8000DEFF8CC0DDFF120020EE03F007D810EEAC
:10CF900005F09D51E1269E5147EF1FF09D51D92686
:10CFA0009E51DA2212006E6B2CD8DECF6BF0DDCFF3
:10CFB0006CF06B296F6F000E6C21706F694B6A2BE0
:10CFC00015D01FD86F51DE5CDE50800A6D6F705136
:10CFD000800A6D5907E215D86FC0DEFF70C0DDFF13
:10CFE000010E6E6F694B6A2B6F4B702B6751695D39
:10CFF0006A51800A6B6F6851800A6B59E2E36E5187
:10D000001200D8906935D96E6A35DA6E6551D92625
:10D010006651DA2212000CD098C066F028EF42F078
:10D0200098C066F062EF52F098C096F065EF86F017
:10D0300098512EEC39F0DF50996F9A6B9A51D8A421
:10D04000020C9951320AF0E0010AEEE0070AECE026
:10D05000010AEAE0030AE8E0010AE6E00F0AE4E078
:10D06000040AE2E0010AE0E0030ADEE0010ADCE093
:10D070006F0AD2E0010AD4E0330AD6E0010AD8A44C
:10D08000020CD2D72AD8DFA812002ED810EE4FF00B
:10D090003C50E1263D50E222DE50E65C14E3000EF7
:10D0A00094EC92F01AD8DF8020EE4FF0B8EC3DF00F
:10D0B000DF6A13D8DF9420EE56F0B8EC3DF0DF9035
:10D0C0000CD8DF9607D020EE56F0B8EC3DF0DF82AA
:10D0D00004D8DF8602D8DF98120020EE50F03C50D2
:10D0E000D9263D50DA2212003CC0D9FF3DC0DAFFFC
:10D0F00012007FC074F080C075F081C076F082C0ED
:10D1000077F0AEEC81F014D07FC06FF080C070F08B
:10D1100020EE3AF021D8DA22DF50716F72EF80F002
:10D1200026EC77F014D818D83FEC3BF045EF8FF0A1
:10D1300020EE3AF011D8DA22DF50836F846B8451ED
:10D14000EFE18351010AE0E0030ADEE0E9D7010ED6
:10D150007C6F20EE21F0010C8151D9268251120002
:10D1600085EC70F00000280E0001656F030E29D8D1
:10D1700018EC38F01FD86A0E7D6F050E7E6F300EEA
:10D1800097EC6AF0340E0001656F030E1AD818ECA4
:10D1900038F010D8520E7D6F050E7E6F370E97EC6B
:10D1A0006AF0980E00017A6F020E7B6F33EC3EF04E
:10D1B00000001200010E7A6F5A0E7B6F040E7C6F16
:10D1C0001200666F5A0E676F040E686F1200D6C0A9
:10D1D000CEF0D7C0CFF0D8C0D0F0D9C0D1F0DEC0EB
:10D1E000D2F0DFC0D3F0E0C0D4F0E1C0D5F0D1EC94
:10D1F00074F0D6C06FF0D7C070F0D8C071F0D9C04D
:10D2000072F0ECEC8DF0820E0001656F050E666F1A
:10D21000AF0E676F030E686F6A6B050E696F21ECC6
:10D220007DF0DAC082F5DBC083F5DCC084F5DDC0BB
:10D2300085F5820ED66F050ED76F120002010251DE
:10D24000D96EDA6AC950DF6E022B0307D8A0040733
:10D250000351041103E0C59AC588050C00851DC261
:10D260000BF022EE0BF001D80AD00500FA6EDE506A
:10D27000FD6EDE50FE6EDE50FF6EFA5012000C6E38
:10D280000D6A0D5002E011EF93F00C50010A02E11B
:10D2900011EF93F0030A02E10EEF93F0010A02E1AD
:10D2A0000EEF93F0070A11EF93F0000E6BEC79F09C
:10D2B00068C06EF069C06FF0020E6BEC79F068C068
:10D2C00070F069C071F00001726B736B7051711175
:10D2D0000EE07291729520EE38F07051D92671519E
:10D2E000DA22DFAC02D0728302D0000172936E5159
:10D2F0006F110CE020EE38F06E51D9266F51DA2212
:10D30000DFAC02D0728702D00001729772C06CF05D
:10D3100073C06DF0120020D8DFB212001DD8DFB04C
:10D32000120020EE13F023D810EE0BF01CD889EC7D
:10D3300046F022D803E210D8DF84120020EE0BF072
:10D3400016D810EE15F00FD889EC46F015D8D8B0E5
:10D35000120002D8DF86120020EE38F06551D9267F
:10D360006651DA2212006551E126665112006551BC
:10D37000D9266651DA2212006B6FDE50800A6B5993
:10D380001200666B676B1BD0D8906635D96E673517
:10D39000CAEC5BF0DECF68F0DDCF69F000011BD88E
:10D3A000DF9C19D8DF9A20EE3CF01CD8DF9013D810
:10D3B000DF9E20EE3CF016D8DF92664B672B010112
:10D3C000A7510001665D6751800A656F15EC76F024
:10D3D0006559DAE3120020EE3BF06851D926695115
:10D3E000DA2212006851D9266951DA2212001BECA8
:10D3F00092F065C0DCF066C0DDF00101ACA31CD08A
:10D400001FD8140EDE6EDD6A20EE25F021D8010E45
:10D41000DBBE06D0DB5013E1140EDE5CD8B0120088
:10D4200020EE25F015D8140EDE6EDD6ADCC0C0F0EB
:10D43000DDC0C1F056EF3CF003D8DE6ADD6A1200B1
:10D44000000120EE17F0DC51D926DD51DA2212005E
:10D45000DC51D926DD51DA221200736F00017351BD
:10D4600003E0726B722B02D00001726B0101AC51B0
:10D4700000017219FE0B72190101AC6F0001746B8F
:10D48000756B10D0D8907435D96E7535CAEC5BF0D9
:10D49000DECF69F0DDCF6AF073C06BF024EC50F0A2
:10D4A000744B752B0101A7510001745D7551800A01
:10D4B000726F15EC76F07259E5E3D6EC92F0040E3B
:10D4C0004CEF92F0B483040E4CEC92F0000E8AEC18
:10D4D0007EF00D0E00017A6F240E24D845EC8FF0FB
:10D4E0000101B4A109D0170E00017A6F240EAAEC35
:10D4F0005DF07E6B45EC8FF0870E00017A6F240E95
:10D500007B6F3CEC3DF045EC8FF0000E0001656F49
:10D5100065C0A4F20201A56BA66B070EFCEC90F0AF
:10D52000B0EF68F07B6F7C6B7D6B7E6B1200816F60
:10D530000001846B7BC085F07CC086F07DC082F0EA
:10D540007EC083F01DD085C0D9FF1FD8DE50E618FD
:10D5500012E07AC076F084C077F085C0D9FF86C02B
:10D56000DAFFDF50786F81516BEC8CF085C0D9FF0A
:10D570000CD8DFCFE7FF842B824B832B854B862B88
:10D58000170E8465E0D70000170C86C0DAFF82C052
:10D59000E1FF83C0E2FF12006C6B29D8DECF69F097
:10D5A000DDCF6AF0FF0E69256D6FFF0E6A216E6F89
:10D5B0006707D8A0680768BF18D019D8DE506D5D1E
:10D5C0006E51800A6B6FDE50800A6B5907E20FD8EC
:10D5D0006DC0DEFF6EC0DDFF010E6C6F6707D8A067
:10D5E00068076D07D8A06E07E6D76C511200D89077
:10D5F0006735D96E6835DA6E6551D9266651DA22FB
:10D600001200E1C1D9FFE2C1DAFFDECFE3F1DDCFE5
:10D61000E4F160EC4BF0E3C167F0E4C168F0655100
:10D62000671906E16651681901E002D0010E01D0C8
:10D63000000E0009D8B412000101B495040E4CECA0
:10D6400092F0DDC1D9F1DEC1DAF1DFC1DBF1E0C179
:10D65000DCF122EECCF00500FA6EDE50FD6EDE50FD
:10D66000FE6EDE50FF6EFA50120073EC91F037C27E
:10D670008AF038C28BF039C28CF03AC28DF0D5C135
:10D680008EF0D6C18FF0D7C190F0D8C191F0A5EC43
:10D6900053F000090BE0D5C1D1F1D6C1D2F1D7C109
:10D6A000D3F1D8C1D4F1000E4DEC75F0D5C1EAF03C
:10D6B000D6C1EBF0D7C1ECF0D8C1EDF021EC79F098
:10D6C000D5C12FF2D6C130F2D7C131F2D8C132F272
:10D6D000010C97C095F098C096F03EEC7BF09CAFA3
:10D6E00009D0B00E995D3C0E9A59FF0E9B59FF0E62
:10D6F0009C5922E39CBF08D09C519B111DE1510E07
:10D70000995DC30E9A5918E220EE39F09751D92647
:10D710009851DA22DF8099C059F09AC05AF09BC024
:10D720005BF09CC05CF097C08BF098C08CF0F5EC7F
:10D730002FF064EC92F0010C000C6A6B66AF06D01F
:10D74000656D661FD8B0662B010E6A6F68AF04D096
:10D75000676D681FD8B0682B6751681117E0010E1C
:10D76000696F04D0D89067376837692B68AFFAD7EC
:10D770006751655D6851665904E36751655F68519B
:10D78000665BD89068336733692FF2D76A5104E03B
:10D79000656D661FD8B0662B65C065F066C066F023
:10D7A000120058EC92F065C0D9FF66C0DAFFDF5076
:10D7B0000101D56FD55101E0010C32EC8AF070C047
:10D7C000D6F171C0D7F1D6C1D9FFD7C1DAFFDFAC2E
:10D7D000000C010112D8DFB2000C0FD8DFA4000C3E
:10D7E000ECEC90F0D1C1EAF0D2C1EBF0D3C1ECF097
:10D7F000D4C1EDF021EC79F0010C20EE02F0D6510D
:10D80000D926D751DA221200696F000165516611DD
:10D81000671117E06951030D0B0EF324D96E020E48
:10D82000F420DA6E65C0DEFF66C0DEFF67C0DEFF93
:10D830001D0E6925D96EDA6A020EDA2268C0DFFF92
:10D8400012006951030D0B0EF324D96E020EF42061
:10D85000DA6EBC0EDE6E250EDE6E010EDE6E1D0E65
:10D860006925D96EDA6A020EDA22DF6A1200000E2A
:10D8700094EC92F020EE4DF0B8EC3DF023D8DE5061
:10D88000E61801E102D0010E01D0000E000903E00C
:10D890000101AC89120020EE4DF0B8EC3DF00BD840
:10D8A0003CC070F03DC071F00BEC8CF00009D8A4C6
:10D8B0009BEC8CF012003CC0E1FF3DC0E2FFDFCFEB
:10D8C000E7FF120010EE01F03C50E1263D50E2224D
:10D8D0001200000169516A116B116C1123E0010EF5
:10D8E0006D6F06D0D89069376A376B376C376D2B00
:10D8F0006CAFF8D76951655D6A5166596B516759CC
:10D900006C51685908E36951655F6A51665B6B51F8
:10D91000675B6C51685BD8906C336B336A336933E7
:10D920006D2FE8D765C065F066C066F067C067F028
:10D9300068C068F012001CD066EC89F027D0F2ECC9
:10D940005DF024D0D5C169F0D6C16AF0D7C16BF0C3
:10D95000D8C16CF07DEC77F019D0D5C1CCF0D6C130
:10D96000CDF0D7C1CEF0D8C1CFF027EC4FF00ED01C
:10D9700093510001D46FD56BD55108E1D451DCE04F
:10D98000010ADDE0030ADEE0010AE7E0010193514C
:10D9900001E0000CE9EC1BF0010C000E8AEC7EF0BB
:10D9A0000001E76BE86B1ED0D890E735D96EE835FB
:10D9B000CAEC5BF0DECFE5F0DDCFE6F0E5C065F068
:10D9C000E6C066F072EC8BF000090AE0E7C0D4F024
:10D9D000E8C0D5F0E5C0D6F0E6C0D7F029EC74F089
:10D9E000E74BE82B0101A7510001E75DE851800AF0
:10D9F000E46F15EC76F0E459D7E3B0EF68F0066E0B
:10DA000002500310041017E00650030D0B0EF32410
:10DA1000D96E020EF420DA6E02C0DEFF03C0DEFF14
:10DA200004C0DEFF1D0E0624D96EDA6A020EDA2269
:10DA300005C0DFFF12000650030D0B0EF324D96E54
:10DA4000020EF420DA6EAE0EDE6E260EDE6E010ED3
:10DA5000DE6E1D0E0624D96EDA6A020EDA22DF6A45
:10DA600012000101AB51D1250001F06FF05102E12C
:10DA7000010E03D0080EF06501D0F06FF0C0ABF1DD
:10DA8000F051B2EC92F0070EFCEC90F001010CD8D2
:10DA900045EC8FF0D3C1EAF0D4C1EBF0D5C1ECF086
:10DAA000D6C1EDF021EF79F0AB51300F0201AC6F30
:10DAB000A90E00017A6F020E7B6F7C6B020E7D6FE8
:10DAC0007E6B020C0601646B660E0001686F060E29
:10DAD00025D84B0E6C6F4CEC87F0B10E686F060EBC
:10DAE0001DD8020E6C6F4CEC87F0B30E686F060EFB
:10DAF00015D8060E6C6F4CEC87F0B90E686F060EE9
:10DB00000DD8010E6C6F4CEC87F00601BA91BA93F8
:10DB1000640E0001706F060E716F1200696F6B6BFF
:10DB20006A6B6D6B120072C074F073C075F070C0D8
:10DB3000D9FF71C0DAFF74C0E1FF75C0E2FFDFCF2B
:10DB4000E7FF70291BD8BCEC83F020EE01F012D85F
:10DB500009D8040E702512D8BCEC83F020EE04F036
:10DB600009D800D0DA226AC0DEFF6BC0DEFF6CC0CD
:10DB7000DEFF12007451D926755112006A6F000E33
:10DB800071216B6F120072C069F073C06AF070C0CF
:10DB9000D9FF71C0DAFF69C0E1FF6AC0E2FFCBECD8
:10DBA0007AF01CD810EE01F012D820EE02F016D850
:10DBB00010EE02F00CD820EE03F010D810EE03F0B7
:10DBC00006D820EE04F00AD810EE04F000D0695117
:10DBD000E1266A51E222DFCFE7FF12007051D92619
:10DBE0007151DA221200A6EC8DF0706F716B7051DA
:10DBF00071190AE1030E461807E171C06DF06E6BF2
:10DC0000070EA6EC90F006D071C06DF06E6B020EA0
:10DC1000A6EC90F07051711908E1030E461805E06A
:10DC20000DD8070EA6EC90F004D008D8020EA6EC92
:10DC300090F0712B020E7165DAD7020C71C06DF095
:10DC4000010E6E6F010C01A202D054EF73F000853B
:10DC500002D09E86030C1DC26EF022EE0BF001D89E
:10DC60000AD00500FA6EDE50FD6EDE50FE6EDE500C
:10DC7000FF6EFA50120000016F6F706B705102E07E
:10DC8000F8EF91F06F51010A02E1F8EF91F0030A09
:10DC900002E1FFEF91F0010A02E1FFEF91F0070AC4
:10DCA000D8E0F8EF91F08BC071F08CC072F0C9EC45
:10DCB00040F090EC20F0D6EC78F071C08FF072C09C
:10DCC00090F073C091F074C092F08FC07DF090C05E
:10DCD0007EF091C07FF092C080F0200ED8EC40F032
:10DCE000DCEC48F07DC08FF07EC090F07FC091F0FA
:10DCF00080C092F08FC08BF090C08CF091C08DF0FE
:10DD000092C08EF01200696F1AD0656B666B1200BC
:10DD1000FF0E23D020EE3AF037EC3DF0020EDE1875
:10DD200002E1FE0E1AD0666B010E656F010C20EE4B
:10DD30003AF037EC3DF0020EDE18F5E0F2D70001C4
:10DD40006951676F686B6851F2E16751010AE0E061
:10DD5000030ADBE0010ADEE0EAD74024656FFF0E2C
:10DD60004120666F1200000120EE22F026D8DF501D
:10DD7000D8B41200020E671907E020EE3AF01DD861
:10DD8000020EDE18D8A4120020EE25F016D8DECF41
:10DD900069F0DDCF6AF020EE23F00FD810EE25F009
:10DDA0006551E126665147EC1FF020EE23F005D8BF
:10DDB00069C0DEFF6AC0DDFF12006551D9266651D9
:10DDC000DA221200020E811904E1930E826F240EF2
:10DDD0000CD0810504E1500E826F240E06D0030E94
:10DDE000811904E14E0E826F240E836F8A0E7A6FC2
:10DDF000240E7B6FA7EC68F010D867EC4CF045EC74
:10DE00008FF082C07AF083C07BF07C6B20EE21F033
:10DE100004D83FEC3BF045EF8FF07F51D92680517D
:10DE2000120020EE33F027D8DECFCEF0DDCFCFF0DA
:10DE3000C9C0A6F0CAC0A7F0CBC0A8F0CCC0A9F05A
:10DE4000E5EC5CF0A6C0D0F0A7C0D1F0D0C0C4F023
:10DE5000D1C0C5F020EE03F0CE51D926CF51DA2241
:10DE6000DF50C66F20EE21F006D8DF50C76FCDC05F
:10DE7000C8F0E5EF8EF0C951D926CA51DA22120056
:10DE800071C180F072C181F0D89001017135D96EF5
:10DE90007235DA6E7551D9267651DA22DECF82F0EC
:10DEA000DDCF83F082C073F083C074F004EC53F0D4
:10DEB000000905E082C07DF083C07EF0120009EC0D
:10DEC0008FF00001805101017119DEE100018151E3
:10DED00001017219D9E100017D6B7E6B1200746B38
:10DEE000756B70C073F07351D96EDA6A71C0E1FF5F
:10DEF00072C0E2FFDFCFE7FF744B752B73296B6FA6
:10DF0000745171256C6F755172216D6F90EC79F0C1
:10DF10006B5174276C5175237351A4EC52F07451FA
:10DF20007125E16E75517221E26EDFCFE7FF744B10
:10DF3000752B74C070F075C071F012009BC08BF02F
:10DF40009CC08CF09DC08DF09EC08EF063EC56F0AE
:10DF50008BC0A1F08CC0A2F0A1C079F0A2C07AF071
:10DF60009DC07BF09EC07CF09FC07DF0A0C07EF085
:10DF7000DDEC59F079C0A1F07AC0A2F0A1C08BF01D
:10DF8000A2C08CF09DC08DF09EC08EF06DEC40F074
:10DF90008BC09BF08CC09CF0120099EC92F065C095
:10DFA0006CF066C06DF069516C5D6A516D5905E3A6
:10DFB00069C06EF06AC06FF004D06CC06EF06DC0C6
:10DFC0006FF0706B716B0DD066EC7FF06B6F705102
:10DFD0006725D96E71516821DA6E6BC0DFFF704B17
:10DFE000712B6E51705D6F517159EEE36EC067F029
:10DFF0006FC068F0120032EC8AF070C077F071C028
:10E0000078F077C0D9FF78C0DAFFDECF79F0DDCFC6
:10E010007AF001017F510001791905E10101805178
:10E0200000017A1902E0010E01D0000E766F79C06E
:10E030007FF17AC080F17351741106E073C0D9FF8B
:10E0400074C0DAFF76C0DFFF77C073F078C074F079
:10E050001200000E8AEC7EF0F8EC7AF01CD0E0C0E2
:10E06000D4F0E1C0D5F0E2C0D6F0E3C0D7F0A5EC23
:10E0700044F0B0EF68F0E0C0D6F0E1C0D7F0E2C005
:10E08000D8F0E3C0D9F0C0EC4BF0B0EF68F03BEC57
:10E090008CF0B0EF68F045500001E46FE56BE5519E
:10E0A000F6E1E451010ADBE0030AE5E0F0D7000104
:10E0B000706F26D80CD034821FD034841DD03486A3
:10E0C0001BD0348819D0348A17D0348015D0000181
:10E0D00070516E6F6F6B6F51F8E16E51F6E0010A8F
:10E0E000F4E0030AE8E0010AE8E0070AE8E0010AD0
:10E0F000E8E0030AE8E0E9D784EC80F004EF8DF073
:10E10000336A346A356A366A12005DAE05D00201A0
:10E110008C51C9EC80F025D05D5023E05DA003D088
:10E12000000E8EEC8EF05DA203D0010E8EEC8EF010
:10E130005DA403D0020E8EEC8EF05DA603D0030E1C
:10E140008EEC8EF05DA803D0040E8EEC8EF05DAAEE
:10E1500003D0050E8EEC8EF05DAC03D0060E8EEC77
:10E160008EF05D6A1200886F000188516BEC79F0C7
:10E1700068C089F069C08AF0000189518A11D8B459
:10E180001200060E8D6F8E0E8B6F8C6B8BC0D9FFBD
:10E190008CC0DAFF88C0DFFF89C065F08AC066F0F6
:10E1A000D9EC57F020EE01F08B51D9268C51DA22B0
:10E1B00065C0DEFF66C0DDFF8D0EB2EC41F0CAEF38
:10E1C00055F0756B766B15D07051D96EDA6ADECF6B
:10E1D00073F0DDCF74F075517325D96E76517421CB
:10E1E000DA6E75517125E16E7651722114D8754B36
:10E1F000762B70513EEC2BF0DF50736F746B7351C4
:10E20000755D74517659E0E370513EEC2BF0DF50B0
:10E21000706F716B1200E26EDFCFE7FF12006A6B66
:10E220006B6B19D0D8906A35D96E6B35CAEC5BF040
:10E23000DECF68F0DDCF69F0000120EE41F06851DB
:10E24000D926695114D868C065F069C066F084ECBD
:10E2500084F06A4B6B2B0101A75100016A5D6B5181
:10E26000800A676F15EC76F06759DCE31200DA225A
:10E27000DE6ADE6ADE6ADD6A12009E96020100A78F
:10E280000CD0C5BC01D003D0026A022A01D0026AB8
:10E29000023003E30F0E0201096F02010951030D61
:10E2A0005F0EF324F66E200EF420F76EF86A000E6F
:10E2B000F82201D80DD00500FA6E0900F550FD6E68
:10E2C0000900F550FE6E0900F550FF6EFA5012007D
:10E2D0000201096F1200AB51D1250001F06FF0511E
:10E2E00002E1010E03D0080EF06501D0F06FF0C01E
:10E2F000ABF1F051B2EC92F0070EFCEC90F00101A2
:10E30000AB51300F0201F06FED0E00017A6F020E7B
:10E31000A7EC5DF07D6F7E6B45EC8FF0D3C1EAF02A
:10E32000D4C1EBF0D5C1ECF0D6C1EDF021EF79F01E
:10E3300001A202D03DEF71F02EEC93F0020100A794
:10E3400006D076EC90F003E30F0E0201096F020194
:10E350000951030D5F0EF324F66E200EF420F76EC4
:10E36000F86A000EF82201D80DD00500FA6E0900F7
:10E37000F550FD6E0900F550FE6E0900F550FF6E78
:10E38000FA5012000201096F120000018A6B8B0E15
:10E39000886F896B88C0D9FF89C0DAFF010EDF6EF4
:10E3A00020EE01F01AD8020EDF6E20EE02F015D832
:10E3B000DF6A20EE03F011D8070EDF6E20EE04F0C6
:10E3C0000CD8010EDF6E20EE05F007D80B0EDF6EC5
:10E3D0008A0EB2EC41F0CAEF55F08851D926895126
:10E3E000DA221200896F000189516BEC79F068C064
:10E3F0008AF069C08BF000018A518B11D8B41200E9
:10E40000080E8E6F8F0E8C6F8D6B8CC0D9FF8DC0F8
:10E41000DAFF89C0DFFF8AC066F08BC067F0B8EC16
:10E4200090F0886F20EE01F08C51D9268D51DA22C0
:10E4300088C0DFFF8E0EB2EC41F0CAEF55F062ECFF
:10E440006DF070C0ADF171C0AEF1920E0101AF6F11
:10E45000020EB06F0001656B65510101AF25D96EE9
:10E46000000EB021DA6EDF680001652B050E6565D0
:10E47000F3D701D0F1D7C06BC16BC26BC36B010185
:10E48000A051BAEC41F00101AC99AC9BF7EC69F0FA
:10E490000101B56BF1EF75F0E3C5DDF5E4C5DEF51F
:10E4A00024C1DFF525C1E0F526C1E1F527C1E2F57C
:10E4B000050120EE04F018D8DA2201D80AD00500B0
:10E4C000FA6EDE50FD6EDE50FE6EDE50FF6EFA50CC
:10E4D00012000301E66FE651D8B41200050120EEE8
:10E4E0000BF002D8C0EF8BF0E351D926E4511200B3
:10E4F0006A6B6B6B665106E1FB0E655D03E2696B4F
:10E50000010E09D06751D96EDA6AFB0EDF6E6A4BD5
:10E510006B2B696B020E686F0BD067516A25D96E41
:10E52000DA6A65C0DFFF6A4B6B2B66C065F0666B0D
:10E530006807D8A069076829F0E16929EEE16AC097
:10E5400065F06BC066F0120024D8DFA405D0900EF1
:10E55000656F240E666F12001CD8DFA605D08D0EE5
:10E56000656F240E666F120014D8DFA805D0C30EA5
:10E57000656F230E666F12000CD8DFAA05D0C90E96
:10E58000656F230E666F1200790E656F240E666F3D
:10E59000120020EE38F06551D9266651DA221200B9
:10E5A00075EC8FF065C071F066C072F021D87151C2
:10E5B000D9267251DA22DFAC04D00101B65101E054
:10E5C000120016D810D8DFAE000E6E6F20EE39F0B4
:10E5D0000AD8DFA2000E6F6F20EE39F004D8DFA05A
:10E5E000000E0DEF86F07151D9267251DA22010C1E
:10E5F000000120EE38F01200746B756B70C073F080
:10E600007351D96EDA6A71C0E1FF72C0E2FFDFCFE9
:10E61000E7FF744B752B73290ED890EC79F013D863
:10E620007351040F08D890EC79F00DD874C070F0D5
:10E6300075C071F012006B6F745171256C6F75515C
:10E6400072216D6F12006B5174276C51752312008B
:10E6500026D820D824D8DECF6BF0DDCF6CF06BC08D
:10E66000D9FF6CC0DAFFDF6A20EE02F00FD8DA22A1
:10E6700011D820EE04F00AD8DA2269C0DEFF6AC0A1
:10E68000DDFF20EE06F002D85DEF7AF06551D92665
:10E690006651120067C0DEFF68C0DDFF120065C072
:10E6A000D9FF66C0DAFF12000201008502D09E8603
:10E6B000030C1DC20BF022EE0BF001D80AD00500AE
:10E6C000FA6EDE50FD6EDE50FE6EDE50FF6EFA50CA
:10E6D00012000C6E0D6A0D5002E03AEF93F00C50F0
:10E6E000010A02E13AEF93F0030A02E13CEF93F0F2
:10E6F000010A02E13CEF93F0070AD9E03AEF93F008
:10E70000000E8AEC7EF00001E76BE86B17D0D89022
:10E71000E735D96EE835CAEC5BF0DECFE5F0DDCF4A
:10E72000E6F0E7C07FF0E8C080F0E5C081F0E6C029
:10E7300082F079EC68F00001E74BE82B0101A7516A
:10E740000001E75DE851800AE46F15EC76F0E459CA
:10E75000DEE3B0EF68F002D0000012009751000134
:10E760007D6F7E6B7E51F8E17D5102E147EF3DF018
:10E77000010A02E12EEF8BF0030A02E137EF6CF0A1
:10E78000010A02E19BEF8CF0070A02E17BEF64F0E3
:10E79000010A02E1D8EF89F0030A02E115EF85F0E2
:10E7A0000E0A02E142EF68F0D7D724D8DFA803D0E1
:10E7B000ADEC92F00BD01ED8DFAA03D034EC92F06F
:10E7C00005D018D8DFAC000C3AEC92F00001F06FE5
:10E7D000F05103E03DEC81F002D0CBEC85F0D3C1E9
:10E7E000EAF0D4C1EBF0D5C1ECF0D6C1EDF021ECEC
:10E7F00079F0010CD1C1D9FFD2C1DAFF1200000EAD
:10E800008AEC7EF00001E76BE86B16D0D890E73514
:10E81000D96EE835CAEC5BF0DECFE5F0DDCFE6F08F
:10E82000E7C0C9F0E8C0CAF0E5C0CBF0E6C0CCF064
:10E83000D5EC3AF0E74BE82B0101A7510001E75D69
:10E84000E851800AE46F15EC76F0E459DFE3B0EFAD
:10E8500068F0D4C074F0D5C075F0D6C076F0D7C0DB
:10E8600077F0AEEC81F020EE33F0D651D926D751B7
:10E87000DA22DECFD8F0DDCFD9F0D8C0D9FFD9C0A9
:10E88000DAFFDF5057EC70F0D6C065F0D7C066F005
:10E89000E6EC8AF00009D8B41200D6C0D2F0D7C096
:10E8A000D3F013EF8DF00101B65106E1D4C0D2F0E0
:10E8B000D5C0D3F013EC8DF0000120EE45F014D854
:10E8C000DA22DF50D66FFF0ED625C46FC56BFF0E60
:10E8D000C5230ED809D802D8E5EF8EF0DA22DF5032
:10E8E000C76F010EC86F010CD451D926D551120043
:10E8F000020EC66F20EE21F0020C756F00017551FB
:10E9000026EC4EF00009FAE0F60E6A6F100E6B6FFF
:10E91000010E6C6F740E6D6FB8EC8FF0730E656F37
:10E92000676B010E666FC3EC8FF0C40E00016A6F57
:10E93000250E6B6F010E6C6F6D6B6E6BADEC8FF017
:10E9400005EC93F040EC8DF0E806FCE01200746BEF
:10E95000756B70C073F07351D96EDA6A71C0E1FFE4
:10E9600072C0E2FFDFCFE7FF744B752B735111D8F4
:10E9700074517125676F75517221686F52EC84F084
:10E98000655174276651752374C070F075C071F0BD
:10E990001200D96EDA6AD92ADECF65F0DDCF66F0D3
:10E9A0001200CEC071F0CFC072F0D0C073F0D1C0F1
:10E9B00074F0900E1AD8D6EC78F078EC20F0A1EC38
:10E9C00062F07DC03BF27EC03CF27FC03DF280C071
:10E9D0003EF20101936BD2C06FF1D3C070F1D4C08D
:10E9E000F8F0D5C0F9F0B9EF5EF0756F010E766FF3
:10E9F000776B786B010C0000000000627220200031
:10EA0000000000000000D4FC00000000580A018C47
:10EA1000730084EC00580A01425A00547100301B04
:10EA20000102D600480D01580A01149600F21201A5
:10EA3000BE1101707200782501D608016EB1006226
:10EA400072202000840495058951D96EDA6ADECFE0
:10EA500069F0DECF6AF0DECF6BF0DECF6CF0010E36
:10EA60006D6F04EC8DF0B0EC68F000018951D96E47
:10EA7000DA6A0ED8060E00018B6F130E8A6FAD0E88
:10EA8000E82EFED78A2FFCD78B2FFAD700D01200A2
:10EA9000DE6ADE6ADE6ADD6A12000001F06F070ED0
:10EAA000F06501D0F06FF0510101A01901E11200F1
:10EAB000D1C1C0F0D2C1C1F0D3C1C2F0D4C1C3F042
:10EAC0000001F051BAEC41F0080EFCEC90F0D1C11D
:10EAD000EAF0D2C1EBF0D3C1ECF0D4C1EDF021ECFF
:10EAE00079F0D6EC92F0040E4CEF92F05EEC92F0DE
:10EAF0000009D8B4010CA0C067F0A1C068F094EC84
:10EB00008BF00009D8B4010CA0C08AF0A1C08BF032
:10EB1000A2C08CF0A3C08DF0A4C08EF0A5C08FF071
:10EB20005FEC47F00009D8A4010CA0C067F0A1C0B9
:10EB300068F03AEC46F0000901E1010C000C01A27A
:10EB400002D0DAEF79F00097020E0A6F1FC26EF062
:10EB500022EE11F001D80AD00500FA6EDE50FD6EEB
:10EB6000DE50FE6EDE50FF6EFA50120000016F6F35
:10EB7000706B705102E0F8EF91F06F51020A02E100
:10EB8000FFEF91F0010A02E1FFEF91F0F8EF91F051
:10EB90008B6F00018B51D9EC8FF00009D8B41200B3
:10EBA000240E8C6F8D0E896F8A6B89C0D9FF8AC045
:10EBB000DAFF8BC0DFFFAC0E656F010E666F8BC096
:10EBC00067F0B7EC88F0886F20EE01F08951D92604
:10EBD0008A51DA2288C0DFFF8C0EB2EC41F0CAEF16
:10EBE00055F0F9EC56F07B6B7C6B14D0D8907B35EC
:10EBF000D96E7C35CAEC5BF0DECF79F0DDCF7AF0F0
:10EC0000000120EE4FF07951D9267A51DA22DF80C7
:10EC10007B4B7C2B0101A75100017B5D7C51800A5D
:10EC2000786F03D87859E2E312000101A851800AF5
:10EC30000001120001D80BD00500FA6E02014A5102
:10EC4000FD6E4B51FE6E4C51FF6EFA50120065C0C6
:10EC500024F166C025F167C026F168C027F140ECB9
:10EC60006FF07DC0E7F37EC0E8F30301E751E811E0
:10EC700001E11200E7C3E3F5E8C3E4F54CEC72F000
:10EC800009EF8FF06E6B010E81EC91F06E6B020E4E
:10EC900081EC91F0B3EC87F065C07AF066C07BF050
:10ECA000C2EC2DF045EC8FF00101B4A108D0A2EC2C
:10ECB0007FF0C7EC2DF03CEC3DF045EC8FF0B0EC74
:10ECC00068F0020E0001656F65C0A4F20201A56B39
:10ECD000A66B120069C070F06AC071F01AD01DD81E
:10ECE0006BC065F06CC066F021EC8FF000016F6FB7
:10ECF000DE506F1909E06BC065F06CC066F00DD88E
:10ED0000DF50676FACEC80F000016B4B6C2B704BED
:10ED1000712B6D076D29E3E1120070C0D9FF71C03E
:10ED2000DAFF120090EC2BF000017F6B8C0E7F2538
:10ED3000E1EC81F0DF68860E7F25D96EDA6A020E7B
:10ED4000DA22DF6A7F2B050E7F65F0D76A0E686FC7
:10ED5000050E08D84CEC87F0520E686F050E02D8ED
:10ED60004CEF87F0696F6B6B800E6A6F6D6B180EDE
:10ED70006C6F180CDFC5D2F3E0C5D3F3E1C5D4F353
:10ED8000E2C5D5F3090E0101A3250301DE6F000ED4
:10ED90000101A4210301DF6FDEC3F6FFDFC3F7FF2C
:10EDA000000EF86E01D8010C0500FA6E0900F5504E
:10EDB000FD6E0900F550FE6E0900F550FF6EFA5029
:10EDC000120021D8DFA803D0ADEC92F00BD01BD8F5
:10EDD000DFAA03D034EC92F005D015D8DFAC000CDC
:10EDE0003AEC92F00001F06FF0510CE0EFEC8FF094
:10EDF000D3C1EAF0D4C1EBF0D5C1ECF0D6C1EDF04F
:10EE000021EC79F0010CD1C1D9FFD2C1DAFF120097
:10EE10000ED0D4C0D2F0D5C0D3F0EFEF87F016D823
:10EE2000A7EC68F018D83FEC3BF045EF8FF020EEF0
:10EE30003AF011D8DA22DF50D66FD76BD751EFE115
:10EE4000D651010AE6E0030AE4E0E9D77D0E7A6FC5
:10EE5000240E7B6F1200D451D926D55112007FC0E9
:10EE600065F080C066F01BEC7BF065C081F066C089
:10EE700082F081C07AF082C07BF01CEC4DF045EC52
:10EE80008FF00DD87D6F7E6F45EC8FF0010E706FA7
:10EE9000000E1CEC91F0010E706F1CEF91F06D0EE6
:10EEA0007A6F240E7B6F010E7C6F010C0001686B82
:10EEB000696B17D0D8906835D96E6935CAEC5BF0AC
:10EEC000DECF65F0DDCF66F009EC7EF0676F470EB0
:10EED0006825D96E020E6921DA6E67C0DFFF684BC4
:10EEE000692B0101A7510001685D6951800A676FB4
:10EEF00015EC76F06759DEE3120069C03FF26AC094
:10EF000040F26BC041F26CC042F211D801D80AD075
:10EF10000500FA6EDE50FD6EDE50FE6EDE50FF6EB6
:10EF2000FA5012000CD8030E0101936F030C00017C
:10EF300020EE03F0F851D926F951DA22120067C009
:10EF40006BF168C06CF1120056EC8CF004E1030E1A
:10EF5000675DD8A01200676B686BB96B020EB76F64
:10EF600075EC8FF065C093F066C094F017EC88F0F4
:10EF700093C097F094C098F095C099F096C09AF01D
:10EF800097C06DF098C06EF099C06FF09AC070F0A5
:10EF9000010E46EF28F020EE1BF01FD8DF5014E0E2
:10EFA00020EE19F01AD8DECF7BF0DDCF7CF0320EE8
:10EFB0007B25716F000E7C210BD8DDEC62F071C0F7
:10EFC00079F072C07AF012007A6B140E796F140C1B
:10EFD000726F746B640E736F640C7951D9267A5119
:10EFE000DA22120000016D6B6E6B1CD06D5166252C
:10EFF0006A6F6E5167216B6F6AC0F6FF6BC0F7FFD7
:10F00000000EF86E0F0EF76403D00800F55002D022
:10F010008CEC54F000016C6F6C5171EC83F00001CA
:10F020006D4B6E2B68516D5D69516E59DFE31200B7
:10F03000E2EC2FF020EE17F037EC3DF0C3EC3CF0A3
:10F04000DDEC40F0A5C0B2F0A6C0B3F0B251B311F0
:10F0500003E1B06BB16B1200465003E0030E46189B
:10F0600005E1B2C0B0F0B3C0B1F012004604F1E166
:10F07000B229B06F000EB321B16F12001BEC92F0F9
:10F0800065C06BF066C06CF06BC065F06CC066F07C
:10F09000D4EC8AF0000917E06BC065F06CC066F034
:10F0A000E6EC8AF000090FE020EE0DF06B51D92656
:10F0B0006C51DA22010EDBBE010CDB5004E1140EB0
:10F0C000DE5C01E2010C000C5EEC92F0000921E034
:10F0D000A0C067F0A1C068F094EC8BF0000919E0C3
:10F0E000A0C067F0A1C068F03AEC46F0000911E05A
:10F0F000A0C08AF0A1C08BF0A2C08CF0A3C08DF09C
:10F10000A4C08EF0A5C08FF06CEC43F0000901E0C4
:10F11000010C000C8CC08FF08DC090F00101576B7A
:10F12000586B12D08BC079F08F0E00017A6F8EC0B1
:10F130007BF07C6BCBEC14F0000179510101572777
:10F1400000017A51010158238FC0F6FF90C0F7FFEC
:10F15000A7EC80F0E7E157C18BF058C18CF01200AA
:10F1600020EE03F01ED8B8C0DEFFB9C0DDFF20EEF0
:10F170001BF017D8BAC0DFFF20EE19F012D8BBC0C1
:10F18000DEFFBCC0DDFFB6C09DF0B7C09EF0BDC0C5
:10F190009FF09BEC67F0B6C0AEF0B7C0AFF06DEF7C
:10F1A00051F0B651D926B751DA221200796B7A6B39
:10F1B0007B6B7C6B71A108D07551792776517A23CE
:10F1C00077517B2378517C23D89075377637773702
:10F1D0007837D8907433733372337133715172113D
:10F1E00073117411E7E179C071F07AC072F07BC0DD
:10F1F00073F07CC074F012001FD8DFA803D0ADEC10
:10F2000092F00BD019D8DFAA03D034EC92F005D0DD
:10F2100013D8DFAC000C3AEC92F00001F06FF05123
:10F220000AE0D3C1EAF0D4C1EBF0D5C1ECF0D6C10D
:10F23000EDF021EC79F0010CD1C1D9FFD2C1DAFF98
:10F240001200EAC0E0F0EBC0E1F0ECC0E2F0EDC08B
:10F25000E3F0060E0101A3250001EE6F000E01018F
:10F26000A4210001EF6FEEC0F6FFEFC0F7FF000E24
:10F27000F86E0500FA6E0900F550FD6E0900F550B4
:10F28000FE6E0900F550FF6EFA50120068BF09D0FB
:10F2900065C065F066C066F067C067F068C068F07A
:10F2A000120065C069F066C06AF067C06BF068C0A4
:10F2B0006CF0691F6A1F6B1F6C1F692B000E6A239D
:10F2C0006B236C2369C065F06AC066F06BC067F0A1
:10F2D0006CC068F0000C00016B6F18D01BEC92F052
:10F2E00065C068F066C069F0120069EC8FF065C017
:10F2F00068F066C069F0120075EC8FF065C068F0C8
:10F3000066C069F01200686B696B120000016B51F6
:10F31000E5E0010AEAE0030AEFE0010AEDE0F3D7D5
:10F320006E6B6F6B6B51D96EDA6ADAEC88F06E51E6
:10F330006C25676F6F516D21686F52EC84F06551D9
:10F340006E2766516F236B513EEC2BF06E516C258E
:10F35000E16E6F516D21E26EDFCFE7FF6E4B6F2BD9
:10F360006EC06BF06FC06CF012006A6B6B6B675114
:10F3700068111BE0010E696F04D0D89067376837B9
:10F38000692B68AFFAD7D8906A376B376751655DDC
:10F390006851665905E36751655F6851665B6A812C
:10F3A000D89068336733692FEED76AC065F06BC0B9
:10F3B00066F0120002010097020E0A6F1FC20BF0E6
:10F3C00022EE11F001D80AD00500FA6EDE50FD6E73
:10F3D000DE50FE6EDE50FF6EFA5012000C6E0D6AAB
:10F3E0000D5002E03AEF93F00C50020A02E13CEFBC
:10F3F00093F0010A02E13CEF93F03AEF93F005A29B
:10F4000024001C00C6AC003CDF007EA300E4CD005D
:10F41000030000001400860A010000000000000044
:10F4200000000200000014000610010000000000AF
:10F430000000000001000000140080120100000024
:10F440000000000000003CC09FF03DC0A0F01AD8B2
:10F4500010EE03F086EC42F0E7509E6F13D8DECF3B
:10F460009BF0DDCF9CF00ED810EE64F086EC42F0FD
:10F47000E7509D6F9B0E986F0BEC68F00009D8B4B5
:10F48000000012003AC0D9FF3BC0DAFF120065C08D
:10F49000D9FF66C0DAFF1AD820EE02F013D8DA22BC
:10F4A00015D820EE04F00ED8DA2269C0DEFF6AC05B
:10F4B000DDFF20EE06F006D800D0DA22010EDE6E67
:10F4C000DD6A000C6551D9266651120067C0DEFF67
:10F4D00068C0DDFF120002C006F003C007F004C0E0
:10F4E00008F005C009F006C00AF007C00BF008C01C
:10F4F0000CF0010E09A0000E01018D6F8D5102E08C
:10F500000C8E01D00C9E083409300D6E0AC002F03A
:10F510000BC003F00CC004F00DC005F01200010197
:10F520009C5101E01200640E0001676501D0676F15
:10F53000686B0FD068516525D96E000E6621DA6EB2
:10F54000000E6825E16EE26A070EE222DFCFE7FFD8
:10F55000682B6751685DEEE367C09DF1010E010104
:10F560009C6F010C72C074F073C075F070C0D9FF4D
:10F5700071C0DAFF74C0E1FF75C0E2FF0CD87451AE
:10F58000D9267551DA2210EE01F07051E126715141
:10F59000E222E75005D0DFCFE7FF20EE01F01200B6
:10F5A000010ED8B4000EDF6E120042C0A6F043C0B8
:10F5B000A7F0C9C0A8F0CAC0A9F0E5EC5CF0A6C0ED
:10F5C000CDF0A7C0CEF0CDC0C4F0CEC0C5F020EEC7
:10F5D00033F04250D9264350B4EC33F086EC42F07D
:10F5E000E750C66FCBC0C7F0CCC0C8F0E5EF8EF0D7
:10F5F0001BEC92F0330E00016525D96E000E6621DA
:10F6000009D857EC70F075EC8FF0330E0ED802D895
:10F6100057EF70F0DA6EDECF71F0DDCF72F071C0AF
:10F62000D9FF72C0DAFFDF50120000016525D96EE4
:10F63000000E66211200000118D886EC42F0E65058
:10F64000E61008E012D886EC42F0E6CF65F0E5CF90
:10F6500066F0120020EE01F06551D9266651DA22DB
:10F66000DECF65F0DDCF66F0120020EE33F065519D
:10F67000D9266651DA2210EE01F012003CEC28F097
:10F68000010114D811EC28F0000114D8DF9020EE0D
:10F6900038F09551D9269651DA22DF9E0BD8DF92A9
:10F6A00095C08BF096C08CF0F5EF2FF0C36F9B0EDA
:10F6B000C46F9B0C20EE39F09551D9269651DA2271
:10F6C0001200A00E0001656F1B0E666F010E676FC2
:10F6D000BFC068F0C0C069F0C1C06AF0A8EC8EF08D
:10F6E00013EC38F0BB25676F000EBC21686FFB0E72
:10F6F000BD25696FFF0EBE216A6F28EC73F0000014
:10F70000000E03EC81F01200000E6BEC79F068C083
:10F7100088F069C089F0000188518911D8B41200BD
:10F720001A0E8C6F8D0E8A6F8B6B8AC0D9FF8BC0BF
:10F73000DAFF030EDF6E20EE01F08A51D9268B51DD
:10F74000DA22DF6A8C0EB2EC41F0CAEF55F0746B2E
:10F75000756B70C073F07351D96EDA6A71C0E1FFD6
:10F7600072C0E2FFDFCFE7FF744B752B7351C9EC1A
:10F7700074F074517125676F75517221686F52EC86
:10F7800084F0655174276651752374C070F075C09C
:10F7900071F01200746B756B70C073F07351D96E99
:10F7A000DA6A71C0E1FF72C0E2FFDFCFE7FF744B9E
:10F7B000752B74517125D96E75517221DA6E7351A2
:10F7C000E16EE26AE12AE750D0EC7AF0744B752BD7
:10F7D00074C070F075C071F0120076EC92F065C0E4
:10F7E000AFF066C0B0F057EC3BF0AFC0A4F0B0C0D3
:10F7F000A5F0C7EC7DF0ABC04EF3ACC04FF3ADC08D
:10F8000050F3AEC051F3340E0301526F260E536F06
:10F81000010E546F4E0E0001AB6F030EAC6F120061
:10F820000450021A076A086A02A00CD0D89003306C
:10F83000066E0230056E010E0518026EA00E061847
:10F84000036E03D0D89003320232074A082A08BE5A
:10F85000EBD7085003E1080E075CE6E302C002F0B4
:10F8600003C003F01200B06A9E0EB36E580EB26E63
:10F87000B250B3CF68F00001696B68C069F0686B83
:10F8800068110101856F000169510101866FA19224
:10F89000A082B60E0001656F260E666F010E676FBF
:10F8A000CEEC91F0210EB16E210C696B6A6B70C0C9
:10F8B00068F06851D96EDA6A71C0E1FF72C0E2FF88
:10F8C000DFCFE7FF694B6A2B6851D96EDA6AD92A14
:10F8D00069517125E16E6A517221E26EDFCFE7FF57
:10F8E000694B6A2B69C070F06AC071F01200746BCA
:10F8F000756B70C073F07351D96EDA6A71C0E1FF35
:10F9000072C0E2FFDFCFE7FF744B752B7351D96EE6
:10F91000DA6AD92A74517125E16E75517221E26E4D
:10F92000DFCFE7FF744B752B74C070F075C071F0BA
:10F930001200746B756B70C073F07351D96EDA6A14
:10F9400071C0E1FF72C0E2FFDFCFE7FF744B752BA0
:10F9500073296B6F745171256C6F755172216D6FC6
:10F9600090EC79F06B5174276C51752374C070F072
:10F9700075C071F01200746B756B70C073F07351C9
:10F98000D96EDA6A71C0E1FF72C0E2FFDFCFE7FF34
:10F99000744B752B7351D96EDA6AD92A745171255B
:10F9A000E16E75517221E26EDFCFE7FF744B752B6C
:10F9B00074C070F075C071F01200696B6A6B70C032
:10F9C00068F06851D96EDA6A71C0E1FF72C0E2FF77
:10F9D000DFCFE7FF694B6A2B6851D96EDA6AD92A03
:10F9E00069517125E16E6A517221E26EDFCFE7FF46
:10F9F000694B6A2B69C070F06AC071F0120068C070
:10FA000065F069C066F009EC7EF06B6F6A5110E03A
:10FA10006B510EE168C065F069C066F0D4EC8AF005
:10FA2000000906E068C065F069C066F04FEF8DF030
:10FA30006B51D8B4120068C065F069C066F0B6EFCB
:10FA40008BF020EE04F01AD8FE0EDE6E8D0EDE6E08
:10FA5000000EDE6E20EE0DF011D869C0DEFF6AC028
:10FA6000DDFF20EE0FF00AD867C0DEFF68C0DDFFC3
:10FA700020EE11F003D8DE6ADD6A12006551D92646
:10FA80006651DA22120072C074F073C075F070C053
:10FA9000D9FF71C0DAFF74C0E1FF75C0E2FFDFCFAC
:10FAA000E7FF7029656F000E7121666F1AEC89F00F
:10FAB00020EE01F07451D9267551DA2200D065C0CC
:10FAC000DEFF66C0DDFF120068AF0DD0B00E655DD1
:10FAD0003C0E6659FF0E6759FF0E685904E2030E8B
:10FAE0000101B86F030C68BF0CD06851671105E1C4
:10FAF000510E655DC30E665904E3020E0101B86F35
:10FB0000020C010E0101B86F010C1C0E0001656FA3
:10FB1000250E666F010E676FD5EC91F0900E656F44
:10FB2000260E666F010E676FCEEC91F08C0E656F3E
:10FB3000260E666F010E676FC7EC91F0880E656F39
:10FB4000260E666F010E676FC0EF91F067C06EF012
:10FB500068C06FF065C06CF066C06DF010D06EC00C
:10FB6000D9FF6FC0DAFFDF506B6F6E4B6F2B6CC02D
:10FB7000D9FF6DC0DAFF6BC0DFFF6C4B6D2B6907DF
:10FB8000D8A06A076929EBE16A29E9E112000001BE
:10FB9000A451A5110DE1880E9C6F230E56EC65F063
:10FBA000530EA06F960EA26F230EA36FE5EC84F0A8
:10FBB000A4C03CF0A5C03DF04F0E3C240001686F8E
:10FBC000000E3D208EEC6DF0060E6C6F4CEF87F052
:10FBD00000016D6B6E6B11D0D8906D35D96E6E359E
:10FBE000CAEC5BF0DECF68F0DDCF69F0010E0001FA
:10FBF0006A6FFFEC7CF06D4B6E2B0101A751000189
:10FC00006D5D6E51800A6C6F15EC76F06C59E4E313
:10FC10001200000113D8DFBC010C10D8DFBA010CB0
:10FC200020EE3CF012D8DFB0010C08D8DFBE010C8A
:10FC300020EE3CF00AD8DFB2010C000C20EE3BF0C5
:10FC40006551D9266651DA2212006551D9266651CE
:10FC5000DA2212000101D051FDE0000E4D24D96ED0
:10FC6000DA6A050EDA22DF509F6F000E4D24D96E3E
:10FC7000DA6A060EDA22DF500001656F4D2A310E76
:10FC80004D6401D04D6AA39A0101D007A38A0001F7
:10FC9000655112000DD079C071F07AC072F0746BAA
:10FCA0000A0E736FDDEC62F071C079F072C07AF009
:10FCB0007B517D6F7C517E6F7B07000E7C5B7EBF2E
:10FCC00004D07E51E8E17D05E6E279C079F07AC0A2
:10FCD0007AF01200E1C1D9FFE2C1DAFFDECFE3F131
:10FCE000DDCFE4F10001666B656BE3C167F0E4C151
:10FCF00068F06551671906E16651681901E002D0A4
:10FD0000010E01D0000E0009D8B41200010E02014C
:10FD1000A46F010C0001766F30EC93F00101AB5140
:10FD2000B2EC92F0010E6E6F0101A05163EC67F02E
:10FD3000E6EC8CF04EEC90F0CEEC92F058EC90F0BB
:10FD400052EC92F044EC90F0D0EC72F0000176515D
:10FD5000D2EF4EF0000120EE3BF017D8DFA21200E8
:10FD60000DD8DF5002E00AD8DF0608D8DF50D8A44B
:10FD7000120020EE3BF009D8DF92120020EE45F091
:10FD80006551D9266651DA2212006551D92666518D
:10FD9000DA2212000DD06BC065F06CC066F0686BA3
:10FDA0000A0E676FB2EC89F065C06BF066C06CF04C
:10FDB0006D516F6F6E51706F6D07000E6E5B70BF8F
:10FDC00004D07051E8E16F05E6E26BC06BF06CC0E7
:10FDD0006CF0120019D8DFA803D0ADEC92F005D07A
:10FDE00013D8DFAA000C34EC92F00001F06FF05150
:10FDF0000AE0D3C1EAF0D4C1EBF0D5C1ECF0D6C132
:10FE0000EDF021EC79F0010CD1C1D9FFD2C1DAFFBC
:10FE10001200D59CD76AD66AD650D7CF68F0696BE6
:10FE200068C069F0686B68110201536F0001695185
:10FE30000201546FF294F28AB80E0001656F260E2B
:10FE4000666F010E676FD5EC91F0970ED56E970C2B
:10FE50008D6A8C6A896A8E6A8A6A020E8F6E400E7B
:10FE60008B6E9668FE0E976E0F0E926E140E986E45
:10FE7000DD0E936E9F0E946E2F0E956E0F01256909
:10FE80000F0E246F010E236F538F538D010C67519A
:10FE9000681117E0010E696F04D0D8906737683792
:10FEA000692B68AFFAD76751655D6851665904E3FD
:10FEB0006751655F6851665BD89068336733692F17
:10FEC000F2D765C065F066C066F012004750FEE0EC
:10FED000000E4824D96EDA6A090EDA22DF500101D9
:10FEE0009E6F000E4824D96EDA6A0C0EDA22DF50BB
:10FEF0000001656F482AF90E486401D0486A9D9A4E
:10FF000047069D8A65511200696B65C0D9FF66C0BE
:10FF1000DAFFDECF67F0DDCF68F069516725D96E73
:10FF2000000E6821DA6E69510101AF25E16E000E05
:10FF3000B021E26EDFCFE7FF0001692B050E696596
:10FF4000E4D7050C060E0101B16105D0B1C168F01E
:10FF50000001696B04D00001696B050E686F68C011
:10FF60006AF06AC0A7F26A51020DA30EF324D96E9B
:10FF7000030EF420DA6EDECF65F0DDCF66F01200FE
:10FF8000BB2B000EBC23BD23BE23C751C81102E109
:10FF9000D6EF92F0C74BC82BD10EC75D020EC859E1
:10FFA00002E2D6EF92F075EC8FF0380E15EC7BF094
:10FFB000DA6EDF8C36EC46F0D6EF92F00001D56BAE
:10FFC000D66B0ED0D890D535D96ED635CAEC5BF04D
:10FFD000DECFAEF0DDCFAFF06DEC51F0D54BD62BD0
:10FFE0000101A7510001D55DD651800AD46F15ECEF
:10FFF00076F0D459E7E3010C6B6F68C065F000013F
:020000040001F9
:100000006B51CEEC8FF06C6F6D6B09D8DF5002E056
:1000100006D8DF6A6D2B030E6D65F7D7030C6C51A4
:100020006D25696F6A6B280E6925D96E030E6A21EA
:10003000DA6E12006B6B6C6B0ED0D8906B35D96E8C
:100040006C35CAEC5BF0DECF65F0DDCF66F0B6EC68
:100050008BF06B4B6C2B0101A75100016B5D6C5158
:10006000800A6A6F15EC76F06A59E7E3C1EF69F030
:100070000101ACA9000C32EC8AF070C079F071C0BB
:100080007AF00ED8DE500BE1DE04D8A4010C08D8BB
:10009000DFB0010C05D8DFB2010C0101AC8B010C03
:1000A00079C0D9FF7AC0DAFF12000101DA6FDAAF46
:1000B00003D0A051D8B41200DA51800A7F0F04E3B4
:1000C000070EA01901E11200A051DA25D96FD5C1A0
:1000D000D1F1D6C1D2F1D7C1D3F1D8C1D4F1D95120
:1000E0004DEF75F0710504E0020E711901E0120088
:1000F0006FC065F070C066F071C067F0686BFBECB4
:100100005EF002D804EF8DF033C069F034C06AF0BD
:1001100035C06BF036C06CF0000E6D6F000C656F73
:10012000090E0001656109D0DE0E6525F66EF76ADD
:10013000200EF72207D8F5501200E60EF66E200EBC
:10014000F76E05D0F86A000EF82208001200000EC3
:10015000F86E0800F5501200000EF2BE010E686F36
:100160006651030B636E65C062FF67C061FF7F9ECF
:100170007F9C7F84F29E550E7E6EAA0E7E6E7F82DD
:100180007FB2FED77F9468B102D0F29E01D0F28E8A
:10019000120000017F6F17D80AD83FEC88F00FD803
:1001A00006D83FEC88F007D802D83FEF88F07B6F85
:1001B0007FC07CF0180C9B0E00017A6F360C9B0EF2
:1001C00000017A6F370C9B0E7A6F300C01A202D0BF
:1001D00071EF85F000016E51D96EDA6A020ED926F0
:1001E000DF50656F6E51D96EDA6ADECF66F0DDCF13
:1001F00067F0C3EC8FF000016A6B6B6B6C6B6D6B1F
:10020000B8EC8FF0020C0001BA6FBA51B86FB96B3D
:10021000B951D8A41200B85102E1C5EF71F0020A39
:1002200002E14CEF41F0120A02E1C2EF8DF0080A40
:1002300002E1CAEF90F0380A02E1BDEF5FF0120070
:10024000800E7C1B75C065F076C066F077C067F0E5
:1002500078C068F079C069F07AC06AF07BC06BF052
:100260007CC06CF02BEC1DF065C075F066C076F0BC
:1002700067C077F068C078F01200466AD890010134
:1002800095EC62F0ADEC4BF0DECF42F0DDCF43F009
:10029000E2EC2FF020EE15F037EC3DF0C3EC3CF033
:1002A000DDEC40F0A5C07DF1A6C07EF18CEC89F0BC
:1002B0004CEF91F072C069F073C06AF070C0D9FF62
:1002C00071C0DAFF69C0E1FF6AC0E2FFCBEC7AF0EF
:1002D0007051D9267151DA2210EE01F06951E126F0
:1002E0006A5100D0E222DFCFE7FF120072C074F043
:1002F00073C075F070C0D9FF71C0DAFF74C0E1FF40
:1003000075C0E2FFDFCFE7FF70296A6F000E712131
:100310006B6FBCEC83F020EE01F07451D92675515F
:10032000B2EF6DF0666F330E0001662512D865B12D
:1003300002D0DF9001D0DF800001655105E0330E6F
:10034000662507D8DF941200330E662502D8DF84B5
:100350001200D96EDA6A010EDA221200000174511D
:100360000101A91911E1000175510101AA190CE15E
:1003700074C06EF075C06FF09DEC84F076C072F0C2
:1003800077C073F044EF8AF076C072F077C073F0F4
:1003900056EF8AF0676F000167518FEC80F0676F4E
:1003A000686B8C0E68250DD86751DE1805E08C0E41
:1003B000682507D867C0DFFF682B050E6865F1D791
:1003C000050CD96EDA6A020EDA2212008BC07FF0B9
:1003D0008CC080F02FEC77F08BC07FF08CC080F069
:1003E0008DC081F08EC082F0010E836F19EC4CF04D
:1003F0008BC07FF08CC080F08DC081F08EC082F009
:10040000AFEF5DF06C6F6AC065F0000169518FEC71
:1004100091F06B6F6C518FEC80F06C6F8C0E6B25D4
:10042000E1EC81F06CC0DFFF5D0E676F6AC065F0C4
:1004300069511EEC82F0686FD0EF4FF0666F0001DB
:10044000665106E1655101E1000C650512E1030CFE
:10045000660506E1655101E1010C65050AE1040C40
:10046000020E661906E1655101E1020C650501E124
:10047000050C090C686F12D865B102D0DF9001D06D
:10048000DF800CD866B102D0DF9201D0DF8206D8BF
:1004900067B102D0DF9401D0DF841200330E000177
:1004A0006825D96EDA6A010EDA2212000600000110
:1004B0003200C42001000000000000000000049F82
:1004C00024001E00C4200100000000000000000005
:1004D000000000011400C420010000000000000022
:1004E0000000666F040E0001656513D0E70E010180
:1004F0008F25F66EF76A200EF722A2EC80F0F5CF7A
:1005000067F08F2B070E8F1790510001671B675103
:10051000661B665112000001656F0101B4B503D07E
:100520000101946B12000001650504E1010E010157
:10053000946F010C020E6519D8A4120001019451A8
:10054000D8B412002BEC8CF0EBD714D8DFA802D073
:10055000010E04D00FD8DFAC000C020E456ED3C1E3
:10056000EAF0D4C1EBF0D5C1ECF0D6C1EDF021EC4E
:1005700079F0010CD1C1D9FFD2C1DAFF12008A6F24
:100580008AC08DF08E0E00018B6F8C6B8BC0D9FFF3
:100590008CC0DAFF88C0DFFF20EE01F08B51D92636
:1005A0008C51DA2289C0DFFF8D0EB2EC41F0CAEF28
:1005B00055F08AC075F38BC076F38CC077F38DC08D
:1005C00078F3160E0301796F0F0E7A6F010E7B6FB1
:1005D0000E0E01016A6F100E696F750E00018A6FB1
:1005E000030E8B6F12000CD8DF6A0AD8DF8208D89E
:1005F000DF8406D8DF8004D8DF8602D8DF881200C7
:1006000067516525696F685166216A6F500E6925CB
:10061000D96E000E6A21DA6E120009D0A4EC77F0D0
:10062000010CAEEC4AF0010C4BEC8CF0010C01011A
:10063000B7510001AF6FB06BB05107E1AF51010A84
:10064000EDE0030AEEE0010AEFE0010C656F4F50A8
:10065000FEE0A3B803D065C01CFF0FD0A398320EF4
:100660005124D96EDA6A060EDA2265C0DFFF512AFC
:10067000310E516401D0516A4F06A388120008D090
:1006800074C070F0C1EF2AF074C070F082EF34F0E3
:1006900074512EEC39F0DF50756F766B7651D8A41B
:1006A000020C7551500AECE0010AD8A4020CECD7F8
:1006B0006B6B13D06B516825D96E000E6921DA6E11
:1006C0006BC065F06B516825E16E000E6921E26E2A
:1006D000E75071EC82F0DF6E6B2B6A516B5DEAE3E1
:1006E0001200656F4A50FEE09DB803D065C0ADFFB3
:1006F0000FD09D98000E4C24D96EDA6A0B0EDA22C8
:1007000065C0DFFF4C2AF90E4C6401D04C6A4A06E2
:100710009D881200796F640E0001796501D0796FB0
:100720007951080DF3CF71F0F4CF72F0746B640E51
:10073000736FDDEC62F071517A6F7A5102E1010E54
:100740007A6F7A51120072C069F073C06AF070C09B
:10075000D9FF71C0DAFF69C0E1FF6AC0E2FFCBECEC
:100760007AF07051D9267151DA2210EE01F06951F8
:10077000E1266A5172EF81F06AC065F06BC066F0E5
:100780001AEC89F065C06DF066C06EF020EE02F0E4
:100790006A51D9266B51DA22DF506F6F6DC06AF053
:1007A0006EC06BF06FC06CF01200AD29A46F000E2C
:1007B000AE21A56FA76B030EA66FB10EA86F8FECCD
:1007C00057F0AFC0D9FFB0C0DAFFA4C0DEFFA5C0AC
:1007D000DDFFB1C0ADF0B2C0AEF012000001886F15
:1007E000710E8B6F8C0E896F8A6B89C0D9FF8AC09E
:1007F000DAFFDF6A20EE01F08951D9268A51DA2228
:1008000088C0DFFF8B0EB2EC41F0CAEF55F0D2C3C7
:1008100073F0D3C374F0D4C375F0D5C376F038EC5D
:1008200080F0000901E01200D2C3DBF1D3C3DCF198
:10083000D4C3DDF1D5C3DEF1D0EC17F0E5EF33F032
:10084000ACB704D0D2EC92F000090DE0010E926F2B
:1008500077C06EF078C06FF079C070F07AC071F038
:100860007CEC4EF0010C925103E0926BE8EC7DF0D1
:10087000000C67C06CF068C06DF010D069C065F006
:100880006AC066F021EC8FF06CC0D9FF6DC0DAFF52
:10089000DF6E0001694B6A2B6C4B6D2B6B076B296C
:1008A000EDE11200696B6A6B67C0D9FF68C0DAFFBF
:1008B00065C0DFFF694B6A2B69516725D96E6A51A4
:1008C0006821DA6E66C0DFFF694B6A2B69C065F08C
:1008D0006AC066F01200B9B4000C65C0D9FF66C0EA
:1008E000DAFF5FC1DEFF60C1DDFF67C0D9FF68C00E
:1008F000DAFF5DC1DEFF5EC1DDFF69C0D9FF6AC0FE
:10090000DAFF8EC1DFFF010C20EE3BF012D8DA22B5
:10091000DF9620EE53F00DD837EC71F020EE0DF09D
:1009200008D8DA2210EE57F06551E126665147EFFC
:100930001FF06551D9266651120006D0348E11D0B1
:1009400035820FD035880DD06EC070F06FC071F059
:100950000001715106E17051F1E0010AF1E0030A72
:10096000F1E084EC80F004EF8DF068C065F069C0C0
:1009700066F0D4EC8AF00009D8B4120020EE4FF0F3
:1009800007D8DFA4120020EE3CF002D8DF8212006C
:100990006851D9266951DA22120068C065F069C031
:1009A00066F0D4EC8AF00009D8B4120020EE4FF0C3
:1009B00007D8DFA2120020EE3BF002D8DF8E120033
:1009C0006851D9266951DA221200F40E916F210E76
:1009D000926F9CC093F09DC094F09EC095F09FC014
:1009E00096F0A2C097F0A3C098F0A0C099F0A1C063
:1009F0009AF0E4EC8FF0B7EF92F01224F423F9238D
:100A0000FE23032408246AD60036D900BCFF001652
:100A1000B7006AC9003225019ADF00E4EF00AC2577
:100A2000019604CB05B905A705FF20EE55F0B8ECFB
:100A30003DF0DF900101AC9BAC996DEC68F0DF906C
:100A40006DEC68F0DF846DEC68F0DF866DEC68F0CB
:100A5000DF98080E94EF92F0010E0001656F65C0FB
:100A6000A4F2D9C1D1F1DAC1D2F1DBC1D3F1DCC139
:100A7000D4F10EEC8AF00201A56BA66B0101B493D0
:100A8000040E4CEF92F08BC071F08CC072F0C9EC88
:100A900040F0BC0E756F020E766F776B786BD6ECFC
:100AA00078F071C08BF072C08CF073C08DF074C0A0
:100AB0008EF012008AC068F38BC069F38CC06AF3B1
:100AC0008DC06BF31A0E03016C6F060E6D6F010E75
:100AD0006E6F0101B76B680E00018A6F030E8B6F9A
:100AE00012000B50D96EDA6A020ED926DF50026E60
:100AF0000B50D96EDA6ADECF03F0DDCF04F01BECC9
:100B000090F0076A086A096A0A6A10EC90F0020C11
:100B1000A19285C102F086C103F032EC8EF0010192
:100B2000365137113811D8B412000500FA6E36511B
:100B3000FD6E3751FE6E3851FF6EFA501200010102
:100B400020EED2F0C4EC3BF0DF8220EED2F0C4EC19
:100B50003BF0DF8020EECEF0C4EC3BF0DF6A20EE0D
:100B6000C9F0C4EC3BF0DF6A12000001986F9851A5
:100B70008AEC83F0996F99C0ABF11BEC8CF000010B
:100B8000886B896B420EBFEC82F09951B2EC92F007
:100B9000070EFCEF90F0020E466403D0466A4CEF5D
:100BA00091F0020E46180AE120EE22F037EC3DF0FB
:100BB000DF50F4E0030E466E4CEF91F0462A4CEF06
:100BC00091F0D2EC92F00009D8A4120062EC6AF025
:100BD000690E0101A36F210EA46FD1C1EAF0D2C149
:100BE000EBF0D3C1ECF0D4C1EDF021EF79F0D6EC0D
:100BF00092F00ED8FCEC90F085EC70F0D1C1EAF0E8
:100C0000D2C1EBF0D3C1ECF0D4C1EDF021EF79F01B
:100C1000A1C1A3F1A2C1A4F1080C706F0001705131
:100C200001E0358E6E5101E0358C6F5101E0358A5F
:100C3000705105E16E5103E16F51D8B4120084EC9C
:100C400080F004EF8DF0000120EE3BF00DD8DF8046
:100C500020EE3DF009D867C0DEFF68C0DEFF69C046
:100C6000DEFF6AC0DEFF12006551D9266651DA2226
:100C7000120065C075F166C076F167C073F168C097
:100C800074F16DC04AF26EC04BF26FC04CF20101BC
:100C9000716B726B246B256B266B276B1200000146
:100CA00020EE3BF00DD8DF9020EE41F009D867C070
:100CB000DEFF68C0DEFF69C0DEFF6AC0DEFF120033
:100CC0006551D9266651DA22120096517AEC2BF042
:100CD00086EC42F0E750976F050E97279651D96E34
:100CE000DA6ADECF88F0DDCF89F097C08AF040EC79
:100CF0008EF0000C01019751D8A4120020EE4EF0A6
:100D0000B8EC3DF0DF50D8A4120020EE4EF0B8EC65
:100D10003DF002D894EF92F0010EDF6E020C696B89
:100D20006A6B6B6B0AD06A516525D96E6B5166216F
:100D3000DA6EDF50691B6A4B6B2B67516A5D685135
:100D40006B59F1E36951120020EC93F0010154EC6E
:100D50006DF045EC8FF0070EFCEC90F0B0EC68F015
:100D60000201A56BA66B040E0001656F65C0A4F2BD
:100D700012000101B65111E052EC92F0000901E0BD
:100D8000010C0101ACA1000C67C065F068C066F001
:100D900022EC8DF0000901E0010C000CD4C07FF0C2
:100DA000D5C080F02FEC77F0D4C065F0D5C066F0E8
:100DB000E6EC8AF00009D8B41200D4C0D2F0D5C055
:100DC000D3F013EF8DF065C067F066C068F002D015
:100DD000654B662B65C0F6FF66C0F7FFA7EC80F099
:100DE000F7E16751655D656F68516659666F12007E
:100DF000F28A0000F29AD6CF0EF1D7CF0FF121EE92
:100E000010F01CC1DEFF1DC1DEFF1EC1DEFF1FC1D1
:100E1000DEFFF2B4EDD7F28A1200686B696B705195
:100E2000D96EDA6ADF50010ED8B4000E71C0D9FF56
:100E300072C0DAFFDF6E684B692B68C070F069C062
:100E400071F0120000010CD8DF900AD8DF9208D8A8
:100E5000DF9406D8DF9604D8DF9802D8DF9A120014
:100E600020EE38F06551D9266651DA2212008AC088
:100E700055F28BC056F28CC057F28DC058F2740EEA
:100E80000201596FED0E5A6F000E5B6F550E000197
:100E90008A6F020E8B6F120068C06EF069C06FF02F
:100EA00008D06EC0D9FF6FC0DAFF6AC0DFFF6E4B9B
:100EB0006F2B6C07D8A06D076C29F3E16D29F1E168
:100EC0001200320E4F6010D0320E5024D96EDA6A02
:100ED000060EDA22DF500F011C6F502A310E5064CB
:100EE00001D0506A4F2A1200A3981200554A562A80
:100EF000565003E1280E555C01E35484565003E13B
:100F0000780E555C01E35486900E555C010E5658E0
:100F1000D8B054881200040001016907D8A06A07FC
:100F2000692908E16A2906E10E0E6A6F100E696FE1
:100F3000C0EC7FF0F4EC90F0B9EC8CF0010C000107
:100F400020EE01F00BD8DECF69F0DDCF6AF020EEA5
:100F500003F004D8DF506B6FDCEF90F06C51D926B2
:100F60006D51DA221200D1EC2DF0A86FA85105E1E5
:100F7000690E0001686F240E04D0840E0001686FB2
:100F8000240E696F68C065F069C066F01200CEEC8F
:100F900092F00001F06FF051010ED8A4000E2DEC7C
:100FA0006AF0D1C1EAF0D2C1EBF0D3C1ECF0D4C108
:100FB000EDF021EF79F00001F06F28EC93F00001E3
:100FC000F025F16FF1512DEC89F0D1C1EAF0D2C1D9
:100FD000EBF0D3C1ECF0D4C1EDF021EF79F0D2C049
:100FE000C9F0D3C0CAF020EE25F0D251D926D35192
:100FF00004D8010ECD6F11EF6FF0DA22DECFCBF007
:10100000DDCFCCF012008BC071F08CC072F0C9EC57
:1010100040F0F40EF5EC74F0D6EC78F071C08BF083
:1010200072C08CF073C08DF074C08EF0120000019D
:1010300020EE03F09351D9269451DA22ABEC61F003
:1010400053EC6EF08BC093F08CC094F08DC095F093
:101050008EC096F0120030EC93F05D0E00017A6FB6
:10106000240E11EC4DF045EC8FF0D80E7A6F230E64
:101070007B6F1CEC4DF045EC8FF0B0EF68F07D6FAE
:101080007DC07EF00AD0400E766F7EC077F07CC0C7
:1010900078F07B516BEC8CF07E2B00017E517A5DF9
:1010A000F2E20000120001A202D0FAEF8DF06EC051
:1010B00065F00001676B020E666FC3EC8FF00001F4
:1010C0006A6B6B6B6C6B6D6BB8EC8FF0020C01A2F2
:1010D00002D008EF8EF06EC065F00001676B010E64
:1010E000666FC3EC8FF000016A6B6B6B6C6B6D6BA2
:1010F000B8EC8FF0020C01A202D016EF8EF06EC099
:1011000065F00001676B010E666FC3EC8FF00001A4
:101110006A6B6B6B6C6B6D6BB8EC8FF0040C01A29F
:1011200002D024EF8EF06EC065F00001676B020EF6
:10113000666FC3EC8FF000016A6B6B6B6C6B6D6B51
:10114000B8EC8FF0040C6A6B6551661109E020EE73
:1011500046F06551D926665105D802E0010E6A6F46
:101160006A511200DA22DE50DE10DE10120008D0C2
:101170000DD8DFB4010C000C09D8DFB2010C000C53
:101180006751F6E0010AD8A4000CF6D765C0D9FF74
:1011900066C0DAFF12007051D96EDA6A0BD871C0DE
:1011A00067F072C068F052EC84F065C070F066C001
:1011B00071F01200DECF65F0DDCF66F01200F25163
:1011C00001015A6F596B0001F35101015913060EC9
:1011D00007D85DEC8FF059C167F05AC168F0120072
:1011E0000001656F0A0CFA0E4A600FD0000E4B2406
:1011F000D96EDA6A0B0EDA22DF50AD6E4B2AF90E89
:101200004B6401D04B6A4A2A12009D9812000001DB
:10121000676F0AD0656B666B1200666B070E656FB1
:10122000070C65696669120000016751F3E0010A65
:10123000F4E0F7D765C0D9FF66C0DAFFDF50676F0B
:1012400020EE01F06551D9266651DA22DF50686F31
:101250006751656F68C066F01200656F00016551E7
:10126000800A850F03E2FB0E5E6EFB0C6551800A5F
:101270007A0F03E3050E5E6E050C65C05EF012008A
:101280000A0E8B03F3CF8FF0F4CF90F08C03F35062
:1012900090278FC08BF090C08CF0000E8CBFFF0E9B
:1012A0008D6F8E6F1200F8EC86F00EC169F00FC1E1
:1012B0006AF010C16BF011C16CF069C065F06AC0D2
:1012C00066F06BC067F06CC068F012006FC1D9FFA8
:1012D00070C1DAFF01D80AD00500FA6EDE50FD6E4B
:1012E000DE50FE6EDE50FF6EFA501200010E32EF3D
:1012F0005EF00001F25101015C6F5B6B0001F35184
:1013000001015B13360EF0EC88F05DEC8FF05BC1F1
:1013100067F05CC168F0120042C0B0F043C0B1F0A9
:101320006F0EB26F020EB36F770EB46F020EB56F11
:10133000F0EC36F0B0C040F0B1C041F01200899E30
:10134000899C000120EE3AF06B51D9266C5103D8EC
:10135000000E05EF90F0DA22DE04010ED8A4000E94
:10136000696F120065516703F3CF69F0F4CF6AF03B
:1013700065516803F3506A2766516703F3506A2783
:1013800069C065F06AC066F01200845083CF0CF02B
:101390000D6A0CC00DF00C6A0C100E6E0D500F6E25
:1013A000FE0E0F120EC007F00FC008F0FDEF5FF049
:1013B000D6EC92F0E9EC1BF020EE4DF0B8EC3DF0ED
:1013C0005BEC6CF0AFEC64F0B8EC3DF0DF90000E3D
:1013D00094EF92F00001696B0BD069516625D96ECC
:1013E000000E6721DA6EDF5026EC83F00001692BD6
:1013F0006851695DF2E3120093C36CF094C36DF021
:1014000082C06EF083C06FF084C070F085C071F050
:1014100086C072F087C073F04FEF31F0D6EC92F0D7
:1014200008EC86F0FCEC90F085EC70F0D1C1EAF0AD
:10143000D2C1EBF0D3C1ECF0D4C1EDF021EF79F0E3
:1014400020EE22F037EC3DF0DF50D8A4120020EE61
:1014500025F037EC3DF010EE23F04250E1264350EA
:1014600047EF1FF07F0E0001656F020E666F520E90
:10147000676F686B6A6B070E696FA6EC7DF07F0E75
:10148000706F020E716F12000001706B20EE21F080
:1014900007D814EC91F0E4EC5DF002D814EF91F071
:1014A0007251D9267351DA22DF5012000001706B9D
:1014B00007D81CEC91F0010E706F02D81CEF91F070
:1014C00020EE21F07251D9267351DA22DF5012003A
:1014D00015EC8FF028EC7FF06AEC92F08CEC8AF03F
:1014E0007AEC8AF033EC7CF009EC7FF0BBEC60F036
:1014F00035EF5EF0F90E376F386BBA98B988B20ED7
:101500000001656F260E666F010E676FC0EC91F0EB
:101510007C0E0F01366F7C0CF90E3A6F3B6BBA9460
:10152000B984B40E0001656F260E666F010E676FF9
:10153000C7EC91F07C0E0F01396F7C0C676F0001D6
:101540006751656F666B6651D8A4000C6551D8B4BD
:10155000000C010AD8B4010C030AD8B4020C000C28
:10156000676F00016751656F666B6651D8A4020C06
:101570006551D8B4000C060AD8B4030C010AD8B4DB
:10158000010C020C736B746B7051D96EDA6A71C006
:10159000E1FF72C0E2FFDFCFE7FF734B742B73C034
:1015A00070F074C071F01200000109D8DE04D8B4E4
:1015B000010C05D8020EDE1801E1010C000C20EE32
:1015C0003AF06551D9266651DA221200000120EE68
:1015D00038F06551D9266651DA22DECF67F0DDCFCB
:1015E00068F067A167B3000C67A767B5000C010C32
:1015F0008F90000120EE3AF06B51D9266C5103D840
:10160000000EFAEF8FF0DA22DE04010ED8A4000EED
:10161000696F12008F96000120EE3AF06B51D926C7
:101620006C5103D8000E8AEF90F0DA22DE04010E2E
:10163000D8A4000E696F1200066A0BD0FF0E0224B8
:10164000046EFF0E0320056E0450021605500316AB
:10165000062A02500310F2E1065012009FEC85F0BA
:1016600053EC27F0B4EC33F086EC42F0500EE76E0A
:101670008BEC26F0000E94EC92F081EF8FF020EED0
:1016800001F06551D9266651DA22DF50676F0101FA
:10169000B45100016719FE0B67190101B46F120004
:1016A00072C0D9FF73C0DAFF70C0DEFF71C0DDFF0A
:1016B00020EE02F07251D9267351DA2277C1DFFF92
:1016C0001200280E686F030E696F6B6B6A696D6B91
:1016D000180E6C6F4CEC87F00201986999699A6951
:1016E0009B691200000120EE31F06551D926665148
:1016F000DA22010EDBBE000CDB5003E1020EDE5CE1
:10170000D8B0010C000C00016551020198130001D2
:101710006651020199130001675102019A130001F9
:10172000685102019B13120067C065F068C066F043
:1017300009EC7EF0000908E120EE3BF06751D92664
:101740006851DA22DFA2010C000C995106E197C022
:1017500095F098C096F03EEC7BF0030E0101B76F58
:1017600099C0BAF1676B686BD6EF92F0000120EE7A
:101770003BF009D8DA22DF9220EE45F004D800D001
:10178000DA22DF6A12006551D9266651120020EE76
:101790004FF06B51D9266C51DA22DF826BC065F0B5
:1017A0006CC066F06DC067F06EC068F0F3EF82F059
:1017B000BA98010139513A113B11D8B41200050011
:1017C000FA6E3951FD6E3A51FE6E3B51FF6EFA5082
:1017D0001200BA9401013C513D113E11D8B41200DF
:1017E0000500FA6E3C51FD6E3D51FE6E3E51FF6E9E
:1017F000FA501200F29401013F5140114111D8B446
:1018000012000500FA6E3F51FD6E4051FE6E4151CF
:10181000FF6EFA50120070C065F071C066F02BECDC
:1018200067F0726F0101EB510001721903E072C0A1
:10183000EBF1010C000C0101305131113211D8B41F
:1018400012000500FA6E3051FD6E3151FE6E3251BC
:10185000FF6EFA5012000201A451030A01E01200C7
:10186000AC0EA55D040EA659D8B01200040EA66FEA
:10187000AC0EA56FAC0C1BEC92F065C0D4F066C04A
:10188000D5F0D7EC8CF075EC8FF065C0D4F066C065
:10189000D5F0D7EF8CF00AD804E1050E675DD8A02B
:1018A0001200676B686BB96BB76B12000101674B75
:1018B000682B685112007B6F00017C6B7AC076F058
:1018C0007CC077F0786B7B516BEC8CF07C2B170E27
:1018D0007C65F4D7170C796FFD0E0001736F76C02D
:1018E00074F079517DEC74F077C073F078C074F0C7
:1018F00079517DEF74F0655166116711681102E04E
:10190000800E681B65C065F066C066F067C067F052
:1019100068C068F01200000E4E24D96EDA6A060E16
:10192000DA221DCFDFFF4E2A310E4E6401D04E6AFF
:101930000101D02B12009FEC85F053EC27F0B4ECA2
:1019400033F086EC42F0510EE76E8BEC26F0000E81
:1019500094EF92F065510101A91906E10001665169
:101960000101AA1901E1000C65C0A9F166C0AAF144
:10197000010CB55102E0020EB527030EB51902E1C4
:1019800040EF92F0040EB519D8B446EC92F0120074
:101990000101B6510BE0ACA1000C67C065F068C056
:1019A00066F022EC8DF0000901E0010C000CD4C0BF
:1019B00065F0D5C066F0E6EC8AF00009D8B41200F4
:1019C000D4C0D2F0D5C0D3F013EF8DF075EC8FF00A
:1019D00065C068F066C069F0000120EE1BF0685138
:1019E000D9266951DA22DF501200D4C065F0D5C083
:1019F00066F0E6EC8AF00009D8B41200D4C0D2F048
:101A0000D5C0D3F013EF8DF000016D5102E026EC4C
:101A100093F069C065F06AC066F06BC067F06CC097
:101A200068F083EF8BF0D2C0C9F0D3C0CAF00001D8
:101A300020EE0DF0D251D926D351FDEC87F0CD6BBD
:101A400011EF6FF0000106D8DFB8010C03D8DFBA40
:101A5000010C000C20EE38F06551D9266651DA22CF
:101A60001200000120EE39F06551D9266651DA22C4
:101A7000DFA0000C01018151821101E0010C000C7A
:101A8000010E0001656F020100B106D000930169EB
:101A90009E969D960AC265F000016551120020EEE7
:101AA0003BF007D8DF8220EE45F003D83C0EDF6E16
:101AB0003C0C6551D9266651DA221200000120EE55
:101AC00038F06551D9266651DA22DECF67F0DDCFD6
:101AD00068F067A167B3010C000C000E4924D96EB1
:101AE000DA6A0C0EDA22AECFDFFF492AF90E49641A
:101AF00001D0496A472A120070C0D9FF71C0DAFFCD
:101B0000DF50010ED8B4000E72C0D9FF73C0DAFFE7
:101B1000DF6E12006CC065F06DC066F06EC067F0DD
:101B20006FC068F08FEC86F00009D8B4010C000C8F
:101B3000D9C1D9F1DAC1DAF1DBC1DBF1DCC1DCF109
:101B40002CEC85F0B495140E4CEF92F04650656F76
:101B5000666B6651D8A4010C6551010AD8B4000C1B
:101B6000030AD8B4020C010C06D8DFB6010C03D866
:101B7000DFB4010C000C20EE38F06551D926665117
:101B8000DA2212000001986B985155EC53F0982B13
:101B9000020E9865F9D7886B896B100EBFEF82F043
:101BA0008D0E706F030E716F7AC072F07BC073F090
:101BB0007CC074F07DC075F094EF59F06CBF05D017
:101BC0006BC06BF06CC06CF012006B1D6B6F6C1D0A
:101BD0006C6F6B4B6C2B12006FC020F170C021F149
:101BE00071C022F172C023F1070EA019D8B4E8EC3D
:101BF0007DF012000BC002F0046A020E036E1BECB3
:101C000090F0076A086A096A0A6A10EC90F0020C00
:101C10000BC002F0046A010E036E1BEC90F0076A21
:101C2000086A096A0A6A10EC90F0020C0BC002F014
:101C3000046A010E036E1BEC90F0076A086A096AD9
:101C40000A6A10EC90F0040C0BC002F0046A020E59
:101C5000036E1BEC90F0076A086A096A0A6A10ECC6
:101C600090F0040CB1A407D0B19003C0B3FF02C040
:101C7000B2FFB180120003C0B3FF02C0B2FF120076
:101C8000300E8B6F88C08CF089C08DF08AC08EF0CA
:101C90008B0EB2EC41F0CAEF55F00001986F9851ED
:101CA0002DEC6AF01BEC8CF00001886B896B430E05
:101CB000BFEF82F072C069F073C06AF069C0D9FFEB
:101CC0006AC0DAFF70C0DEFF71C0DDFF12000101E3
:101CD000B65109E067C065F068C066F009EC7EF0B7
:101CE000000901E0010C000C02EC93F0000908E08F
:101CF00083B483B201D0030C83B4020C83A2010C21
:101D0000000C898E898C000120EE3AF06B51D926A7
:101D10006C51ABEC89F0010E05EF90F00001886F7B
:101D20008C0E7F6F020E806F860E816F020E826FA7
:101D300088519CEF20F0676F00016751656F666BFB
:101D40006651D8A4000C6551010AD8B4010C000CEE
:101D500065C037F066C038F067C039F068C030F150
:101D600069C031F16AC032F112000001986F98C069
:101D700088F0896B800EBFEC82F098290101B56F65
:101D80001200950E656F030E666F70C067F071C02C
:101D900068F072C069F029EF62F070C065F071C040
:101DA00066F01AEC89F072C0D9FF73C0DAFF5FEFFA
:101DB0007DF00101ACA7000C530E00017A6F240ED8
:101DC00092EC6AF045EC8FF0010CC4C0B5F0C5C0D0
:101DD000B6F0C6C0B7F0C7C0B8F0C8C0B9F01EEFC3
:101DE00048F08F80000120EE3AF06B51D9266C51FB
:101DF00003EC8BF0010EFAEF8FF08F86000120EEDE
:101E00003AF06B51D9266C5115EC8BF0010E8AEF2C
:101E100090F00101714B722B7351715D74517259C5
:101E2000D8A01200716B726B1200D08EA2869F86B2
:101E3000F184A282D284D2889F8AA58A9F98A5988D
:101E400012006651030B636E65C062FF7F9C7F9E2C
:101E50007F80000000006150120001A202D054EF08
:101E600091F00087015101250001656F65C0C9FF30
:101E7000030C01A202D05CEF91F00087D8800135FD
:101E80000001656F65C0C9FF050C7AC06DF07BC0AD
:101E90006EF07CC06FF07DC070F07EC071F043EFDB
:101EA00054F0280E0001686F030E8EEC6DF0180ED2
:101EB0006C6F4CEC87F089EF91F0666F65C018F19C
:101EC00066C019F165C01AF166C01BF1B98800003F
:101ED000120007D8ADEC4BF0DECF65F0DDCF66F039
:101EE0001200010120EE02F0120007D8ADEC4BF019
:101EF000DECF65F0DDCF66F01200010120EE04F0C8
:101F0000120020EE4DF0B8EC3DF0DF6A20EE4EF00E
:101F1000B8EC3DF0DF6A120098C0D9FF99C0DAFF33
:101F2000DF50886F020E896F450EBFEF82F003010C
:101F30009B51995D0001656F03019C519A59000105
:101F4000666F12000001886F900E896F88C08AF05A
:101F5000890EB2EC41F0CAEF55F06AC065F06BC073
:101F600066F06CC067F06DC068F0020E04EF6CF0B4
:101F70006AC065F06BC066F06CC067F06DC068F059
:101F8000000E04EF6CF0020100A5120065C002F221
:101F900066C003F267C004F200951200676F00018B
:101FA0006751040DF3CF66F065510C0DF3506625B3
:101FB0001200666F010E0001656F665103E0660551
:101FC00001E0656B65511200930E9B6F8B6B91C0A6
:101FD0008CF092C08DF09B0E8E6F8AEF78F0D890C7
:101FE000010195EC62F0ADEC4BF0DECF79F1DDCF85
:101FF0007AF112006A6F6AC065F069C066F0010E7E
:102000000001676F020E3AEF82F06A6F6AC065F0F6
:1020100069C066F0010E0001676F000E3AEF82F0B2
:1020200007C002F008C003F009C004F00AC005F0C0
:10203000000EFFEF6CF0020100A5120002C002F2D8
:1020400003C003F204C004F200951200810E0001E7
:10205000666F210E676F696B050E686FF2EF77F0A0
:1020600098C0B2F199C0B3F10001886B896B830EFF
:10207000BFEF82F070C0D9FF71C0DAFF72C0E1FF1C
:1020800073C0E2FFC1EF50F000016E6F6E51D8B423
:102090001200368484EC80F004EF8DF06E6F000146
:1020A0006E51D8B41200368084EC80F004EF8DF0CD
:1020B00000016E6F6E51D8B41200368A84EC80F045
:1020C00004EF8DF08BC08BF08CC08CF0000E8CBFB9
:1020D000FF0E8D6F8E6F1200656F0001655103E07A
:1020E000898A89881200899A89981200C5AC04D01F
:1020F0000001656B652B02D00001656B6531120034
:1021000077C06EF078C06FF079C070F07AC071F06F
:102110007CEF4EF06A6F6AC065F069C066F0010E30
:102120000001676F3AEF82F070C065F071C066F031
:102130002BEC67F00101EB6F120024C165F025C1A3
:1021400066F026C167F027C168F0120000016F6FCA
:102150006DC069F06EC06AF06F5102EF82F0C6BACE
:102160001200C76A280EC66EC56A090EC86E090C31
:1021700020EE59F06651D9266751DA22DF5034EF4C
:1021800091F065B5010C65B7020C65B3030C65B140
:10219000040C000C17EC56F084EC7BF0886B896B18
:1021A000180EBFEF82F065C043F266C044F267C00C
:1021B00045F268C046F2120069C065F06AC066F078
:1021C0006BC067F08FEF7AF0600E0001886F880EA9
:1021D000B2EC41F0CAEF55F0010EB76FB96BB86BB6
:1021E000BA6B676B686B120081518211D8B4120010
:1021F0008107D8A0820712000001696F5D0E676F2A
:1022000069C068F0D0EF4FF02D0E00016525656FB5
:10221000000E6621666F12002B0E00016525656FAA
:10222000000E6621666F1200716F71C06DF070C094
:102230006EF0070EA6EF90F0716F71C06DF070C078
:102240006EF0020EA6EF90F0ACA1000C2CEC91F019
:10225000000901E0010C000CA051D8B4010C070EDC
:10226000A01901E1010C000C656F330E000165251A
:10227000A9EC81F0DF50120044EC91F067C065F0EA
:1022800068C066F055EF93F001D0870701018751D0
:10229000800A7F0FFAE21200465083EC6EF065C0B0
:1022A0007BF166C07CF1120002010087015101251B
:1022B000026E02C0C9FF030C02010087D8800135FD
:1022C000026E02C0C9FF050C546A576A586A556A03
:1022D000566A526A536A12007351741101E1120076
:1022E0001AEC76F0FDD70101B651010ED8A4000E0C
:1022F000B66F1200000E8AEC7EF0CFEC3CF0B0EF2F
:1023000068F06F6F6EC068F000016F51FCEF7FF0F6
:1023100000D00201986B996B9A6B9B6B1200666FF1
:1023200000016551030DF3506625120065C04BF1A5
:1023300066C04CF167C04DF1120065C04EF166C039
:102340004FF167C050F1120065C048F166C049F115
:1023500067C04AF1120065C042F166C043F167C030
:1023600044F1120065C045F166C046F167C047F10F
:10237000120065C050F266C051F267C052F21200FE
:1023800065C039F166C03AF167C03BF1120065C023
:102390003CF166C03DF167C03EF1120065C036F108
:1023A00066C037F167C038F1120065C03FF166C002
:1023B00040F167C041F1120001A202D00EEF93F08C
:1023C00008EC93F0090C01A202D011EF93F008EC95
:1023D00093F00A0C01A202D014EF93F0C59AC588BD
:1023E000050C01A202D0E6EF92F00097C586040C1E
:1023F00001A202D03AEF93F02AEC93F0000C01A274
:1024000002D03CEF93F02CEC93F0010C01A202D02F
:102410003EEF93F02CEC93F0020C01A202D040EFBF
:1024200093F02CEC93F0010C01A202D0EAEF92F0B1
:1024300000910A6B0E0CBBEC4BF0DECF65F0DDCFEC
:1024400066F01200656F01018F6B65C090F112009C
:102450000001886B896B840EBFEF82F05A0E000179
:10246000656F0A0E666F12000001666B010E656FE4
:10247000AAEF8CF00001666B020E656FAAEF8CF07C
:10248000F29EF29CD088D092FF001200F29EF29C45
:10249000D088D082FF0012000001656F65510101F4
:1024A0006513120074EC8EF0000901E0010C000CC1
:1024B000B70E0001656F010E666F1200070E010175
:1024C000A019D8B4010C000C0E0E0101826F100E81
:1024D000816F100C700ED36E646A9B6A2A6B1200B7
:1024E00001B2EEEF92F000910A6B0E0C640E000147
:1024F000656F060E666F1200EF0E656F200E666F39
:1025000088EF92F0FC0E656F200E666F88EF92F0F8
:1025100065C03EF066C03FF0EFEF8FF01C2B000E61
:102520001D231E231F23000C0001656F65C097F15A
:10253000120047C065F00001666B12000001656F74
:1025400065C0B1F11200000E656F040E666F1200D7
:10255000000E656F0A0E666F12000001666B656BF8
:10256000AAEF8CF00001696F6951CAEF81F0000198
:10257000686967693CEF91F0000EC1EC92F0B98494
:1025800012000001656F65C03BFF1200FFFF1027BE
:10259000016472041EEC93F0E4EF90F00101ACB121
:1025A000010C000C0101ACB9010C000C010E010181
:1025B000886F010C01A2050C050C050C01A2010C91
:1025C000010C010C01A2030C030C030C0201009787
:1025D000C586040C020100910A6B0E0C02010091E9
:1025E0000A6B0E0C0F01229922891200B9A4010C6A
:1025F000000C86B0010C000C80BE010C000C86B6ED
:10260000010C000C83A6010C000C000EEFEF64F02F
:10261000C58AC5881200706B716B1200C58AC588A7
:10262000090CC58AC5880A0CC59AC588050CAB98E3
:10263000AB88120055EF12F0BDEF5FF0C5EF71F0FF
:1026400061EF8BF0B0EF68F0B0EF68F088EF91F0D9
:102650005E501200C5841200C58212009E961200C0
:1026600051EF8FF0456A12000FEF71F03DEF81F0EE
:1026700065EF4BF0C584000CC582010CC582020CCD
:10268000C582010CA196120051EF4AF0B0EF61F043
:10269000C5EF89F08BEF8CF06DEF8DF0120012001A
:1026A00012001200120012001200FFD7050C010CDC
:1026B000030C120012001200120012001200FFFFA1
:1026C000FFFFFFFFFFFFFFFFFFFFFFFFFFFFFFFF1A
:1026D000FFFFFFFFFFFFFFFFFFFFFFFFFFFFFFFF0A
:1026E000FFFFFFFFFFFFFFFFFFFFFFFFFFFFFFFFFA
:1026F000FFFFFFFFFFFFFFFFFFFFFFFFFFFFFFFFEA
:10270000FFFFFFFFFFFFFFFFFFFFFFFFFFFFFFFFD9
:10271000FFFFFFFFFFFFFFFFFFFFFFFFFFFFFFFFC9
:10272000FFFFFFFFFFFFFFFFFFFFFFFFFFFFFFFFB9
:10273000FFFFFFFFFFFFFFFFFFFFFFFFFFFFFFFFA9
:10274000FFFFFFFFFFFFFFFFFFFFFFFFFFFFFFFF99
:10275000FFFFFFFFFFFFFFFFFFFFFFFFFFFFFFFF89
:10276000FFFFFFFFFFFFFFFFFFFFFFFFFFFFFFFF79
:10277000FFFFFFFFFFFFFFFFFFFFFFFFFFFFFFFF69
:10278000FFFFFFFFFFFFFFFFFFFFFFFFFFFFFFFF59
:10279000FFFFFFFFFFFFFFFFFFFFFFFFFFFFFFFF49
:1027A000FFFFFFFFFFFFFFFFFFFFFFFFFFFFFFFF39
:1027B000FFFFFFFFFFFFFFFFFFFFFFFFFFFFFFFF29
:1027C000FFFFFFFFFFFFFFFFFFFFFFFFFFFFFFFF19
:1027D000FFFFFFFFFFFFFFFFFFFFFFFFFFFFFFFF09
:1027E000FFFFFFFFFFFFFFFFFFFFFFFFFFFFFFFFF9
:1027F000FFFFFFFFFFFFFFFFFFFFFFFFFFFFFFFFE9
:10280000FFFFFFFFFFFFFFFFFFFFFFFFFFFFFFFFD8
:10281000FFFFFFFFFFFFFFFFFFFFFFFFFFFFFFFFC8
:10282000FFFFFFFFFFFFFFFFFFFFFFFFFFFFFFFFB8
:10283000FFFFFFFFFFFFFFFFFFFFFFFFFFFFFFFFA8
:10284000FFFFFFFFFFFFFFFFFFFFFFFFFFFFFFFF98
:10285000FFFFFFFFFFFFFFFFFFFFFFFFFFFFFFFF88
:10286000FFFFFFFFFFFFFFFFFFFFFFFFFFFFFFFF78
:10287000FFFFFFFFFFFFFFFFFFFFFFFFFFFFFFFF68
:10288000FFFFFFFFFFFFFFFFFFFFFFFFFFFFFFFF58
:10289000FFFFFFFFFFFFFFFFFFFFFFFFFFFFFFFF48
:1028A000FFFFFFFFFFFFFFFFFFFFFFFFFFFFFFFF38
:1028B000FFFFFFFFFFFFFFFFFFFFFFFFFFFFFFFF28
:1028C000FFFFFFFFFFFFFFFFFFFFFFFFFFFFFFFF18
:1028D000FFFFFFFFFFFFFFFFFFFFFFFFFFFFFFFF08
:1028E000FFFFFFFFFFFFFFFFFFFFFFFFFFFFFFFFF8
:1028F000FFFFFFFFFFFFFFFFFFFFFFFFFFFFFFFFE8
:10290000FFFFFFFFFFFFFFFFFFFFFFFFFFFFFFFFD7
:10291000FFFFFFFFFFFFFFFFFFFFFFFFFFFFFFFFC7
:10292000FFFFFFFFFFFFFFFFFFFFFFFFFFFFFFFFB7
:10293000FFFFFFFFFFFFFFFFFFFFFFFFFFFFFFFFA7
:10294000FFFFFFFFFFFFFFFFFFFFFFFFFFFFFFFF97
:10295000FFFFFFFFFFFFFFFFFFFFFFFFFFFFFFFF87
:10296000FFFFFFFFFFFFFFFFFFFFFFFFFFFFFFFF77
:10297000FFFFFFFFFFFFFFFFFFFFFFFFFFFFFFFF67
:10298000FFFFFFFFFFFFFFFFFFFFFFFFFFFFFFFF57
:10299000FFFFFFFFFFFFFFFFFFFFFFFFFFFFFFFF47
:1029A000FFFFFFFFFFFFFFFFFFFFFFFFFFFFFFFF37
:1029B000FFFFFFFFFFFFFFFFFFFFFFFFFFFFFFFF27
:1029C000FFFFFFFFFFFFFFFFFFFFFFFFFFFFFFFF17
:1029D000FFFFFFFFFFFFFFFFFFFFFFFFFFFFFFFF07
:1029E000FFFFFFFFFFFFFFFFFFFFFFFFFFFFFFFFF7
:1029F000FFFFFFFFFFFFFFFFFFFFFFFFFFFFFFFFE7
:102A0000FFFFFFFFFFFFFFFFFFFFFFFFFFFFFFFFD6
:102A1000FFFFFFFFFFFFFFFFFFFFFFFFFFFFFFFFC6
:102A2000FFFFFFFFFFFFFFFFFFFFFFFFFFFFFFFFB6
:102A3000FFFFFFFFFFFFFFFFFFFFFFFFFFFFFFFFA6
:102A4000FFFFFFFFFFFFFFFFFFFFFFFFFFFFFFFF96
:102A5000FFFFFFFFFFFFFFFFFFFFFFFFFFFFFFFF86
:102A6000FFFFFFFFFFFFFFFFFFFFFFFFFFFFFFFF76
:102A7000FFFFFFFFFFFFFFFFFFFFFFFFFFFFFFFF66
:102A8000FFFFFFFFFFFFFFFFFFFFFFFFFFFFFFFF56
:102A9000FFFFFFFFFFFFFFFFFFFFFFFFFFFFFFFF46
:102AA000FFFFFFFFFFFFFFFFFFFFFFFFFFFFFFFF36
:102AB000FFFFFFFFFFFFFFFFFFFFFFFFFFFFFFFF26
:102AC000FFFFFFFFFFFFFFFFFFFFFFFFFFFFFFFF16
:102AD000FFFFFFFFFFFFFFFFFFFFFFFFFFFFFFFF06
:102AE000FFFFFFFFFFFFFFFFFFFFFFFFFFFFFFFFF6
:102AF000FFFFFFFFFFFFFFFFFFFFFFFFFFFFFFFFE6
:102B0000FFFFFFFFFFFFFFFFFFFFFFFFFFFFFFFFD5
:102B1000FFFFFFFFFFFFFFFFFFFFFFFFFFFFFFFFC5
:102B2000FFFFFFFFFFFFFFFFFFFFFFFFFFFFFFFFB5
:102B3000FFFFFFFFFFFFFFFFFFFFFFFFFFFFFFFFA5
:102B4000FFFFFFFFFFFFFFFFFFFFFFFFFFFFFFFF95
:102B5000FFFFFFFFFFFFFFFFFFFFFFFFFFFFFFFF85
:102B6000FFFFFFFFFFFFFFFFFFFFFFFFFFFFFFFF75
:102B7000FFFFFFFFFFFFFFFFFFFFFFFFFFFFFFFF65
:102B8000FFFFFFFFFFFFFFFFFFFFFFFFFFFFFFFF55
:102B9000FFFFFFFFFFFFFFFFFFFFFFFFFFFFFFFF45
:102BA000FFFFFFFFFFFFFFFFFFFFFFFFFFFFFFFF35
:102BB000FFFFFFFFFFFFFFFFFFFFFFFFFFFFFFFF25
:102BC000FFFFFFFFFFFFFFFFFFFFFFFFFFFFFFFF15
:102BD000FFFFFFFFFFFFFFFFFFFFFFFFFFFFFFFF05
:102BE000FFFFFFFFFFFFFFFFFFFFFFFFFFFFFFFFF5
:102BF000FFFFFFFFFFFFFFFFFFFFFFFFFFFFFFFFE5
:102C0000FFFFFFFFFFFFFFFFFFFFFFFFFFFFFFFFD4
:102C1000FFFFFFFFFFFFFFFFFFFFFFFFFFFFFFFFC4
:102C2000FFFFFFFFFFFFFFFFFFFFFFFFFFFFFFFFB4
:102C3000FFFFFFFFFFFFFFFFFFFFFFFFFFFFFFFFA4
:102C4000FFFFFFFFFFFFFFFFFFFFFFFFFFFFFFFF94
:102C5000FFFFFFFFFFFFFFFFFFFFFFFFFFFFFFFF84
:102C6000FFFFFFFFFFFFFFFFFFFFFFFFFFFFFFFF74
:102C7000FFFFFFFFFFFFFFFFFFFFFFFFFFFFFFFF64
:102C8000FFFFFFFFFFFFFFFFFFFFFFFFFFFFFFFF54
:102C9000FFFFFFFFFFFFFFFFFFFFFFFFFFFFFFFF44
:102CA000FFFFFFFFFFFFFFFFFFFFFFFFFFFFFFFF34
:102CB000FFFFFFFFFFFFFFFFFFFFFFFFFFFFFFFF24
:102CC000FFFFFFFFFFFFFFFFFFFFFFFFFFFFFFFF14
:102CD000FFFFFFFFFFFFFFFFFFFFFFFFFFFFFFFF04
:102CE000FFFFFFFFFFFFFFFFFFFFFFFFFFFFFFFFF4
:102CF000FFFFFFFFFFFFFFFFFFFFFFFFFFFFFFFFE4
:102D0000FFFFFFFFFFFFFFFFFFFFFFFFFFFFFFFFD3
:102D1000FFFFFFFFFFFFFFFFFFFFFFFFFFFFFFFFC3
:102D2000FFFFFFFFFFFFFFFFFFFFFFFFFFFFFFFFB3
:102D3000FFFFFFFFFFFFFFFFFFFFFFFFFFFFFFFFA3
:102D4000FFFFFFFFFFFFFFFFFFFFFFFFFFFFFFFF93
:102D5000FFFFFFFFFFFFFFFFFFFFFFFFFFFFFFFF83
:102D6000FFFFFFFFFFFFFFFFFFFFFFFFFFFFFFFF73
:102D7000FFFFFFFFFFFFFFFFFFFFFFFFFFFFFFFF63
:102D8000FFFFFFFFFFFFFFFFFFFFFFFFFFFFFFFF53
:102D9000FFFFFFFFFFFFFFFFFFFFFFFFFFFFFFFF43
:102DA000FFFFFFFFFFFFFFFFFFFFFFFFFFFFFFFF33
:102DB000FFFFFFFFFFFFFFFFFFFFFFFFFFFFFFFF23
:102DC000FFFFFFFFFFFFFFFFFFFFFFFFFFFFFFFF13
:102DD000FFFFFFFFFFFFFFFFFFFFFFFFFFFFFFFF03
:102DE000FFFFFFFFFFFFFFFFFFFFFFFFFFFFFFFFF3
:102DF000FFFFFFFFFFFFFFFFFFFFFFFFFFFFFFFFE3
:102E0000FFFFFFFFFFFFFFFFFFFFFFFFFFFFFFFFD2
:102E1000FFFFFFFFFFFFFFFFFFFFFFFFFFFFFFFFC2
:102E2000FFFFFFFFFFFFFFFFFFFFFFFFFFFFFFFFB2
:102E3000FFFFFFFFFFFFFFFFFFFFFFFFFFFFFFFFA2
:102E4000FFFFFFFFFFFFFFFFFFFFFFFFFFFFFFFF92
:102E5000FFFFFFFFFFFFFFFFFFFFFFFFFFFFFFFF82
:102E6000FFFFFFFFFFFFFFFFFFFFFFFFFFFFFFFF72
:102E7000FFFFFFFFFFFFFFFFFFFFFFFFFFFFFFFF62
:102E8000FFFFFFFFFFFFFFFFFFFFFFFFFFFFFFFF52
:102E9000FFFFFFFFFFFFFFFFFFFFFFFFFFFFFFFF42
:102EA000FFFFFFFFFFFFFFFFFFFFFFFFFFFFFFFF32
:102EB000FFFFFFFFFFFFFFFFFFFFFFFFFFFFFFFF22
:102EC000FFFFFFFFFFFFFFFFFFFFFFFFFFFFFFFF12
:102ED000FFFFFFFFFFFFFFFFFFFFFFFFFFFFFFFF02
:102EE000FFFFFFFFFFFFFFFFFFFFFFFFFFFFFFFFF2
:102EF000FFFFFFFFFFFFFFFFFFFFFFFFFFFFFFFFE2
:102F0000FFFFFFFFFFFFFFFFFFFFFFFFFFFFFFFFD1
:102F1000FFFFFFFFFFFFFFFFFFFFFFFFFFFFFFFFC1
:102F2000FFFFFFFFFFFFFFFFFFFFFFFFFFFFFFFFB1
:102F3000FFFFFFFFFFFFFFFFFFFFFFFFFFFFFFFFA1
:102F4000FFFFFFFFFFFFFFFFFFFFFFFFFFFFFFFF91
:102F5000FFFFFFFFFFFFFFFFFFFFFFFFFFFFFFFF81
:102F6000FFFFFFFFFFFFFFFFFFFFFFFFFFFFFFFF71
:102F7000FFFFFFFFFFFFFFFFFFFFFFFFFFFFFFFF61
:102F8000FFFFFFFFFFFFFFFFFFFFFFFFFFFFFFFF51
:102F9000FFFFFFFFFFFFFFFFFFFFFFFFFFFFFFFF41
:102FA000FFFFFFFFFFFFFFFFFFFFFFFFFFFFFFFF31
:102FB000FFFFFFFFFFFFFFFFFFFFFFFFFFFFFFFF21
:102FC000FFFFFFFFFFFFFFFFFFFFFFFFFFFFFFFF11
:102FD000FFFFFFFFFFFFFFFFFFFFFFFFFFFFFFFF01
:102FE000FFFFFFFFFFFFFFFFFFFFFFFFFFFFFFFFF1
:102FF000FFFFFFFFFFFFFFFFFFFFFFFFFFFFFFFFE1
:10300000FFFFFFFFFFFFFFFFFFFFFFFFFFFFFFFFD0
:10301000FFFFFFFFFFFFFFFFFFFFFFFFFFFFFFFFC0
:10302000FFFFFFFFFFFFFFFFFFFFFFFFFFFFFFFFB0
:10303000FFFFFFFFFFFFFFFFFFFFFFFFFFFFFFFFA0
:10304000FFFFFFFFFFFFFFFFFFFFFFFFFFFFFFFF90
:10305000FFFFFFFFFFFFFFFFFFFFFFFFFFFFFFFF80
:10306000FFFFFFFFFFFFFFFFFFFFFFFFFFFFFFFF70
:10307000FFFFFFFFFFFFFFFFFFFFFFFFFFFFFFFF60
:10308000FFFFFFFFFFFFFFFFFFFFFFFFFFFFFFFF50
:10309000FFFFFFFFFFFFFFFFFFFFFFFFFFFFFFFF40
:1030A000FFFFFFFFFFFFFFFFFFFFFFFFFFFFFFFF30
:1030B000FFFFFFFFFFFFFFFFFFFFFFFFFFFFFFFF20
:1030C000FFFFFFFFFFFFFFFFFFFFFFFFFFFFFFFF10
:1030D000FFFFFFFFFFFFFFFFFFFFFFFFFFFFFFFF00
:1030E000FFFFFFFFFFFFFFFFFFFFFFFFFFFFFFFFF0
:1030F000FFFFFFFFFFFFFFFFFFFFFFFFFFFFFFFFE0
:10310000FFFFFFFFFFFFFFFFFFFFFFFFFFFFFFFFCF
:10311000FFFFFFFFFFFFFFFFFFFFFFFFFFFFFFFFBF
:10312000FFFFFFFFFFFFFFFFFFFFFFFFFFFFFFFFAF
:10313000FFFFFFFFFFFFFFFFFFFFFFFFFFFFFFFF9F
:10314000FFFFFFFFFFFFFFFFFFFFFFFFFFFFFFFF8F
:10315000FFFFFFFFFFFFFFFFFFFFFFFFFFFFFFFF7F
:10316000FFFFFFFFFFFFFFFFFFFFFFFFFFFFFFFF6F
:10317000FFFFFFFFFFFFFFFFFFFFFFFFFFFFFFFF5F
:10318000FFFFFFFFFFFFFFFFFFFFFFFFFFFFFFFF4F
:10319000FFFFFFFFFFFFFFFFFFFFFFFFFFFFFFFF3F
:1031A000FFFFFFFFFFFFFFFFFFFFFFFFFFFFFFFF2F
:1031B000FFFFFFFFFFFFFFFFFFFFFFFFFFFFFFFF1F
:1031C000FFFFFFFFFFFFFFFFFFFFFFFFFFFFFFFF0F
:1031D000FFFFFFFFFFFFFFFFFFFFFFFFFFFFFFFFFF
:1031E000FFFFFFFFFFFFFFFFFFFFFFFFFFFFFFFFEF
:1031F000FFFFFFFFFFFFFFFFFFFFFFFFFFFFFFFFDF
:10320000FFFFFFFFFFFFFFFFFFFFFFFFFFFFFFFFCE
:10321000FFFFFFFFFFFFFFFFFFFFFFFFFFFFFFFFBE
:10322000FFFFFFFFFFFFFFFFFFFFFFFFFFFFFFFFAE
:10323000FFFFFFFFFFFFFFFFFFFFFFFFFFFFFFFF9E
:10324000FFFFFFFFFFFFFFFFFFFFFFFFFFFFFFFF8E
:10325000FFFFFFFFFFFFFFFFFFFFFFFFFFFFFFFF7E
:10326000FFFFFFFFFFFFFFFFFFFFFFFFFFFFFFFF6E
:10327000FFFFFFFFFFFFFFFFFFFFFFFFFFFFFFFF5E
:10328000FFFFFFFFFFFFFFFFFFFFFFFFFFFFFFFF4E
:10329000FFFFFFFFFFFFFFFFFFFFFFFFFFFFFFFF3E
:1032A000FFFFFFFFFFFFFFFFFFFFFFFFFFFFFFFF2E
:1032B000FFFFFFFFFFFFFFFFFFFFFFFFFFFFFFFF1E
:1032C000FFFFFFFFFFFFFFFFFFFFFFFFFFFFFFFF0E
:1032D000FFFFFFFFFFFFFFFFFFFFFFFFFFFFFFFFFE
:1032E000FFFFFFFFFFFFFFFFFFFFFFFFFFFFFFFFEE
:1032F000FFFFFFFFFFFFFFFFFFFFFFFFFFFFFFFFDE
:10330000FFFFFFFFFFFFFFFFFFFFFFFFFFFFFFFFCD
:10331000FFFFFFFFFFFFFFFFFFFFFFFFFFFFFFFFBD
:10332000FFFFFFFFFFFFFFFFFFFFFFFFFFFFFFFFAD
:10333000FFFFFFFFFFFFFFFFFFFFFFFFFFFFFFFF9D
:10334000FFFFFFFFFFFFFFFFFFFFFFFFFFFFFFFF8D
:10335000FFFFFFFFFFFFFFFFFFFFFFFFFFFFFFFF7D
:10336000FFFFFFFFFFFFFFFFFFFFFFFFFFFFFFFF6D
:10337000FFFFFFFFFFFFFFFFFFFFFFFFFFFFFFFF5D
:10338000FFFFFFFFFFFFFFFFFFFFFFFFFFFFFFFF4D
:10339000FFFFFFFFFFFFFFFFFFFFFFFFFFFFFFFF3D
:1033A000FFFFFFFFFFFFFFFFFFFFFFFFFFFFFFFF2D
:1033B000FFFFFFFFFFFFFFFFFFFFFFFFFFFFFFFF1D
:1033C000FFFFFFFFFFFFFFFFFFFFFFFFFFFFFFFF0D
:1033D000FFFFFFFFFFFFFFFFFFFFFFFFFFFFFFFFFD
:1033E000FFFFFFFFFFFFFFFFFFFFFFFFFFFFFFFFED
:1033F000FFFFFFFFFFFFFFFFFFFFFFFFFFFFFFFFDD
:10340000FFFFFFFFFFFFFFFFFFFFFFFFFFFFFFFFCC
:10341000FFFFFFFFFFFFFFFFFFFFFFFFFFFFFFFFBC
:10342000FFFFFFFFFFFFFFFFFFFFFFFFFFFFFFFFAC
:10343000FFFFFFFFFFFFFFFFFFFFFFFFFFFFFFFF9C
:10344000FFFFFFFFFFFFFFFFFFFFFFFFFFFFFFFF8C
:10345000FFFFFFFFFFFFFFFFFFFFFFFFFFFFFFFF7C
:10346000FFFFFFFFFFFFFFFFFFFFFFFFFFFFFFFF6C
:10347000FFFFFFFFFFFFFFFFFFFFFFFFFFFFFFFF5C
:10348000FFFFFFFFFFFFFFFFFFFFFFFFFFFFFFFF4C
:10349000FFFFFFFFFFFFFFFFFFFFFFFFFFFFFFFF3C
:1034A000FFFFFFFFFFFFFFFFFFFFFFFFFFFFFFFF2C
:1034B000FFFFFFFFFFFFFFFFFFFFFFFFFFFFFFFF1C
:1034C000FFFFFFFFFFFFFFFFFFFFFFFFFFFFFFFF0C
:1034D000FFFFFFFFFFFFFFFFFFFFFFFFFFFFFFFFFC
:1034E000FFFFFFFFFFFFFFFFFFFFFFFFFFFFFFFFEC
:1034F000FFFFFFFFFFFFFFFFFFFFFFFFFFFFFFFFDC
:10350000FFFFFFFFFFFFFFFFFFFFFFFFFFFFFFFFCB
:10351000FFFFFFFFFFFFFFFFFFFFFFFFFFFFFFFFBB
:10352000FFFFFFFFFFFFFFFFFFFFFFFFFFFFFFFFAB
:10353000FFFFFFFFFFFFFFFFFFFFFFFFFFFFFFFF9B
:10354000FFFFFFFFFFFFFFFFFFFFFFFFFFFFFFFF8B
:10355000FFFFFFFFFFFFFFFFFFFFFFFFFFFFFFFF7B
:10356000FFFFFFFFFFFFFFFFFFFFFFFFFFFFFFFF6B
:10357000FFFFFFFFFFFFFFFFFFFFFFFFFFFFFFFF5B
:10358000FFFFFFFFFFFFFFFFFFFFFFFFFFFFFFFF4B
:10359000FFFFFFFFFFFFFFFFFFFFFFFFFFFFFFFF3B
:1035A000FFFFFFFFFFFFFFFFFFFFFFFFFFFFFFFF2B
:1035B000FFFFFFFFFFFFFFFFFFFFFFFFFFFFFFFF1B
:1035C000FFFFFFFFFFFFFFFFFFFFFFFFFFFFFFFF0B
:1035D000FFFFFFFFFFFFFFFFFFFFFFFFFFFFFFFFFB
:1035E000FFFFFFFFFFFFFFFFFFFFFFFFFFFFFFFFEB
:1035F000FFFFFFFFFFFFFFFFFFFFFFFFFFFFFFFFDB
:10360000FFFFFFFFFFFFFFFFFFFFFFFFFFFFFFFFCA
:10361000FFFFFFFFFFFFFFFFFFFFFFFFFFFFFFFFBA
:10362000FFFFFFFFFFFFFFFFFFFFFFFFFFFFFFFFAA
:10363000FFFFFFFFFFFFFFFFFFFFFFFFFFFFFFFF9A
:10364000FFFFFFFFFFFFFFFFFFFFFFFFFFFFFFFF8A
:10365000FFFFFFFFFFFFFFFFFFFFFFFFFFFFFFFF7A
:10366000FFFFFFFFFFFFFFFFFFFFFFFFFFFFFFFF6A
:10367000FFFFFFFFFFFFFFFFFFFFFFFFFFFFFFFF5A
:10368000FFFFFFFFFFFFFFFFFFFFFFFFFFFFFFFF4A
:10369000FFFFFFFFFFFFFFFFFFFFFFFFFFFFFFFF3A
:1036A000FFFFFFFFFFFFFFFFFFFFFFFFFFFFFFFF2A
:1036B000FFFFFFFFFFFFFFFFFFFFFFFFFFFFFFFF1A
:1036C000FFFFFFFFFFFFFFFFFFFFFFFFFFFFFFFF0A
:1036D000FFFFFFFFFFFFFFFFFFFFFFFFFFFFFFFFFA
:1036E000FFFFFFFFFFFFFFFFFFFFFFFFFFFFFFFFEA
:1036F000FFFFFFFFFFFFFFFFFFFFFFFFFFFFFFFFDA
:10370000FFFFFFFFFFFFFFFFFFFFFFFFFFFFFFFFC9
:10371000FFFFFFFFFFFFFFFFFFFFFFFFFFFFFFFFB9
:10372000FFFFFFFFFFFFFFFFFFFFFFFFFFFFFFFFA9
:10373000FFFFFFFFFFFFFFFFFFFFFFFFFFFFFFFF99
:10374000FFFFFFFFFFFFFFFFFFFFFFFFFFFFFFFF89
:10375000FFFFFFFFFFFFFFFFFFFFFFFFFFFFFFFF79
:10376000FFFFFFFFFFFFFFFFFFFFFFFFFFFFFFFF69
:10377000FFFFFFFFFFFFFFFFFFFFFFFFFFFFFFFF59
:10378000FFFFFFFFFFFFFFFFFFFFFFFFFFFFFFFF49
:10379000FFFFFFFFFFFFFFFFFFFFFFFFFFFFFFFF39
:1037A000FFFFFFFFFFFFFFFFFFFFFFFFFFFFFFFF29
:1037B000FFFFFFFFFFFFFFFFFFFFFFFFFFFFFFFF19
:1037C000FFFFFFFFFFFFFFFFFFFFFFFFFFFFFFFF09
:1037D000FFFFFFFFFFFFFFFFFFFFFFFFFFFFFFFFF9
:1037E000FFFFFFFFFFFFFFFFFFFFFFFFFFFFFFFFE9
:1037F000FFFFFFFFFFFFFFFFFFFFFFFFFFFFFFFFD9
:10380000FFFFFFFFFFFFFFFFFFFFFFFFFFFFFFFFC8
:10381000FFFFFFFFFFFFFFFFFFFFFFFFFFFFFFFFB8
:10382000FFFFFFFFFFFFFFFFFFFFFFFFFFFFFFFFA8
:10383000FFFFFFFFFFFFFFFFFFFFFFFFFFFFFFFF98
:10384000FFFFFFFFFFFFFFFFFFFFFFFFFFFFFFFF88
:10385000FFFFFFFFFFFFFFFFFFFFFFFFFFFFFFFF78
:10386000FFFFFFFFFFFFFFFFFFFFFFFFFFFFFFFF68
:10387000FFFFFFFFFFFFFFFFFFFFFFFFFFFFFFFF58
:10388000FFFFFFFFFFFFFFFFFFFFFFFFFFFFFFFF48
:10389000FFFFFFFFFFFFFFFFFFFFFFFFFFFFFFFF38
:1038A000FFFFFFFFFFFFFFFFFFFFFFFFFFFFFFFF28
:1038B000FFFFFFFFFFFFFFFFFFFFFFFFFFFFFFFF18
:1038C000FFFFFFFFFFFFFFFFFFFFFFFFFFFFFFFF08
:1038D000FFFFFFFFFFFFFFFFFFFFFFFFFFFFFFFFF8
:1038E000FFFFFFFFFFFFFFFFFFFFFFFFFFFFFFFFE8
:1038F000FFFFFFFFFFFFFFFFFFFFFFFFFFFFFFFFD8
:10390000FFFFFFFFFFFFFFFFFFFFFFFFFFFFFFFFC7
:10391000FFFFFFFFFFFFFFFFFFFFFFFFFFFFFFFFB7
:10392000FFFFFFFFFFFFFFFFFFFFFFFFFFFFFFFFA7
:10393000FFFFFFFFFFFFFFFFFFFFFFFFFFFFFFFF97
:10394000FFFFFFFFFFFFFFFFFFFFFFFFFFFFFFFF87
:10395000FFFFFFFFFFFFFFFFFFFFFFFFFFFFFFFF77
:10396000FFFFFFFFFFFFFFFFFFFFFFFFFFFFFFFF67
:10397000FFFFFFFFFFFFFFFFFFFFFFFFFFFFFFFF57
:10398000FFFFFFFFFFFFFFFFFFFFFFFFFFFFFFFF47
:10399000FFFFFFFFFFFFFFFFFFFFFFFFFFFFFFFF37
:1039A000FFFFFFFFFFFFFFFFFFFFFFFFFFFFFFFF27
:1039B000FFFFFFFFFFFFFFFFFFFFFFFFFFFFFFFF17
:1039C000FFFFFFFFFFFFFFFFFFFFFFFFFFFFFFFF07
:1039D000FFFFFFFFFFFFFFFFFFFFFFFFFFFFFFFFF7
:1039E000FFFFFFFFFFFFFFFFFFFFFFFFFFFFFFFFE7
:1039F000FFFFFFFFFFFFFFFFFFFFFFFFFFFFFFFFD7
:103A0000FFFFFFFFFFFFFFFFFFFFFFFFFFFFFFFFC6
:103A1000FFFFFFFFFFFFFFFFFFFFFFFFFFFFFFFFB6
:103A2000FFFFFFFFFFFFFFFFFFFFFFFFFFFFFFFFA6
:103A3000FFFFFFFFFFFFFFFFFFFFFFFFFFFFFFFF96
:103A4000FFFFFFFFFFFFFFFFFFFFFFFFFFFFFFFF86
:103A5000FFFFFFFFFFFFFFFFFFFFFFFFFFFFFFFF76
:103A6000FFFFFFFFFFFFFFFFFFFFFFFFFFFFFFFF66
:103A7000FFFFFFFFFFFFFFFFFFFFFFFFFFFFFFFF56
:103A8000FFFFFFFFFFFFFFFFFFFFFFFFFFFFFFFF46
:103A9000FFFFFFFFFFFFFFFFFFFFFFFFFFFFFFFF36
:103AA000FFFFFFFFFFFFFFFFFFFFFFFFFFFFFFFF26
:103AB000FFFFFFFFFFFFFFFFFFFFFFFFFFFFFFFF16
:103AC000FFFFFFFFFFFFFFFFFFFFFFFFFFFFFFFF06
:103AD000FFFFFFFFFFFFFFFFFFFFFFFFFFFFFFFFF6
:103AE000FFFFFFFFFFFFFFFFFFFFFFFFFFFFFFFFE6
:103AF000FFFFFFFFFFFFFFFFFFFFFFFFFFFFFFFFD6
:103B0000FFFFFFFFFFFFFFFFFFFFFFFFFFFFFFFFC5
:103B1000FFFFFFFFFFFFFFFFFFFFFFFFFFFFFFFFB5
:103B2000FFFFFFFFFFFFFFFFFFFFFFFFFFFFFFFFA5
:103B3000FFFFFFFFFFFFFFFFFFFFFFFFFFFFFFFF95
:103B4000FFFFFFFFFFFFFFFFFFFFFFFFFFFFFFFF85
:103B5000FFFFFFFFFFFFFFFFFFFFFFFFFFFFFFFF75
:103B6000FFFFFFFFFFFFFFFFFFFFFFFFFFFFFFFF65
:103B7000FFFFFFFFFFFFFFFFFFFFFFFFFFFFFFFF55
:103B8000FFFFFFFFFFFFFFFFFFFFFFFFFFFFFFFF45
:103B9000FFFFFFFFFFFFFFFFFFFFFFFFFFFFFFFF35
:103BA000FFFFFFFFFFFFFFFFFFFFFFFFFFFFFFFF25
:103BB000FFFFFFFFFFFFFFFFFFFFFFFFFFFFFFFF15
:103BC000FFFFFFFFFFFFFFFFFFFFFFFFFFFFFFFF05
:103BD000FFFFFFFFFFFFFFFFFFFFFFFFFFFFFFFFF5
:103BE000FFFFFFFFFFFFFFFFFFFFFFFFFFFFFFFFE5
:103BF000FFFFFFFFFFFFFFFFFFFFFFFFFFFFFFFFD5
:103C0000FFFFFFFFFFFFFFFFFFFFFFFFFFFFFFFFC4
:103C1000FFFFFFFFFFFFFFFFFFFFFFFFFFFFFFFFB4
:103C2000FFFFFFFFFFFFFFFFFFFFFFFFFFFFFFFFA4
:103C3000FFFFFFFFFFFFFFFFFFFFFFFFFFFFFFFF94
:103C4000FFFFFFFFFFFFFFFFFFFFFFFFFFFFFFFF84
:103C5000FFFFFFFFFFFFFFFFFFFFFFFFFFFFFFFF74
:103C6000FFFFFFFFFFFFFFFFFFFFFFFFFFFFFFFF64
:103C7000FFFFFFFFFFFFFFFFFFFFFFFFFFFFFFFF54
:103C8000FFFFFFFFFFFFFFFFFFFFFFFFFFFFFFFF44
:103C9000FFFFFFFFFFFFFFFFFFFFFFFFFFFFFFFF34
:103CA000FFFFFFFFFFFFFFFFFFFFFFFFFFFFFFFF24
:103CB000FFFFFFFFFFFFFFFFFFFFFFFFFFFFFFFF14
:103CC000FFFFFFFFFFFFFFFFFFFFFFFFFFFFFFFF04
:103CD000FFFFFFFFFFFFFFFFFFFFFFFFFFFFFFFFF4
:103CE000FFFFFFFFFFFFFFFFFFFFFFFFFFFFFFFFE4
:103CF000FFFFFFFFFFFFFFFFFFFFFFFFFFFFFFFFD4
:103D0000FFFFFFFFFFFFFFFFFFFFFFFFFFFFFFFFC3
:103D1000FFFFFFFFFFFFFFFFFFFFFFFFFFFFFFFFB3
:103D2000FFFFFFFFFFFFFFFFFFFFFFFFFFFFFFFFA3
:103D3000FFFFFFFFFFFFFFFFFFFFFFFFFFFFFFFF93
:103D4000FFFFFFFFFFFFFFFFFFFFFFFFFFFFFFFF83
:103D5000FFFFFFFFFFFFFFFFFFFFFFFFFFFFFFFF73
:103D6000FFFFFFFFFFFFFFFFFFFFFFFFFFFFFFFF63
:103D7000FFFFFFFFFFFFFFFFFFFFFFFFFFFFFFFF53
:103D8000FFFFFFFFFFFFFFFFFFFFFFFFFFFFFFFF43
:103D9000FFFFFFFFFFFFFFFFFFFFFFFFFFFFFFFF33
:103DA000FFFFFFFFFFFFFFFFFFFFFFFFFFFFFFFF23
:103DB000FFFFFFFFFFFFFFFFFFFFFFFFFFFFFFFF13
:103DC000FFFFFFFFFFFFFFFFFFFFFFFFFFFFFFFF03
:103DD000FFFFFFFFFFFFFFFFFFFFFFFFFFFFFFFFF3
:103DE000FFFFFFFFFFFFFFFFFFFFFFFFFFFFFFFFE3
:103DF000FFFFFFFFFFFFFFFFFFFFFFFFFFFFFFFFD3
:103E0000FFFFFFFFFFFFFFFFFFFFFFFFFFFFFFFFC2
:103E1000FFFFFFFFFFFFFFFFFFFFFFFFFFFFFFFFB2
:103E2000FFFFFFFFFFFFFFFFFFFFFFFFFFFFFFFFA2
:103E3000FFFFFFFFFFFFFFFFFFFFFFFFFFFFFFFF92
:103E4000FFFFFFFFFFFFFFFFFFFFFFFFFFFFFFFF82
:103E5000FFFFFFFFFFFFFFFFFFFFFFFFFFFFFFFF72
:103E6000FFFFFFFFFFFFFFFFFFFFFFFFFFFFFFFF62
:103E7000FFFFFFFFFFFFFFFFFFFFFFFFFFFFFFFF52
:103E8000FFFFFFFFFFFFFFFFFFFFFFFFFFFFFFFF42
:103E9000FFFFFFFFFFFFFFFFFFFFFFFFFFFFFFFF32
:103EA000FFFFFFFFFFFFFFFFFFFFFFFFFFFFFFFF22
:103EB000FFFFFFFFFFFFFFFFFFFFFFFFFFFFFFFF12
:103EC000FFFFFFFFFFFFFFFFFFFFFFFFFFFFFFFF02
:103ED000FFFFFFFFFFFFFFFFFFFFFFFFFFFFFFFFF2
:103EE000FFFFFFFFFFFFFFFFFFFFFFFFFFFFFFFFE2
:103EF000FFFFFFFFFFFFFFFFFFFFFFFFFFFFFFFFD2
:103F0000FFFFFFFFFFFFFFFFFFFFFFFFFFFFFFFFC1
:103F1000FFFFFFFFFFFFFFFFFFFFFFFFFFFFFFFFB1
:103F2000FFFFFFFFFFFFFFFFFFFFFFFFFFFFFFFFA1
:103F3000FFFFFFFFFFFFFFFFFFFFFFFFFFFFFFFF91
:103F4000FFFFFFFFFFFFFFFFFFFFFFFFFFFFFFFF81
:103F5000FFFFFFFFFFFFFFFFFFFFFFFFFFFFFFFF71
:103F6000FFFFFFFFFFFFFFFFFFFFFFFFFFFFFFFF61
:103F7000FFFFFFFFFFFFFFFFFFFFFFFFFFFFFFFF51
:103F8000FFFFFFFFFFFFFFFFFFFFFFFFFFFFFFFF41
:103F9000FFFFFFFFFFFFFFFFFFFFFFFFFFFFFFFF31
:103FA000FFFFFFFFFFFFFFFFFFFFFFFFFFFFFFFF21
:103FB000FFFFFFFFFFFFFFFFFFFFFFFFFFFFFFFF11
:103FC000FFFFFFFFFFFFFFFFFFFFFFFFFFFFFFFF01
:103FD000FFFFFFFFFFFFFFFFFFFFFFFFFFFFFFFFF1
:103FE000FFFFFFFFFFFFFFFFFFFFFFFFFFFFFFFFE1
:103FF000FFFFFFFFFFFFFFFFFFFFFFFFFFFFFFFFD1
:10400000FFFFFFFFFFFFFFFFFFFFFFFFFFFFFFFFC0
:10401000FFFFFFFFFFFFFFFFFFFFFFFFFFFFFFFFB0
:10402000FFFFFFFFFFFFFFFFFFFFFFFFFFFFFFFFA0
:10403000FFFFFFFFFFFFFFFFFFFFFFFFFFFFFFFF90
:10404000FFFFFFFFFFFFFFFFFFFFFFFFFFFFFFFF80
:10405000FFFFFFFFFFFFFFFFFFFFFFFFFFFFFFFF70
:10406000FFFFFFFFFFFFFFFFFFFFFFFFFFFFFFFF60
:10407000FFFFFFFFFFFFFFFFFFFFFFFFFFFFFFFF50
:10408000FFFFFFFFFFFFFFFFFFFFFFFFFFFFFFFF40
:10409000FFFFFFFFFFFFFFFFFFFFFFFFFFFFFFFF30
:1040A000FFFFFFFFFFFFFFFFFFFFFFFFFFFFFFFF20
:1040B000FFFFFFFFFFFFFFFFFFFFFFFFFFFFFFFF10
:1040C000FFFFFFFFFFFFFFFFFFFFFFFFFFFFFFFF00
:1040D000FFFFFFFFFFFFFFFFFFFFFFFFFFFFFFFFF0
:1040E000FFFFFFFFFFFFFFFFFFFFFFFFFFFFFFFFE0
:1040F000FFFFFFFFFFFFFFFFFFFFFFFFFFFFFFFFD0
:10410000FFFFFFFFFFFFFFFFFFFFFFFFFFFFFFFFBF
:10411000FFFFFFFFFFFFFFFFFFFFFFFFFFFFFFFFAF
:10412000FFFFFFFFFFFFFFFFFFFFFFFFFFFFFFFF9F
:10413000FFFFFFFFFFFFFFFFFFFFFFFFFFFFFFFF8F
:10414000FFFFFFFFFFFFFFFFFFFFFFFFFFFFFFFF7F
:10415000FFFFFFFFFFFFFFFFFFFFFFFFFFFFFFFF6F
:10416000FFFFFFFFFFFFFFFFFFFFFFFFFFFFFFFF5F
:10417000FFFFFFFFFFFFFFFFFFFFFFFFFFFFFFFF4F
:10418000FFFFFFFFFFFFFFFFFFFFFFFFFFFFFFFF3F
:10419000FFFFFFFFFFFFFFFFFFFFFFFFFFFFFFFF2F
:1041A000FFFFFFFFFFFFFFFFFFFFFFFFFFFFFFFF1F
:1041B000FFFFFFFFFFFFFFFFFFFFFFFFFFFFFFFF0F
:1041C000FFFFFFFFFFFFFFFFFFFFFFFFFFFFFFFFFF
:1041D000FFFFFFFFFFFFFFFFFFFFFFFFFFFFFFFFEF
:1041E000FFFFFFFFFFFFFFFFFFFFFFFFFFFFFFFFDF
:1041F000FFFFFFFFFFFFFFFFFFFFFFFFFFFFFFFFCF
:10420000FFFFFFFFFFFFFFFFFFFFFFFFFFFFFFFFBE
:10421000FFFFFFFFFFFFFFFFFFFFFFFFFFFFFFFFAE
:10422000FFFFFFFFFFFFFFFFFFFFFFFFFFFFFFFF9E
:10423000FFFFFFFFFFFFFFFFFFFFFFFFFFFFFFFF8E
:10424000FFFFFFFFFFFFFFFFFFFFFFFFFFFFFFFF7E
:10425000FFFFFFFFFFFFFFFFFFFFFFFFFFFFFFFF6E
:10426000FFFFFFFFFFFFFFFFFFFFFFFFFFFFFFFF5E
:10427000FFFFFFFFFFFFFFFFFFFFFFFFFFFFFFFF4E
:10428000FFFFFFFFFFFFFFFFFFFFFFFFFFFFFFFF3E
:10429000FFFFFFFFFFFFFFFFFFFFFFFFFFFFFFFF2E
:1042A000FFFFFFFFFFFFFFFFFFFFFFFFFFFFFFFF1E
:1042B000FFFFFFFFFFFFFFFFFFFFFFFFFFFFFFFF0E
:1042C000FFFFFFFFFFFFFFFFFFFFFFFFFFFFFFFFFE
:1042D000FFFFFFFFFFFFFFFFFFFFFFFFFFFFFFFFEE
:1042E000FFFFFFFFFFFFFFFFFFFFFFFFFFFFFFFFDE
:1042F000FFFFFFFFFFFFFFFFFFFFFFFFFFFFFFFFCE
:10430000FFFFFFFFFFFFFFFFFFFFFFFFFFFFFFFFBD
:10431000FFFFFFFFFFFFFFFFFFFFFFFFFFFFFFFFAD
:10432000FFFFFFFFFFFFFFFFFFFFFFFFFFFFFFFF9D
:10433000FFFFFFFFFFFFFFFFFFFFFFFFFFFFFFFF8D
:10434000FFFFFFFFFFFFFFFFFFFFFFFFFFFFFFFF7D
:10435000FFFFFFFFFFFFFFFFFFFFFFFFFFFFFFFF6D
:10436000FFFFFFFFFFFFFFFFFFFFFFFFFFFFFFFF5D
:10437000FFFFFFFFFFFFFFFFFFFFFFFFFFFFFFFF4D
:10438000FFFFFFFFFFFFFFFFFFFFFFFFFFFFFFFF3D
:10439000FFFFFFFFFFFFFFFFFFFFFFFFFFFFFFFF2D
:1043A000FFFFFFFFFFFFFFFFFFFFFFFFFFFFFFFF1D
:1043B000FFFFFFFFFFFFFFFFFFFFFFFFFFFFFFFF0D
:1043C000FFFFFFFFFFFFFFFFFFFFFFFFFFFFFFFFFD
:1043D000FFFFFFFFFFFFFFFFFFFFFFFFFFFFFFFFED
:1043E000FFFFFFFFFFFFFFFFFFFFFFFFFFFFFFFFDD
:1043F000FFFFFFFFFFFFFFFFFFFFFFFFFFFFFFFFCD
:10440000FFFFFFFFFFFFFFFFFFFFFFFFFFFFFFFFBC
:10441000FFFFFFFFFFFFFFFFFFFFFFFFFFFFFFFFAC
:10442000FFFFFFFFFFFFFFFFFFFFFFFFFFFFFFFF9C
:10443000FFFFFFFFFFFFFFFFFFFFFFFFFFFFFFFF8C
:10444000FFFFFFFFFFFFFFFFFFFFFFFFFFFFFFFF7C
:10445000FFFFFFFFFFFFFFFFFFFFFFFFFFFFFFFF6C
:10446000FFFFFFFFFFFFFFFFFFFFFFFFFFFFFFFF5C
:10447000FFFFFFFFFFFFFFFFFFFFFFFFFFFFFFFF4C
:10448000FFFFFFFFFFFFFFFFFFFFFFFFFFFFFFFF3C
:10449000FFFFFFFFFFFFFFFFFFFFFFFFFFFFFFFF2C
:1044A000FFFFFFFFFFFFFFFFFFFFFFFFFFFFFFFF1C
:1044B000FFFFFFFFFFFFFFFFFFFFFFFFFFFFFFFF0C
:1044C000FFFFFFFFFFFFFFFFFFFFFFFFFFFFFFFFFC
:1044D000FFFFFFFFFFFFFFFFFFFFFFFFFFFFFFFFEC
:1044E000FFFFFFFFFFFFFFFFFFFFFFFFFFFFFFFFDC
:1044F000FFFFFFFFFFFFFFFFFFFFFFFFFFFFFFFFCC
:10450000FFFFFFFFFFFFFFFFFFFFFFFFFFFFFFFFBB
:10451000FFFFFFFFFFFFFFFFFFFFFFFFFFFFFFFFAB
:10452000FFFFFFFFFFFFFFFFFFFFFFFFFFFFFFFF9B
:10453000FFFFFFFFFFFFFFFFFFFFFFFFFFFFFFFF8B
:10454000FFFFFFFFFFFFFFFFFFFFFFFFFFFFFFFF7B
:10455000FFFFFFFFFFFFFFFFFFFFFFFFFFFFFFFF6B
:10456000FFFFFFFFFFFFFFFFFFFFFFFFFFFFFFFF5B
:10457000FFFFFFFFFFFFFFFFFFFFFFFFFFFFFFFF4B
:10458000FFFFFFFFFFFFFFFFFFFFFFFFFFFFFFFF3B
:10459000FFFFFFFFFFFFFFFFFFFFFFFFFFFFFFFF2B
:1045A000FFFFFFFFFFFFFFFFFFFFFFFFFFFFFFFF1B
:1045B000FFFFFFFFFFFFFFFFFFFFFFFFFFFFFFFF0B
:1045C000FFFFFFFFFFFFFFFFFFFFFFFFFFFFFFFFFB
:1045D000FFFFFFFFFFFFFFFFFFFFFFFFFFFFFFFFEB
:1045E000FFFFFFFFFFFFFFFFFFFFFFFFFFFFFFFFDB
:1045F000FFFFFFFFFFFFFFFFFFFFFFFFFFFFFFFFCB
:10460000FFFFFFFFFFFFFFFFFFFFFFFFFFFFFFFFBA
:10461000FFFFFFFFFFFFFFFFFFFFFFFFFFFFFFFFAA
:10462000FFFFFFFFFFFFFFFFFFFFFFFFFFFFFFFF9A
:10463000FFFFFFFFFFFFFFFFFFFFFFFFFFFFFFFF8A
:10464000FFFFFFFFFFFFFFFFFFFFFFFFFFFFFFFF7A
:10465000FFFFFFFFFFFFFFFFFFFFFFFFFFFFFFFF6A
:10466000FFFFFFFFFFFFFFFFFFFFFFFFFFFFFFFF5A
:10467000FFFFFFFFFFFFFFFFFFFFFFFFFFFFFFFF4A
:10468000FFFFFFFFFFFFFFFFFFFFFFFFFFFFFFFF3A
:10469000FFFFFFFFFFFFFFFFFFFFFFFFFFFFFFFF2A
:1046A000FFFFFFFFFFFFFFFFFFFFFFFFFFFFFFFF1A
:1046B000FFFFFFFFFFFFFFFFFFFFFFFFFFFFFFFF0A
:1046C000FFFFFFFFFFFFFFFFFFFFFFFFFFFFFFFFFA
:1046D000FFFFFFFFFFFFFFFFFFFFFFFFFFFFFFFFEA
:1046E000FFFFFFFFFFFFFFFFFFFFFFFFFFFFFFFFDA
:1046F000FFFFFFFFFFFFFFFFFFFFFFFFFFFFFFFFCA
:10470000FFFFFFFFFFFFFFFFFFFFFFFFFFFFFFFFB9
:10471000FFFFFFFFFFFFFFFFFFFFFFFFFFFFFFFFA9
:10472000FFFFFFFFFFFFFFFFFFFFFFFFFFFFFFFF99
:10473000FFFFFFFFFFFFFFFFFFFFFFFFFFFFFFFF89
:10474000FFFFFFFFFFFFFFFFFFFFFFFFFFFFFFFF79
:10475000FFFFFFFFFFFFFFFFFFFFFFFFFFFFFFFF69
:10476000FFFFFFFFFFFFFFFFFFFFFFFFFFFFFFFF59
:10477000FFFFFFFFFFFFFFFFFFFFFFFFFFFFFFFF49
:10478000FFFFFFFFFFFFFFFFFFFFFFFFFFFFFFFF39
:10479000FFFFFFFFFFFFFFFFFFFFFFFFFFFFFFFF29
:1047A000FFFFFFFFFFFFFFFFFFFFFFFFFFFFFFFF19
:1047B000FFFFFFFFFFFFFFFFFFFFFFFFFFFFFFFF09
:1047C000FFFFFFFFFFFFFFFFFFFFFFFFFFFFFFFFF9
:1047D000FFFFFFFFFFFFFFFFFFFFFFFFFFFFFFFFE9
:1047E000FFFFFFFFFFFFFFFFFFFFFFFFFFFFFFFFD9
:1047F000FFFFFFFFFFFFFFFFFFFFFFFFFFFFFFFFC9
:10480000FFFFFFFFFFFFFFFFFFFFFFFFFFFFFFFFB8
:10481000FFFFFFFFFFFFFFFFFFFFFFFFFFFFFFFFA8
:10482000FFFFFFFFFFFFFFFFFFFFFFFFFFFFFFFF98
:10483000FFFFFFFFFFFFFFFFFFFFFFFFFFFFFFFF88
:10484000FFFFFFFFFFFFFFFFFFFFFFFFFFFFFFFF78
:10485000FFFFFFFFFFFFFFFFFFFFFFFFFFFFFFFF68
:10486000FFFFFFFFFFFFFFFFFFFFFFFFFFFFFFFF58
:10487000FFFFFFFFFFFFFFFFFFFFFFFFFFFFFFFF48
:10488000FFFFFFFFFFFFFFFFFFFFFFFFFFFFFFFF38
:10489000FFFFFFFFFFFFFFFFFFFFFFFFFFFFFFFF28
:1048A000FFFFFFFFFFFFFFFFFFFFFFFFFFFFFFFF18
:1048B000FFFFFFFFFFFFFFFFFFFFFFFFFFFFFFFF08
:1048C000FFFFFFFFFFFFFFFFFFFFFFFFFFFFFFFFF8
:1048D000FFFFFFFFFFFFFFFFFFFFFFFFFFFFFFFFE8
:1048E000FFFFFFFFFFFFFFFFFFFFFFFFFFFFFFFFD8
:1048F000FFFFFFFFFFFFFFFFFFFFFFFFFFFFFFFFC8
:10490000FFFFFFFFFFFFFFFFFFFFFFFFFFFFFFFFB7
:10491000FFFFFFFFFFFFFFFFFFFFFFFFFFFFFFFFA7
:10492000FFFFFFFFFFFFFFFFFFFFFFFFFFFFFFFF97
:10493000FFFFFFFFFFFFFFFFFFFFFFFFFFFFFFFF87
:10494000FFFFFFFFFFFFFFFFFFFFFFFFFFFFFFFF77
:10495000FFFFFFFFFFFFFFFFFFFFFFFFFFFFFFFF67
:10496000FFFFFFFFFFFFFFFFFFFFFFFFFFFFFFFF57
:10497000FFFFFFFFFFFFFFFFFFFFFFFFFFFFFFFF47
:10498000FFFFFFFFFFFFFFFFFFFFFFFFFFFFFFFF37
:10499000FFFFFFFFFFFFFFFFFFFFFFFFFFFFFFFF27
:1049A000FFFFFFFFFFFFFFFFFFFFFFFFFFFFFFFF17
:1049B000FFFFFFFFFFFFFFFFFFFFFFFFFFFFFFFF07
:1049C000FFFFFFFFFFFFFFFFFFFFFFFFFFFFFFFFF7
:1049D000FFFFFFFFFFFFFFFFFFFFFFFFFFFFFFFFE7
:1049E000FFFFFFFFFFFFFFFFFFFFFFFFFFFFFFFFD7
:1049F000FFFFFFFFFFFFFFFFFFFFFFFFFFFFFFFFC7
:104A0000FFFFFFFFFFFFFFFFFFFFFFFFFFFFFFFFB6
:104A1000FFFFFFFFFFFFFFFFFFFFFFFFFFFFFFFFA6
:104A2000FFFFFFFFFFFFFFFFFFFFFFFFFFFFFFFF96
:104A3000FFFFFFFFFFFFFFFFFFFFFFFFFFFFFFFF86
:104A4000FFFFFFFFFFFFFFFFFFFFFFFFFFFFFFFF76
:104A5000FFFFFFFFFFFFFFFFFFFFFFFFFFFFFFFF66
:104A6000FFFFFFFFFFFFFFFFFFFFFFFFFFFFFFFF56
:104A7000FFFFFFFFFFFFFFFFFFFFFFFFFFFFFFFF46
:104A8000FFFFFFFFFFFFFFFFFFFFFFFFFFFFFFFF36
:104A9000FFFFFFFFFFFFFFFFFFFFFFFFFFFFFFFF26
:104AA000FFFFFFFFFFFFFFFFFFFFFFFFFFFFFFFF16
:104AB000FFFFFFFFFFFFFFFFFFFFFFFFFFFFFFFF06
:104AC000FFFFFFFFFFFFFFFFFFFFFFFFFFFFFFFFF6
:104AD000FFFFFFFFFFFFFFFFFFFFFFFFFFFFFFFFE6
:104AE000FFFFFFFFFFFFFFFFFFFFFFFFFFFFFFFFD6
:104AF000FFFFFFFFFFFFFFFFFFFFFFFFFFFFFFFFC6
:104B0000FFFFFFFFFFFFFFFFFFFFFFFFFFFFFFFFB5
:104B1000FFFFFFFFFFFFFFFFFFFFFFFFFFFFFFFFA5
:104B2000FFFFFFFFFFFFFFFFFFFFFFFFFFFFFFFF95
:104B3000FFFFFFFFFFFFFFFFFFFFFFFFFFFFFFFF85
:104B4000FFFFFFFFFFFFFFFFFFFFFFFFFFFFFFFF75
:104B5000FFFFFFFFFFFFFFFFFFFFFFFFFFFFFFFF65
:104B6000FFFFFFFFFFFFFFFFFFFFFFFFFFFFFFFF55
:104B7000FFFFFFFFFFFFFFFFFFFFFFFFFFFFFFFF45
:104B8000FFFFFFFFFFFFFFFFFFFFFFFFFFFFFFFF35
:104B9000FFFFFFFFFFFFFFFFFFFFFFFFFFFFFFFF25
:104BA000FFFFFFFFFFFFFFFFFFFFFFFFFFFFFFFF15
:104BB000FFFFFFFFFFFFFFFFFFFFFFFFFFFFFFFF05
:104BC000FFFFFFFFFFFFFFFFFFFFFFFFFFFFFFFFF5
:104BD000FFFFFFFFFFFFFFFFFFFFFFFFFFFFFFFFE5
:104BE000FFFFFFFFFFFFFFFFFFFFFFFFFFFFFFFFD5
:104BF000FFFFFFFFFFFFFFFFFFFFFFFFFFFFFFFFC5
:104C0000FFFFFFFFFFFFFFFFFFFFFFFFFFFFFFFFB4
:104C1000FFFFFFFFFFFFFFFFFFFFFFFFFFFFFFFFA4
:104C2000FFFFFFFFFFFFFFFFFFFFFFFFFFFFFFFF94
:104C3000FFFFFFFFFFFFFFFFFFFFFFFFFFFFFFFF84
:104C4000FFFFFFFFFFFFFFFFFFFFFFFFFFFFFFFF74
:104C5000FFFFFFFFFFFFFFFFFFFFFFFFFFFFFFFF64
:104C6000FFFFFFFFFFFFFFFFFFFFFFFFFFFFFFFF54
:104C7000FFFFFFFFFFFFFFFFFFFFFFFFFFFFFFFF44
:104C8000FFFFFFFFFFFFFFFFFFFFFFFFFFFFFFFF34
:104C9000FFFFFFFFFFFFFFFFFFFFFFFFFFFFFFFF24
:104CA000FFFFFFFFFFFFFFFFFFFFFFFFFFFFFFFF14
:104CB000FFFFFFFFFFFFFFFFFFFFFFFFFFFFFFFF04
:104CC000FFFFFFFFFFFFFFFFFFFFFFFFFFFFFFFFF4
:104CD000FFFFFFFFFFFFFFFFFFFFFFFFFFFFFFFFE4
:104CE000FFFFFFFFFFFFFFFFFFFFFFFFFFFFFFFFD4
:104CF000FFFFFFFFFFFFFFFFFFFFFFFFFFFFFFFFC4
:104D0000FFFFFFFFFFFFFFFFFFFFFFFFFFFFFFFFB3
:104D1000FFFFFFFFFFFFFFFFFFFFFFFFFFFFFFFFA3
:104D2000FFFFFFFFFFFFFFFFFFFFFFFFFFFFFFFF93
:104D3000FFFFFFFFFFFFFFFFFFFFFFFFFFFFFFFF83
:104D4000FFFFFFFFFFFFFFFFFFFFFFFFFFFFFFFF73
:104D5000FFFFFFFFFFFFFFFFFFFFFFFFFFFFFFFF63
:104D6000FFFFFFFFFFFFFFFFFFFFFFFFFFFFFFFF53
:104D7000FFFFFFFFFFFFFFFFFFFFFFFFFFFFFFFF43
:104D8000FFFFFFFFFFFFFFFFFFFFFFFFFFFFFFFF33
:104D9000FFFFFFFFFFFFFFFFFFFFFFFFFFFFFFFF23
:104DA000FFFFFFFFFFFFFFFFFFFFFFFFFFFFFFFF13
:104DB000FFFFFFFFFFFFFFFFFFFFFFFFFFFFFFFF03
:104DC000FFFFFFFFFFFFFFFFFFFFFFFFFFFFFFFFF3
:104DD000FFFFFFFFFFFFFFFFFFFFFFFFFFFFFFFFE3
:104DE000FFFFFFFFFFFFFFFFFFFFFFFFFFFFFFFFD3
:104DF000FFFFFFFFFFFFFFFFFFFFFFFFFFFFFFFFC3
:104E0000FFFFFFFFFFFFFFFFFFFFFFFFFFFFFFFFB2
:104E1000FFFFFFFFFFFFFFFFFFFFFFFFFFFFFFFFA2
:104E2000FFFFFFFFFFFFFFFFFFFFFFFFFFFFFFFF92
:104E3000FFFFFFFFFFFFFFFFFFFFFFFFFFFFFFFF82
:104E4000FFFFFFFFFFFFFFFFFFFFFFFFFFFFFFFF72
:104E5000FFFFFFFFFFFFFFFFFFFFFFFFFFFFFFFF62
:104E6000FFFFFFFFFFFFFFFFFFFFFFFFFFFFFFFF52
:104E7000FFFFFFFFFFFFFFFFFFFFFFFFFFFFFFFF42
:104E8000FFFFFFFFFFFFFFFFFFFFFFFFFFFFFFFF32
:104E9000FFFFFFFFFFFFFFFFFFFFFFFFFFFFFFFF22
:104EA000FFFFFFFFFFFFFFFFFFFFFFFFFFFFFFFF12
:104EB000FFFFFFFFFFFFFFFFFFFFFFFFFFFFFFFF02
:104EC000FFFFFFFFFFFFFFFFFFFFFFFFFFFFFFFFF2
:104ED000FFFFFFFFFFFFFFFFFFFFFFFFFFFFFFFFE2
:104EE000FFFFFFFFFFFFFFFFFFFFFFFFFFFFFFFFD2
:104EF000FFFFFFFFFFFFFFFFFFFFFFFFFFFFFFFFC2
:104F0000FFFFFFFFFFFFFFFFFFFFFFFFFFFFFFFFB1
:104F1000FFFFFFFFFFFFFFFFFFFFFFFFFFFFFFFFA1
:104F2000FFFFFFFFFFFFFFFFFFFFFFFFFFFFFFFF91
:104F3000FFFFFFFFFFFFFFFFFFFFFFFFFFFFFFFF81
:104F4000FFFFFFFFFFFFFFFFFFFFFFFFFFFFFFFF71
:104F5000FFFFFFFFFFFFFFFFFFFFFFFFFFFFFFFF61
:104F6000FFFFFFFFFFFFFFFFFFFFFFFFFFFFFFFF51
:104F7000FFFFFFFFFFFFFFFFFFFFFFFFFFFFFFFF41
:104F8000FFFFFFFFFFFFFFFFFFFFFFFFFFFFFFFF31
:104F9000FFFFFFFFFFFFFFFFFFFFFFFFFFFFFFFF21
:104FA000FFFFFFFFFFFFFFFFFFFFFFFFFFFFFFFF11
:104FB000FFFFFFFFFFFFFFFFFFFFFFFFFFFFFFFF01
:104FC000FFFFFFFFFFFFFFFFFFFFFFFFFFFFFFFFF1
:104FD000FFFFFFFFFFFFFFFFFFFFFFFFFFFFFFFFE1
:104FE000FFFFFFFFFFFFFFFFFFFFFFFFFFFFFFFFD1
:104FF000FFFFFFFFFFFFFFFFFFFFFFFFFFFFFFFFC1
:10500000FFFFFFFFFFFFFFFFFFFFFFFFFFFFFFFFB0
:10501000FFFFFFFFFFFFFFFFFFFFFFFFFFFFFFFFA0
:10502000FFFFFFFFFFFFFFFFFFFFFFFFFFFFFFFF90
:10503000FFFFFFFFFFFFFFFFFFFFFFFFFFFFFFFF80
:10504000FFFFFFFFFFFFFFFFFFFFFFFFFFFFFFFF70
:10505000FFFFFFFFFFFFFFFFFFFFFFFFFFFFFFFF60
:10506000FFFFFFFFFFFFFFFFFFFFFFFFFFFFFFFF50
:10507000FFFFFFFFFFFFFFFFFFFFFFFFFFFFFFFF40
:10508000FFFFFFFFFFFFFFFFFFFFFFFFFFFFFFFF30
:10509000FFFFFFFFFFFFFFFFFFFFFFFFFFFFFFFF20
:1050A000FFFFFFFFFFFFFFFFFFFFFFFFFFFFFFFF10
:1050B000FFFFFFFFFFFFFFFFFFFFFFFFFFFFFFFF00
:1050C000FFFFFFFFFFFFFFFFFFFFFFFFFFFFFFFFF0
:1050D000FFFFFFFFFFFFFFFFFFFFFFFFFFFFFFFFE0
:1050E000FFFFFFFFFFFFFFFFFFFFFFFFFFFFFFFFD0
:1050F000FFFFFFFFFFFFFFFFFFFFFFFFFFFFFFFFC0
:10510000FFFFFFFFFFFFFFFFFFFFFFFFFFFFFFFFAF
:10511000FFFFFFFFFFFFFFFFFFFFFFFFFFFFFFFF9F
:10512000FFFFFFFFFFFFFFFFFFFFFFFFFFFFFFFF8F
:10513000FFFFFFFFFFFFFFFFFFFFFFFFFFFFFFFF7F
:10514000FFFFFFFFFFFFFFFFFFFFFFFFFFFFFFFF6F
:10515000FFFFFFFFFFFFFFFFFFFFFFFFFFFFFFFF5F
:10516000FFFFFFFFFFFFFFFFFFFFFFFFFFFFFFFF4F
:10517000FFFFFFFFFFFFFFFFFFFFFFFFFFFFFFFF3F
:10518000FFFFFFFFFFFFFFFFFFFFFFFFFFFFFFFF2F
:10519000FFFFFFFFFFFFFFFFFFFFFFFFFFFFFFFF1F
:1051A000FFFFFFFFFFFFFFFFFFFFFFFFFFFFFFFF0F
:1051B000FFFFFFFFFFFFFFFFFFFFFFFFFFFFFFFFFF
:1051C000FFFFFFFFFFFFFFFFFFFFFFFFFFFFFFFFEF
:1051D000FFFFFFFFFFFFFFFFFFFFFFFFFFFFFFFFDF
:1051E000FFFFFFFFFFFFFFFFFFFFFFFFFFFFFFFFCF
:1051F000FFFFFFFFFFFFFFFFFFFFFFFFFFFFFFFFBF
:10520000FFFFFFFFFFFFFFFFFFFFFFFFFFFFFFFFAE
:10521000FFFFFFFFFFFFFFFFFFFFFFFFFFFFFFFF9E
:10522000FFFFFFFFFFFFFFFFFFFFFFFFFFFFFFFF8E
:10523000FFFFFFFFFFFFFFFFFFFFFFFFFFFFFFFF7E
:10524000FFFFFFFFFFFFFFFFFFFFFFFFFFFFFFFF6E
:10525000FFFFFFFFFFFFFFFFFFFFFFFFFFFFFFFF5E
:10526000FFFFFFFFFFFFFFFFFFFFFFFFFFFFFFFF4E
:10527000FFFFFFFFFFFFFFFFFFFFFFFFFFFFFFFF3E
:10528000FFFFFFFFFFFFFFFFFFFFFFFFFFFFFFFF2E
:10529000FFFFFFFFFFFFFFFFFFFFFFFFFFFFFFFF1E
:1052A000FFFFFFFFFFFFFFFFFFFFFFFFFFFFFFFF0E
:1052B000FFFFFFFFFFFFFFFFFFFFFFFFFFFFFFFFFE
:1052C000FFFFFFFFFFFFFFFFFFFFFFFFFFFFFFFFEE
:1052D000FFFFFFFFFFFFFFFFFFFFFFFFFFFFFFFFDE
:1052E000FFFFFFFFFFFFFFFFFFFFFFFFFFFFFFFFCE
:1052F000FFFFFFFFFFFFFFFFFFFFFFFFFFFFFFFFBE
:10530000FFFFFFFFFFFFFFFFFFFFFFFFFFFFFFFFAD
:10531000FFFFFFFFFFFFFFFFFFFFFFFFFFFFFFFF9D
:10532000FFFFFFFFFFFFFFFFFFFFFFFFFFFFFFFF8D
:10533000FFFFFFFFFFFFFFFFFFFFFFFFFFFFFFFF7D
:10534000FFFFFFFFFFFFFFFFFFFFFFFFFFFFFFFF6D
:10535000FFFFFFFFFFFFFFFFFFFFFFFFFFFFFFFF5D
:10536000FFFFFFFFFFFFFFFFFFFFFFFFFFFFFFFF4D
:10537000FFFFFFFFFFFFFFFFFFFFFFFFFFFFFFFF3D
:10538000FFFFFFFFFFFFFFFFFFFFFFFFFFFFFFFF2D
:10539000FFFFFFFFFFFFFFFFFFFFFFFFFFFFFFFF1D
:1053A000FFFFFFFFFFFFFFFFFFFFFFFFFFFFFFFF0D
:1053B000FFFFFFFFFFFFFFFFFFFFFFFFFFFFFFFFFD
:1053C000FFFFFFFFFFFFFFFFFFFFFFFFFFFFFFFFED
:1053D000FFFFFFFFFFFFFFFFFFFFFFFFFFFFFFFFDD
:1053E000FFFFFFFFFFFFFFFFFFFFFFFFFFFFFFFFCD
:1053F000FFFFFFFFFFFFFFFFFFFFFFFFFFFFFFFFBD
:10540000FFFFFFFFFFFFFFFFFFFFFFFFFFFFFFFFAC
:10541000FFFFFFFFFFFFFFFFFFFFFFFFFFFFFFFF9C
:10542000FFFFFFFFFFFFFFFFFFFFFFFFFFFFFFFF8C
:10543000FFFFFFFFFFFFFFFFFFFFFFFFFFFFFFFF7C
:10544000FFFFFFFFFFFFFFFFFFFFFFFFFFFFFFFF6C
:10545000FFFFFFFFFFFFFFFFFFFFFFFFFFFFFFFF5C
:10546000FFFFFFFFFFFFFFFFFFFFFFFFFFFFFFFF4C
:10547000FFFFFFFFFFFFFFFFFFFFFFFFFFFFFFFF3C
:10548000FFFFFFFFFFFFFFFFFFFFFFFFFFFFFFFF2C
:10549000FFFFFFFFFFFFFFFFFFFFFFFFFFFFFFFF1C
:1054A000FFFFFFFFFFFFFFFFFFFFFFFFFFFFFFFF0C
:1054B000FFFFFFFFFFFFFFFFFFFFFFFFFFFFFFFFFC
:1054C000FFFFFFFFFFFFFFFFFFFFFFFFFFFFFFFFEC
:1054D000FFFFFFFFFFFFFFFFFFFFFFFFFFFFFFFFDC
:1054E000FFFFFFFFFFFFFFFFFFFFFFFFFFFFFFFFCC
:1054F000FFFFFFFFFFFFFFFFFFFFFFFFFFFFFFFFBC
:10550000FFFFFFFFFFFFFFFFFFFFFFFFFFFFFFFFAB
:10551000FFFFFFFFFFFFFFFFFFFFFFFFFFFFFFFF9B
:10552000FFFFFFFFFFFFFFFFFFFFFFFFFFFFFFFF8B
:10553000FFFFFFFFFFFFFFFFFFFFFFFFFFFFFFFF7B
:10554000FFFFFFFFFFFFFFFFFFFFFFFFFFFFFFFF6B
:10555000FFFFFFFFFFFFFFFFFFFFFFFFFFFFFFFF5B
:10556000FFFFFFFFFFFFFFFFFFFFFFFFFFFFFFFF4B
:10557000FFFFFFFFFFFFFFFFFFFFFFFFFFFFFFFF3B
:10558000FFFFFFFFFFFFFFFFFFFFFFFFFFFFFFFF2B
:10559000FFFFFFFFFFFFFFFFFFFFFFFFFFFFFFFF1B
:1055A000FFFFFFFFFFFFFFFFFFFFFFFFFFFFFFFF0B
:1055B000FFFFFFFFFFFFFFFFFFFFFFFFFFFFFFFFFB
:1055C000FFFFFFFFFFFFFFFFFFFFFFFFFFFFFFFFEB
:1055D000FFFFFFFFFFFFFFFFFFFFFFFFFFFFFFFFDB
:1055E000FFFFFFFFFFFFFFFFFFFFFFFFFFFFFFFFCB
:1055F000FFFFFFFFFFFFFFFFFFFFFFFFFFFFFFFFBB
:10560000FFFFFFFFFFFFFFFFFFFFFFFFFFFFFFFFAA
:10561000FFFFFFFFFFFFFFFFFFFFFFFFFFFFFFFF9A
:10562000FFFFFFFFFFFFFFFFFFFFFFFFFFFFFFFF8A
:10563000FFFFFFFFFFFFFFFFFFFFFFFFFFFFFFFF7A
:10564000FFFFFFFFFFFFFFFFFFFFFFFFFFFFFFFF6A
:10565000FFFFFFFFFFFFFFFFFFFFFFFFFFFFFFFF5A
:10566000FFFFFFFFFFFFFFFFFFFFFFFFFFFFFFFF4A
:10567000FFFFFFFFFFFFFFFFFFFFFFFFFFFFFFFF3A
:10568000FFFFFFFFFFFFFFFFFFFFFFFFFFFFFFFF2A
:10569000FFFFFFFFFFFFFFFFFFFFFFFFFFFFFFFF1A
:1056A000FFFFFFFFFFFFFFFFFFFFFFFFFFFFFFFF0A
:1056B000FFFFFFFFFFFFFFFFFFFFFFFFFFFFFFFFFA
:1056C000FFFFFFFFFFFFFFFFFFFFFFFFFFFFFFFFEA
:1056D000FFFFFFFFFFFFFFFFFFFFFFFFFFFFFFFFDA
:1056E000FFFFFFFFFFFFFFFFFFFFFFFFFFFFFFFFCA
:1056F000FFFFFFFFFFFFFFFFFFFFFFFFFFFFFFFFBA
:10570000FFFFFFFFFFFFFFFFFFFFFFFFFFFFFFFFA9
:10571000FFFFFFFFFFFFFFFFFFFFFFFFFFFFFFFF99
:10572000FFFFFFFFFFFFFFFFFFFFFFFFFFFFFFFF89
:10573000FFFFFFFFFFFFFFFFFFFFFFFFFFFFFFFF79
:10574000FFFFFFFFFFFFFFFFFFFFFFFFFFFFFFFF69
:10575000FFFFFFFFFFFFFFFFFFFFFFFFFFFFFFFF59
:10576000FFFFFFFFFFFFFFFFFFFFFFFFFFFFFFFF49
:10577000FFFFFFFFFFFFFFFFFFFFFFFFFFFFFFFF39
:10578000FFFFFFFFFFFFFFFFFFFFFFFFFFFFFFFF29
:10579000FFFFFFFFFFFFFFFFFFFFFFFFFFFFFFFF19
:1057A000FFFFFFFFFFFFFFFFFFFFFFFFFFFFFFFF09
:1057B000FFFFFFFFFFFFFFFFFFFFFFFFFFFFFFFFF9
:1057C000FFFFFFFFFFFFFFFFFFFFFFFFFFFFFFFFE9
:1057D000FFFFFFFFFFFFFFFFFFFFFFFFFFFFFFFFD9
:1057E000FFFFFFFFFFFFFFFFFFFFFFFFFFFFFFFFC9
:1057F000FFFFFFFFFFFFFFFFFFFFFFFFFFFFFFFFB9
:10580000FFFFFFFFFFFFFFFFFFFFFFFFFFFFFFFFA8
:10581000FFFFFFFFFFFFFFFFFFFFFFFFFFFFFFFF98
:10582000FFFFFFFFFFFFFFFFFFFFFFFFFFFFFFFF88
:10583000FFFFFFFFFFFFFFFFFFFFFFFFFFFFFFFF78
:10584000FFFFFFFFFFFFFFFFFFFFFFFFFFFFFFFF68
:10585000FFFFFFFFFFFFFFFFFFFFFFFFFFFFFFFF58
:10586000FFFFFFFFFFFFFFFFFFFFFFFFFFFFFFFF48
:10587000FFFFFFFFFFFFFFFFFFFFFFFFFFFFFFFF38
:10588000FFFFFFFFFFFFFFFFFFFFFFFFFFFFFFFF28
:10589000FFFFFFFFFFFFFFFFFFFFFFFFFFFFFFFF18
:1058A000FFFFFFFFFFFFFFFFFFFFFFFFFFFFFFFF08
:1058B000FFFFFFFFFFFFFFFFFFFFFFFFFFFFFFFFF8
:1058C000FFFFFFFFFFFFFFFFFFFFFFFFFFFFFFFFE8
:1058D000FFFFFFFFFFFFFFFFFFFFFFFFFFFFFFFFD8
:1058E000FFFFFFFFFFFFFFFFFFFFFFFFFFFFFFFFC8
:1058F000FFFFFFFFFFFFFFFFFFFFFFFFFFFFFFFFB8
:10590000FFFFFFFFFFFFFFFFFFFFFFFFFFFFFFFFA7
:10591000FFFFFFFFFFFFFFFFFFFFFFFFFFFFFFFF97
:10592000FFFFFFFFFFFFFFFFFFFFFFFFFFFFFFFF87
:10593000FFFFFFFFFFFFFFFFFFFFFFFFFFFFFFFF77
:10594000FFFFFFFFFFFFFFFFFFFFFFFFFFFFFFFF67
:10595000FFFFFFFFFFFFFFFFFFFFFFFFFFFFFFFF57
:10596000FFFFFFFFFFFFFFFFFFFFFFFFFFFFFFFF47
:10597000FFFFFFFFFFFFFFFFFFFFFFFFFFFFFFFF37
:10598000FFFFFFFFFFFFFFFFFFFFFFFFFFFFFFFF27
:10599000FFFFFFFFFFFFFFFFFFFFFFFFFFFFFFFF17
:1059A000FFFFFFFFFFFFFFFFFFFFFFFFFFFFFFFF07
:1059B000FFFFFFFFFFFFFFFFFFFFFFFFFFFFFFFFF7
:1059C000FFFFFFFFFFFFFFFFFFFFFFFFFFFFFFFFE7
:1059D000FFFFFFFFFFFFFFFFFFFFFFFFFFFFFFFFD7
:1059E000FFFFFFFFFFFFFFFFFFFFFFFFFFFFFFFFC7
:1059F000FFFFFFFFFFFFFFFFFFFFFFFFFFFFFFFFB7
:105A0000FFFFFFFFFFFFFFFFFFFFFFFFFFFFFFFFA6
:105A1000FFFFFFFFFFFFFFFFFFFFFFFFFFFFFFFF96
:105A2000FFFFFFFFFFFFFFFFFFFFFFFFFFFFFFFF86
:105A3000FFFFFFFFFFFFFFFFFFFFFFFFFFFFFFFF76
:105A4000FFFFFFFFFFFFFFFFFFFFFFFFFFFFFFFF66
:105A5000FFFFFFFFFFFFFFFFFFFFFFFFFFFFFFFF56
:105A6000FFFFFFFFFFFFFFFFFFFFFFFFFFFFFFFF46
:105A7000FFFFFFFFFFFFFFFFFFFFFFFFFFFFFFFF36
:105A8000FFFFFFFFFFFFFFFFFFFFFFFFFFFFFFFF26
:105A9000FFFFFFFFFFFFFFFFFFFFFFFFFFFFFFFF16
:105AA000FFFFFFFFFFFFFFFFFFFFFFFFFFFFFFFF06
:105AB000FFFFFFFFFFFFFFFFFFFFFFFFFFFFFFFFF6
:105AC000FFFFFFFFFFFFFFFFFFFFFFFFFFFFFFFFE6
:105AD000FFFFFFFFFFFFFFFFFFFFFFFFFFFFFFFFD6
:105AE000FFFFFFFFFFFFFFFFFFFFFFFFFFFFFFFFC6
:105AF000FFFFFFFFFFFFFFFFFFFFFFFFFFFFFFFFB6
:105B0000FFFFFFFFFFFFFFFFFFFFFFFFFFFFFFFFA5
:105B1000FFFFFFFFFFFFFFFFFFFFFFFFFFFFFFFF95
:105B2000FFFFFFFFFFFFFFFFFFFFFFFFFFFFFFFF85
:105B3000FFFFFFFFFFFFFFFFFFFFFFFFFFFFFFFF75
:105B4000FFFFFFFFFFFFFFFFFFFFFFFFFFFFFFFF65
:105B5000FFFFFFFFFFFFFFFFFFFFFFFFFFFFFFFF55
:105B6000FFFFFFFFFFFFFFFFFFFFFFFFFFFFFFFF45
:105B7000FFFFFFFFFFFFFFFFFFFFFFFFFFFFFFFF35
:105B8000FFFFFFFFFFFFFFFFFFFFFFFFFFFFFFFF25
:105B9000FFFFFFFFFFFFFFFFFFFFFFFFFFFFFFFF15
:105BA000FFFFFFFFFFFFFFFFFFFFFFFFFFFFFFFF05
:105BB000FFFFFFFFFFFFFFFFFFFFFFFFFFFFFFFFF5
:105BC000FFFFFFFFFFFFFFFFFFFFFFFFFFFFFFFFE5
:105BD000FFFFFFFFFFFFFFFFFFFFFFFFFFFFFFFFD5
:105BE000FFFFFFFFFFFFFFFFFFFFFFFFFFFFFFFFC5
:105BF000FFFFFFFFFFFFFFFFFFFFFFFFFFFFFFFFB5
:105C0000FFFFFFFFFFFFFFFFFFFFFFFFFFFFFFFFA4
:105C1000FFFFFFFFFFFFFFFFFFFFFFFFFFFFFFFF94
:105C2000FFFFFFFFFFFFFFFFFFFFFFFFFFFFFFFF84
:105C3000FFFFFFFFFFFFFFFFFFFFFFFFFFFFFFFF74
:105C4000FFFFFFFFFFFFFFFFFFFFFFFFFFFFFFFF64
:105C5000FFFFFFFFFFFFFFFFFFFFFFFFFFFFFFFF54
:105C6000FFFFFFFFFFFFFFFFFFFFFFFFFFFFFFFF44
:105C7000FFFFFFFFFFFFFFFFFFFFFFFFFFFFFFFF34
:105C8000FFFFFFFFFFFFFFFFFFFFFFFFFFFFFFFF24
:105C9000FFFFFFFFFFFFFFFFFFFFFFFFFFFFFFFF14
:105CA000FFFFFFFFFFFFFFFFFFFFFFFFFFFFFFFF04
:105CB000FFFFFFFFFFFFFFFFFFFFFFFFFFFFFFFFF4
:105CC000FFFFFFFFFFFFFFFFFFFFFFFFFFFFFFFFE4
:105CD000FFFFFFFFFFFFFFFFFFFFFFFFFFFFFFFFD4
:105CE000FFFFFFFFFFFFFFFFFFFFFFFFFFFFFFFFC4
:105CF000FFFFFFFFFFFFFFFFFFFFFFFFFFFFFFFFB4
:105D0000FFFFFFFFFFFFFFFFFFFFFFFFFFFFFFFFA3
:105D1000FFFFFFFFFFFFFFFFFFFFFFFFFFFFFFFF93
:105D2000FFFFFFFFFFFFFFFFFFFFFFFFFFFFFFFF83
:105D3000FFFFFFFFFFFFFFFFFFFFFFFFFFFFFFFF73
:105D4000FFFFFFFFFFFFFFFFFFFFFFFFFFFFFFFF63
:105D5000FFFFFFFFFFFFFFFFFFFFFFFFFFFFFFFF53
:105D6000FFFFFFFFFFFFFFFFFFFFFFFFFFFFFFFF43
:105D7000FFFFFFFFFFFFFFFFFFFFFFFFFFFFFFFF33
:105D8000FFFFFFFFFFFFFFFFFFFFFFFFFFFFFFFF23
:105D9000FFFFFFFFFFFFFFFFFFFFFFFFFFFFFFFF13
:105DA000FFFFFFFFFFFFFFFFFFFFFFFFFFFFFFFF03
:105DB000FFFFFFFFFFFFFFFFFFFFFFFFFFFFFFFFF3
:105DC000FFFFFFFFFFFFFFFFFFFFFFFFFFFFFFFFE3
:105DD000FFFFFFFFFFFFFFFFFFFFFFFFFFFFFFFFD3
:105DE000FFFFFFFFFFFFFFFFFFFFFFFFFFFFFFFFC3
:105DF000FFFFFFFFFFFFFFFFFFFFFFFFFFFFFFFFB3
:105E0000FFFFFFFFFFFFFFFFFFFFFFFFFFFFFFFFA2
:105E1000FFFFFFFFFFFFFFFFFFFFFFFFFFFFFFFF92
:105E2000FFFFFFFFFFFFFFFFFFFFFFFFFFFFFFFF82
:105E3000FFFFFFFFFFFFFFFFFFFFFFFFFFFFFFFF72
:105E4000FFFFFFFFFFFFFFFFFFFFFFFFFFFFFFFF62
:105E5000FFFFFFFFFFFFFFFFFFFFFFFFFFFFFFFF52
:105E6000FFFFFFFFFFFFFFFFFFFFFFFFFFFFFFFF42
:105E7000FFFFFFFFFFFFFFFFFFFFFFFFFFFFFFFF32
:105E8000FFFFFFFFFFFFFFFFFFFFFFFFFFFFFFFF22
:105E9000FFFFFFFFFFFFFFFFFFFFFFFFFFFFFFFF12
:105EA000FFFFFFFFFFFFFFFFFFFFFFFFFFFFFFFF02
:105EB000FFFFFFFFFFFFFFFFFFFFFFFFFFFFFFFFF2
:105EC000FFFFFFFFFFFFFFFFFFFFFFFFFFFFFFFFE2
:105ED000FFFFFFFFFFFFFFFFFFFFFFFFFFFFFFFFD2
:105EE000FFFFFFFFFFFFFFFFFFFFFFFFFFFFFFFFC2
:105EF000FFFFFFFFFFFFFFFFFFFFFFFFFFFFFFFFB2
:105F0000FFFFFFFFFFFFFFFFFFFFFFFFFFFFFFFFA1
:105F1000FFFFFFFFFFFFFFFFFFFFFFFFFFFFFFFF91
:105F2000FFFFFFFFFFFFFFFFFFFFFFFFFFFFFFFF81
:105F3000FFFFFFFFFFFFFFFFFFFFFFFFFFFFFFFF71
:105F4000FFFFFFFFFFFFFFFFFFFFFFFFFFFFFFFF61
:105F5000FFFFFFFFFFFFFFFFFFFFFFFFFFFFFFFF51
:105F6000FFFFFFFFFFFFFFFFFFFFFFFFFFFFFFFF41
:105F7000FFFFFFFFFFFFFFFFFFFFFFFFFFFFFFFF31
:105F8000FFFFFFFFFFFFFFFFFFFFFFFFFFFFFFFF21
:105F9000FFFFFFFFFFFFFFFFFFFFFFFFFFFFFFFF11
:105FA000FFFFFFFFFFFFFFFFFFFFFFFFFFFFFFFF01
:105FB000FFFFFFFFFFFFFFFFFFFFFFFFFFFFFFFFF1
:105FC000FFFFFFFFFFFFFFFFFFFFFFFFFFFFFFFFE1
:105FD000FFFFFFFFFFFFFFFFFFFFFFFFFFFFFFFFD1
:105FE000FFFFFFFFFFFFFFFFFFFFFFFFFFFFFFFFC1
:105FF000FFFFFFFFFFFFFFFFFFFFFFFFFFFFFFFFB1
:10600000FFFFFFFFFFFFFFFFFFFFFFFFFFFFFFFFA0
:10601000FFFFFFFFFFFFFFFFFFFFFFFFFFFFFFFF90
:10602000FFFFFFFFFFFFFFFFFFFFFFFFFFFFFFFF80
:10603000FFFFFFFFFFFFFFFFFFFFFFFFFFFFFFFF70
:10604000FFFFFFFFFFFFFFFFFFFFFFFFFFFFFFFF60
:10605000FFFFFFFFFFFFFFFFFFFFFFFFFFFFFFFF50
:10606000FFFFFFFFFFFFFFFFFFFFFFFFFFFFFFFF40
:10607000FFFFFFFFFFFFFFFFFFFFFFFFFFFFFFFF30
:10608000FFFFFFFFFFFFFFFFFFFFFFFFFFFFFFFF20
:10609000FFFFFFFFFFFFFFFFFFFFFFFFFFFFFFFF10
:1060A000FFFFFFFFFFFFFFFFFFFFFFFFFFFFFFFF00
:1060B000FFFFFFFFFFFFFFFFFFFFFFFFFFFFFFFFF0
:1060C000FFFFFFFFFFFFFFFFFFFFFFFFFFFFFFFFE0
:1060D000FFFFFFFFFFFFFFFFFFFFFFFFFFFFFFFFD0
:1060E000FFFFFFFFFFFFFFFFFFFFFFFFFFFFFFFFC0
:1060F000FFFFFFFFFFFFFFFFFFFFFFFFFFFFFFFFB0
:10610000FFFFFFFFFFFFFFFFFFFFFFFFFFFFFFFF9F
:10611000FFFFFFFFFFFFFFFFFFFFFFFFFFFFFFFF8F
:10612000FFFFFFFFFFFFFFFFFFFFFFFFFFFFFFFF7F
:10613000FFFFFFFFFFFFFFFFFFFFFFFFFFFFFFFF6F
:10614000FFFFFFFFFFFFFFFFFFFFFFFFFFFFFFFF5F
:10615000FFFFFFFFFFFFFFFFFFFFFFFFFFFFFFFF4F
:10616000FFFFFFFFFFFFFFFFFFFFFFFFFFFFFFFF3F
:10617000FFFFFFFFFFFFFFFFFFFFFFFFFFFFFFFF2F
:10618000FFFFFFFFFFFFFFFFFFFFFFFFFFFFFFFF1F
:10619000FFFFFFFFFFFFFFFFFFFFFFFFFFFFFFFF0F
:1061A000FFFFFFFFFFFFFFFFFFFFFFFFFFFFFFFFFF
:1061B000FFFFFFFFFFFFFFFFFFFFFFFFFFFFFFFFEF
:1061C000FFFFFFFFFFFFFFFFFFFFFFFFFFFFFFFFDF
:1061D000FFFFFFFFFFFFFFFFFFFFFFFFFFFFFFFFCF
:1061E000FFFFFFFFFFFFFFFFFFFFFFFFFFFFFFFFBF
:1061F000FFFFFFFFFFFFFFFFFFFFFFFFFFFFFFFFAF
:10620000FFFFFFFFFFFFFFFFFFFFFFFFFFFFFFFF9E
:10621000FFFFFFFFFFFFFFFFFFFFFFFFFFFFFFFF8E
:10622000FFFFFFFFFFFFFFFFFFFFFFFFFFFFFFFF7E
:10623000FFFFFFFFFFFFFFFFFFFFFFFFFFFFFFFF6E
:10624000FFFFFFFFFFFFFFFFFFFFFFFFFFFFFFFF5E
:10625000FFFFFFFFFFFFFFFFFFFFFFFFFFFFFFFF4E
:10626000FFFFFFFFFFFFFFFFFFFFFFFFFFFFFFFF3E
:10627000FFFFFFFFFFFFFFFFFFFFFFFFFFFFFFFF2E
:10628000FFFFFFFFFFFFFFFFFFFFFFFFFFFFFFFF1E
:10629000FFFFFFFFFFFFFFFFFFFFFFFFFFFFFFFF0E
:1062A000FFFFFFFFFFFFFFFFFFFFFFFFFFFFFFFFFE
:1062B000FFFFFFFFFFFFFFFFFFFFFFFFFFFFFFFFEE
:1062C000FFFFFFFFFFFFFFFFFFFFFFFFFFFFFFFFDE
:1062D000FFFFFFFFFFFFFFFFFFFFFFFFFFFFFFFFCE
:1062E000FFFFFFFFFFFFFFFFFFFFFFFFFFFFFFFFBE
:1062F000FFFFFFFFFFFFFFFFFFFFFFFFFFFFFFFFAE
:10630000FFFFFFFFFFFFFFFFFFFFFFFFFFFFFFFF9D
:10631000FFFFFFFFFFFFFFFFFFFFFFFFFFFFFFFF8D
:10632000FFFFFFFFFFFFFFFFFFFFFFFFFFFFFFFF7D
:10633000FFFFFFFFFFFFFFFFFFFFFFFFFFFFFFFF6D
:10634000FFFFFFFFFFFFFFFFFFFFFFFFFFFFFFFF5D
:10635000FFFFFFFFFFFFFFFFFFFFFFFFFFFFFFFF4D
:10636000FFFFFFFFFFFFFFFFFFFFFFFFFFFFFFFF3D
:10637000FFFFFFFFFFFFFFFFFFFFFFFFFFFFFFFF2D
:10638000FFFFFFFFFFFFFFFFFFFFFFFFFFFFFFFF1D
:10639000FFFFFFFFFFFFFFFFFFFFFFFFFFFFFFFF0D
:1063A000FFFFFFFFFFFFFFFFFFFFFFFFFFFFFFFFFD
:1063B000FFFFFFFFFFFFFFFFFFFFFFFFFFFFFFFFED
:1063C000FFFFFFFFFFFFFFFFFFFFFFFFFFFFFFFFDD
:1063D000FFFFFFFFFFFFFFFFFFFFFFFFFFFFFFFFCD
:1063E000FFFFFFFFFFFFFFFFFFFFFFFFFFFFFFFFBD
:1063F000FFFFFFFFFFFFFFFFFFFFFFFFFFFFFFFFAD
:10640000FFFFFFFFFFFFFFFFFFFFFFFFFFFFFFFF9C
:10641000FFFFFFFFFFFFFFFFFFFFFFFFFFFFFFFF8C
:10642000FFFFFFFFFFFFFFFFFFFFFFFFFFFFFFFF7C
:10643000FFFFFFFFFFFFFFFFFFFFFFFFFFFFFFFF6C
:10644000FFFFFFFFFFFFFFFFFFFFFFFFFFFFFFFF5C
:10645000FFFFFFFFFFFFFFFFFFFFFFFFFFFFFFFF4C
:10646000FFFFFFFFFFFFFFFFFFFFFFFFFFFFFFFF3C
:10647000FFFFFFFFFFFFFFFFFFFFFFFFFFFFFFFF2C
:10648000FFFFFFFFFFFFFFFFFFFFFFFFFFFFFFFF1C
:10649000FFFFFFFFFFFFFFFFFFFFFFFFFFFFFFFF0C
:1064A000FFFFFFFFFFFFFFFFFFFFFFFFFFFFFFFFFC
:1064B000FFFFFFFFFFFFFFFFFFFFFFFFFFFFFFFFEC
:1064C000FFFFFFFFFFFFFFFFFFFFFFFFFFFFFFFFDC
:1064D000FFFFFFFFFFFFFFFFFFFFFFFFFFFFFFFFCC
:1064E000FFFFFFFFFFFFFFFFFFFFFFFFFFFFFFFFBC
:1064F000FFFFFFFFFFFFFFFFFFFFFFFFFFFFFFFFAC
:10650000FFFFFFFFFFFFFFFFFFFFFFFFFFFFFFFF9B
:10651000FFFFFFFFFFFFFFFFFFFFFFFFFFFFFFFF8B
:10652000FFFFFFFFFFFFFFFFFFFFFFFFFFFFFFFF7B
:10653000FFFFFFFFFFFFFFFFFFFFFFFFFFFFFFFF6B
:10654000FFFFFFFFFFFFFFFFFFFFFFFFFFFFFFFF5B
:10655000FFFFFFFFFFFFFFFFFFFFFFFFFFFFFFFF4B
:10656000FFFFFFFFFFFFFFFFFFFFFFFFFFFFFFFF3B
:10657000FFFFFFFFFFFFFFFFFFFFFFFFFFFFFFFF2B
:10658000FFFFFFFFFFFFFFFFFFFFFFFFFFFFFFFF1B
:10659000FFFFFFFFFFFFFFFFFFFFFFFFFFFFFFFF0B
:1065A000FFFFFFFFFFFFFFFFFFFFFFFFFFFFFFFFFB
:1065B000FFFFFFFFFFFFFFFFFFFFFFFFFFFFFFFFEB
:1065C000FFFFFFFFFFFFFFFFFFFFFFFFFFFFFFFFDB
:1065D000FFFFFFFFFFFFFFFFFFFFFFFFFFFFFFFFCB
:1065E000FFFFFFFFFFFFFFFFFFFFFFFFFFFFFFFFBB
:1065F000FFFFFFFFFFFFFFFFFFFFFFFFFFFFFFFFAB
:10660000FFFFFFFFFFFFFFFFFFFFFFFFFFFFFFFF9A
:10661000FFFFFFFFFFFFFFFFFFFFFFFFFFFFFFFF8A
:10662000FFFFFFFFFFFFFFFFFFFFFFFFFFFFFFFF7A
:10663000FFFFFFFFFFFFFFFFFFFFFFFFFFFFFFFF6A
:10664000FFFFFFFFFFFFFFFFFFFFFFFFFFFFFFFF5A
:10665000FFFFFFFFFFFFFFFFFFFFFFFFFFFFFFFF4A
:10666000FFFFFFFFFFFFFFFFFFFFFFFFFFFFFFFF3A
:10667000FFFFFFFFFFFFFFFFFFFFFFFFFFFFFFFF2A
:10668000FFFFFFFFFFFFFFFFFFFFFFFFFFFFFFFF1A
:10669000FFFFFFFFFFFFFFFFFFFFFFFFFFFFFFFF0A
:1066A000FFFFFFFFFFFFFFFFFFFFFFFFFFFFFFFFFA
:1066B000FFFFFFFFFFFFFFFFFFFFFFFFFFFFFFFFEA
:1066C000FFFFFFFFFFFFFFFFFFFFFFFFFFFFFFFFDA
:1066D000FFFFFFFFFFFFFFFFFFFFFFFFFFFFFFFFCA
:1066E000FFFFFFFFFFFFFFFFFFFFFFFFFFFFFFFFBA
:1066F000FFFFFFFFFFFFFFFFFFFFFFFFFFFFFFFFAA
:10670000FFFFFFFFFFFFFFFFFFFFFFFFFFFFFFFF99
:10671000FFFFFFFFFFFFFFFFFFFFFFFFFFFFFFFF89
:10672000FFFFFFFFFFFFFFFFFFFFFFFFFFFFFFFF79
:10673000FFFFFFFFFFFFFFFFFFFFFFFFFFFFFFFF69
:10674000FFFFFFFFFFFFFFFFFFFFFFFFFFFFFFFF59
:10675000FFFFFFFFFFFFFFFFFFFFFFFFFFFFFFFF49
:10676000FFFFFFFFFFFFFFFFFFFFFFFFFFFFFFFF39
:10677000FFFFFFFFFFFFFFFFFFFFFFFFFFFFFFFF29
:10678000FFFFFFFFFFFFFFFFFFFFFFFFFFFFFFFF19
:10679000FFFFFFFFFFFFFFFFFFFFFFFFFFFFFFFF09
:1067A000FFFFFFFFFFFFFFFFFFFFFFFFFFFFFFFFF9
:1067B000FFFFFFFFFFFFFFFFFFFFFFFFFFFFFFFFE9
:1067C000FFFFFFFFFFFFFFFFFFFFFFFFFFFFFFFFD9
:1067D000FFFFFFFFFFFFFFFFFFFFFFFFFFFFFFFFC9
:1067E000FFFFFFFFFFFFFFFFFFFFFFFFFFFFFFFFB9
:1067F000FFFFFFFFFFFFFFFFFFFFFFFFFFFFFFFFA9
:10680000FFFFFFFFFFFFFFFFFFFFFFFFFFFFFFFF98
:10681000FFFFFFFFFFFFFFFFFFFFFFFFFFFFFFFF88
:10682000FFFFFFFFFFFFFFFFFFFFFFFFFFFFFFFF78
:10683000FFFFFFFFFFFFFFFFFFFFFFFFFFFFFFFF68
:10684000FFFFFFFFFFFFFFFFFFFFFFFFFFFFFFFF58
:10685000FFFFFFFFFFFFFFFFFFFFFFFFFFFFFFFF48
:10686000FFFFFFFFFFFFFFFFFFFFFFFFFFFFFFFF38
:10687000FFFFFFFFFFFFFFFFFFFFFFFFFFFFFFFF28
:10688000FFFFFFFFFFFFFFFFFFFFFFFFFFFFFFFF18
:10689000FFFFFFFFFFFFFFFFFFFFFFFFFFFFFFFF08
:1068A000FFFFFFFFFFFFFFFFFFFFFFFFFFFFFFFFF8
:1068B000FFFFFFFFFFFFFFFFFFFFFFFFFFFFFFFFE8
:1068C000FFFFFFFFFFFFFFFFFFFFFFFFFFFFFFFFD8
:1068D000FFFFFFFFFFFFFFFFFFFFFFFFFFFFFFFFC8
:1068E000FFFFFFFFFFFFFFFFFFFFFFFFFFFFFFFFB8
:1068F000FFFFFFFFFFFFFFFFFFFFFFFFFFFFFFFFA8
:10690000FFFFFFFFFFFFFFFFFFFFFFFFFFFFFFFF97
:10691000FFFFFFFFFFFFFFFFFFFFFFFFFFFFFFFF87
:10692000FFFFFFFFFFFFFFFFFFFFFFFFFFFFFFFF77
:10693000FFFFFFFFFFFFFFFFFFFFFFFFFFFFFFFF67
:10694000FFFFFFFFFFFFFFFFFFFFFFFFFFFFFFFF57
:10695000FFFFFFFFFFFFFFFFFFFFFFFFFFFFFFFF47
:10696000FFFFFFFFFFFFFFFFFFFFFFFFFFFFFFFF37
:10697000FFFFFFFFFFFFFFFFFFFFFFFFFFFFFFFF27
:10698000FFFFFFFFFFFFFFFFFFFFFFFFFFFFFFFF17
:10699000FFFFFFFFFFFFFFFFFFFFFFFFFFFFFFFF07
:1069A000FFFFFFFFFFFFFFFFFFFFFFFFFFFFFFFFF7
:1069B000FFFFFFFFFFFFFFFFFFFFFFFFFFFFFFFFE7
:1069C000FFFFFFFFFFFFFFFFFFFFFFFFFFFFFFFFD7
:1069D000FFFFFFFFFFFFFFFFFFFFFFFFFFFFFFFFC7
:1069E000FFFFFFFFFFFFFFFFFFFFFFFFFFFFFFFFB7
:1069F000FFFFFFFFFFFFFFFFFFFFFFFFFFFFFFFFA7
:106A0000FFFFFFFFFFFFFFFFFFFFFFFFFFFFFFFF96
:106A1000FFFFFFFFFFFFFFFFFFFFFFFFFFFFFFFF86
:106A2000FFFFFFFFFFFFFFFFFFFFFFFFFFFFFFFF76
:106A3000FFFFFFFFFFFFFFFFFFFFFFFFFFFFFFFF66
:106A4000FFFFFFFFFFFFFFFFFFFFFFFFFFFFFFFF56
:106A5000FFFFFFFFFFFFFFFFFFFFFFFFFFFFFFFF46
:106A6000FFFFFFFFFFFFFFFFFFFFFFFFFFFFFFFF36
:106A7000FFFFFFFFFFFFFFFFFFFFFFFFFFFFFFFF26
:106A8000FFFFFFFFFFFFFFFFFFFFFFFFFFFFFFFF16
:106A9000FFFFFFFFFFFFFFFFFFFFFFFFFFFFFFFF06
:106AA000FFFFFFFFFFFFFFFFFFFFFFFFFFFFFFFFF6
:106AB000FFFFFFFFFFFFFFFFFFFFFFFFFFFFFFFFE6
:106AC000FFFFFFFFFFFFFFFFFFFFFFFFFFFFFFFFD6
:106AD000FFFFFFFFFFFFFFFFFFFFFFFFFFFFFFFFC6
:106AE000FFFFFFFFFFFFFFFFFFFFFFFFFFFFFFFFB6
:106AF000FFFFFFFFFFFFFFFFFFFFFFFFFFFFFFFFA6
:106B0000FFFFFFFFFFFFFFFFFFFFFFFFFFFFFFFF95
:106B1000FFFFFFFFFFFFFFFFFFFFFFFFFFFFFFFF85
:106B2000FFFFFFFFFFFFFFFFFFFFFFFFFFFFFFFF75
:106B3000FFFFFFFFFFFFFFFFFFFFFFFFFFFFFFFF65
:106B4000FFFFFFFFFFFFFFFFFFFFFFFFFFFFFFFF55
:106B5000FFFFFFFFFFFFFFFFFFFFFFFFFFFFFFFF45
:106B6000FFFFFFFFFFFFFFFFFFFFFFFFFFFFFFFF35
:106B7000FFFFFFFFFFFFFFFFFFFFFFFFFFFFFFFF25
:106B8000FFFFFFFFFFFFFFFFFFFFFFFFFFFFFFFF15
:106B9000FFFFFFFFFFFFFFFFFFFFFFFFFFFFFFFF05
:106BA000FFFFFFFFFFFFFFFFFFFFFFFFFFFFFFFFF5
:106BB000FFFFFFFFFFFFFFFFFFFFFFFFFFFFFFFFE5
:106BC000FFFFFFFFFFFFFFFFFFFFFFFFFFFFFFFFD5
:106BD000FFFFFFFFFFFFFFFFFFFFFFFFFFFFFFFFC5
:106BE000FFFFFFFFFFFFFFFFFFFFFFFFFFFFFFFFB5
:106BF000FFFFFFFFFFFFFFFFFFFFFFFFFFFFFFFFA5
:106C0000FFFFFFFFFFFFFFFFFFFFFFFFFFFFFFFF94
:106C1000FFFFFFFFFFFFFFFFFFFFFFFFFFFFFFFF84
:106C2000FFFFFFFFFFFFFFFFFFFFFFFFFFFFFFFF74
:106C3000FFFFFFFFFFFFFFFFFFFFFFFFFFFFFFFF64
:106C4000FFFFFFFFFFFFFFFFFFFFFFFFFFFFFFFF54
:106C5000FFFFFFFFFFFFFFFFFFFFFFFFFFFFFFFF44
:106C6000FFFFFFFFFFFFFFFFFFFFFFFFFFFFFFFF34
:106C7000FFFFFFFFFFFFFFFFFFFFFFFFFFFFFFFF24
:106C8000FFFFFFFFFFFFFFFFFFFFFFFFFFFFFFFF14
:106C9000FFFFFFFFFFFFFFFFFFFFFFFFFFFFFFFF04
:106CA000FFFFFFFFFFFFFFFFFFFFFFFFFFFFFFFFF4
:106CB000FFFFFFFFFFFFFFFFFFFFFFFFFFFFFFFFE4
:106CC000FFFFFFFFFFFFFFFFFFFFFFFFFFFFFFFFD4
:106CD000FFFFFFFFFFFFFFFFFFFFFFFFFFFFFFFFC4
:106CE000FFFFFFFFFFFFFFFFFFFFFFFFFFFFFFFFB4
:106CF000FFFFFFFFFFFFFFFFFFFFFFFFFFFFFFFFA4
:106D0000FFFFFFFFFFFFFFFFFFFFFFFFFFFFFFFF93
:106D1000FFFFFFFFFFFFFFFFFFFFFFFFFFFFFFFF83
:106D2000FFFFFFFFFFFFFFFFFFFFFFFFFFFFFFFF73
:106D3000FFFFFFFFFFFFFFFFFFFFFFFFFFFFFFFF63
:106D4000FFFFFFFFFFFFFFFFFFFFFFFFFFFFFFFF53
:106D5000FFFFFFFFFFFFFFFFFFFFFFFFFFFFFFFF43
:106D6000FFFFFFFFFFFFFFFFFFFFFFFFFFFFFFFF33
:106D7000FFFFFFFFFFFFFFFFFFFFFFFFFFFFFFFF23
:106D8000FFFFFFFFFFFFFFFFFFFFFFFFFFFFFFFF13
:106D9000FFFFFFFFFFFFFFFFFFFFFFFFFFFFFFFF03
:106DA000FFFFFFFFFFFFFFFFFFFFFFFFFFFFFFFFF3
:106DB000FFFFFFFFFFFFFFFFFFFFFFFFFFFFFFFFE3
:106DC000FFFFFFFFFFFFFFFFFFFFFFFFFFFFFFFFD3
:106DD000FFFFFFFFFFFFFFFFFFFFFFFFFFFFFFFFC3
:106DE000FFFFFFFFFFFFFFFFFFFFFFFFFFFFFFFFB3
:106DF000FFFFFFFFFFFFFFFFFFFFFFFFFFFFFFFFA3
:106E0000FFFFFFFFFFFFFFFFFFFFFFFFFFFFFFFF92
:106E1000FFFFFFFFFFFFFFFFFFFFFFFFFFFFFFFF82
:106E2000FFFFFFFFFFFFFFFFFFFFFFFFFFFFFFFF72
:106E3000FFFFFFFFFFFFFFFFFFFFFFFFFFFFFFFF62
:106E4000FFFFFFFFFFFFFFFFFFFFFFFFFFFFFFFF52
:106E5000FFFFFFFFFFFFFFFFFFFFFFFFFFFFFFFF42
:106E6000FFFFFFFFFFFFFFFFFFFFFFFFFFFFFFFF32
:106E7000FFFFFFFFFFFFFFFFFFFFFFFFFFFFFFFF22
:106E8000FFFFFFFFFFFFFFFFFFFFFFFFFFFFFFFF12
:106E9000FFFFFFFFFFFFFFFFFFFFFFFFFFFFFFFF02
:106EA000FFFFFFFFFFFFFFFFFFFFFFFFFFFFFFFFF2
:106EB000FFFFFFFFFFFFFFFFFFFFFFFFFFFFFFFFE2
:106EC000FFFFFFFFFFFFFFFFFFFFFFFFFFFFFFFFD2
:106ED000FFFFFFFFFFFFFFFFFFFFFFFFFFFFFFFFC2
:106EE000FFFFFFFFFFFFFFFFFFFFFFFFFFFFFFFFB2
:106EF000FFFFFFFFFFFFFFFFFFFFFFFFFFFFFFFFA2
:106F0000FFFFFFFFFFFFFFFFFFFFFFFFFFFFFFFF91
:106F1000FFFFFFFFFFFFFFFFFFFFFFFFFFFFFFFF81
:106F2000FFFFFFFFFFFFFFFFFFFFFFFFFFFFFFFF71
:106F3000FFFFFFFFFFFFFFFFFFFFFFFFFFFFFFFF61
:106F4000FFFFFFFFFFFFFFFFFFFFFFFFFFFFFFFF51
:106F5000FFFFFFFFFFFFFFFFFFFFFFFFFFFFFFFF41
:106F6000FFFFFFFFFFFFFFFFFFFFFFFFFFFFFFFF31
:106F7000FFFFFFFFFFFFFFFFFFFFFFFFFFFFFFFF21
:106F8000FFFFFFFFFFFFFFFFFFFFFFFFFFFFFFFF11
:106F9000FFFFFFFFFFFFFFFFFFFFFFFFFFFFFFFF01
:106FA000FFFFFFFFFFFFFFFFFFFFFFFFFFFFFFFFF1
:106FB000FFFFFFFFFFFFFFFFFFFFFFFFFFFFFFFFE1
:106FC000FFFFFFFFFFFFFFFFFFFFFFFFFFFFFFFFD1
:106FD000FFFFFFFFFFFFFFFFFFFFFFFFFFFFFFFFC1
:106FE000FFFFFFFFFFFFFFFFFFFFFFFFFFFFFFFFB1
:106FF000FFFFFFFFFFFFFFFFFFFFFFFFFFFFFFFFA1
:10700000FFFFFFFFFFFFFFFFFFFFFFFFFFFFFFFF90
:10701000FFFFFFFFFFFFFFFFFFFFFFFFFFFFFFFF80
:10702000FFFFFFFFFFFFFFFFFFFFFFFFFFFFFFFF70
:10703000FFFFFFFFFFFFFFFFFFFFFFFFFFFFFFFF60
:10704000FFFFFFFFFFFFFFFFFFFFFFFFFFFFFFFF50
:10705000FFFFFFFFFFFFFFFFFFFFFFFFFFFFFFFF40
:10706000FFFFFFFFFFFFFFFFFFFFFFFFFFFFFFFF30
:10707000FFFFFFFFFFFFFFFFFFFFFFFFFFFFFFFF20
:10708000FFFFFFFFFFFFFFFFFFFFFFFFFFFFFFFF10
:10709000FFFFFFFFFFFFFFFFFFFFFFFFFFFFFFFF00
:1070A000FFFFFFFFFFFFFFFFFFFFFFFFFFFFFFFFF0
:1070B000FFFFFFFFFFFFFFFFFFFFFFFFFFFFFFFFE0
:1070C000FFFFFFFFFFFFFFFFFFFFFFFFFFFFFFFFD0
:1070D000FFFFFFFFFFFFFFFFFFFFFFFFFFFFFFFFC0
:1070E000FFFFFFFFFFFFFFFFFFFFFFFFFFFFFFFFB0
:1070F000FFFFFFFFFFFFFFFFFFFFFFFFFFFFFFFFA0
:10710000FFFFFFFFFFFFFFFFFFFFFFFFFFFFFFFF8F
:10711000FFFFFFFFFFFFFFFFFFFFFFFFFFFFFFFF7F
:10712000FFFFFFFFFFFFFFFFFFFFFFFFFFFFFFFF6F
:10713000FFFFFFFFFFFFFFFFFFFFFFFFFFFFFFFF5F
:10714000FFFFFFFFFFFFFFFFFFFFFFFFFFFFFFFF4F
:10715000FFFFFFFFFFFFFFFFFFFFFFFFFFFFFFFF3F
:10716000FFFFFFFFFFFFFFFFFFFFFFFFFFFFFFFF2F
:10717000FFFFFFFFFFFFFFFFFFFFFFFFFFFFFFFF1F
:10718000FFFFFFFFFFFFFFFFFFFFFFFFFFFFFFFF0F
:10719000FFFFFFFFFFFFFFFFFFFFFFFFFFFFFFFFFF
:1071A000FFFFFFFFFFFFFFFFFFFFFFFFFFFFFFFFEF
:1071B000FFFFFFFFFFFFFFFFFFFFFFFFFFFFFFFFDF
:1071C000FFFFFFFFFFFFFFFFFFFFFFFFFFFFFFFFCF
:1071D000FFFFFFFFFFFFFFFFFFFFFFFFFFFFFFFFBF
:1071E000FFFFFFFFFFFFFFFFFFFFFFFFFFFFFFFFAF
:1071F000FFFFFFFFFFFFFFFFFFFFFFFFFFFFFFFF9F
:10720000FFFFFFFFFFFFFFFFFFFFFFFFFFFFFFFF8E
:10721000FFFFFFFFFFFFFFFFFFFFFFFFFFFFFFFF7E
:10722000FFFFFFFFFFFFFFFFFFFFFFFFFFFFFFFF6E
:10723000FFFFFFFFFFFFFFFFFFFFFFFFFFFFFFFF5E
:10724000FFFFFFFFFFFFFFFFFFFFFFFFFFFFFFFF4E
:10725000FFFFFFFFFFFFFFFFFFFFFFFFFFFFFFFF3E
:10726000FFFFFFFFFFFFFFFFFFFFFFFFFFFFFFFF2E
:10727000FFFFFFFFFFFFFFFFFFFFFFFFFFFFFFFF1E
:10728000FFFFFFFFFFFFFFFFFFFFFFFFFFFFFFFF0E
:10729000FFFFFFFFFFFFFFFFFFFFFFFFFFFFFFFFFE
:1072A000FFFFFFFFFFFFFFFFFFFFFFFFFFFFFFFFEE
:1072B000FFFFFFFFFFFFFFFFFFFFFFFFFFFFFFFFDE
:1072C000FFFFFFFFFFFFFFFFFFFFFFFFFFFFFFFFCE
:1072D000FFFFFFFFFFFFFFFFFFFFFFFFFFFFFFFFBE
:1072E000FFFFFFFFFFFFFFFFFFFFFFFFFFFFFFFFAE
:1072F000FFFFFFFFFFFFFFFFFFFFFFFFFFFFFFFF9E
:10730000FFFFFFFFFFFFFFFFFFFFFFFFFFFFFFFF8D
:10731000FFFFFFFFFFFFFFFFFFFFFFFFFFFFFFFF7D
:10732000FFFFFFFFFFFFFFFFFFFFFFFFFFFFFFFF6D
:10733000FFFFFFFFFFFFFFFFFFFFFFFFFFFFFFFF5D
:10734000FFFFFFFFFFFFFFFFFFFFFFFFFFFFFFFF4D
:10735000FFFFFFFFFFFFFFFFFFFFFFFFFFFFFFFF3D
:10736000FFFFFFFFFFFFFFFFFFFFFFFFFFFFFFFF2D
:10737000FFFFFFFFFFFFFFFFFFFFFFFFFFFFFFFF1D
:10738000FFFFFFFFFFFFFFFFFFFFFFFFFFFFFFFF0D
:10739000FFFFFFFFFFFFFFFFFFFFFFFFFFFFFFFFFD
:1073A000FFFFFFFFFFFFFFFFFFFFFFFFFFFFFFFFED
:1073B000FFFFFFFFFFFFFFFFFFFFFFFFFFFFFFFFDD
:1073C000FFFFFFFFFFFFFFFFFFFFFFFFFFFFFFFFCD
:1073D000FFFFFFFFFFFFFFFFFFFFFFFFFFFFFFFFBD
:1073E000FFFFFFFFFFFFFFFFFFFFFFFFFFFFFFFFAD
:1073F000FFFFFFFFFFFFFFFFFFFFFFFFFFFFFFFF9D
:10740000FFFFFFFFFFFFFFFFFFFFFFFFFFFFFFFF8C
:10741000FFFFFFFFFFFFFFFFFFFFFFFFFFFFFFFF7C
:10742000FFFFFFFFFFFFFFFFFFFFFFFFFFFFFFFF6C
:10743000FFFFFFFFFFFFFFFFFFFFFFFFFFFFFFFF5C
:10744000FFFFFFFFFFFFFFFFFFFFFFFFFFFFFFFF4C
:10745000FFFFFFFFFFFFFFFFFFFFFFFFFFFFFFFF3C
:10746000FFFFFFFFFFFFFFFFFFFFFFFFFFFFFFFF2C
:10747000FFFFFFFFFFFFFFFFFFFFFFFFFFFFFFFF1C
:10748000FFFFFFFFFFFFFFFFFFFFFFFFFFFFFFFF0C
:10749000FFFFFFFFFFFFFFFFFFFFFFFFFFFFFFFFFC
:1074A000FFFFFFFFFFFFFFFFFFFFFFFFFFFFFFFFEC
:1074B000FFFFFFFFFFFFFFFFFFFFFFFFFFFFFFFFDC
:1074C000FFFFFFFFFFFFFFFFFFFFFFFFFFFFFFFFCC
:1074D000FFFFFFFFFFFFFFFFFFFFFFFFFFFFFFFFBC
:1074E000FFFFFFFFFFFFFFFFFFFFFFFFFFFFFFFFAC
:1074F000FFFFFFFFFFFFFFFFFFFFFFFFFFFFFFFF9C
:10750000FFFFFFFFFFFFFFFFFFFFFFFFFFFFFFFF8B
:10751000FFFFFFFFFFFFFFFFFFFFFFFFFFFFFFFF7B
:10752000FFFFFFFFFFFFFFFFFFFFFFFFFFFFFFFF6B
:10753000FFFFFFFFFFFFFFFFFFFFFFFFFFFFFFFF5B
:10754000FFFFFFFFFFFFFFFFFFFFFFFFFFFFFFFF4B
:10755000FFFFFFFFFFFFFFFFFFFFFFFFFFFFFFFF3B
:10756000FFFFFFFFFFFFFFFFFFFFFFFFFFFFFFFF2B
:10757000FFFFFFFFFFFFFFFFFFFFFFFFFFFFFFFF1B
:10758000FFFFFFFFFFFFFFFFFFFFFFFFFFFFFFFF0B
:10759000FFFFFFFFFFFFFFFFFFFFFFFFFFFFFFFFFB
:1075A000FFFFFFFFFFFFFFFFFFFFFFFFFFFFFFFFEB
:1075B000FFFFFFFFFFFFFFFFFFFFFFFFFFFFFFFFDB
:1075C000FFFFFFFFFFFFFFFFFFFFFFFFFFFFFFFFCB
:1075D000FFFFFFFFFFFFFFFFFFFFFFFFFFFFFFFFBB
:1075E000FFFFFFFFFFFFFFFFFFFFFFFFFFFFFFFFAB
:1075F000FFFFFFFFFFFFFFFFFFFFFFFFFFFFFFFF9B
:10760000FFFFFFFFFFFFFFFFFFFFFFFFFFFFFFFF8A
:10761000FFFFFFFFFFFFFFFFFFFFFFFFFFFFFFFF7A
:10762000FFFFFFFFFFFFFFFFFFFFFFFFFFFFFFFF6A
:10763000FFFFFFFFFFFFFFFFFFFFFFFFFFFFFFFF5A
:10764000FFFFFFFFFFFFFFFFFFFFFFFFFFFFFFFF4A
:10765000FFFFFFFFFFFFFFFFFFFFFFFFFFFFFFFF3A
:10766000FFFFFFFFFFFFFFFFFFFFFFFFFFFFFFFF2A
:10767000FFFFFFFFFFFFFFFFFFFFFFFFFFFFFFFF1A
:10768000FFFFFFFFFFFFFFFFFFFFFFFFFFFFFFFF0A
:10769000FFFFFFFFFFFFFFFFFFFFFFFFFFFFFFFFFA
:1076A000FFFFFFFFFFFFFFFFFFFFFFFFFFFFFFFFEA
:1076B000FFFFFFFFFFFFFFFFFFFFFFFFFFFFFFFFDA
:1076C000FFFFFFFFFFFFFFFFFFFFFFFFFFFFFFFFCA
:1076D000FFFFFFFFFFFFFFFFFFFFFFFFFFFFFFFFBA
:1076E000FFFFFFFFFFFFFFFFFFFFFFFFFFFFFFFFAA
:1076F000FFFFFFFFFFFFFFFFFFFFFFFFFFFFFFFF9A
:10770000FFFFFFFFFFFFFFFFFFFFFFFFFFFFFFFF89
:10771000FFFFFFFFFFFFFFFFFFFFFFFFFFFFFFFF79
:10772000FFFFFFFFFFFFFFFFFFFFFFFFFFFFFFFF69
:10773000FFFFFFFFFFFFFFFFFFFFFFFFFFFFFFFF59
:10774000FFFFFFFFFFFFFFFFFFFFFFFFFFFFFFFF49
:10775000FFFFFFFFFFFFFFFFFFFFFFFFFFFFFFFF39
:10776000FFFFFFFFFFFFFFFFFFFFFFFFFFFFFFFF29
:10777000FFFFFFFFFFFFFFFFFFFFFFFFFFFFFFFF19
:10778000FFFFFFFFFFFFFFFFFFFFFFFFFFFFFFFF09
:10779000FFFFFFFFFFFFFFFFFFFFFFFFFFFFFFFFF9
:1077A000FFFFFFFFFFFFFFFFFFFFFFFFFFFFFFFFE9
:1077B000FFFFFFFFFFFFFFFFFFFFFFFFFFFFFFFFD9
:1077C000FFFFFFFFFFFFFFFFFFFFFFFFFFFFFFFFC9
:1077D000FFFFFFFFFFFFFFFFFFFFFFFFFFFFFFFFB9
:1077E000FFFFFFFFFFFFFFFFFFFFFFFFFFFFFFFFA9
:1077F000FFFFFFFFFFFFFFFFFFFFFFFFFFFFFFFF99
:10780000FFFFFFFFFFFFFFFFFFFFFFFFFFFFFFFF88
:10781000FFFFFFFFFFFFFFFFFFFFFFFFFFFFFFFF78
:10782000FFFFFFFFFFFFFFFFFFFFFFFFFFFFFFFF68
:10783000FFFFFFFFFFFFFFFFFFFFFFFFFFFFFFFF58
:10784000FFFFFFFFFFFFFFFFFFFFFFFFFFFFFFFF48
:10785000FFFFFFFFFFFFFFFFFFFFFFFFFFFFFFFF38
:10786000FFFFFFFFFFFFFFFFFFFFFFFFFFFFFFFF28
:10787000FFFFFFFFFFFFFFFFFFFFFFFFFFFFFFFF18
:10788000FFFFFFFFFFFFFFFFFFFFFFFFFFFFFFFF08
:10789000FFFFFFFFFFFFFFFFFFFFFFFFFFFFFFFFF8
:1078A000FFFFFFFFFFFFFFFFFFFFFFFFFFFFFFFFE8
:1078B000FFFFFFFFFFFFFFFFFFFFFFFFFFFFFFFFD8
:1078C000FFFFFFFFFFFFFFFFFFFFFFFFFFFFFFFFC8
:1078D000FFFFFFFFFFFFFFFFFFFFFFFFFFFFFFFFB8
:1078E000FFFFFFFFFFFFFFFFFFFFFFFFFFFFFFFFA8
:1078F000FFFFFFFFFFFFFFFFFFFFFFFFFFFFFFFF98
:10790000FFFFFFFFFFFFFFFFFFFFFFFFFFFFFFFF87
:10791000FFFFFFFFFFFFFFFFFFFFFFFFFFFFFFFF77
:10792000FFFFFFFFFFFFFFFFFFFFFFFFFFFFFFFF67
:10793000FFFFFFFFFFFFFFFFFFFFFFFFFFFFFFFF57
:10794000FFFFFFFFFFFFFFFFFFFFFFFFFFFFFFFF47
:10795000FFFFFFFFFFFFFFFFFFFFFFFFFFFFFFFF37
:10796000FFFFFFFFFFFFFFFFFFFFFFFFFFFFFFFF27
:10797000FFFFFFFFFFFFFFFFFFFFFFFFFFFFFFFF17
:10798000FFFFFFFFFFFFFFFFFFFFFFFFFFFFFFFF07
:10799000FFFFFFFFFFFFFFFFFFFFFFFFFFFFFFFFF7
:1079A000FFFFFFFFFFFFFFFFFFFFFFFFFFFFFFFFE7
:1079B000FFFFFFFFFFFFFFFFFFFFFFFFFFFFFFFFD7
:1079C000FFFFFFFFFFFFFFFFFFFFFFFFFFFFFFFFC7
:1079D000FFFFFFFFFFFFFFFFFFFFFFFFFFFFFFFFB7
:1079E000FFFFFFFFFFFFFFFFFFFFFFFFFFFFFFFFA7
:1079F000FFFFFFFFFFFFFFFFFFFFFFFFFFFFFFFF97
:107A0000FFFFFFFFFFFFFFFFFFFFFFFFFFFFFFFF86
:107A1000FFFFFFFFFFFFFFFFFFFFFFFFFFFFFFFF76
:107A2000FFFFFFFFFFFFFFFFFFFFFFFFFFFFFFFF66
:107A3000FFFFFFFFFFFFFFFFFFFFFFFFFFFFFFFF56
:107A4000FFFFFFFFFFFFFFFFFFFFFFFFFFFFFFFF46
:107A5000FFFFFFFFFFFFFFFFFFFFFFFFFFFFFFFF36
:107A6000FFFFFFFFFFFFFFFFFFFFFFFFFFFFFFFF26
:107A7000FFFFFFFFFFFFFFFFFFFFFFFFFFFFFFFF16
:107A8000FFFFFFFFFFFFFFFFFFFFFFFFFFFFFFFF06
:107A9000FFFFFFFFFFFFFFFFFFFFFFFFFFFFFFFFF6
:107AA000FFFFFFFFFFFFFFFFFFFFFFFFFFFFFFFFE6
:107AB000FFFFFFFFFFFFFFFFFFFFFFFFFFFFFFFFD6
:107AC000FFFFFFFFFFFFFFFFFFFFFFFFFFFFFFFFC6
:107AD000FFFFFFFFFFFFFFFFFFFFFFFFFFFFFFFFB6
:107AE000FFFFFFFFFFFFFFFFFFFFFFFFFFFFFFFFA6
:107AF000FFFFFFFFFFFFFFFFFFFFFFFFFFFFFFFF96
:107B0000FFFFFFFFFFFFFFFFFFFFFFFFFFFFFFFF85
:107B1000FFFFFFFFFFFFFFFFFFFFFFFFFFFFFFFF75
:107B2000FFFFFFFFFFFFFFFFFFFFFFFFFFFFFFFF65
:107B3000FFFFFFFFFFFFFFFFFFFFFFFFFFFFFFFF55
:107B4000FFFFFFFFFFFFFFFFFFFFFFFFFFFFFFFF45
:107B5000FFFFFFFFFFFFFFFFFFFFFFFFFFFFFFFF35
:107B6000FFFFFFFFFFFFFFFFFFFFFFFFFFFFFFFF25
:107B7000FFFFFFFFFFFFFFFFFFFFFFFFFFFFFFFF15
:107B8000FFFFFFFFFFFFFFFFFFFFFFFFFFFFFFFF05
:107B9000FFFFFFFFFFFFFFFFFFFFFFFFFFFFFFFFF5
:107BA000FFFFFFFFFFFFFFFFFFFFFFFFFFFFFFFFE5
:107BB000FFFFFFFFFFFFFFFFFFFFFFFFFFFFFFFFD5
:107BC000FFFFFFFFFFFFFFFFFFFFFFFFFFFFFFFFC5
:107BD000FFFFFFFFFFFFFFFFFFFFFFFFFFFFFFFFB5
:107BE000FFFFFFFFFFFFFFFFFFFFFFFFFFFFFFFFA5
:107BF000FFFFFFFFFFFFFFFFFFFFFFFFFFFFFFFF95
:107C0000FFFFFFFFFFFFFFFFFFFFFFFFFFFFFFFF84
:107C1000FFFFFFFFFFFFFFFFFFFFFFFFFFFFFFFF74
:107C2000FFFFFFFFFFFFFFFFFFFFFFFFFFFFFFFF64
:107C3000FFFFFFFFFFFFFFFFFFFFFFFFFFFFFFFF54
:107C4000FFFFFFFFFFFFFFFFFFFFFFFFFFFFFFFF44
:107C5000FFFFFFFFFFFFFFFFFFFFFFFFFFFFFFFF34
:107C6000FFFFFFFFFFFFFFFFFFFFFFFFFFFFFFFF24
:107C7000FFFFFFFFFFFFFFFFFFFFFFFFFFFFFFFF14
:107C8000FFFFFFFFFFFFFFFFFFFFFFFFFFFFFFFF04
:107C9000FFFFFFFFFFFFFFFFFFFFFFFFFFFFFFFFF4
:107CA000FFFFFFFFFFFFFFFFFFFFFFFFFFFFFFFFE4
:107CB000FFFFFFFFFFFFFFFFFFFFFFFFFFFFFFFFD4
:107CC000FFFFFFFFFFFFFFFFFFFFFFFFFFFFFFFFC4
:107CD000FFFFFFFFFFFFFFFFFFFFFFFFFFFFFFFFB4
:107CE000FFFFFFFFFFFFFFFFFFFFFFFFFFFFFFFFA4
:107CF000FFFFFFFFFFFFFFFFFFFFFFFFFFFFFFFF94
:107D0000FFFFFFFFFFFFFFFFFFFFFFFFFFFFFFFF83
:107D1000FFFFFFFFFFFFFFFFFFFFFFFFFFFFFFFF73
:107D2000FFFFFFFFFFFFFFFFFFFFFFFFFFFFFFFF63
:107D3000FFFFFFFFFFFFFFFFFFFFFFFFFFFFFFFF53
:107D4000FFFFFFFFFFFFFFFFFFFFFFFFFFFFFFFF43
:107D5000FFFFFFFFFFFFFFFFFFFFFFFFFFFFFFFF33
:107D6000FFFFFFFFFFFFFFFFFFFFFFFFFFFFFFFF23
:107D7000FFFFFFFFFFFFFFFFFFFFFFFFFFFFFFFF13
:107D8000FFFFFFFFFFFFFFFFFFFFFFFFFFFFFFFF03
:107D9000FFFFFFFFFFFFFFFFFFFFFFFFFFFFFFFFF3
:107DA000FFFFFFFFFFFFFFFFFFFFFFFFFFFFFFFFE3
:107DB000FFFFFFFFFFFFFFFFFFFFFFFFFFFFFFFFD3
:107DC000FFFFFFFFFFFFFFFFFFFFFFFFFFFFFFFFC3
:107DD000FFFFFFFFFFFFFFFFFFFFFFFFFFFFFFFFB3
:107DE000FFFFFFFFFFFFFFFFFFFFFFFFFFFFFFFFA3
:107DF000FFFFFFFFFFFFFFFFFFFFFFFFFFFFFFFF93
:107E0000FFFFFFFFFFFFFFFFFFFFFFFFFFFFFFFF82
:107E1000FFFFFFFFFFFFFFFFFFFFFFFFFFFFFFFF72
:107E2000FFFFFFFFFFFFFFFFFFFFFFFFFFFFFFFF62
:107E3000FFFFFFFFFFFFFFFFFFFFFFFFFFFFFFFF52
:107E4000FFFFFFFFFFFFFFFFFFFFFFFFFFFFFFFF42
:107E5000FFFFFFFFFFFFFFFFFFFFFFFFFFFFFFFF32
:107E6000FFFFFFFFFFFFFFFFFFFFFFFFFFFFFFFF22
:107E7000FFFFFFFFFFFFFFFFFFFFFFFFFFFFFFFF12
:107E8000FFFFFFFFFFFFFFFFFFFFFFFFFFFFFFFF02
:107E9000FFFFFFFFFFFFFFFFFFFFFFFFFFFFFFFFF2
:107EA000FFFFFFFFFFFFFFFFFFFFFFFFFFFFFFFFE2
:107EB000FFFFFFFFFFFFFFFFFFFFFFFFFFFFFFFFD2
:107EC000FFFFFFFFFFFFFFFFFFFFFFFFFFFFFFFFC2
:107ED000FFFFFFFFFFFFFFFFFFFFFFFFFFFFFFFFB2
:107EE000FFFFFFFFFFFFFFFFFFFFFFFFFFFFFFFFA2
:107EF000FFFFFFFFFFFFFFFFFFFFFFFFFFFFFFFF92
:107F0000FFFFFFFFFFFFFFFFFFFFFFFFFFFFFFFF81
:107F1000FFFFFFFFFFFFFFFFFFFFFFFFFFFFFFFF71
:107F2000FFFFFFFFFFFFFFFFFFFFFFFFFFFFFFFF61
:107F3000FFFFFFFFFFFFFFFFFFFFFFFFFFFFFFFF51
:107F4000FFFFFFFFFFFFFFFFFFFFFFFFFFFFFFFF41
:107F5000FFFFFFFFFFFFFFFFFFFFFFFFFFFFFFFF31
:107F6000FFFFFFFFFFFFFFFFFFFFFFFFFFFFFFFF21
:107F7000FFFFFFFFFFFFFFFFFFFFFFFFFFFFFFFF11
:107F8000FFFFFFFFFFFFFFFFFFFFFFFFFFFFFFFF01
:107F9000FFFFFFFFFFFFFFFFFFFFFFFFFFFFFFFFF1
:107FA000FFFFFFFFFFFFFFFFFFFFFFFFFFFFFFFFE1
:107FB000FFFFFFFFFFFFFFFFFFFFFFFFFFFFFFFFD1
:107FC000FFFFFFFFFFFFFFFFFFFFFFFFFFFFFFFFC1
:107FD000FFFFFFFFFFFFFFFFFFFFFFFFFFFFFFFFB1
:107FE000FFFFFFFFFFFFFFFFFFFFFFFFFFFFFFFFA1
:107FF000FFFFFFFFFFFFFFFFFFFFFFFFFFFFFFFF91
:10800000FFFFFFFFFFFFFFFFFFFFFFFFFFFFFFFF80
:10801000FFFFFFFFFFFFFFFFFFFFFFFFFFFFFFFF70
:10802000FFFFFFFFFFFFFFFFFFFFFFFFFFFFFFFF60
:10803000FFFFFFFFFFFFFFFFFFFFFFFFFFFFFFFF50
:10804000FFFFFFFFFFFFFFFFFFFFFFFFFFFFFFFF40
:10805000FFFFFFFFFFFFFFFFFFFFFFFFFFFFFFFF30
:10806000FFFFFFFFFFFFFFFFFFFFFFFFFFFFFFFF20
:10807000FFFFFFFFFFFFFFFFFFFFFFFFFFFFFFFF10
:10808000FFFFFFFFFFFFFFFFFFFFFFFFFFFFFFFF00
:10809000FFFFFFFFFFFFFFFFFFFFFFFFFFFFFFFFF0
:1080A000FFFFFFFFFFFFFFFFFFFFFFFFFFFFFFFFE0
:1080B000FFFFFFFFFFFFFFFFFFFFFFFFFFFFFFFFD0
:1080C000FFFFFFFFFFFFFFFFFFFFFFFFFFFFFFFFC0
:1080D000FFFFFFFFFFFFFFFFFFFFFFFFFFFFFFFFB0
:1080E000FFFFFFFFFFFFFFFFFFFFFFFFFFFFFFFFA0
:1080F000FFFFFFFFFFFFFFFFFFFFFFFFFFFFFFFF90
:10810000FFFFFFFFFFFFFFFFFFFFFFFFFFFFFFFF7F
:10811000FFFFFFFFFFFFFFFFFFFFFFFFFFFFFFFF6F
:10812000FFFFFFFFFFFFFFFFFFFFFFFFFFFFFFFF5F
:10813000FFFFFFFFFFFFFFFFFFFFFFFFFFFFFFFF4F
:10814000FFFFFFFFFFFFFFFFFFFFFFFFFFFFFFFF3F
:10815000FFFFFFFFFFFFFFFFFFFFFFFFFFFFFFFF2F
:10816000FFFFFFFFFFFFFFFFFFFFFFFFFFFFFFFF1F
:10817000FFFFFFFFFFFFFFFFFFFFFFFFFFFFFFFF0F
:10818000FFFFFFFFFFFFFFFFFFFFFFFFFFFFFFFFFF
:10819000FFFFFFFFFFFFFFFFFFFFFFFFFFFFFFFFEF
:1081A000FFFFFFFFFFFFFFFFFFFFFFFFFFFFFFFFDF
:1081B000FFFFFFFFFFFFFFFFFFFFFFFFFFFFFFFFCF
:1081C000FFFFFFFFFFFFFFFFFFFFFFFFFFFFFFFFBF
:1081D000FFFFFFFFFFFFFFFFFFFFFFFFFFFFFFFFAF
:1081E000FFFFFFFFFFFFFFFFFFFFFFFFFFFFFFFF9F
:1081F000FFFFFFFFFFFFFFFFFFFFFFFFFFFFFFFF8F
:10820000FFFFFFFFFFFFFFFFFFFFFFFFFFFFFFFF7E
:10821000FFFFFFFFFFFFFFFFFFFFFFFFFFFFFFFF6E
:10822000FFFFFFFFFFFFFFFFFFFFFFFFFFFFFFFF5E
:10823000FFFFFFFFFFFFFFFFFFFFFFFFFFFFFFFF4E
:10824000FFFFFFFFFFFFFFFFFFFFFFFFFFFFFFFF3E
:10825000FFFFFFFFFFFFFFFFFFFFFFFFFFFFFFFF2E
:10826000FFFFFFFFFFFFFFFFFFFFFFFFFFFFFFFF1E
:10827000FFFFFFFFFFFFFFFFFFFFFFFFFFFFFFFF0E
:10828000FFFFFFFFFFFFFFFFFFFFFFFFFFFFFFFFFE
:10829000FFFFFFFFFFFFFFFFFFFFFFFFFFFFFFFFEE
:1082A000FFFFFFFFFFFFFFFFFFFFFFFFFFFFFFFFDE
:1082B000FFFFFFFFFFFFFFFFFFFFFFFFFFFFFFFFCE
:1082C000FFFFFFFFFFFFFFFFFFFFFFFFFFFFFFFFBE
:1082D000FFFFFFFFFFFFFFFFFFFFFFFFFFFFFFFFAE
:1082E000FFFFFFFFFFFFFFFFFFFFFFFFFFFFFFFF9E
:1082F000FFFFFFFFFFFFFFFFFFFFFFFFFFFFFFFF8E
:10830000FFFFFFFFFFFFFFFFFFFFFFFFFFFFFFFF7D
:10831000FFFFFFFFFFFFFFFFFFFFFFFFFFFFFFFF6D
:10832000FFFFFFFFFFFFFFFFFFFFFFFFFFFFFFFF5D
:10833000FFFFFFFFFFFFFFFFFFFFFFFFFFFFFFFF4D
:10834000FFFFFFFFFFFFFFFFFFFFFFFFFFFFFFFF3D
:10835000FFFFFFFFFFFFFFFFFFFFFFFFFFFFFFFF2D
:10836000FFFFFFFFFFFFFFFFFFFFFFFFFFFFFFFF1D
:10837000FFFFFFFFFFFFFFFFFFFFFFFFFFFFFFFF0D
:10838000FFFFFFFFFFFFFFFFFFFFFFFFFFFFFFFFFD
:10839000FFFFFFFFFFFFFFFFFFFFFFFFFFFFFFFFED
:1083A000FFFFFFFFFFFFFFFFFFFFFFFFFFFFFFFFDD
:1083B000FFFFFFFFFFFFFFFFFFFFFFFFFFFFFFFFCD
:1083C000FFFFFFFFFFFFFFFFFFFFFFFFFFFFFFFFBD
:1083D000FFFFFFFFFFFFFFFFFFFFFFFFFFFFFFFFAD
:1083E000FFFFFFFFFFFFFFFFFFFFFFFFFFFFFFFF9D
:1083F000FFFFFFFFFFFFFFFFFFFFFFFFFFFFFFFF8D
:10840000FFFFFFFFFFFFFFFFFFFFFFFFFFFFFFFF7C
:10841000FFFFFFFFFFFFFFFFFFFFFFFFFFFFFFFF6C
:10842000FFFFFFFFFFFFFFFFFFFFFFFFFFFFFFFF5C
:10843000FFFFFFFFFFFFFFFFFFFFFFFFFFFFFFFF4C
:10844000FFFFFFFFFFFFFFFFFFFFFFFFFFFFFFFF3C
:10845000FFFFFFFFFFFFFFFFFFFFFFFFFFFFFFFF2C
:10846000FFFFFFFFFFFFFFFFFFFFFFFFFFFFFFFF1C
:10847000FFFFFFFFFFFFFFFFFFFFFFFFFFFFFFFF0C
:10848000FFFFFFFFFFFFFFFFFFFFFFFFFFFFFFFFFC
:10849000FFFFFFFFFFFFFFFFFFFFFFFFFFFFFFFFEC
:1084A000FFFFFFFFFFFFFFFFFFFFFFFFFFFFFFFFDC
:1084B000FFFFFFFFFFFFFFFFFFFFFFFFFFFFFFFFCC
:1084C000FFFFFFFFFFFFFFFFFFFFFFFFFFFFFFFFBC
:1084D000FFFFFFFFFFFFFFFFFFFFFFFFFFFFFFFFAC
:1084E000FFFFFFFFFFFFFFFFFFFFFFFFFFFFFFFF9C
:1084F000FFFFFFFFFFFFFFFFFFFFFFFFFFFFFFFF8C
:10850000FFFFFFFFFFFFFFFFFFFFFFFFFFFFFFFF7B
:10851000FFFFFFFFFFFFFFFFFFFFFFFFFFFFFFFF6B
:10852000FFFFFFFFFFFFFFFFFFFFFFFFFFFFFFFF5B
:10853000FFFFFFFFFFFFFFFFFFFFFFFFFFFFFFFF4B
:10854000FFFFFFFFFFFFFFFFFFFFFFFFFFFFFFFF3B
:10855000FFFFFFFFFFFFFFFFFFFFFFFFFFFFFFFF2B
:10856000FFFFFFFFFFFFFFFFFFFFFFFFFFFFFFFF1B
:10857000FFFFFFFFFFFFFFFFFFFFFFFFFFFFFFFF0B
:10858000FFFFFFFFFFFFFFFFFFFFFFFFFFFFFFFFFB
:10859000FFFFFFFFFFFFFFFFFFFFFFFFFFFFFFFFEB
:1085A000FFFFFFFFFFFFFFFFFFFFFFFFFFFFFFFFDB
:1085B000FFFFFFFFFFFFFFFFFFFFFFFFFFFFFFFFCB
:1085C000FFFFFFFFFFFFFFFFFFFFFFFFFFFFFFFFBB
:1085D000FFFFFFFFFFFFFFFFFFFFFFFFFFFFFFFFAB
:1085E000FFFFFFFFFFFFFFFFFFFFFFFFFFFFFFFF9B
:1085F000FFFFFFFFFFFFFFFFFFFFFFFFFFFFFFFF8B
:10860000FFFFFFFFFFFFFFFFFFFFFFFFFFFFFFFF7A
:10861000FFFFFFFFFFFFFFFFFFFFFFFFFFFFFFFF6A
:10862000FFFFFFFFFFFFFFFFFFFFFFFFFFFFFFFF5A
:10863000FFFFFFFFFFFFFFFFFFFFFFFFFFFFFFFF4A
:10864000FFFFFFFFFFFFFFFFFFFFFFFFFFFFFFFF3A
:10865000FFFFFFFFFFFFFFFFFFFFFFFFFFFFFFFF2A
:10866000FFFFFFFFFFFFFFFFFFFFFFFFFFFFFFFF1A
:10867000FFFFFFFFFFFFFFFFFFFFFFFFFFFFFFFF0A
:10868000FFFFFFFFFFFFFFFFFFFFFFFFFFFFFFFFFA
:10869000FFFFFFFFFFFFFFFFFFFFFFFFFFFFFFFFEA
:1086A000FFFFFFFFFFFFFFFFFFFFFFFFFFFFFFFFDA
:1086B000FFFFFFFFFFFFFFFFFFFFFFFFFFFFFFFFCA
:1086C000FFFFFFFFFFFFFFFFFFFFFFFFFFFFFFFFBA
:1086D000FFFFFFFFFFFFFFFFFFFFFFFFFFFFFFFFAA
:1086E000FFFFFFFFFFFFFFFFFFFFFFFFFFFFFFFF9A
:1086F000FFFFFFFFFFFFFFFFFFFFFFFFFFFFFFFF8A
:10870000FFFFFFFFFFFFFFFFFFFFFFFFFFFFFFFF79
:10871000FFFFFFFFFFFFFFFFFFFFFFFFFFFFFFFF69
:10872000FFFFFFFFFFFFFFFFFFFFFFFFFFFFFFFF59
:10873000FFFFFFFFFFFFFFFFFFFFFFFFFFFFFFFF49
:10874000FFFFFFFFFFFFFFFFFFFFFFFFFFFFFFFF39
:10875000FFFFFFFFFFFFFFFFFFFFFFFFFFFFFFFF29
:10876000FFFFFFFFFFFFFFFFFFFFFFFFFFFFFFFF19
:10877000FFFFFFFFFFFFFFFFFFFFFFFFFFFFFFFF09
:10878000FFFFFFFFFFFFFFFFFFFFFFFFFFFFFFFFF9
:10879000FFFFFFFFFFFFFFFFFFFFFFFFFFFFFFFFE9
:1087A000FFFFFFFFFFFFFFFFFFFFFFFFFFFFFFFFD9
:1087B000FFFFFFFFFFFFFFFFFFFFFFFFFFFFFFFFC9
:1087C000FFFFFFFFFFFFFFFFFFFFFFFFFFFFFFFFB9
:1087D000FFFFFFFFFFFFFFFFFFFFFFFFFFFFFFFFA9
:1087E000FFFFFFFFFFFFFFFFFFFFFFFFFFFFFFFF99
:1087F000FFFFFFFFFFFFFFFFFFFFFFFFFFFFFFFF89
:10880000FFFFFFFFFFFFFFFFFFFFFFFFFFFFFFFF78
:10881000FFFFFFFFFFFFFFFFFFFFFFFFFFFFFFFF68
:10882000FFFFFFFFFFFFFFFFFFFFFFFFFFFFFFFF58
:10883000FFFFFFFFFFFFFFFFFFFFFFFFFFFFFFFF48
:10884000FFFFFFFFFFFFFFFFFFFFFFFFFFFFFFFF38
:10885000FFFFFFFFFFFFFFFFFFFFFFFFFFFFFFFF28
:10886000FFFFFFFFFFFFFFFFFFFFFFFFFFFFFFFF18
:10887000FFFFFFFFFFFFFFFFFFFFFFFFFFFFFFFF08
:10888000FFFFFFFFFFFFFFFFFFFFFFFFFFFFFFFFF8
:10889000FFFFFFFFFFFFFFFFFFFFFFFFFFFFFFFFE8
:1088A000FFFFFFFFFFFFFFFFFFFFFFFFFFFFFFFFD8
:1088B000FFFFFFFFFFFFFFFFFFFFFFFFFFFFFFFFC8
:1088C000FFFFFFFFFFFFFFFFFFFFFFFFFFFFFFFFB8
:1088D000FFFFFFFFFFFFFFFFFFFFFFFFFFFFFFFFA8
:1088E000FFFFFFFFFFFFFFFFFFFFFFFFFFFFFFFF98
:1088F000FFFFFFFFFFFFFFFFFFFFFFFFFFFFFFFF88
:10890000FFFFFFFFFFFFFFFFFFFFFFFFFFFFFFFF77
:10891000FFFFFFFFFFFFFFFFFFFFFFFFFFFFFFFF67
:10892000FFFFFFFFFFFFFFFFFFFFFFFFFFFFFFFF57
:10893000FFFFFFFFFFFFFFFFFFFFFFFFFFFFFFFF47
:10894000FFFFFFFFFFFFFFFFFFFFFFFFFFFFFFFF37
:10895000FFFFFFFFFFFFFFFFFFFFFFFFFFFFFFFF27
:10896000FFFFFFFFFFFFFFFFFFFFFFFFFFFFFFFF17
:10897000FFFFFFFFFFFFFFFFFFFFFFFFFFFFFFFF07
:10898000FFFFFFFFFFFFFFFFFFFFFFFFFFFFFFFFF7
:10899000FFFFFFFFFFFFFFFFFFFFFFFFFFFFFFFFE7
:1089A000FFFFFFFFFFFFFFFFFFFFFFFFFFFFFFFFD7
:1089B000FFFFFFFFFFFFFFFFFFFFFFFFFFFFFFFFC7
:1089C000FFFFFFFFFFFFFFFFFFFFFFFFFFFFFFFFB7
:1089D000FFFFFFFFFFFFFFFFFFFFFFFFFFFFFFFFA7
:1089E000FFFFFFFFFFFFFFFFFFFFFFFFFFFFFFFF97
:1089F000FFFFFFFFFFFFFFFFFFFFFFFFFFFFFFFF87
:108A0000FFFFFFFFFFFFFFFFFFFFFFFFFFFFFFFF76
:108A1000FFFFFFFFFFFFFFFFFFFFFFFFFFFFFFFF66
:108A2000FFFFFFFFFFFFFFFFFFFFFFFFFFFFFFFF56
:108A3000FFFFFFFFFFFFFFFFFFFFFFFFFFFFFFFF46
:108A4000FFFFFFFFFFFFFFFFFFFFFFFFFFFFFFFF36
:108A5000FFFFFFFFFFFFFFFFFFFFFFFFFFFFFFFF26
:108A6000FFFFFFFFFFFFFFFFFFFFFFFFFFFFFFFF16
:108A7000FFFFFFFFFFFFFFFFFFFFFFFFFFFFFFFF06
:108A8000FFFFFFFFFFFFFFFFFFFFFFFFFFFFFFFFF6
:108A9000FFFFFFFFFFFFFFFFFFFFFFFFFFFFFFFFE6
:108AA000FFFFFFFFFFFFFFFFFFFFFFFFFFFFFFFFD6
:108AB000FFFFFFFFFFFFFFFFFFFFFFFFFFFFFFFFC6
:108AC000FFFFFFFFFFFFFFFFFFFFFFFFFFFFFFFFB6
:108AD000FFFFFFFFFFFFFFFFFFFFFFFFFFFFFFFFA6
:108AE000FFFFFFFFFFFFFFFFFFFFFFFFFFFFFFFF96
:108AF000FFFFFFFFFFFFFFFFFFFFFFFFFFFFFFFF86
:108B0000FFFFFFFFFFFFFFFFFFFFFFFFFFFFFFFF75
:108B1000FFFFFFFFFFFFFFFFFFFFFFFFFFFFFFFF65
:108B2000FFFFFFFFFFFFFFFFFFFFFFFFFFFFFFFF55
:108B3000FFFFFFFFFFFFFFFFFFFFFFFFFFFFFFFF45
:108B4000FFFFFFFFFFFFFFFFFFFFFFFFFFFFFFFF35
:108B5000FFFFFFFFFFFFFFFFFFFFFFFFFFFFFFFF25
:108B6000FFFFFFFFFFFFFFFFFFFFFFFFFFFFFFFF15
:108B7000FFFFFFFFFFFFFFFFFFFFFFFFFFFFFFFF05
:108B8000FFFFFFFFFFFFFFFFFFFFFFFFFFFFFFFFF5
:108B9000FFFFFFFFFFFFFFFFFFFFFFFFFFFFFFFFE5
:108BA000FFFFFFFFFFFFFFFFFFFFFFFFFFFFFFFFD5
:108BB000FFFFFFFFFFFFFFFFFFFFFFFFFFFFFFFFC5
:108BC000FFFFFFFFFFFFFFFFFFFFFFFFFFFFFFFFB5
:108BD000FFFFFFFFFFFFFFFFFFFFFFFFFFFFFFFFA5
:108BE000FFFFFFFFFFFFFFFFFFFFFFFFFFFFFFFF95
:108BF000FFFFFFFFFFFFFFFFFFFFFFFFFFFFFFFF85
:108C0000FFFFFFFFFFFFFFFFFFFFFFFFFFFFFFFF74
:108C1000FFFFFFFFFFFFFFFFFFFFFFFFFFFFFFFF64
:108C2000FFFFFFFFFFFFFFFFFFFFFFFFFFFFFFFF54
:108C3000FFFFFFFFFFFFFFFFFFFFFFFFFFFFFFFF44
:108C4000FFFFFFFFFFFFFFFFFFFFFFFFFFFFFFFF34
:108C5000FFFFFFFFFFFFFFFFFFFFFFFFFFFFFFFF24
:108C6000FFFFFFFFFFFFFFFFFFFFFFFFFFFFFFFF14
:108C7000FFFFFFFFFFFFFFFFFFFFFFFFFFFFFFFF04
:108C8000FFFFFFFFFFFFFFFFFFFFFFFFFFFFFFFFF4
:108C9000FFFFFFFFFFFFFFFFFFFFFFFFFFFFFFFFE4
:108CA000FFFFFFFFFFFFFFFFFFFFFFFFFFFFFFFFD4
:108CB000FFFFFFFFFFFFFFFFFFFFFFFFFFFFFFFFC4
:108CC000FFFFFFFFFFFFFFFFFFFFFFFFFFFFFFFFB4
:108CD000FFFFFFFFFFFFFFFFFFFFFFFFFFFFFFFFA4
:108CE000FFFFFFFFFFFFFFFFFFFFFFFFFFFFFFFF94
:108CF000FFFFFFFFFFFFFFFFFFFFFFFFFFFFFFFF84
:108D0000FFFFFFFFFFFFFFFFFFFFFFFFFFFFFFFF73
:108D1000FFFFFFFFFFFFFFFFFFFFFFFFFFFFFFFF63
:108D2000FFFFFFFFFFFFFFFFFFFFFFFFFFFFFFFF53
:108D3000FFFFFFFFFFFFFFFFFFFFFFFFFFFFFFFF43
:108D4000FFFFFFFFFFFFFFFFFFFFFFFFFFFFFFFF33
:108D5000FFFFFFFFFFFFFFFFFFFFFFFFFFFFFFFF23
:108D6000FFFFFFFFFFFFFFFFFFFFFFFFFFFFFFFF13
:108D7000FFFFFFFFFFFFFFFFFFFFFFFFFFFFFFFF03
:108D8000FFFFFFFFFFFFFFFFFFFFFFFFFFFFFFFFF3
:108D9000FFFFFFFFFFFFFFFFFFFFFFFFFFFFFFFFE3
:108DA000FFFFFFFFFFFFFFFFFFFFFFFFFFFFFFFFD3
:108DB000FFFFFFFFFFFFFFFFFFFFFFFFFFFFFFFFC3
:108DC000FFFFFFFFFFFFFFFFFFFFFFFFFFFFFFFFB3
:108DD000FFFFFFFFFFFFFFFFFFFFFFFFFFFFFFFFA3
:108DE000FFFFFFFFFFFFFFFFFFFFFFFFFFFFFFFF93
:108DF000FFFFFFFFFFFFFFFFFFFFFFFFFFFFFFFF83
:108E0000FFFFFFFFFFFFFFFFFFFFFFFFFFFFFFFF72
:108E1000FFFFFFFFFFFFFFFFFFFFFFFFFFFFFFFF62
:108E2000FFFFFFFFFFFFFFFFFFFFFFFFFFFFFFFF52
:108E3000FFFFFFFFFFFFFFFFFFFFFFFFFFFFFFFF42
:108E4000FFFFFFFFFFFFFFFFFFFFFFFFFFFFFFFF32
:108E5000FFFFFFFFFFFFFFFFFFFFFFFFFFFFFFFF22
:108E6000FFFFFFFFFFFFFFFFFFFFFFFFFFFFFFFF12
:108E7000FFFFFFFFFFFFFFFFFFFFFFFFFFFFFFFF02
:108E8000FFFFFFFFFFFFFFFFFFFFFFFFFFFFFFFFF2
:108E9000FFFFFFFFFFFFFFFFFFFFFFFFFFFFFFFFE2
:108EA000FFFFFFFFFFFFFFFFFFFFFFFFFFFFFFFFD2
:108EB000FFFFFFFFFFFFFFFFFFFFFFFFFFFFFFFFC2
:108EC000FFFFFFFFFFFFFFFFFFFFFFFFFFFFFFFFB2
:108ED000FFFFFFFFFFFFFFFFFFFFFFFFFFFFFFFFA2
:108EE000FFFFFFFFFFFFFFFFFFFFFFFFFFFFFFFF92
:108EF000FFFFFFFFFFFFFFFFFFFFFFFFFFFFFFFF82
:108F0000FFFFFFFFFFFFFFFFFFFFFFFFFFFFFFFF71
:108F1000FFFFFFFFFFFFFFFFFFFFFFFFFFFFFFFF61
:108F2000FFFFFFFFFFFFFFFFFFFFFFFFFFFFFFFF51
:108F3000FFFFFFFFFFFFFFFFFFFFFFFFFFFFFFFF41
:108F4000FFFFFFFFFFFFFFFFFFFFFFFFFFFFFFFF31
:108F5000FFFFFFFFFFFFFFFFFFFFFFFFFFFFFFFF21
:108F6000FFFFFFFFFFFFFFFFFFFFFFFFFFFFFFFF11
:108F7000FFFFFFFFFFFFFFFFFFFFFFFFFFFFFFFF01
:108F8000FFFFFFFFFFFFFFFFFFFFFFFFFFFFFFFFF1
:108F9000FFFFFFFFFFFFFFFFFFFFFFFFFFFFFFFFE1
:108FA000FFFFFFFFFFFFFFFFFFFFFFFFFFFFFFFFD1
:108FB000FFFFFFFFFFFFFFFFFFFFFFFFFFFFFFFFC1
:108FC000FFFFFFFFFFFFFFFFFFFFFFFFFFFFFFFFB1
:108FD000FFFFFFFFFFFFFFFFFFFFFFFFFFFFFFFFA1
:108FE000FFFFFFFFFFFFFFFFFFFFFFFFFFFFFFFF91
:108FF000FFFFFFFFFFFFFFFFFFFFFFFFFFFFFFFF81
:10900000FFFFFFFFFFFFFFFFFFFFFFFFFFFFFFFF70
:10901000FFFFFFFFFFFFFFFFFFFFFFFFFFFFFFFF60
:10902000FFFFFFFFFFFFFFFFFFFFFFFFFFFFFFFF50
:10903000FFFFFFFFFFFFFFFFFFFFFFFFFFFFFFFF40
:10904000FFFFFFFFFFFFFFFFFFFFFFFFFFFFFFFF30
:10905000FFFFFFFFFFFFFFFFFFFFFFFFFFFFFFFF20
:10906000FFFFFFFFFFFFFFFFFFFFFFFFFFFFFFFF10
:10907000FFFFFFFFFFFFFFFFFFFFFFFFFFFFFFFF00
:10908000FFFFFFFFFFFFFFFFFFFFFFFFFFFFFFFFF0
:10909000FFFFFFFFFFFFFFFFFFFFFFFFFFFFFFFFE0
:1090A000FFFFFFFFFFFFFFFFFFFFFFFFFFFFFFFFD0
:1090B000FFFFFFFFFFFFFFFFFFFFFFFFFFFFFFFFC0
:1090C000FFFFFFFFFFFFFFFFFFFFFFFFFFFFFFFFB0
:1090D000FFFFFFFFFFFFFFFFFFFFFFFFFFFFFFFFA0
:1090E000FFFFFFFFFFFFFFFFFFFFFFFFFFFFFFFF90
:1090F000FFFFFFFFFFFFFFFFFFFFFFFFFFFFFFFF80
:10910000FFFFFFFFFFFFFFFFFFFFFFFFFFFFFFFF6F
:10911000FFFFFFFFFFFFFFFFFFFFFFFFFFFFFFFF5F
:10912000FFFFFFFFFFFFFFFFFFFFFFFFFFFFFFFF4F
:10913000FFFFFFFFFFFFFFFFFFFFFFFFFFFFFFFF3F
:10914000FFFFFFFFFFFFFFFFFFFFFFFFFFFFFFFF2F
:10915000FFFFFFFFFFFFFFFFFFFFFFFFFFFFFFFF1F
:10916000FFFFFFFFFFFFFFFFFFFFFFFFFFFFFFFF0F
:10917000FFFFFFFFFFFFFFFFFFFFFFFFFFFFFFFFFF
:10918000FFFFFFFFFFFFFFFFFFFFFFFFFFFFFFFFEF
:10919000FFFFFFFFFFFFFFFFFFFFFFFFFFFFFFFFDF
:1091A000FFFFFFFFFFFFFFFFFFFFFFFFFFFFFFFFCF
:1091B000FFFFFFFFFFFFFFFFFFFFFFFFFFFFFFFFBF
:1091C000FFFFFFFFFFFFFFFFFFFFFFFFFFFFFFFFAF
:1091D000FFFFFFFFFFFFFFFFFFFFFFFFFFFFFFFF9F
:1091E000FFFFFFFFFFFFFFFFFFFFFFFFFFFFFFFF8F
:1091F000FFFFFFFFFFFFFFFFFFFFFFFFFFFFFFFF7F
:10920000FFFFFFFFFFFFFFFFFFFFFFFFFFFFFFFF6E
:10921000FFFFFFFFFFFFFFFFFFFFFFFFFFFFFFFF5E
:10922000FFFFFFFFFFFFFFFFFFFFFFFFFFFFFFFF4E
:10923000FFFFFFFFFFFFFFFFFFFFFFFFFFFFFFFF3E
:10924000FFFFFFFFFFFFFFFFFFFFFFFFFFFFFFFF2E
:10925000FFFFFFFFFFFFFFFFFFFFFFFFFFFFFFFF1E
:10926000FFFFFFFFFFFFFFFFFFFFFFFFFFFFFFFF0E
:10927000FFFFFFFFFFFFFFFFFFFFFFFFFFFFFFFFFE
:10928000FFFFFFFFFFFFFFFFFFFFFFFFFFFFFFFFEE
:10929000FFFFFFFFFFFFFFFFFFFFFFFFFFFFFFFFDE
:1092A000FFFFFFFFFFFFFFFFFFFFFFFFFFFFFFFFCE
:1092B000FFFFFFFFFFFFFFFFFFFFFFFFFFFFFFFFBE
:1092C000FFFFFFFFFFFFFFFFFFFFFFFFFFFFFFFFAE
:1092D000FFFFFFFFFFFFFFFFFFFFFFFFFFFFFFFF9E
:1092E000FFFFFFFFFFFFFFFFFFFFFFFFFFFFFFFF8E
:1092F000FFFFFFFFFFFFFFFFFFFFFFFFFFFFFFFF7E
:10930000FFFFFFFFFFFFFFFFFFFFFFFFFFFFFFFF6D
:10931000FFFFFFFFFFFFFFFFFFFFFFFFFFFFFFFF5D
:10932000FFFFFFFFFFFFFFFFFFFFFFFFFFFFFFFF4D
:10933000FFFFFFFFFFFFFFFFFFFFFFFFFFFFFFFF3D
:10934000FFFFFFFFFFFFFFFFFFFFFFFFFFFFFFFF2D
:10935000FFFFFFFFFFFFFFFFFFFFFFFFFFFFFFFF1D
:10936000FFFFFFFFFFFFFFFFFFFFFFFFFFFFFFFF0D
:10937000FFFFFFFFFFFFFFFFFFFFFFFFFFFFFFFFFD
:10938000FFFFFFFFFFFFFFFFFFFFFFFFFFFFFFFFED
:10939000FFFFFFFFFFFFFFFFFFFFFFFFFFFFFFFFDD
:1093A000FFFFFFFFFFFFFFFFFFFFFFFFFFFFFFFFCD
:1093B000FFFFFFFFFFFFFFFFFFFFFFFFFFFFFFFFBD
:1093C000FFFFFFFFFFFFFFFFFFFFFFFFFFFFFFFFAD
:1093D000FFFFFFFFFFFFFFFFFFFFFFFFFFFFFFFF9D
:1093E000FFFFFFFFFFFFFFFFFFFFFFFFFFFFFFFF8D
:1093F000FFFFFFFFFFFFFFFFFFFFFFFFFFFFFFFF7D
:10940000FFFFFFFFFFFFFFFFFFFFFFFFFFFFFFFF6C
:10941000FFFFFFFFFFFFFFFFFFFFFFFFFFFFFFFF5C
:10942000FFFFFFFFFFFFFFFFFFFFFFFFFFFFFFFF4C
:10943000FFFFFFFFFFFFFFFFFFFFFFFFFFFFFFFF3C
:10944000FFFFFFFFFFFFFFFFFFFFFFFFFFFFFFFF2C
:10945000FFFFFFFFFFFFFFFFFFFFFFFFFFFFFFFF1C
:10946000FFFFFFFFFFFFFFFFFFFFFFFFFFFFFFFF0C
:10947000FFFFFFFFFFFFFFFFFFFFFFFFFFFFFFFFFC
:10948000FFFFFFFFFFFFFFFFFFFFFFFFFFFFFFFFEC
:10949000FFFFFFFFFFFFFFFFFFFFFFFFFFFFFFFFDC
:1094A000FFFFFFFFFFFFFFFFFFFFFFFFFFFFFFFFCC
:1094B000FFFFFFFFFFFFFFFFFFFFFFFFFFFFFFFFBC
:1094C000FFFFFFFFFFFFFFFFFFFFFFFFFFFFFFFFAC
:1094D000FFFFFFFFFFFFFFFFFFFFFFFFFFFFFFFF9C
:1094E000FFFFFFFFFFFFFFFFFFFFFFFFFFFFFFFF8C
:1094F000FFFFFFFFFFFFFFFFFFFFFFFFFFFFFFFF7C
:10950000FFFFFFFFFFFFFFFFFFFFFFFFFFFFFFFF6B
:10951000FFFFFFFFFFFFFFFFFFFFFFFFFFFFFFFF5B
:10952000FFFFFFFFFFFFFFFFFFFFFFFFFFFFFFFF4B
:10953000FFFFFFFFFFFFFFFFFFFFFFFFFFFFFFFF3B
:10954000FFFFFFFFFFFFFFFFFFFFFFFFFFFFFFFF2B
:10955000FFFFFFFFFFFFFFFFFFFFFFFFFFFFFFFF1B
:10956000FFFFFFFFFFFFFFFFFFFFFFFFFFFFFFFF0B
:10957000FFFFFFFFFFFFFFFFFFFFFFFFFFFFFFFFFB
:10958000FFFFFFFFFFFFFFFFFFFFFFFFFFFFFFFFEB
:10959000FFFFFFFFFFFFFFFFFFFFFFFFFFFFFFFFDB
:1095A000FFFFFFFFFFFFFFFFFFFFFFFFFFFFFFFFCB
:1095B000FFFFFFFFFFFFFFFFFFFFFFFFFFFFFFFFBB
:1095C000FFFFFFFFFFFFFFFFFFFFFFFFFFFFFFFFAB
:1095D000FFFFFFFFFFFFFFFFFFFFFFFFFFFFFFFF9B
:1095E000FFFFFFFFFFFFFFFFFFFFFFFFFFFFFFFF8B
:1095F000FFFFFFFFFFFFFFFFFFFFFFFFFFFFFFFF7B
:10960000FFFFFFFFFFFFFFFFFFFFFFFFFFFFFFFF6A
:10961000FFFFFFFFFFFFFFFFFFFFFFFFFFFFFFFF5A
:10962000FFFFFFFFFFFFFFFFFFFFFFFFFFFFFFFF4A
:10963000FFFFFFFFFFFFFFFFFFFFFFFFFFFFFFFF3A
:10964000FFFFFFFFFFFFFFFFFFFFFFFFFFFFFFFF2A
:10965000FFFFFFFFFFFFFFFFFFFFFFFFFFFFFFFF1A
:10966000FFFFFFFFFFFFFFFFFFFFFFFFFFFFFFFF0A
:10967000FFFFFFFFFFFFFFFFFFFFFFFFFFFFFFFFFA
:10968000FFFFFFFFFFFFFFFFFFFFFFFFFFFFFFFFEA
:10969000FFFFFFFFFFFFFFFFFFFFFFFFFFFFFFFFDA
:1096A000FFFFFFFFFFFFFFFFFFFFFFFFFFFFFFFFCA
:1096B000FFFFFFFFFFFFFFFFFFFFFFFFFFFFFFFFBA
:1096C000FFFFFFFFFFFFFFFFFFFFFFFFFFFFFFFFAA
:1096D000FFFFFFFFFFFFFFFFFFFFFFFFFFFFFFFF9A
:1096E000FFFFFFFFFFFFFFFFFFFFFFFFFFFFFFFF8A
:1096F000FFFFFFFFFFFFFFFFFFFFFFFFFFFFFFFF7A
:10970000FFFFFFFFFFFFFFFFFFFFFFFFFFFFFFFF69
:10971000FFFFFFFFFFFFFFFFFFFFFFFFFFFFFFFF59
:10972000FFFFFFFFFFFFFFFFFFFFFFFFFFFFFFFF49
:10973000FFFFFFFFFFFFFFFFFFFFFFFFFFFFFFFF39
:10974000FFFFFFFFFFFFFFFFFFFFFFFFFFFFFFFF29
:10975000FFFFFFFFFFFFFFFFFFFFFFFFFFFFFFFF19
:10976000FFFFFFFFFFFFFFFFFFFFFFFFFFFFFFFF09
:10977000FFFFFFFFFFFFFFFFFFFFFFFFFFFFFFFFF9
:10978000FFFFFFFFFFFFFFFFFFFFFFFFFFFFFFFFE9
:10979000FFFFFFFFFFFFFFFFFFFFFFFFFFFFFFFFD9
:1097A000FFFFFFFFFFFFFFFFFFFFFFFFFFFFFFFFC9
:1097B000FFFFFFFFFFFFFFFFFFFFFFFFFFFFFFFFB9
:1097C000FFFFFFFFFFFFFFFFFFFFFFFFFFFFFFFFA9
:1097D000FFFFFFFFFFFFFFFFFFFFFFFFFFFFFFFF99
:1097E000FFFFFFFFFFFFFFFFFFFFFFFFFFFFFFFF89
:1097F000FFFFFFFFFFFFFFFFFFFFFFFFFFFFFFFF79
:10980000FFFFFFFFFFFFFFFFFFFFFFFFFFFFFFFF68
:10981000FFFFFFFFFFFFFFFFFFFFFFFFFFFFFFFF58
:10982000FFFFFFFFFFFFFFFFFFFFFFFFFFFFFFFF48
:10983000FFFFFFFFFFFFFFFFFFFFFFFFFFFFFFFF38
:10984000FFFFFFFFFFFFFFFFFFFFFFFFFFFFFFFF28
:10985000FFFFFFFFFFFFFFFFFFFFFFFFFFFFFFFF18
:10986000FFFFFFFFFFFFFFFFFFFFFFFFFFFFFFFF08
:10987000FFFFFFFFFFFFFFFFFFFFFFFFFFFFFFFFF8
:10988000FFFFFFFFFFFFFFFFFFFFFFFFFFFFFFFFE8
:10989000FFFFFFFFFFFFFFFFFFFFFFFFFFFFFFFFD8
:1098A000FFFFFFFFFFFFFFFFFFFFFFFFFFFFFFFFC8
:1098B000FFFFFFFFFFFFFFFFFFFFFFFFFFFFFFFFB8
:1098C000FFFFFFFFFFFFFFFFFFFFFFFFFFFFFFFFA8
:1098D000FFFFFFFFFFFFFFFFFFFFFFFFFFFFFFFF98
:1098E000FFFFFFFFFFFFFFFFFFFFFFFFFFFFFFFF88
:1098F000FFFFFFFFFFFFFFFFFFFFFFFFFFFFFFFF78
:10990000FFFFFFFFFFFFFFFFFFFFFFFFFFFFFFFF67
:10991000FFFFFFFFFFFFFFFFFFFFFFFFFFFFFFFF57
:10992000FFFFFFFFFFFFFFFFFFFFFFFFFFFFFFFF47
:10993000FFFFFFFFFFFFFFFFFFFFFFFFFFFFFFFF37
:10994000FFFFFFFFFFFFFFFFFFFFFFFFFFFFFFFF27
:10995000FFFFFFFFFFFFFFFFFFFFFFFFFFFFFFFF17
:10996000FFFFFFFFFFFFFFFFFFFFFFFFFFFFFFFF07
:10997000FFFFFFFFFFFFFFFFFFFFFFFFFFFFFFFFF7
:10998000FFFFFFFFFFFFFFFFFFFFFFFFFFFFFFFFE7
:10999000FFFFFFFFFFFFFFFFFFFFFFFFFFFFFFFFD7
:1099A000FFFFFFFFFFFFFFFFFFFFFFFFFFFFFFFFC7
:1099B000FFFFFFFFFFFFFFFFFFFFFFFFFFFFFFFFB7
:1099C000FFFFFFFFFFFFFFFFFFFFFFFFFFFFFFFFA7
:1099D000FFFFFFFFFFFFFFFFFFFFFFFFFFFFFFFF97
:1099E000FFFFFFFFFFFFFFFFFFFFFFFFFFFFFFFF87
:1099F000FFFFFFFFFFFFFFFFFFFFFFFFFFFFFFFF77
:109A0000FFFFFFFFFFFFFFFFFFFFFFFFFFFFFFFF66
:109A1000FFFFFFFFFFFFFFFFFFFFFFFFFFFFFFFF56
:109A2000FFFFFFFFFFFFFFFFFFFFFFFFFFFFFFFF46
:109A3000FFFFFFFFFFFFFFFFFFFFFFFFFFFFFFFF36
:109A4000FFFFFFFFFFFFFFFFFFFFFFFFFFFFFFFF26
:109A5000FFFFFFFFFFFFFFFFFFFFFFFFFFFFFFFF16
:109A6000FFFFFFFFFFFFFFFFFFFFFFFFFFFFFFFF06
:109A7000FFFFFFFFFFFFFFFFFFFFFFFFFFFFFFFFF6
:109A8000FFFFFFFFFFFFFFFFFFFFFFFFFFFFFFFFE6
:109A9000FFFFFFFFFFFFFFFFFFFFFFFFFFFFFFFFD6
:109AA000FFFFFFFFFFFFFFFFFFFFFFFFFFFFFFFFC6
:109AB000FFFFFFFFFFFFFFFFFFFFFFFFFFFFFFFFB6
:109AC000FFFFFFFFFFFFFFFFFFFFFFFFFFFFFFFFA6
:109AD000FFFFFFFFFFFFFFFFFFFFFFFFFFFFFFFF96
:109AE000FFFFFFFFFFFFFFFFFFFFFFFFFFFFFFFF86
:109AF000FFFFFFFFFFFFFFFFFFFFFFFFFFFFFFFF76
:109B0000FFFFFFFFFFFFFFFFFFFFFFFFFFFFFFFF65
:109B1000FFFFFFFFFFFFFFFFFFFFFFFFFFFFFFFF55
:109B2000FFFFFFFFFFFFFFFFFFFFFFFFFFFFFFFF45
:109B3000FFFFFFFFFFFFFFFFFFFFFFFFFFFFFFFF35
:109B4000FFFFFFFFFFFFFFFFFFFFFFFFFFFFFFFF25
:109B5000FFFFFFFFFFFFFFFFFFFFFFFFFFFFFFFF15
:109B6000FFFFFFFFFFFFFFFFFFFFFFFFFFFFFFFF05
:109B7000FFFFFFFFFFFFFFFFFFFFFFFFFFFFFFFFF5
:109B8000FFFFFFFFFFFFFFFFFFFFFFFFFFFFFFFFE5
:109B9000FFFFFFFFFFFFFFFFFFFFFFFFFFFFFFFFD5
:109BA000FFFFFFFFFFFFFFFFFFFFFFFFFFFFFFFFC5
:109BB000FFFFFFFFFFFFFFFFFFFFFFFFFFFFFFFFB5
:109BC000FFFFFFFFFFFFFFFFFFFFFFFFFFFFFFFFA5
:109BD000FFFFFFFFFFFFFFFFFFFFFFFFFFFFFFFF95
:109BE000FFFFFFFFFFFFFFFFFFFFFFFFFFFFFFFF85
:109BF000FFFFFFFFFFFFFFFFFFFFFFFFFFFFFFFF75
:109C0000FFFFFFFFFFFFFFFFFFFFFFFFFFFFFFFF64
:109C1000FFFFFFFFFFFFFFFFFFFFFFFFFFFFFFFF54
:109C2000FFFFFFFFFFFFFFFFFFFFFFFFFFFFFFFF44
:109C3000FFFFFFFFFFFFFFFFFFFFFFFFFFFFFFFF34
:109C4000FFFFFFFFFFFFFFFFFFFFFFFFFFFFFFFF24
:109C5000FFFFFFFFFFFFFFFFFFFFFFFFFFFFFFFF14
:109C6000FFFFFFFFFFFFFFFFFFFFFFFFFFFFFFFF04
:109C7000FFFFFFFFFFFFFFFFFFFFFFFFFFFFFFFFF4
:109C8000FFFFFFFFFFFFFFFFFFFFFFFFFFFFFFFFE4
:109C9000FFFFFFFFFFFFFFFFFFFFFFFFFFFFFFFFD4
:109CA000FFFFFFFFFFFFFFFFFFFFFFFFFFFFFFFFC4
:109CB000FFFFFFFFFFFFFFFFFFFFFFFFFFFFFFFFB4
:109CC000FFFFFFFFFFFFFFFFFFFFFFFFFFFFFFFFA4
:109CD000FFFFFFFFFFFFFFFFFFFFFFFFFFFFFFFF94
:109CE000FFFFFFFFFFFFFFFFFFFFFFFFFFFFFFFF84
:109CF000FFFFFFFFFFFFFFFFFFFFFFFFFFFFFFFF74
:109D0000FFFFFFFFFFFFFFFFFFFFFFFFFFFFFFFF63
:109D1000FFFFFFFFFFFFFFFFFFFFFFFFFFFFFFFF53
:109D2000FFFFFFFFFFFFFFFFFFFFFFFFFFFFFFFF43
:109D3000FFFFFFFFFFFFFFFFFFFFFFFFFFFFFFFF33
:109D4000FFFFFFFFFFFFFFFFFFFFFFFFFFFFFFFF23
:109D5000FFFFFFFFFFFFFFFFFFFFFFFFFFFFFFFF13
:109D6000FFFFFFFFFFFFFFFFFFFFFFFFFFFFFFFF03
:109D7000FFFFFFFFFFFFFFFFFFFFFFFFFFFFFFFFF3
:109D8000FFFFFFFFFFFFFFFFFFFFFFFFFFFFFFFFE3
:109D9000FFFFFFFFFFFFFFFFFFFFFFFFFFFFFFFFD3
:109DA000FFFFFFFFFFFFFFFFFFFFFFFFFFFFFFFFC3
:109DB000FFFFFFFFFFFFFFFFFFFFFFFFFFFFFFFFB3
:109DC000FFFFFFFFFFFFFFFFFFFFFFFFFFFFFFFFA3
:109DD000FFFFFFFFFFFFFFFFFFFFFFFFFFFFFFFF93
:109DE000FFFFFFFFFFFFFFFFFFFFFFFFFFFFFFFF83
:109DF000FFFFFFFFFFFFFFFFFFFFFFFFFFFFFFFF73
:109E0000FFFFFFFFFFFFFFFFFFFFFFFFFFFFFFFF62
:109E1000FFFFFFFFFFFFFFFFFFFFFFFFFFFFFFFF52
:109E2000FFFFFFFFFFFFFFFFFFFFFFFFFFFFFFFF42
:109E3000FFFFFFFFFFFFFFFFFFFFFFFFFFFFFFFF32
:109E4000FFFFFFFFFFFFFFFFFFFFFFFFFFFFFFFF22
:109E5000FFFFFFFFFFFFFFFFFFFFFFFFFFFFFFFF12
:109E6000FFFFFFFFFFFFFFFFFFFFFFFFFFFFFFFF02
:109E7000FFFFFFFFFFFFFFFFFFFFFFFFFFFFFFFFF2
:109E8000FFFFFFFFFFFFFFFFFFFFFFFFFFFFFFFFE2
:109E9000FFFFFFFFFFFFFFFFFFFFFFFFFFFFFFFFD2
:109EA000FFFFFFFFFFFFFFFFFFFFFFFFFFFFFFFFC2
:109EB000FFFFFFFFFFFFFFFFFFFFFFFFFFFFFFFFB2
:109EC000FFFFFFFFFFFFFFFFFFFFFFFFFFFFFFFFA2
:109ED000FFFFFFFFFFFFFFFFFFFFFFFFFFFFFFFF92
:109EE000FFFFFFFFFFFFFFFFFFFFFFFFFFFFFFFF82
:109EF000FFFFFFFFFFFFFFFFFFFFFFFFFFFFFFFF72
:109F0000FFFFFFFFFFFFFFFFFFFFFFFFFFFFFFFF61
:109F1000FFFFFFFFFFFFFFFFFFFFFFFFFFFFFFFF51
:109F2000FFFFFFFFFFFFFFFFFFFFFFFFFFFFFFFF41
:109F3000FFFFFFFFFFFFFFFFFFFFFFFFFFFFFFFF31
:109F4000FFFFFFFFFFFFFFFFFFFFFFFFFFFFFFFF21
:109F5000FFFFFFFFFFFFFFFFFFFFFFFFFFFFFFFF11
:109F6000FFFFFFFFFFFFFFFFFFFFFFFFFFFFFFFF01
:109F7000FFFFFFFFFFFFFFFFFFFFFFFFFFFFFFFFF1
:109F8000FFFFFFFFFFFFFFFFFFFFFFFFFFFFFFFFE1
:109F9000FFFFFFFFFFFFFFFFFFFFFFFFFFFFFFFFD1
:109FA000FFFFFFFFFFFFFFFFFFFFFFFFFFFFFFFFC1
:109FB000FFFFFFFFFFFFFFFFFFFFFFFFFFFFFFFFB1
:109FC000FFFFFFFFFFFFFFFFFFFFFFFFFFFFFFFFA1
:109FD000FFFFFFFFFFFFFFFFFFFFFFFFFFFFFFFF91
:109FE000FFFFFFFFFFFFFFFFFFFFFFFFFFFFFFFF81
:109FF000FFFFFFFFFFFFFFFFFFFFFFFFFFFFFFFF71
:10A00000FFFFFFFFFFFFFFFFFFFFFFFFFFFFFFFF60
:10A01000FFFFFFFFFFFFFFFFFFFFFFFFFFFFFFFF50
:10A02000FFFFFFFFFFFFFFFFFFFFFFFFFFFFFFFF40
:10A03000FFFFFFFFFFFFFFFFFFFFFFFFFFFFFFFF30
:10A04000FFFFFFFFFFFFFFFFFFFFFFFFFFFFFFFF20
:10A05000FFFFFFFFFFFFFFFFFFFFFFFFFFFFFFFF10
:10A06000FFFFFFFFFFFFFFFFFFFFFFFFFFFFFFFF00
:10A07000FFFFFFFFFFFFFFFFFFFFFFFFFFFFFFFFF0
:10A08000FFFFFFFFFFFFFFFFFFFFFFFFFFFFFFFFE0
:10A09000FFFFFFFFFFFFFFFFFFFFFFFFFFFFFFFFD0
:10A0A000FFFFFFFFFFFFFFFFFFFFFFFFFFFFFFFFC0
:10A0B000FFFFFFFFFFFFFFFFFFFFFFFFFFFFFFFFB0
:10A0C000FFFFFFFFFFFFFFFFFFFFFFFFFFFFFFFFA0
:10A0D000FFFFFFFFFFFFFFFFFFFFFFFFFFFFFFFF90
:10A0E000FFFFFFFFFFFFFFFFFFFFFFFFFFFFFFFF80
:10A0F000FFFFFFFFFFFFFFFFFFFFFFFFFFFFFFFF70
:10A10000FFFFFFFFFFFFFFFFFFFFFFFFFFFFFFFF5F
:10A11000FFFFFFFFFFFFFFFFFFFFFFFFFFFFFFFF4F
:10A12000FFFFFFFFFFFFFFFFFFFFFFFFFFFFFFFF3F
:10A13000FFFFFFFFFFFFFFFFFFFFFFFFFFFFFFFF2F
:10A14000FFFFFFFFFFFFFFFFFFFFFFFFFFFFFFFF1F
:10A15000FFFFFFFFFFFFFFFFFFFFFFFFFFFFFFFF0F
:10A16000FFFFFFFFFFFFFFFFFFFFFFFFFFFFFFFFFF
:10A17000FFFFFFFFFFFFFFFFFFFFFFFFFFFFFFFFEF
:10A18000FFFFFFFFFFFFFFFFFFFFFFFFFFFFFFFFDF
:10A19000FFFFFFFFFFFFFFFFFFFFFFFFFFFFFFFFCF
:10A1A000FFFFFFFFFFFFFFFFFFFFFFFFFFFFFFFFBF
:10A1B000FFFFFFFFFFFFFFFFFFFFFFFFFFFFFFFFAF
:10A1C000FFFFFFFFFFFFFFFFFFFFFFFFFFFFFFFF9F
:10A1D000FFFFFFFFFFFFFFFFFFFFFFFFFFFFFFFF8F
:10A1E000FFFFFFFFFFFFFFFFFFFFFFFFFFFFFFFF7F
:10A1F000FFFFFFFFFFFFFFFFFFFFFFFFFFFFFFFF6F
:10A20000FFFFFFFFFFFFFFFFFFFFFFFFFFFFFFFF5E
:10A21000FFFFFFFFFFFFFFFFFFFFFFFFFFFFFFFF4E
:10A22000FFFFFFFFFFFFFFFFFFFFFFFFFFFFFFFF3E
:10A23000FFFFFFFFFFFFFFFFFFFFFFFFFFFFFFFF2E
:10A24000FFFFFFFFFFFFFFFFFFFFFFFFFFFFFFFF1E
:10A25000FFFFFFFFFFFFFFFFFFFFFFFFFFFFFFFF0E
:10A26000FFFFFFFFFFFFFFFFFFFFFFFFFFFFFFFFFE
:10A27000FFFFFFFFFFFFFFFFFFFFFFFFFFFFFFFFEE
:10A28000FFFFFFFFFFFFFFFFFFFFFFFFFFFFFFFFDE
:10A29000FFFFFFFFFFFFFFFFFFFFFFFFFFFFFFFFCE
:10A2A000FFFFFFFFFFFFFFFFFFFFFFFFFFFFFFFFBE
:10A2B000FFFFFFFFFFFFFFFFFFFFFFFFFFFFFFFFAE
:10A2C000FFFFFFFFFFFFFFFFFFFFFFFFFFFFFFFF9E
:10A2D000FFFFFFFFFFFFFFFFFFFFFFFFFFFFFFFF8E
:10A2E000FFFFFFFFFFFFFFFFFFFFFFFFFFFFFFFF7E
:10A2F000FFFFFFFFFFFFFFFFFFFFFFFFFFFFFFFF6E
:10A30000FFFFFFFFFFFFFFFFFFFFFFFFFFFFFFFF5D
:10A31000FFFFFFFFFFFFFFFFFFFFFFFFFFFFFFFF4D
:10A32000FFFFFFFFFFFFFFFFFFFFFFFFFFFFFFFF3D
:10A33000FFFFFFFFFFFFFFFFFFFFFFFFFFFFFFFF2D
:10A34000FFFFFFFFFFFFFFFFFFFFFFFFFFFFFFFF1D
:10A35000FFFFFFFFFFFFFFFFFFFFFFFFFFFFFFFF0D
:10A36000FFFFFFFFFFFFFFFFFFFFFFFFFFFFFFFFFD
:10A37000FFFFFFFFFFFFFFFFFFFFFFFFFFFFFFFFED
:10A38000FFFFFFFFFFFFFFFFFFFFFFFFFFFFFFFFDD
:10A39000FFFFFFFFFFFFFFFFFFFFFFFFFFFFFFFFCD
:10A3A000FFFFFFFFFFFFFFFFFFFFFFFFFFFFFFFFBD
:10A3B000FFFFFFFFFFFFFFFFFFFFFFFFFFFFFFFFAD
:10A3C000FFFFFFFFFFFFFFFFFFFFFFFFFFFFFFFF9D
:10A3D000FFFFFFFFFFFFFFFFFFFFFFFFFFFFFFFF8D
:10A3E000FFFFFFFFFFFFFFFFFFFFFFFFFFFFFFFF7D
:10A3F000FFFFFFFFFFFFFFFFFFFFFFFFFFFFFFFF6D
:10A40000FFFFFFFFFFFFFFFFFFFFFFFFFFFFFFFF5C
:10A41000FFFFFFFFFFFFFFFFFFFFFFFFFFFFFFFF4C
:10A42000FFFFFFFFFFFFFFFFFFFFFFFFFFFFFFFF3C
:10A43000FFFFFFFFFFFFFFFFFFFFFFFFFFFFFFFF2C
:10A44000FFFFFFFFFFFFFFFFFFFFFFFFFFFFFFFF1C
:10A45000FFFFFFFFFFFFFFFFFFFFFFFFFFFFFFFF0C
:10A46000FFFFFFFFFFFFFFFFFFFFFFFFFFFFFFFFFC
:10A47000FFFFFFFFFFFFFFFFFFFFFFFFFFFFFFFFEC
:10A48000FFFFFFFFFFFFFFFFFFFFFFFFFFFFFFFFDC
:10A49000FFFFFFFFFFFFFFFFFFFFFFFFFFFFFFFFCC
:10A4A000FFFFFFFFFFFFFFFFFFFFFFFFFFFFFFFFBC
:10A4B000FFFFFFFFFFFFFFFFFFFFFFFFFFFFFFFFAC
:10A4C000FFFFFFFFFFFFFFFFFFFFFFFFFFFFFFFF9C
:10A4D000FFFFFFFFFFFFFFFFFFFFFFFFFFFFFFFF8C
:10A4E000FFFFFFFFFFFFFFFFFFFFFFFFFFFFFFFF7C
:10A4F000FFFFFFFFFFFFFFFFFFFFFFFFFFFFFFFF6C
:10A50000FFFFFFFFFFFFFFFFFFFFFFFFFFFFFFFF5B
:10A51000FFFFFFFFFFFFFFFFFFFFFFFFFFFFFFFF4B
:10A52000FFFFFFFFFFFFFFFFFFFFFFFFFFFFFFFF3B
:10A53000FFFFFFFFFFFFFFFFFFFFFFFFFFFFFFFF2B
:10A54000FFFFFFFFFFFFFFFFFFFFFFFFFFFFFFFF1B
:10A55000FFFFFFFFFFFFFFFFFFFFFFFFFFFFFFFF0B
:10A56000FFFFFFFFFFFFFFFFFFFFFFFFFFFFFFFFFB
:10A57000FFFFFFFFFFFFFFFFFFFFFFFFFFFFFFFFEB
:10A58000FFFFFFFFFFFFFFFFFFFFFFFFFFFFFFFFDB
:10A59000FFFFFFFFFFFFFFFFFFFFFFFFFFFFFFFFCB
:10A5A000FFFFFFFFFFFFFFFFFFFFFFFFFFFFFFFFBB
:10A5B000FFFFFFFFFFFFFFFFFFFFFFFFFFFFFFFFAB
:10A5C000FFFFFFFFFFFFFFFFFFFFFFFFFFFFFFFF9B
:10A5D000FFFFFFFFFFFFFFFFFFFFFFFFFFFFFFFF8B
:10A5E000FFFFFFFFFFFFFFFFFFFFFFFFFFFFFFFF7B
:10A5F000FFFFFFFFFFFFFFFFFFFFFFFFFFFFFFFF6B
:10A60000FFFFFFFFFFFFFFFFFFFFFFFFFFFFFFFF5A
:10A61000FFFFFFFFFFFFFFFFFFFFFFFFFFFFFFFF4A
:10A62000FFFFFFFFFFFFFFFFFFFFFFFFFFFFFFFF3A
:10A63000FFFFFFFFFFFFFFFFFFFFFFFFFFFFFFFF2A
:10A64000FFFFFFFFFFFFFFFFFFFFFFFFFFFFFFFF1A
:10A65000FFFFFFFFFFFFFFFFFFFFFFFFFFFFFFFF0A
:10A66000FFFFFFFFFFFFFFFFFFFFFFFFFFFFFFFFFA
:10A67000FFFFFFFFFFFFFFFFFFFFFFFFFFFFFFFFEA
:10A68000FFFFFFFFFFFFFFFFFFFFFFFFFFFFFFFFDA
:10A69000FFFFFFFFFFFFFFFFFFFFFFFFFFFFFFFFCA
:10A6A000FFFFFFFFFFFFFFFFFFFFFFFFFFFFFFFFBA
:10A6B000FFFFFFFFFFFFFFFFFFFFFFFFFFFFFFFFAA
:10A6C000FFFFFFFFFFFFFFFFFFFFFFFFFFFFFFFF9A
:10A6D000FFFFFFFFFFFFFFFFFFFFFFFFFFFFFFFF8A
:10A6E000FFFFFFFFFFFFFFFFFFFFFFFFFFFFFFFF7A
:10A6F000FFFFFFFFFFFFFFFFFFFFFFFFFFFFFFFF6A
:10A70000FFFFFFFFFFFFFFFFFFFFFFFFFFFFFFFF59
:10A71000FFFFFFFFFFFFFFFFFFFFFFFFFFFFFFFF49
:10A72000FFFFFFFFFFFFFFFFFFFFFFFFFFFFFFFF39
:10A73000FFFFFFFFFFFFFFFFFFFFFFFFFFFFFFFF29
:10A74000FFFFFFFFFFFFFFFFFFFFFFFFFFFFFFFF19
:10A75000FFFFFFFFFFFFFFFFFFFFFFFFFFFFFFFF09
:10A76000FFFFFFFFFFFFFFFFFFFFFFFFFFFFFFFFF9
:10A77000FFFFFFFFFFFFFFFFFFFFFFFFFFFFFFFFE9
:10A78000FFFFFFFFFFFFFFFFFFFFFFFFFFFFFFFFD9
:10A79000FFFFFFFFFFFFFFFFFFFFFFFFFFFFFFFFC9
:10A7A000FFFFFFFFFFFFFFFFFFFFFFFFFFFFFFFFB9
:10A7B000FFFFFFFFFFFFFFFFFFFFFFFFFFFFFFFFA9
:10A7C000FFFFFFFFFFFFFFFFFFFFFFFFFFFFFFFF99
:10A7D000FFFFFFFFFFFFFFFFFFFFFFFFFFFFFFFF89
:10A7E000FFFFFFFFFFFFFFFFFFFFFFFFFFFFFFFF79
:10A7F000FFFFFFFFFFFFFFFFFFFFFFFFFFFFFFFF69
:10A80000FFFFFFFFFFFFFFFFFFFFFFFFFFFFFFFF58
:10A81000FFFFFFFFFFFFFFFFFFFFFFFFFFFFFFFF48
:10A82000FFFFFFFFFFFFFFFFFFFFFFFFFFFFFFFF38
:10A83000FFFFFFFFFFFFFFFFFFFFFFFFFFFFFFFF28
:10A84000FFFFFFFFFFFFFFFFFFFFFFFFFFFFFFFF18
:10A85000FFFFFFFFFFFFFFFFFFFFFFFFFFFFFFFF08
:10A86000FFFFFFFFFFFFFFFFFFFFFFFFFFFFFFFFF8
:10A87000FFFFFFFFFFFFFFFFFFFFFFFFFFFFFFFFE8
:10A88000FFFFFFFFFFFFFFFFFFFFFFFFFFFFFFFFD8
:10A89000FFFFFFFFFFFFFFFFFFFFFFFFFFFFFFFFC8
:10A8A000FFFFFFFFFFFFFFFFFFFFFFFFFFFFFFFFB8
:10A8B000FFFFFFFFFFFFFFFFFFFFFFFFFFFFFFFFA8
:10A8C000FFFFFFFFFFFFFFFFFFFFFFFFFFFFFFFF98
:10A8D000FFFFFFFFFFFFFFFFFFFFFFFFFFFFFFFF88
:10A8E000FFFFFFFFFFFFFFFFFFFFFFFFFFFFFFFF78
:10A8F000FFFFFFFFFFFFFFFFFFFFFFFFFFFFFFFF68
:10A90000FFFFFFFFFFFFFFFFFFFFFFFFFFFFFFFF57
:10A91000FFFFFFFFFFFFFFFFFFFFFFFFFFFFFFFF47
:10A92000FFFFFFFFFFFFFFFFFFFFFFFFFFFFFFFF37
:10A93000FFFFFFFFFFFFFFFFFFFFFFFFFFFFFFFF27
:10A94000FFFFFFFFFFFFFFFFFFFFFFFFFFFFFFFF17
:10A95000FFFFFFFFFFFFFFFFFFFFFFFFFFFFFFFF07
:10A96000FFFFFFFFFFFFFFFFFFFFFFFFFFFFFFFFF7
:10A97000FFFFFFFFFFFFFFFFFFFFFFFFFFFFFFFFE7
:10A98000FFFFFFFFFFFFFFFFFFFFFFFFFFFFFFFFD7
:10A99000FFFFFFFFFFFFFFFFFFFFFFFFFFFFFFFFC7
:10A9A000FFFFFFFFFFFFFFFFFFFFFFFFFFFFFFFFB7
:10A9B000FFFFFFFFFFFFFFFFFFFFFFFFFFFFFFFFA7
:10A9C000FFFFFFFFFFFFFFFFFFFFFFFFFFFFFFFF97
:10A9D000FFFFFFFFFFFFFFFFFFFFFFFFFFFFFFFF87
:10A9E000FFFFFFFFFFFFFFFFFFFFFFFFFFFFFFFF77
:10A9F000FFFFFFFFFFFFFFFFFFFFFFFFFFFFFFFF67
:10AA0000FFFFFFFFFFFFFFFFFFFFFFFFFFFFFFFF56
:10AA1000FFFFFFFFFFFFFFFFFFFFFFFFFFFFFFFF46
:10AA2000FFFFFFFFFFFFFFFFFFFFFFFFFFFFFFFF36
:10AA3000FFFFFFFFFFFFFFFFFFFFFFFFFFFFFFFF26
:10AA4000FFFFFFFFFFFFFFFFFFFFFFFFFFFFFFFF16
:10AA5000FFFFFFFFFFFFFFFFFFFFFFFFFFFFFFFF06
:10AA6000FFFFFFFFFFFFFFFFFFFFFFFFFFFFFFFFF6
:10AA7000FFFFFFFFFFFFFFFFFFFFFFFFFFFFFFFFE6
:10AA8000FFFFFFFFFFFFFFFFFFFFFFFFFFFFFFFFD6
:10AA9000FFFFFFFFFFFFFFFFFFFFFFFFFFFFFFFFC6
:10AAA000FFFFFFFFFFFFFFFFFFFFFFFFFFFFFFFFB6
:10AAB000FFFFFFFFFFFFFFFFFFFFFFFFFFFFFFFFA6
:10AAC000FFFFFFFFFFFFFFFFFFFFFFFFFFFFFFFF96
:10AAD000FFFFFFFFFFFFFFFFFFFFFFFFFFFFFFFF86
:10AAE000FFFFFFFFFFFFFFFFFFFFFFFFFFFFFFFF76
:10AAF000FFFFFFFFFFFFFFFFFFFFFFFFFFFFFFFF66
:10AB0000FFFFFFFFFFFFFFFFFFFFFFFFFFFFFFFF55
:10AB1000FFFFFFFFFFFFFFFFFFFFFFFFFFFFFFFF45
:10AB2000FFFFFFFFFFFFFFFFFFFFFFFFFFFFFFFF35
:10AB3000FFFFFFFFFFFFFFFFFFFFFFFFFFFFFFFF25
:10AB4000FFFFFFFFFFFFFFFFFFFFFFFFFFFFFFFF15
:10AB5000FFFFFFFFFFFFFFFFFFFFFFFFFFFFFFFF05
:10AB6000FFFFFFFFFFFFFFFFFFFFFFFFFFFFFFFFF5
:10AB7000FFFFFFFFFFFFFFFFFFFFFFFFFFFFFFFFE5
:10AB8000FFFFFFFFFFFFFFFFFFFFFFFFFFFFFFFFD5
:10AB9000FFFFFFFFFFFFFFFFFFFFFFFFFFFFFFFFC5
:10ABA000FFFFFFFFFFFFFFFFFFFFFFFFFFFFFFFFB5
:10ABB000FFFFFFFFFFFFFFFFFFFFFFFFFFFFFFFFA5
:10ABC000FFFFFFFFFFFFFFFFFFFFFFFFFFFFFFFF95
:10ABD000FFFFFFFFFFFFFFFFFFFFFFFFFFFFFFFF85
:10ABE000FFFFFFFFFFFFFFFFFFFFFFFFFFFFFFFF75
:10ABF000FFFFFFFFFFFFFFFFFFFFFFFFFFFFFFFF65
:10AC0000FFFFFFFFFFFFFFFFFFFFFFFFFFFFFFFF54
:10AC1000FFFFFFFFFFFFFFFFFFFFFFFFFFFFFFFF44
:10AC2000FFFFFFFFFFFFFFFFFFFFFFFFFFFFFFFF34
:10AC3000FFFFFFFFFFFFFFFFFFFFFFFFFFFFFFFF24
:10AC4000FFFFFFFFFFFFFFFFFFFFFFFFFFFFFFFF14
:10AC5000FFFFFFFFFFFFFFFFFFFFFFFFFFFFFFFF04
:10AC6000FFFFFFFFFFFFFFFFFFFFFFFFFFFFFFFFF4
:10AC7000FFFFFFFFFFFFFFFFFFFFFFFFFFFFFFFFE4
:10AC8000FFFFFFFFFFFFFFFFFFFFFFFFFFFFFFFFD4
:10AC9000FFFFFFFFFFFFFFFFFFFFFFFFFFFFFFFFC4
:10ACA000FFFFFFFFFFFFFFFFFFFFFFFFFFFFFFFFB4
:10ACB000FFFFFFFFFFFFFFFFFFFFFFFFFFFFFFFFA4
:10ACC000FFFFFFFFFFFFFFFFFFFFFFFFFFFFFFFF94
:10ACD000FFFFFFFFFFFFFFFFFFFFFFFFFFFFFFFF84
:10ACE000FFFFFFFFFFFFFFFFFFFFFFFFFFFFFFFF74
:10ACF000FFFFFFFFFFFFFFFFFFFFFFFFFFFFFFFF64
:10AD0000FFFFFFFFFFFFFFFFFFFFFFFFFFFFFFFF53
:10AD1000FFFFFFFFFFFFFFFFFFFFFFFFFFFFFFFF43
:10AD2000FFFFFFFFFFFFFFFFFFFFFFFFFFFFFFFF33
:10AD3000FFFFFFFFFFFFFFFFFFFFFFFFFFFFFFFF23
:10AD4000FFFFFFFFFFFFFFFFFFFFFFFFFFFFFFFF13
:10AD5000FFFFFFFFFFFFFFFFFFFFFFFFFFFFFFFF03
:10AD6000FFFFFFFFFFFFFFFFFFFFFFFFFFFFFFFFF3
:10AD7000FFFFFFFFFFFFFFFFFFFFFFFFFFFFFFFFE3
:10AD8000FFFFFFFFFFFFFFFFFFFFFFFFFFFFFFFFD3
:10AD9000FFFFFFFFFFFFFFFFFFFFFFFFFFFFFFFFC3
:10ADA000FFFFFFFFFFFFFFFFFFFFFFFFFFFFFFFFB3
:10ADB000FFFFFFFFFFFFFFFFFFFFFFFFFFFFFFFFA3
:10ADC000FFFFFFFFFFFFFFFFFFFFFFFFFFFFFFFF93
:10ADD000FFFFFFFFFFFFFFFFFFFFFFFFFFFFFFFF83
:10ADE000FFFFFFFFFFFFFFFFFFFFFFFFFFFFFFFF73
:10ADF000FFFFFFFFFFFFFFFFFFFFFFFFFFFFFFFF63
:10AE0000FFFFFFFFFFFFFFFFFFFFFFFFFFFFFFFF52
:10AE1000FFFFFFFFFFFFFFFFFFFFFFFFFFFFFFFF42
:10AE2000FFFFFFFFFFFFFFFFFFFFFFFFFFFFFFFF32
:10AE3000FFFFFFFFFFFFFFFFFFFFFFFFFFFFFFFF22
:10AE4000FFFFFFFFFFFFFFFFFFFFFFFFFFFFFFFF12
:10AE5000FFFFFFFFFFFFFFFFFFFFFFFFFFFFFFFF02
:10AE6000FFFFFFFFFFFFFFFFFFFFFFFFFFFFFFFFF2
:10AE7000FFFFFFFFFFFFFFFFFFFFFFFFFFFFFFFFE2
:10AE8000FFFFFFFFFFFFFFFFFFFFFFFFFFFFFFFFD2
:10AE9000FFFFFFFFFFFFFFFFFFFFFFFFFFFFFFFFC2
:10AEA000FFFFFFFFFFFFFFFFFFFFFFFFFFFFFFFFB2
:10AEB000FFFFFFFFFFFFFFFFFFFFFFFFFFFFFFFFA2
:10AEC000FFFFFFFFFFFFFFFFFFFFFFFFFFFFFFFF92
:10AED000FFFFFFFFFFFFFFFFFFFFFFFFFFFFFFFF82
:10AEE000FFFFFFFFFFFFFFFFFFFFFFFFFFFFFFFF72
:10AEF000FFFFFFFFFFFFFFFFFFFFFFFFFFFFFFFF62
:10AF0000FFFFFFFFFFFFFFFFFFFFFFFFFFFFFFFF51
:10AF1000FFFFFFFFFFFFFFFFFFFFFFFFFFFFFFFF41
:10AF2000FFFFFFFFFFFFFFFFFFFFFFFFFFFFFFFF31
:10AF3000FFFFFFFFFFFFFFFFFFFFFFFFFFFFFFFF21
:10AF4000FFFFFFFFFFFFFFFFFFFFFFFFFFFFFFFF11
:10AF5000FFFFFFFFFFFFFFFFFFFFFFFFFFFFFFFF01
:10AF6000FFFFFFFFFFFFFFFFFFFFFFFFFFFFFFFFF1
:10AF7000FFFFFFFFFFFFFFFFFFFFFFFFFFFFFFFFE1
:10AF8000FFFFFFFFFFFFFFFFFFFFFFFFFFFFFFFFD1
:10AF9000FFFFFFFFFFFFFFFFFFFFFFFFFFFFFFFFC1
:10AFA000FFFFFFFFFFFFFFFFFFFFFFFFFFFFFFFFB1
:10AFB000FFFFFFFFFFFFFFFFFFFFFFFFFFFFFFFFA1
:10AFC000FFFFFFFFFFFFFFFFFFFFFFFFFFFFFFFF91
:10AFD000FFFFFFFFFFFFFFFFFFFFFFFFFFFFFFFF81
:10AFE000FFFFFFFFFFFFFFFFFFFFFFFFFFFFFFFF71
:10AFF000FFFFFFFFFFFFFFFFFFFFFFFFFFFFFFFF61
:10B00000FFFFFFFFFFFFFFFFFFFFFFFFFFFFFFFF50
:10B01000FFFFFFFFFFFFFFFFFFFFFFFFFFFFFFFF40
:10B02000FFFFFFFFFFFFFFFFFFFFFFFFFFFFFFFF30
:10B03000FFFFFFFFFFFFFFFFFFFFFFFFFFFFFFFF20
:10B04000FFFFFFFFFFFFFFFFFFFFFFFFFFFFFFFF10
:10B05000FFFFFFFFFFFFFFFFFFFFFFFFFFFFFFFF00
:10B06000FFFFFFFFFFFFFFFFFFFFFFFFFFFFFFFFF0
:10B07000FFFFFFFFFFFFFFFFFFFFFFFFFFFFFFFFE0
:10B08000FFFFFFFFFFFFFFFFFFFFFFFFFFFFFFFFD0
:10B09000FFFFFFFFFFFFFFFFFFFFFFFFFFFFFFFFC0
:10B0A000FFFFFFFFFFFFFFFFFFFFFFFFFFFFFFFFB0
:10B0B000FFFFFFFFFFFFFFFFFFFFFFFFFFFFFFFFA0
:10B0C000FFFFFFFFFFFFFFFFFFFFFFFFFFFFFFFF90
:10B0D000FFFFFFFFFFFFFFFFFFFFFFFFFFFFFFFF80
:10B0E000FFFFFFFFFFFFFFFFFFFFFFFFFFFFFFFF70
:10B0F000FFFFFFFFFFFFFFFFFFFFFFFFFFFFFFFF60
:10B10000FFFFFFFFFFFFFFFFFFFFFFFFFFFFFFFF4F
:10B11000FFFFFFFFFFFFFFFFFFFFFFFFFFFFFFFF3F
:10B12000FFFFFFFFFFFFFFFFFFFFFFFFFFFFFFFF2F
:10B13000FFFFFFFFFFFFFFFFFFFFFFFFFFFFFFFF1F
:10B14000FFFFFFFFFFFFFFFFFFFFFFFFFFFFFFFF0F
:10B15000FFFFFFFFFFFFFFFFFFFFFFFFFFFFFFFFFF
:10B16000FFFFFFFFFFFFFFFFFFFFFFFFFFFFFFFFEF
:10B17000FFFFFFFFFFFFFFFFFFFFFFFFFFFFFFFFDF
:10B18000FFFFFFFFFFFFFFFFFFFFFFFFFFFFFFFFCF
:10B19000FFFFFFFFFFFFFFFFFFFFFFFFFFFFFFFFBF
:10B1A000FFFFFFFFFFFFFFFFFFFFFFFFFFFFFFFFAF
:10B1B000FFFFFFFFFFFFFFFFFFFFFFFFFFFFFFFF9F
:10B1C000FFFFFFFFFFFFFFFFFFFFFFFFFFFFFFFF8F
:10B1D000FFFFFFFFFFFFFFFFFFFFFFFFFFFFFFFF7F
:10B1E000FFFFFFFFFFFFFFFFFFFFFFFFFFFFFFFF6F
:10B1F000FFFFFFFFFFFFFFFFFFFFFFFFFFFFFFFF5F
:10B20000FFFFFFFFFFFFFFFFFFFFFFFFFFFFFFFF4E
:10B21000FFFFFFFFFFFFFFFFFFFFFFFFFFFFFFFF3E
:10B22000FFFFFFFFFFFFFFFFFFFFFFFFFFFFFFFF2E
:10B23000FFFFFFFFFFFFFFFFFFFFFFFFFFFFFFFF1E
:10B24000FFFFFFFFFFFFFFFFFFFFFFFFFFFFFFFF0E
:10B25000FFFFFFFFFFFFFFFFFFFFFFFFFFFFFFFFFE
:10B26000FFFFFFFFFFFFFFFFFFFFFFFFFFFFFFFFEE
:10B27000FFFFFFFFFFFFFFFFFFFFFFFFFFFFFFFFDE
:10B28000FFFFFFFFFFFFFFFFFFFFFFFFFFFFFFFFCE
:10B29000FFFFFFFFFFFFFFFFFFFFFFFFFFFFFFFFBE
:10B2A000FFFFFFFFFFFFFFFFFFFFFFFFFFFFFFFFAE
:10B2B000FFFFFFFFFFFFFFFFFFFFFFFFFFFFFFFF9E
:10B2C000FFFFFFFFFFFFFFFFFFFFFFFFFFFFFFFF8E
:10B2D000FFFFFFFFFFFFFFFFFFFFFFFFFFFFFFFF7E
:10B2E000FFFFFFFFFFFFFFFFFFFFFFFFFFFFFFFF6E
:10B2F000FFFFFFFFFFFFFFFFFFFFFFFFFFFFFFFF5E
:10B30000FFFFFFFFFFFFFFFFFFFFFFFFFFFFFFFF4D
:10B31000FFFFFFFFFFFFFFFFFFFFFFFFFFFFFFFF3D
:10B32000FFFFFFFFFFFFFFFFFFFFFFFFFFFFFFFF2D
:10B33000FFFFFFFFFFFFFFFFFFFFFFFFFFFFFFFF1D
:10B34000FFFFFFFFFFFFFFFFFFFFFFFFFFFFFFFF0D
:10B35000FFFFFFFFFFFFFFFFFFFFFFFFFFFFFFFFFD
:10B36000FFFFFFFFFFFFFFFFFFFFFFFFFFFFFFFFED
:10B37000FFFFFFFFFFFFFFFFFFFFFFFFFFFFFFFFDD
:10B38000FFFFFFFFFFFFFFFFFFFFFFFFFFFFFFFFCD
:10B39000FFFFFFFFFFFFFFFFFFFFFFFFFFFFFFFFBD
:10B3A000FFFFFFFFFFFFFFFFFFFFFFFFFFFFFFFFAD
:10B3B000FFFFFFFFFFFFFFFFFFFFFFFFFFFFFFFF9D
:10B3C000FFFFFFFFFFFFFFFFFFFFFFFFFFFFFFFF8D
:10B3D000FFFFFFFFFFFFFFFFFFFFFFFFFFFFFFFF7D
:10B3E000FFFFFFFFFFFFFFFFFFFFFFFFFFFFFFFF6D
:10B3F000FFFFFFFFFFFFFFFFFFFFFFFFFFFFFFFF5D
:10B40000FFFFFFFFFFFFFFFFFFFFFFFFFFFFFFFF4C
:10B41000FFFFFFFFFFFFFFFFFFFFFFFFFFFFFFFF3C
:10B42000FFFFFFFFFFFFFFFFFFFFFFFFFFFFFFFF2C
:10B43000FFFFFFFFFFFFFFFFFFFFFFFFFFFFFFFF1C
:10B44000FFFFFFFFFFFFFFFFFFFFFFFFFFFFFFFF0C
:10B45000FFFFFFFFFFFFFFFFFFFFFFFFFFFFFFFFFC
:10B46000FFFFFFFFFFFFFFFFFFFFFFFFFFFFFFFFEC
:10B47000FFFFFFFFFFFFFFFFFFFFFFFFFFFFFFFFDC
:10B48000FFFFFFFFFFFFFFFFFFFFFFFFFFFFFFFFCC
:10B49000FFFFFFFFFFFFFFFFFFFFFFFFFFFFFFFFBC
:10B4A000FFFFFFFFFFFFFFFFFFFFFFFFFFFFFFFFAC
:10B4B000FFFFFFFFFFFFFFFFFFFFFFFFFFFFFFFF9C
:10B4C000FFFFFFFFFFFFFFFFFFFFFFFFFFFFFFFF8C
:10B4D000FFFFFFFFFFFFFFFFFFFFFFFFFFFFFFFF7C
:10B4E000FFFFFFFFFFFFFFFFFFFFFFFFFFFFFFFF6C
:10B4F000FFFFFFFFFFFFFFFFFFFFFFFFFFFFFFFF5C
:10B50000FFFFFFFFFFFFFFFFFFFFFFFFFFFFFFFF4B
:10B51000FFFFFFFFFFFFFFFFFFFFFFFFFFFFFFFF3B
:10B52000FFFFFFFFFFFFFFFFFFFFFFFFFFFFFFFF2B
:10B53000FFFFFFFFFFFFFFFFFFFFFFFFFFFFFFFF1B
:10B54000FFFFFFFFFFFFFFFFFFFFFFFFFFFFFFFF0B
:10B55000FFFFFFFFFFFFFFFFFFFFFFFFFFFFFFFFFB
:10B56000FFFFFFFFFFFFFFFFFFFFFFFFFFFFFFFFEB
:10B57000FFFFFFFFFFFFFFFFFFFFFFFFFFFFFFFFDB
:10B58000FFFFFFFFFFFFFFFFFFFFFFFFFFFFFFFFCB
:10B59000FFFFFFFFFFFFFFFFFFFFFFFFFFFFFFFFBB
:10B5A000FFFFFFFFFFFFFFFFFFFFFFFFFFFFFFFFAB
:10B5B000FFFFFFFFFFFFFFFFFFFFFFFFFFFFFFFF9B
:10B5C000FFFFFFFFFFFFFFFFFFFFFFFFFFFFFFFF8B
:10B5D000FFFFFFFFFFFFFFFFFFFFFFFFFFFFFFFF7B
:10B5E000FFFFFFFFFFFFFFFFFFFFFFFFFFFFFFFF6B
:10B5F000FFFFFFFFFFFFFFFFFFFFFFFFFFFFFFFF5B
:10B60000FFFFFFFFFFFFFFFFFFFFFFFFFFFFFFFF4A
:10B61000FFFFFFFFFFFFFFFFFFFFFFFFFFFFFFFF3A
:10B62000FFFFFFFFFFFFFFFFFFFFFFFFFFFFFFFF2A
:10B63000FFFFFFFFFFFFFFFFFFFFFFFFFFFFFFFF1A
:10B64000FFFFFFFFFFFFFFFFFFFFFFFFFFFFFFFF0A
:10B65000FFFFFFFFFFFFFFFFFFFFFFFFFFFFFFFFFA
:10B66000FFFFFFFFFFFFFFFFFFFFFFFFFFFFFFFFEA
:10B67000FFFFFFFFFFFFFFFFFFFFFFFFFFFFFFFFDA
:10B68000FFFFFFFFFFFFFFFFFFFFFFFFFFFFFFFFCA
:10B69000FFFFFFFFFFFFFFFFFFFFFFFFFFFFFFFFBA
:10B6A000FFFFFFFFFFFFFFFFFFFFFFFFFFFFFFFFAA
:10B6B000FFFFFFFFFFFFFFFFFFFFFFFFFFFFFFFF9A
:10B6C000FFFFFFFFFFFFFFFFFFFFFFFFFFFFFFFF8A
:10B6D000FFFFFFFFFFFFFFFFFFFFFFFFFFFFFFFF7A
:10B6E000FFFFFFFFFFFFFFFFFFFFFFFFFFFFFFFF6A
:10B6F000FFFFFFFFFFFFFFFFFFFFFFFFFFFFFFFF5A
:10B70000FFFFFFFFFFFFFFFFFFFFFFFFFFFFFFFF49
:10B71000FFFFFFFFFFFFFFFFFFFFFFFFFFFFFFFF39
:10B72000FFFFFFFFFFFFFFFFFFFFFFFFFFFFFFFF29
:10B73000FFFFFFFFFFFFFFFFFFFFFFFFFFFFFFFF19
:10B74000FFFFFFFFFFFFFFFFFFFFFFFFFFFFFFFF09
:10B75000FFFFFFFFFFFFFFFFFFFFFFFFFFFFFFFFF9
:10B76000FFFFFFFFFFFFFFFFFFFFFFFFFFFFFFFFE9
:10B77000FFFFFFFFFFFFFFFFFFFFFFFFFFFFFFFFD9
:10B78000FFFFFFFFFFFFFFFFFFFFFFFFFFFFFFFFC9
:10B79000FFFFFFFFFFFFFFFFFFFFFFFFFFFFFFFFB9
:10B7A000FFFFFFFFFFFFFFFFFFFFFFFFFFFFFFFFA9
:10B7B000FFFFFFFFFFFFFFFFFFFFFFFFFFFFFFFF99
:10B7C000FFFFFFFFFFFFFFFFFFFFFFFFFFFFFFFF89
:10B7D000FFFFFFFFFFFFFFFFFFFFFFFFFFFFFFFF79
:10B7E000FFFFFFFFFFFFFFFFFFFFFFFFFFFFFFFF69
:10B7F000FFFFFFFFFFFFFFFFFFFFFFFFFFFFFFFF59
:10B80000FFFFFFFFFFFFFFFFFFFFFFFFFFFFFFFF48
:10B81000FFFFFFFFFFFFFFFFFFFFFFFFFFFFFFFF38
:10B82000FFFFFFFFFFFFFFFFFFFFFFFFFFFFFFFF28
:10B83000FFFFFFFFFFFFFFFFFFFFFFFFFFFFFFFF18
:10B84000FFFFFFFFFFFFFFFFFFFFFFFFFFFFFFFF08
:10B85000FFFFFFFFFFFFFFFFFFFFFFFFFFFFFFFFF8
:10B86000FFFFFFFFFFFFFFFFFFFFFFFFFFFFFFFFE8
:10B87000FFFFFFFFFFFFFFFFFFFFFFFFFFFFFFFFD8
:10B88000FFFFFFFFFFFFFFFFFFFFFFFFFFFFFFFFC8
:10B89000FFFFFFFFFFFFFFFFFFFFFFFFFFFFFFFFB8
:10B8A000FFFFFFFFFFFFFFFFFFFFFFFFFFFFFFFFA8
:10B8B000FFFFFFFFFFFFFFFFFFFFFFFFFFFFFFFF98
:10B8C000FFFFFFFFFFFFFFFFFFFFFFFFFFFFFFFF88
:10B8D000FFFFFFFFFFFFFFFFFFFFFFFFFFFFFFFF78
:10B8E000FFFFFFFFFFFFFFFFFFFFFFFFFFFFFFFF68
:10B8F000FFFFFFFFFFFFFFFFFFFFFFFFFFFFFFFF58
:10B90000FFFFFFFFFFFFFFFFFFFFFFFFFFFFFFFF47
:10B91000FFFFFFFFFFFFFFFFFFFFFFFFFFFFFFFF37
:10B92000FFFFFFFFFFFFFFFFFFFFFFFFFFFFFFFF27
:10B93000FFFFFFFFFFFFFFFFFFFFFFFFFFFFFFFF17
:10B94000FFFFFFFFFFFFFFFFFFFFFFFFFFFFFFFF07
:10B95000FFFFFFFFFFFFFFFFFFFFFFFFFFFFFFFFF7
:10B96000FFFFFFFFFFFFFFFFFFFFFFFFFFFFFFFFE7
:10B97000FFFFFFFFFFFFFFFFFFFFFFFFFFFFFFFFD7
:10B98000FFFFFFFFFFFFFFFFFFFFFFFFFFFFFFFFC7
:10B99000FFFFFFFFFFFFFFFFFFFFFFFFFFFFFFFFB7
:10B9A000FFFFFFFFFFFFFFFFFFFFFFFFFFFFFFFFA7
:10B9B000FFFFFFFFFFFFFFFFFFFFFFFFFFFFFFFF97
:10B9C000FFFFFFFFFFFFFFFFFFFFFFFFFFFFFFFF87
:10B9D000FFFFFFFFFFFFFFFFFFFFFFFFFFFFFFFF77
:10B9E000FFFFFFFFFFFFFFFFFFFFFFFFFFFFFFFF67
:10B9F000FFFFFFFFFFFFFFFFFFFFFFFFFFFFFFFF57
:10BA0000FFFFFFFFFFFFFFFFFFFFFFFFFFFFFFFF46
:10BA1000FFFFFFFFFFFFFFFFFFFFFFFFFFFFFFFF36
:10BA2000FFFFFFFFFFFFFFFFFFFFFFFFFFFFFFFF26
:10BA3000FFFFFFFFFFFFFFFFFFFFFFFFFFFFFFFF16
:10BA4000FFFFFFFFFFFFFFFFFFFFFFFFFFFFFFFF06
:10BA5000FFFFFFFFFFFFFFFFFFFFFFFFFFFFFFFFF6
:10BA6000FFFFFFFFFFFFFFFFFFFFFFFFFFFFFFFFE6
:10BA7000FFFFFFFFFFFFFFFFFFFFFFFFFFFFFFFFD6
:10BA8000FFFFFFFFFFFFFFFFFFFFFFFFFFFFFFFFC6
:10BA9000FFFFFFFFFFFFFFFFFFFFFFFFFFFFFFFFB6
:10BAA000FFFFFFFFFFFFFFFFFFFFFFFFFFFFFFFFA6
:10BAB000FFFFFFFFFFFFFFFFFFFFFFFFFFFFFFFF96
:10BAC000FFFFFFFFFFFFFFFFFFFFFFFFFFFFFFFF86
:10BAD000FFFFFFFFFFFFFFFFFFFFFFFFFFFFFFFF76
:10BAE000FFFFFFFFFFFFFFFFFFFFFFFFFFFFFFFF66
:10BAF000FFFFFFFFFFFFFFFFFFFFFFFFFFFFFFFF56
:10BB0000FFFFFFFFFFFFFFFFFFFFFFFFFFFFFFFF45
:10BB1000FFFFFFFFFFFFFFFFFFFFFFFFFFFFFFFF35
:10BB2000FFFFFFFFFFFFFFFFFFFFFFFFFFFFFFFF25
:10BB3000FFFFFFFFFFFFFFFFFFFFFFFFFFFFFFFF15
:10BB4000FFFFFFFFFFFFFFFFFFFFFFFFFFFFFFFF05
:10BB5000FFFFFFFFFFFFFFFFFFFFFFFFFFFFFFFFF5
:10BB6000FFFFFFFFFFFFFFFFFFFFFFFFFFFFFFFFE5
:10BB7000FFFFFFFFFFFFFFFFFFFFFFFFFFFFFFFFD5
:10BB8000FFFFFFFFFFFFFFFFFFFFFFFFFFFFFFFFC5
:10BB9000FFFFFFFFFFFFFFFFFFFFFFFFFFFFFFFFB5
:10BBA000FFFFFFFFFFFFFFFFFFFFFFFFFFFFFFFFA5
:10BBB000FFFFFFFFFFFFFFFFFFFFFFFFFFFFFFFF95
:10BBC000FFFFFFFFFFFFFFFFFFFFFFFFFFFFFFFF85
:10BBD000FFFFFFFFFFFFFFFFFFFFFFFFFFFFFFFF75
:10BBE000FFFFFFFFFFFFFFFFFFFFFFFFFFFFFFFF65
:10BBF000FFFFFFFFFFFFFFFFFFFFFFFFFFFFFFFF55
:10BC0000FFFFFFFFFFFFFFFFFFFFFFFFFFFFFFFF44
:10BC1000FFFFFFFFFFFFFFFFFFFFFFFFFFFFFFFF34
:10BC2000FFFFFFFFFFFFFFFFFFFFFFFFFFFFFFFF24
:10BC3000FFFFFFFFFFFFFFFFFFFFFFFFFFFFFFFF14
:10BC4000FFFFFFFFFFFFFFFFFFFFFFFFFFFFFFFF04
:10BC5000FFFFFFFFFFFFFFFFFFFFFFFFFFFFFFFFF4
:10BC6000FFFFFFFFFFFFFFFFFFFFFFFFFFFFFFFFE4
:10BC7000FFFFFFFFFFFFFFFFFFFFFFFFFFFFFFFFD4
:10BC8000FFFFFFFFFFFFFFFFFFFFFFFFFFFFFFFFC4
:10BC9000FFFFFFFFFFFFFFFFFFFFFFFFFFFFFFFFB4
:10BCA000FFFFFFFFFFFFFFFFFFFFFFFFFFFFFFFFA4
:10BCB000FFFFFFFFFFFFFFFFFFFFFFFFFFFFFFFF94
:10BCC000FFFFFFFFFFFFFFFFFFFFFFFFFFFFFFFF84
:10BCD000FFFFFFFFFFFFFFFFFFFFFFFFFFFFFFFF74
:10BCE000FFFFFFFFFFFFFFFFFFFFFFFFFFFFFFFF64
:10BCF000FFFFFFFFFFFFFFFFFFFFFFFFFFFFFFFF54
:10BD0000FFFFFFFFFFFFFFFFFFFFFFFFFFFFFFFF43
:10BD1000FFFFFFFFFFFFFFFFFFFFFFFFFFFFFFFF33
:10BD2000FFFFFFFFFFFFFFFFFFFFFFFFFFFFFFFF23
:10BD3000FFFFFFFFFFFFFFFFFFFFFFFFFFFFFFFF13
:10BD4000FFFFFFFFFFFFFFFFFFFFFFFFFFFFFFFF03
:10BD5000FFFFFFFFFFFFFFFFFFFFFFFFFFFFFFFFF3
:10BD6000FFFFFFFFFFFFFFFFFFFFFFFFFFFFFFFFE3
:10BD7000FFFFFFFFFFFFFFFFFFFFFFFFFFFFFFFFD3
:10BD8000FFFFFFFFFFFFFFFFFFFFFFFFFFFFFFFFC3
:10BD9000FFFFFFFFFFFFFFFFFFFFFFFFFFFFFFFFB3
:10BDA000FFFFFFFFFFFFFFFFFFFFFFFFFFFFFFFFA3
:10BDB000FFFFFFFFFFFFFFFFFFFFFFFFFFFFFFFF93
:10BDC000FFFFFFFFFFFFFFFFFFFFFFFFFFFFFFFF83
:10BDD000FFFFFFFFFFFFFFFFFFFFFFFFFFFFFFFF73
:10BDE000FFFFFFFFFFFFFFFFFFFFFFFFFFFFFFFF63
:10BDF000FFFFFFFFFFFFFFFFFFFFFFFFFFFFFFFF53
:10BE0000FFFFFFFFFFFFFFFFFFFFFFFFFFFFFFFF42
:10BE1000FFFFFFFFFFFFFFFFFFFFFFFFFFFFFFFF32
:10BE2000FFFFFFFFFFFFFFFFFFFFFFFFFFFFFFFF22
:10BE3000FFFFFFFFFFFFFFFFFFFFFFFFFFFFFFFF12
:10BE4000FFFFFFFFFFFFFFFFFFFFFFFFFFFFFFFF02
:10BE5000FFFFFFFFFFFFFFFFFFFFFFFFFFFFFFFFF2
:10BE6000FFFFFFFFFFFFFFFFFFFFFFFFFFFFFFFFE2
:10BE7000FFFFFFFFFFFFFFFFFFFFFFFFFFFFFFFFD2
:10BE8000FFFFFFFFFFFFFFFFFFFFFFFFFFFFFFFFC2
:10BE9000FFFFFFFFFFFFFFFFFFFFFFFFFFFFFFFFB2
:10BEA000FFFFFFFFFFFFFFFFFFFFFFFFFFFFFFFFA2
:10BEB000FFFFFFFFFFFFFFFFFFFFFFFFFFFFFFFF92
:10BEC000FFFFFFFFFFFFFFFFFFFFFFFFFFFFFFFF82
:10BED000FFFFFFFFFFFFFFFFFFFFFFFFFFFFFFFF72
:10BEE000FFFFFFFFFFFFFFFFFFFFFFFFFFFFFFFF62
:10BEF000FFFFFFFFFFFFFFFFFFFFFFFFFFFFFFFF52
:10BF0000FFFFFFFFFFFFFFFFFFFFFFFFFFFFFFFF41
:10BF1000FFFFFFFFFFFFFFFFFFFFFFFFFFFFFFFF31
:10BF2000FFFFFFFFFFFFFFFFFFFFFFFFFFFFFFFF21
:10BF3000FFFFFFFFFFFFFFFFFFFFFFFFFFFFFFFF11
:10BF4000FFFFFFFFFFFFFFFFFFFFFFFFFFFFFFFF01
:10BF5000FFFFFFFFFFFFFFFFFFFFFFFFFFFFFFFFF1
:10BF6000FFFFFFFFFFFFFFFFFFFFFFFFFFFFFFFFE1
:10BF7000FFFFFFFFFFFFFFFFFFFFFFFFFFFFFFFFD1
:10BF8000FFFFFFFFFFFFFFFFFFFFFFFFFFFFFFFFC1
:10BF9000FFFFFFFFFFFFFFFFFFFFFFFFFFFFFFFFB1
:10BFA000FFFFFFFFFFFFFFFFFFFFFFFFFFFFFFFFA1
:10BFB000FFFFFFFFFFFFFFFFFFFFFFFFFFFFFFFF91
:10BFC000FFFFFFFFFFFFFFFFFFFFFFFFFFFFFFFF81
:10BFD000FFFFFFFFFFFFFFFFFFFFFFFFFFFFFFFF71
:10BFE000FFFFFFFFFFFFFFFFFFFFFFFFFFFFFFFF61
:10BFF000FFFFFFFFFFFFFFFFFFFFFFFFFFFFFFFF51
:10C00000FFFFFFFFFFFFFFFFFFFFFFFFFFFFFFFF40
:10C01000FFFFFFFFFFFFFFFFFFFFFFFFFFFFFFFF30
:10C02000FFFFFFFFFFFFFFFFFFFFFFFFFFFFFFFF20
:10C03000FFFFFFFFFFFFFFFFFFFFFFFFFFFFFFFF10
:10C04000FFFFFFFFFFFFFFFFFFFFFFFFFFFFFFFF00
:10C05000FFFFFFFFFFFFFFFFFFFFFFFFFFFFFFFFF0
:10C06000FFFFFFFFFFFFFFFFFFFFFFFFFFFFFFFFE0
:10C07000FFFFFFFFFFFFFFFFFFFFFFFFFFFFFFFFD0
:10C08000FFFFFFFFFFFFFFFFFFFFFFFFFFFFFFFFC0
:10C09000FFFFFFFFFFFFFFFFFFFFFFFFFFFFFFFFB0
:10C0A000FFFFFFFFFFFFFFFFFFFFFFFFFFFFFFFFA0
:10C0B000FFFFFFFFFFFFFFFFFFFFFFFFFFFFFFFF90
:10C0C000FFFFFFFFFFFFFFFFFFFFFFFFFFFFFFFF80
:10C0D000FFFFFFFFFFFFFFFFFFFFFFFFFFFFFFFF70
:10C0E000FFFFFFFFFFFFFFFFFFFFFFFFFFFFFFFF60
:10C0F000FFFFFFFFFFFFFFFFFFFFFFFFFFFFFFFF50
:10C10000FFFFFFFFFFFFFFFFFFFFFFFFFFFFFFFF3F
:10C11000FFFFFFFFFFFFFFFFFFFFFFFFFFFFFFFF2F
:10C12000FFFFFFFFFFFFFFFFFFFFFFFFFFFFFFFF1F
:10C13000FFFFFFFFFFFFFFFFFFFFFFFFFFFFFFFF0F
:10C14000FFFFFFFFFFFFFFFFFFFFFFFFFFFFFFFFFF
:10C15000FFFFFFFFFFFFFFFFFFFFFFFFFFFFFFFFEF
:10C16000FFFFFFFFFFFFFFFFFFFFFFFFFFFFFFFFDF
:10C17000FFFFFFFFFFFFFFFFFFFFFFFFFFFFFFFFCF
:10C18000FFFFFFFFFFFFFFFFFFFFFFFFFFFFFFFFBF
:10C19000FFFFFFFFFFFFFFFFFFFFFFFFFFFFFFFFAF
:10C1A000FFFFFFFFFFFFFFFFFFFFFFFFFFFFFFFF9F
:10C1B000FFFFFFFFFFFFFFFFFFFFFFFFFFFFFFFF8F
:10C1C000FFFFFFFFFFFFFFFFFFFFFFFFFFFFFFFF7F
:10C1D000FFFFFFFFFFFFFFFFFFFFFFFFFFFFFFFF6F
:10C1E000FFFFFFFFFFFFFFFFFFFFFFFFFFFFFFFF5F
:10C1F000FFFFFFFFFFFFFFFFFFFFFFFFFFFFFFFF4F
:10C20000FFFFFFFFFFFFFFFFFFFFFFFFFFFFFFFF3E
:10C21000FFFFFFFFFFFFFFFFFFFFFFFFFFFFFFFF2E
:10C22000FFFFFFFFFFFFFFFFFFFFFFFFFFFFFFFF1E
:10C23000FFFFFFFFFFFFFFFFFFFFFFFFFFFFFFFF0E
:10C24000FFFFFFFFFFFFFFFFFFFFFFFFFFFFFFFFFE
:10C25000FFFFFFFFFFFFFFFFFFFFFFFFFFFFFFFFEE
:10C26000FFFFFFFFFFFFFFFFFFFFFFFFFFFFFFFFDE
:10C27000FFFFFFFFFFFFFFFFFFFFFFFFFFFFFFFFCE
:10C28000FFFFFFFFFFFFFFFFFFFFFFFFFFFFFFFFBE
:10C29000FFFFFFFFFFFFFFFFFFFFFFFFFFFFFFFFAE
:10C2A000FFFFFFFFFFFFFFFFFFFFFFFFFFFFFFFF9E
:10C2B000FFFFFFFFFFFFFFFFFFFFFFFFFFFFFFFF8E
:10C2C000FFFFFFFFFFFFFFFFFFFFFFFFFFFFFFFF7E
:10C2D000FFFFFFFFFFFFFFFFFFFFFFFFFFFFFFFF6E
:10C2E000FFFFFFFFFFFFFFFFFFFFFFFFFFFFFFFF5E
:10C2F000FFFFFFFFFFFFFFFFFFFFFFFFFFFFFFFF4E
:10C30000FFFFFFFFFFFFFFFFFFFFFFFFFFFFFFFF3D
:10C31000FFFFFFFFFFFFFFFFFFFFFFFFFFFFFFFF2D
:10C32000FFFFFFFFFFFFFFFFFFFFFFFFFFFFFFFF1D
:10C33000FFFFFFFFFFFFFFFFFFFFFFFFFFFFFFFF0D
:10C34000FFFFFFFFFFFFFFFFFFFFFFFFFFFFFFFFFD
:10C35000FFFFFFFFFFFFFFFFFFFFFFFFFFFFFFFFED
:10C36000FFFFFFFFFFFFFFFFFFFFFFFFFFFFFFFFDD
:10C37000FFFFFFFFFFFFFFFFFFFFFFFFFFFFFFFFCD
:10C38000FFFFFFFFFFFFFFFFFFFFFFFFFFFFFFFFBD
:10C39000FFFFFFFFFFFFFFFFFFFFFFFFFFFFFFFFAD
:10C3A000FFFFFFFFFFFFFFFFFFFFFFFFFFFFFFFF9D
:10C3B000FFFFFFFFFFFFFFFFFFFFFFFFFFFFFFFF8D
:10C3C000FFFFFFFFFFFFFFFFFFFFFFFFFFFFFFFF7D
:10C3D000FFFFFFFFFFFFFFFFFFFFFFFFFFFFFFFF6D
:10C3E000FFFFFFFFFFFFFFFFFFFFFFFFFFFFFFFF5D
:10C3F000FFFFFFFFFFFFFFFFFFFFFFFFFFFFFFFF4D
:10C40000FFFFFFFFFFFFFFFFFFFFFFFFFFFFFFFF3C
:10C41000FFFFFFFFFFFFFFFFFFFFFFFFFFFFFFFF2C
:10C42000FFFFFFFFFFFFFFFFFFFFFFFFFFFFFFFF1C
:10C43000FFFFFFFFFFFFFFFFFFFFFFFFFFFFFFFF0C
:10C44000FFFFFFFFFFFFFFFFFFFFFFFFFFFFFFFFFC
:10C45000FFFFFFFFFFFFFFFFFFFFFFFFFFFFFFFFEC
:10C46000FFFFFFFFFFFFFFFFFFFFFFFFFFFFFFFFDC
:10C47000FFFFFFFFFFFFFFFFFFFFFFFFFFFFFFFFCC
:10C48000FFFFFFFFFFFFFFFFFFFFFFFFFFFFFFFFBC
:10C49000FFFFFFFFFFFFFFFFFFFFFFFFFFFFFFFFAC
:10C4A000FFFFFFFFFFFFFFFFFFFFFFFFFFFFFFFF9C
:10C4B000FFFFFFFFFFFFFFFFFFFFFFFFFFFFFFFF8C
:10C4C000FFFFFFFFFFFFFFFFFFFFFFFFFFFFFFFF7C
:10C4D000FFFFFFFFFFFFFFFFFFFFFFFFFFFFFFFF6C
:10C4E000FFFFFFFFFFFFFFFFFFFFFFFFFFFFFFFF5C
:10C4F000FFFFFFFFFFFFFFFFFFFFFFFFFFFFFFFF4C
:10C50000FFFFFFFFFFFFFFFFFFFFFFFFFFFFFFFF3B
:10C51000FFFFFFFFFFFFFFFFFFFFFFFFFFFFFFFF2B
:10C52000FFFFFFFFFFFFFFFFFFFFFFFFFFFFFFFF1B
:10C53000FFFFFFFFFFFFFFFFFFFFFFFFFFFFFFFF0B
:10C54000FFFFFFFFFFFFFFFFFFFFFFFFFFFFFFFFFB
:10C55000FFFFFFFFFFFFFFFFFFFFFFFFFFFFFFFFEB
:10C56000FFFFFFFFFFFFFFFFFFFFFFFFFFFFFFFFDB
:10C57000FFFFFFFFFFFFFFFFFFFFFFFFFFFFFFFFCB
:10C58000FFFFFFFFFFFFFFFFFFFFFFFFFFFFFFFFBB
:10C59000FFFFFFFFFFFFFFFFFFFFFFFFFFFFFFFFAB
:10C5A000FFFFFFFFFFFFFFFFFFFFFFFFFFFFFFFF9B
:10C5B000FFFFFFFFFFFFFFFFFFFFFFFFFFFFFFFF8B
:10C5C000FFFFFFFFFFFFFFFFFFFFFFFFFFFFFFFF7B
:10C5D000FFFFFFFFFFFFFFFFFFFFFFFFFFFFFFFF6B
:10C5E000FFFFFFFFFFFFFFFFFFFFFFFFFFFFFFFF5B
:10C5F000FFFFFFFFFFFFFFFFFFFFFFFFFFFFFFFF4B
:10C60000FFFFFFFFFFFFFFFFFFFFFFFFFFFFFFFF3A
:10C61000FFFFFFFFFFFFFFFFFFFFFFFFFFFFFFFF2A
:10C62000FFFFFFFFFFFFFFFFFFFFFFFFFFFFFFFF1A
:10C63000FFFFFFFFFFFFFFFFFFFFFFFFFFFFFFFF0A
:10C64000FFFFFFFFFFFFFFFFFFFFFFFFFFFFFFFFFA
:10C65000FFFFFFFFFFFFFFFFFFFFFFFFFFFFFFFFEA
:10C66000FFFFFFFFFFFFFFFFFFFFFFFFFFFFFFFFDA
:10C67000FFFFFFFFFFFFFFFFFFFFFFFFFFFFFFFFCA
:10C68000FFFFFFFFFFFFFFFFFFFFFFFFFFFFFFFFBA
:10C69000FFFFFFFFFFFFFFFFFFFFFFFFFFFFFFFFAA
:10C6A000FFFFFFFFFFFFFFFFFFFFFFFFFFFFFFFF9A
:10C6B000FFFFFFFFFFFFFFFFFFFFFFFFFFFFFFFF8A
:10C6C000FFFFFFFFFFFFFFFFFFFFFFFFFFFFFFFF7A
:10C6D000FFFFFFFFFFFFFFFFFFFFFFFFFFFFFFFF6A
:10C6E000FFFFFFFFFFFFFFFFFFFFFFFFFFFFFFFF5A
:10C6F000FFFFFFFFFFFFFFFFFFFFFFFFFFFFFFFF4A
:10C70000FFFFFFFFFFFFFFFFFFFFFFFFFFFFFFFF39
:10C71000FFFFFFFFFFFFFFFFFFFFFFFFFFFFFFFF29
:10C72000FFFFFFFFFFFFFFFFFFFFFFFFFFFFFFFF19
:10C73000FFFFFFFFFFFFFFFFFFFFFFFFFFFFFFFF09
:10C74000FFFFFFFFFFFFFFFFFFFFFFFFFFFFFFFFF9
:10C75000FFFFFFFFFFFFFFFFFFFFFFFFFFFFFFFFE9
:10C76000FFFFFFFFFFFFFFFFFFFFFFFFFFFFFFFFD9
:10C77000FFFFFFFFFFFFFFFFFFFFFFFFFFFFFFFFC9
:10C78000FFFFFFFFFFFFFFFFFFFFFFFFFFFFFFFFB9
:10C79000FFFFFFFFFFFFFFFFFFFFFFFFFFFFFFFFA9
:10C7A000FFFFFFFFFFFFFFFFFFFFFFFFFFFFFFFF99
:10C7B000FFFFFFFFFFFFFFFFFFFFFFFFFFFFFFFF89
:10C7C000FFFFFFFFFFFFFFFFFFFFFFFFFFFFFFFF79
:10C7D000FFFFFFFFFFFFFFFFFFFFFFFFFFFFFFFF69
:10C7E000FFFFFFFFFFFFFFFFFFFFFFFFFFFFFFFF59
:10C7F000FFFFFFFFFFFFFFFFFFFFFFFFFFFFFFFF49
:10C80000FFFFFFFFFFFFFFFFFFFFFFFFFFFFFFFF38
:10C81000FFFFFFFFFFFFFFFFFFFFFFFFFFFFFFFF28
:10C82000FFFFFFFFFFFFFFFFFFFFFFFFFFFFFFFF18
:10C83000FFFFFFFFFFFFFFFFFFFFFFFFFFFFFFFF08
:10C84000FFFFFFFFFFFFFFFFFFFFFFFFFFFFFFFFF8
:10C85000FFFFFFFFFFFFFFFFFFFFFFFFFFFFFFFFE8
:10C86000FFFFFFFFFFFFFFFFFFFFFFFFFFFFFFFFD8
:10C87000FFFFFFFFFFFFFFFFFFFFFFFFFFFFFFFFC8
:10C88000FFFFFFFFFFFFFFFFFFFFFFFFFFFFFFFFB8
:10C89000FFFFFFFFFFFFFFFFFFFFFFFFFFFFFFFFA8
:10C8A000FFFFFFFFFFFFFFFFFFFFFFFFFFFFFFFF98
:10C8B000FFFFFFFFFFFFFFFFFFFFFFFFFFFFFFFF88
:10C8C000FFFFFFFFFFFFFFFFFFFFFFFFFFFFFFFF78
:10C8D000FFFFFFFFFFFFFFFFFFFFFFFFFFFFFFFF68
:10C8E000FFFFFFFFFFFFFFFFFFFFFFFFFFFFFFFF58
:10C8F000FFFFFFFFFFFFFFFFFFFFFFFFFFFFFFFF48
:10C90000FFFFFFFFFFFFFFFFFFFFFFFFFFFFFFFF37
:10C91000FFFFFFFFFFFFFFFFFFFFFFFFFFFFFFFF27
:10C92000FFFFFFFFFFFFFFFFFFFFFFFFFFFFFFFF17
:10C93000FFFFFFFFFFFFFFFFFFFFFFFFFFFFFFFF07
:10C94000FFFFFFFFFFFFFFFFFFFFFFFFFFFFFFFFF7
:10C95000FFFFFFFFFFFFFFFFFFFFFFFFFFFFFFFFE7
:10C96000FFFFFFFFFFFFFFFFFFFFFFFFFFFFFFFFD7
:10C97000FFFFFFFFFFFFFFFFFFFFFFFFFFFFFFFFC7
:10C98000FFFFFFFFFFFFFFFFFFFFFFFFFFFFFFFFB7
:10C99000FFFFFFFFFFFFFFFFFFFFFFFFFFFFFFFFA7
:10C9A000FFFFFFFFFFFFFFFFFFFFFFFFFFFFFFFF97
:10C9B000FFFFFFFFFFFFFFFFFFFFFFFFFFFFFFFF87
:10C9C000FFFFFFFFFFFFFFFFFFFFFFFFFFFFFFFF77
:10C9D000FFFFFFFFFFFFFFFFFFFFFFFFFFFFFFFF67
:10C9E000FFFFFFFFFFFFFFFFFFFFFFFFFFFFFFFF57
:10C9F000FFFFFFFFFFFFFFFFFFFFFFFFFFFFFFFF47
:10CA0000FFFFFFFFFFFFFFFFFFFFFFFFFFFFFFFF36
:10CA1000FFFFFFFFFFFFFFFFFFFFFFFFFFFFFFFF26
:10CA2000FFFFFFFFFFFFFFFFFFFFFFFFFFFFFFFF16
:10CA3000FFFFFFFFFFFFFFFFFFFFFFFFFFFFFFFF06
:10CA4000FFFFFFFFFFFFFFFFFFFFFFFFFFFFFFFFF6
:10CA5000FFFFFFFFFFFFFFFFFFFFFFFFFFFFFFFFE6
:10CA6000FFFFFFFFFFFFFFFFFFFFFFFFFFFFFFFFD6
:10CA7000FFFFFFFFFFFFFFFFFFFFFFFFFFFFFFFFC6
:10CA8000FFFFFFFFFFFFFFFFFFFFFFFFFFFFFFFFB6
:10CA9000FFFFFFFFFFFFFFFFFFFFFFFFFFFFFFFFA6
:10CAA000FFFFFFFFFFFFFFFFFFFFFFFFFFFFFFFF96
:10CAB000FFFFFFFFFFFFFFFFFFFFFFFFFFFFFFFF86
:10CAC000FFFFFFFFFFFFFFFFFFFFFFFFFFFFFFFF76
:10CAD000FFFFFFFFFFFFFFFFFFFFFFFFFFFFFFFF66
:10CAE000FFFFFFFFFFFFFFFFFFFFFFFFFFFFFFFF56
:10CAF000FFFFFFFFFFFFFFFFFFFFFFFFFFFFFFFF46
:10CB0000FFFFFFFFFFFFFFFFFFFFFFFFFFFFFFFF35
:10CB1000FFFFFFFFFFFFFFFFFFFFFFFFFFFFFFFF25
:10CB2000FFFFFFFFFFFFFFFFFFFFFFFFFFFFFFFF15
:10CB3000FFFFFFFFFFFFFFFFFFFFFFFFFFFFFFFF05
:10CB4000FFFFFFFFFFFFFFFFFFFFFFFFFFFFFFFFF5
:10CB5000FFFFFFFFFFFFFFFFFFFFFFFFFFFFFFFFE5
:10CB6000FFFFFFFFFFFFFFFFFFFFFFFFFFFFFFFFD5
:10CB7000FFFFFFFFFFFFFFFFFFFFFFFFFFFFFFFFC5
:10CB8000FFFFFFFFFFFFFFFFFFFFFFFFFFFFFFFFB5
:10CB9000FFFFFFFFFFFFFFFFFFFFFFFFFFFFFFFFA5
:10CBA000FFFFFFFFFFFFFFFFFFFFFFFFFFFFFFFF95
:10CBB000FFFFFFFFFFFFFFFFFFFFFFFFFFFFFFFF85
:10CBC000FFFFFFFFFFFFFFFFFFFFFFFFFFFFFFFF75
:10CBD000FFFFFFFFFFFFFFFFFFFFFFFFFFFFFFFF65
:10CBE000FFFFFFFFFFFFFFFFFFFFFFFFFFFFFFFF55
:10CBF000FFFFFFFFFFFFFFFFFFFFFFFFFFFFFFFF45
:10CC0000FFFFFFFFFFFFFFFFFFFFFFFFFFFFFFFF34
:10CC1000FFFFFFFFFFFFFFFFFFFFFFFFFFFFFFFF24
:10CC2000FFFFFFFFFFFFFFFFFFFFFFFFFFFFFFFF14
:10CC3000FFFFFFFFFFFFFFFFFFFFFFFFFFFFFFFF04
:10CC4000FFFFFFFFFFFFFFFFFFFFFFFFFFFFFFFFF4
:10CC5000FFFFFFFFFFFFFFFFFFFFFFFFFFFFFFFFE4
:10CC6000FFFFFFFFFFFFFFFFFFFFFFFFFFFFFFFFD4
:10CC7000FFFFFFFFFFFFFFFFFFFFFFFFFFFFFFFFC4
:10CC8000FFFFFFFFFFFFFFFFFFFFFFFFFFFFFFFFB4
:10CC9000FFFFFFFFFFFFFFFFFFFFFFFFFFFFFFFFA4
:10CCA000FFFFFFFFFFFFFFFFFFFFFFFFFFFFFFFF94
:10CCB000FFFFFFFFFFFFFFFFFFFFFFFFFFFFFFFF84
:10CCC000FFFFFFFFFFFFFFFFFFFFFFFFFFFFFFFF74
:10CCD000FFFFFFFFFFFFFFFFFFFFFFFFFFFFFFFF64
:10CCE000FFFFFFFFFFFFFFFFFFFFFFFFFFFFFFFF54
:10CCF000FFFFFFFFFFFFFFFFFFFFFFFFFFFFFFFF44
:10CD0000FFFFFFFFFFFFFFFFFFFFFFFFFFFFFFFF33
:10CD1000FFFFFFFFFFFFFFFFFFFFFFFFFFFFFFFF23
:10CD2000FFFFFFFFFFFFFFFFFFFFFFFFFFFFFFFF13
:10CD3000FFFFFFFFFFFFFFFFFFFFFFFFFFFFFFFF03
:10CD4000FFFFFFFFFFFFFFFFFFFFFFFFFFFFFFFFF3
:10CD5000FFFFFFFFFFFFFFFFFFFFFFFFFFFFFFFFE3
:10CD6000FFFFFFFFFFFFFFFFFFFFFFFFFFFFFFFFD3
:10CD7000FFFFFFFFFFFFFFFFFFFFFFFFFFFFFFFFC3
:10CD8000FFFFFFFFFFFFFFFFFFFFFFFFFFFFFFFFB3
:10CD9000FFFFFFFFFFFFFFFFFFFFFFFFFFFFFFFFA3
:10CDA000FFFFFFFFFFFFFFFFFFFFFFFFFFFFFFFF93
:10CDB000FFFFFFFFFFFFFFFFFFFFFFFFFFFFFFFF83
:10CDC000FFFFFFFFFFFFFFFFFFFFFFFFFFFFFFFF73
:10CDD000FFFFFFFFFFFFFFFFFFFFFFFFFFFFFFFF63
:10CDE000FFFFFFFFFFFFFFFFFFFFFFFFFFFFFFFF53
:10CDF000FFFFFFFFFFFFFFFFFFFFFFFFFFFFFFFF43
:10CE0000FFFFFFFFFFFFFFFFFFFFFFFFFFFFFFFF32
:10CE1000FFFFFFFFFFFFFFFFFFFFFFFFFFFFFFFF22
:10CE2000FFFFFFFFFFFFFFFFFFFFFFFFFFFFFFFF12
:10CE3000FFFFFFFFFFFFFFFFFFFFFFFFFFFFFFFF02
:10CE4000FFFFFFFFFFFFFFFFFFFFFFFFFFFFFFFFF2
:10CE5000FFFFFFFFFFFFFFFFFFFFFFFFFFFFFFFFE2
:10CE6000FFFFFFFFFFFFFFFFFFFFFFFFFFFFFFFFD2
:10CE7000FFFFFFFFFFFFFFFFFFFFFFFFFFFFFFFFC2
:10CE8000FFFFFFFFFFFFFFFFFFFFFFFFFFFFFFFFB2
:10CE9000FFFFFFFFFFFFFFFFFFFFFFFFFFFFFFFFA2
:10CEA000FFFFFFFFFFFFFFFFFFFFFFFFFFFFFFFF92
:10CEB000FFFFFFFFFFFFFFFFFFFFFFFFFFFFFFFF82
:10CEC000FFFFFFFFFFFFFFFFFFFFFFFFFFFFFFFF72
:10CED000FFFFFFFFFFFFFFFFFFFFFFFFFFFFFFFF62
:10CEE000FFFFFFFFFFFFFFFFFFFFFFFFFFFFFFFF52
:10CEF000FFFFFFFFFFFFFFFFFFFFFFFFFFFFFFFF42
:10CF0000FFFFFFFFFFFFFFFFFFFFFFFFFFFFFFFF31
:10CF1000FFFFFFFFFFFFFFFFFFFFFFFFFFFFFFFF21
:10CF2000FFFFFFFFFFFFFFFFFFFFFFFFFFFFFFFF11
:10CF3000FFFFFFFFFFFFFFFFFFFFFFFFFFFFFFFF01
:10CF4000FFFFFFFFFFFFFFFFFFFFFFFFFFFFFFFFF1
:10CF5000FFFFFFFFFFFFFFFFFFFFFFFFFFFFFFFFE1
:10CF6000FFFFFFFFFFFFFFFFFFFFFFFFFFFFFFFFD1
:10CF7000FFFFFFFFFFFFFFFFFFFFFFFFFFFFFFFFC1
:10CF8000FFFFFFFFFFFFFFFFFFFFFFFFFFFFFFFFB1
:10CF9000FFFFFFFFFFFFFFFFFFFFFFFFFFFFFFFFA1
:10CFA000FFFFFFFFFFFFFFFFFFFFFFFFFFFFFFFF91
:10CFB000FFFFFFFFFFFFFFFFFFFFFFFFFFFFFFFF81
:10CFC000FFFFFFFFFFFFFFFFFFFFFFFFFFFFFFFF71
:10CFD000FFFFFFFFFFFFFFFFFFFFFFFFFFFFFFFF61
:10CFE000FFFFFFFFFFFFFFFFFFFFFFFFFFFFFFFF51
:10CFF000FFFFFFFFFFFFFFFFFFFFFFFFFFFFFFFF41
:10D00000FFFFFFFFFFFFFFFFFFFFFFFFFFFFFFFF30
:10D01000FFFFFFFFFFFFFFFFFFFFFFFFFFFFFFFF20
:10D02000FFFFFFFFFFFFFFFFFFFFFFFFFFFFFFFF10
:10D03000FFFFFFFFFFFFFFFFFFFFFFFFFFFFFFFF00
:10D04000FFFFFFFFFFFFFFFFFFFFFFFFFFFFFFFFF0
:10D05000FFFFFFFFFFFFFFFFFFFFFFFFFFFFFFFFE0
:10D06000FFFFFFFFFFFFFFFFFFFFFFFFFFFFFFFFD0
:10D07000FFFFFFFFFFFFFFFFFFFFFFFFFFFFFFFFC0
:10D08000FFFFFFFFFFFFFFFFFFFFFFFFFFFFFFFFB0
:10D09000FFFFFFFFFFFFFFFFFFFFFFFFFFFFFFFFA0
:10D0A000FFFFFFFFFFFFFFFFFFFFFFFFFFFFFFFF90
:10D0B000FFFFFFFFFFFFFFFFFFFFFFFFFFFFFFFF80
:10D0C000FFFFFFFFFFFFFFFFFFFFFFFFFFFFFFFF70
:10D0D000FFFFFFFFFFFFFFFFFFFFFFFFFFFFFFFF60
:10D0E000FFFFFFFFFFFFFFFFFFFFFFFFFFFFFFFF50
:10D0F000FFFFFFFFFFFFFFFFFFFFFFFFFFFFFFFF40
:10D10000FFFFFFFFFFFFFFFFFFFFFFFFFFFFFFFF2F
:10D11000FFFFFFFFFFFFFFFFFFFFFFFFFFFFFFFF1F
:10D12000FFFFFFFFFFFFFFFFFFFFFFFFFFFFFFFF0F
:10D13000FFFFFFFFFFFFFFFFFFFFFFFFFFFFFFFFFF
:10D14000FFFFFFFFFFFFFFFFFFFFFFFFFFFFFFFFEF
:10D15000FFFFFFFFFFFFFFFFFFFFFFFFFFFFFFFFDF
:10D16000FFFFFFFFFFFFFFFFFFFFFFFFFFFFFFFFCF
:10D17000FFFFFFFFFFFFFFFFFFFFFFFFFFFFFFFFBF
:10D18000FFFFFFFFFFFFFFFFFFFFFFFFFFFFFFFFAF
:10D19000FFFFFFFFFFFFFFFFFFFFFFFFFFFFFFFF9F
:10D1A000FFFFFFFFFFFFFFFFFFFFFFFFFFFFFFFF8F
:10D1B000FFFFFFFFFFFFFFFFFFFFFFFFFFFFFFFF7F
:10D1C000FFFFFFFFFFFFFFFFFFFFFFFFFFFFFFFF6F
:10D1D000FFFFFFFFFFFFFFFFFFFFFFFFFFFFFFFF5F
:10D1E000FFFFFFFFFFFFFFFFFFFFFFFFFFFFFFFF4F
:10D1F000FFFFFFFFFFFFFFFFFFFFFFFFFFFFFFFF3F
:10D20000FFFFFFFFFFFFFFFFFFFFFFFFFFFFFFFF2E
:10D21000FFFFFFFFFFFFFFFFFFFFFFFFFFFFFFFF1E
:10D22000FFFFFFFFFFFFFFFFFFFFFFFFFFFFFFFF0E
:10D23000FFFFFFFFFFFFFFFFFFFFFFFFFFFFFFFFFE
:10D24000FFFFFFFFFFFFFFFFFFFFFFFFFFFFFFFFEE
:10D25000FFFFFFFFFFFFFFFFFFFFFFFFFFFFFFFFDE
:10D26000FFFFFFFFFFFFFFFFFFFFFFFFFFFFFFFFCE
:10D27000FFFFFFFFFFFFFFFFFFFFFFFFFFFFFFFFBE
:10D28000FFFFFFFFFFFFFFFFFFFFFFFFFFFFFFFFAE
:10D29000FFFFFFFFFFFFFFFFFFFFFFFFFFFFFFFF9E
:10D2A000FFFFFFFFFFFFFFFFFFFFFFFFFFFFFFFF8E
:10D2B000FFFFFFFFFFFFFFFFFFFFFFFFFFFFFFFF7E
:10D2C000FFFFFFFFFFFFFFFFFFFFFFFFFFFFFFFF6E
:10D2D000FFFFFFFFFFFFFFFFFFFFFFFFFFFFFFFF5E
:10D2E000FFFFFFFFFFFFFFFFFFFFFFFFFFFFFFFF4E
:10D2F000FFFFFFFFFFFFFFFFFFFFFFFFFFFFFFFF3E
:10D30000FFFFFFFFFFFFFFFFFFFFFFFFFFFFFFFF2D
:10D31000FFFFFFFFFFFFFFFFFFFFFFFFFFFFFFFF1D
:10D32000FFFFFFFFFFFFFFFFFFFFFFFFFFFFFFFF0D
:10D33000FFFFFFFFFFFFFFFFFFFFFFFFFFFFFFFFFD
:10D34000FFFFFFFFFFFFFFFFFFFFFFFFFFFFFFFFED
:10D35000FFFFFFFFFFFFFFFFFFFFFFFFFFFFFFFFDD
:10D36000FFFFFFFFFFFFFFFFFFFFFFFFFFFFFFFFCD
:10D37000FFFFFFFFFFFFFFFFFFFFFFFFFFFFFFFFBD
:10D38000FFFFFFFFFFFFFFFFFFFFFFFFFFFFFFFFAD
:10D39000FFFFFFFFFFFFFFFFFFFFFFFFFFFFFFFF9D
:10D3A000FFFFFFFFFFFFFFFFFFFFFFFFFFFFFFFF8D
:10D3B000FFFFFFFFFFFFFFFFFFFFFFFFFFFFFFFF7D
:10D3C000FFFFFFFFFFFFFFFFFFFFFFFFFFFFFFFF6D
:10D3D000FFFFFFFFFFFFFFFFFFFFFFFFFFFFFFFF5D
:10D3E000FFFFFFFFFFFFFFFFFFFFFFFFFFFFFFFF4D
:10D3F000FFFFFFFFFFFFFFFFFFFFFFFFFFFFFFFF3D
:10D40000FFFFFFFFFFFFFFFFFFFFFFFFFFFFFFFF2C
:10D41000FFFFFFFFFFFFFFFFFFFFFFFFFFFFFFFF1C
:10D42000FFFFFFFFFFFFFFFFFFFFFFFFFFFFFFFF0C
:10D43000FFFFFFFFFFFFFFFFFFFFFFFFFFFFFFFFFC
:10D44000FFFFFFFFFFFFFFFFFFFFFFFFFFFFFFFFEC
:10D45000FFFFFFFFFFFFFFFFFFFFFFFFFFFFFFFFDC
:10D46000FFFFFFFFFFFFFFFFFFFFFFFFFFFFFFFFCC
:10D47000FFFFFFFFFFFFFFFFFFFFFFFFFFFFFFFFBC
:10D48000FFFFFFFFFFFFFFFFFFFFFFFFFFFFFFFFAC
:10D49000FFFFFFFFFFFFFFFFFFFFFFFFFFFFFFFF9C
:10D4A000FFFFFFFFFFFFFFFFFFFFFFFFFFFFFFFF8C
:10D4B000FFFFFFFFFFFFFFFFFFFFFFFFFFFFFFFF7C
:10D4C000FFFFFFFFFFFFFFFFFFFFFFFFFFFFFFFF6C
:10D4D000FFFFFFFFFFFFFFFFFFFFFFFFFFFFFFFF5C
:10D4E000FFFFFFFFFFFFFFFFFFFFFFFFFFFFFFFF4C
:10D4F000FFFFFFFFFFFFFFFFFFFFFFFFFFFFFFFF3C
:10D50000FFFFFFFFFFFFFFFFFFFFFFFFFFFFFFFF2B
:10D51000FFFFFFFFFFFFFFFFFFFFFFFFFFFFFFFF1B
:10D52000FFFFFFFFFFFFFFFFFFFFFFFFFFFFFFFF0B
:10D53000FFFFFFFFFFFFFFFFFFFFFFFFFFFFFFFFFB
:10D54000FFFFFFFFFFFFFFFFFFFFFFFFFFFFFFFFEB
:10D55000FFFFFFFFFFFFFFFFFFFFFFFFFFFFFFFFDB
:10D56000FFFFFFFFFFFFFFFFFFFFFFFFFFFFFFFFCB
:10D57000FFFFFFFFFFFFFFFFFFFFFFFFFFFFFFFFBB
:10D58000FFFFFFFFFFFFFFFFFFFFFFFFFFFFFFFFAB
:10D59000FFFFFFFFFFFFFFFFFFFFFFFFFFFFFFFF9B
:10D5A000FFFFFFFFFFFFFFFFFFFFFFFFFFFFFFFF8B
:10D5B000FFFFFFFFFFFFFFFFFFFFFFFFFFFFFFFF7B
:10D5C000FFFFFFFFFFFFFFFFFFFFFFFFFFFFFFFF6B
:10D5D000FFFFFFFFFFFFFFFFFFFFFFFFFFFFFFFF5B
:10D5E000FFFFFFFFFFFFFFFFFFFFFFFFFFFFFFFF4B
:10D5F000FFFFFFFFFFFFFFFFFFFFFFFFFFFFFFFF3B
:10D60000FFFFFFFFFFFFFFFFFFFFFFFFFFFFFFFF2A
:10D61000FFFFFFFFFFFFFFFFFFFFFFFFFFFFFFFF1A
:10D62000FFFFFFFFFFFFFFFFFFFFFFFFFFFFFFFF0A
:10D63000FFFFFFFFFFFFFFFFFFFFFFFFFFFFFFFFFA
:10D64000FFFFFFFFFFFFFFFFFFFFFFFFFFFFFFFFEA
:10D65000FFFFFFFFFFFFFFFFFFFFFFFFFFFFFFFFDA
:10D66000FFFFFFFFFFFFFFFFFFFFFFFFFFFFFFFFCA
:10D67000FFFFFFFFFFFFFFFFFFFFFFFFFFFFFFFFBA
:10D68000FFFFFFFFFFFFFFFFFFFFFFFFFFFFFFFFAA
:10D69000FFFFFFFFFFFFFFFFFFFFFFFFFFFFFFFF9A
:10D6A000FFFFFFFFFFFFFFFFFFFFFFFFFFFFFFFF8A
:10D6B000FFFFFFFFFFFFFFFFFFFFFFFFFFFFFFFF7A
:10D6C000FFFFFFFFFFFFFFFFFFFFFFFFFFFFFFFF6A
:10D6D000FFFFFFFFFFFFFFFFFFFFFFFFFFFFFFFF5A
:10D6E000FFFFFFFFFFFFFFFFFFFFFFFFFFFFFFFF4A
:10D6F000FFFFFFFFFFFFFFFFFFFFFFFFFFFFFFFF3A
:10D70000FFFFFFFFFFFFFFFFFFFFFFFFFFFFFFFF29
:10D71000FFFFFFFFFFFFFFFFFFFFFFFFFFFFFFFF19
:10D72000FFFFFFFFFFFFFFFFFFFFFFFFFFFFFFFF09
:10D73000FFFFFFFFFFFFFFFFFFFFFFFFFFFFFFFFF9
:10D74000FFFFFFFFFFFFFFFFFFFFFFFFFFFFFFFFE9
:10D75000FFFFFFFFFFFFFFFFFFFFFFFFFFFFFFFFD9
:10D76000FFFFFFFFFFFFFFFFFFFFFFFFFFFFFFFFC9
:10D77000FFFFFFFFFFFFFFFFFFFFFFFFFFFFFFFFB9
:10D78000FFFFFFFFFFFFFFFFFFFFFFFFFFFFFFFFA9
:10D79000FFFFFFFFFFFFFFFFFFFFFFFFFFFFFFFF99
:10D7A000FFFFFFFFFFFFFFFFFFFFFFFFFFFFFFFF89
:10D7B000FFFFFFFFFFFFFFFFFFFFFFFFFFFFFFFF79
:10D7C000FFFFFFFFFFFFFFFFFFFFFFFFFFFFFFFF69
:10D7D000FFFFFFFFFFFFFFFFFFFFFFFFFFFFFFFF59
:10D7E000FFFFFFFFFFFFFFFFFFFFFFFFFFFFFFFF49
:10D7F000FFFFFFFFFFFFFFFFFFFFFFFFFFFFFFFF39
:10D80000FFFFFFFFFFFFFFFFFFFFFFFFFFFFFFFF28
:10D81000FFFFFFFFFFFFFFFFFFFFFFFFFFFFFFFF18
:10D82000FFFFFFFFFFFFFFFFFFFFFFFFFFFFFFFF08
:10D83000FFFFFFFFFFFFFFFFFFFFFFFFFFFFFFFFF8
:10D84000FFFFFFFFFFFFFFFFFFFFFFFFFFFFFFFFE8
:10D85000FFFFFFFFFFFFFFFFFFFFFFFFFFFFFFFFD8
:10D86000FFFFFFFFFFFFFFFFFFFFFFFFFFFFFFFFC8
:10D87000FFFFFFFFFFFFFFFFFFFFFFFFFFFFFFFFB8
:10D88000FFFFFFFFFFFFFFFFFFFFFFFFFFFFFFFFA8
:10D89000FFFFFFFFFFFFFFFFFFFFFFFFFFFFFFFF98
:10D8A000FFFFFFFFFFFFFFFFFFFFFFFFFFFFFFFF88
:10D8B000FFFFFFFFFFFFFFFFFFFFFFFFFFFFFFFF78
:10D8C000FFFFFFFFFFFFFFFFFFFFFFFFFFFFFFFF68
:10D8D000FFFFFFFFFFFFFFFFFFFFFFFFFFFFFFFF58
:10D8E000FFFFFFFFFFFFFFFFFFFFFFFFFFFFFFFF48
:10D8F000FFFFFFFFFFFFFFFFFFFFFFFFFFFFFFFF38
:10D90000FFFFFFFFFFFFFFFFFFFFFFFFFFFFFFFF27
:10D91000FFFFFFFFFFFFFFFFFFFFFFFFFFFFFFFF17
:10D92000FFFFFFFFFFFFFFFFFFFFFFFFFFFFFFFF07
:10D93000FFFFFFFFFFFFFFFFFFFFFFFFFFFFFFFFF7
:10D94000FFFFFFFFFFFFFFFFFFFFFFFFFFFFFFFFE7
:10D95000FFFFFFFFFFFFFFFFFFFFFFFFFFFFFFFFD7
:10D96000FFFFFFFFFFFFFFFFFFFFFFFFFFFFFFFFC7
:10D97000FFFFFFFFFFFFFFFFFFFFFFFFFFFFFFFFB7
:10D98000FFFFFFFFFFFFFFFFFFFFFFFFFFFFFFFFA7
:10D99000FFFFFFFFFFFFFFFFFFFFFFFFFFFFFFFF97
:10D9A000FFFFFFFFFFFFFFFFFFFFFFFFFFFFFFFF87
:10D9B000FFFFFFFFFFFFFFFFFFFFFFFFFFFFFFFF77
:10D9C000FFFFFFFFFFFFFFFFFFFFFFFFFFFFFFFF67
:10D9D000FFFFFFFFFFFFFFFFFFFFFFFFFFFFFFFF57
:10D9E000FFFFFFFFFFFFFFFFFFFFFFFFFFFFFFFF47
:10D9F000FFFFFFFFFFFFFFFFFFFFFFFFFFFFFFFF37
:10DA0000FFFFFFFFFFFFFFFFFFFFFFFFFFFFFFFF26
:10DA1000FFFFFFFFFFFFFFFFFFFFFFFFFFFFFFFF16
:10DA2000FFFFFFFFFFFFFFFFFFFFFFFFFFFFFFFF06
:10DA3000FFFFFFFFFFFFFFFFFFFFFFFFFFFFFFFFF6
:10DA4000FFFFFFFFFFFFFFFFFFFFFFFFFFFFFFFFE6
:10DA5000FFFFFFFFFFFFFFFFFFFFFFFFFFFFFFFFD6
:10DA6000FFFFFFFFFFFFFFFFFFFFFFFFFFFFFFFFC6
:10DA7000FFFFFFFFFFFFFFFFFFFFFFFFFFFFFFFFB6
:10DA8000FFFFFFFFFFFFFFFFFFFFFFFFFFFFFFFFA6
:10DA9000FFFFFFFFFFFFFFFFFFFFFFFFFFFFFFFF96
:10DAA000FFFFFFFFFFFFFFFFFFFFFFFFFFFFFFFF86
:10DAB000FFFFFFFFFFFFFFFFFFFFFFFFFFFFFFFF76
:10DAC000FFFFFFFFFFFFFFFFFFFFFFFFFFFFFFFF66
:10DAD000FFFFFFFFFFFFFFFFFFFFFFFFFFFFFFFF56
:10DAE000FFFFFFFFFFFFFFFFFFFFFFFFFFFFFFFF46
:10DAF000FFFFFFFFFFFFFFFFFFFFFFFFFFFFFFFF36
:10DB0000FFFFFFFFFFFFFFFFFFFFFFFFFFFFFFFF25
:10DB1000FFFFFFFFFFFFFFFFFFFFFFFFFFFFFFFF15
:10DB2000FFFFFFFFFFFFFFFFFFFFFFFFFFFFFFFF05
:10DB3000FFFFFFFFFFFFFFFFFFFFFFFFFFFFFFFFF5
:10DB4000FFFFFFFFFFFFFFFFFFFFFFFFFFFFFFFFE5
:10DB5000FFFFFFFFFFFFFFFFFFFFFFFFFFFFFFFFD5
:10DB6000FFFFFFFFFFFFFFFFFFFFFFFFFFFFFFFFC5
:10DB7000FFFFFFFFFFFFFFFFFFFFFFFFFFFFFFFFB5
:10DB8000FFFFFFFFFFFFFFFFFFFFFFFFFFFFFFFFA5
:10DB9000FFFFFFFFFFFFFFFFFFFFFFFFFFFFFFFF95
:10DBA000FFFFFFFFFFFFFFFFFFFFFFFFFFFFFFFF85
:10DBB000FFFFFFFFFFFFFFFFFFFFFFFFFFFFFFFF75
:10DBC000FFFFFFFFFFFFFFFFFFFFFFFFFFFFFFFF65
:10DBD000FFFFFFFFFFFFFFFFFFFFFFFFFFFFFFFF55
:10DBE000FFFFFFFFFFFFFFFFFFFFFFFFFFFFFFFF45
:10DBF000FFFFFFFFFFFFFFFFFFFFFFFFFFFFFFFF35
:10DC0000FFFFFFFFFFFFFFFFFFFFFFFFFFFFFFFF24
:10DC1000FFFFFFFFFFFFFFFFFFFFFFFFFFFFFFFF14
:10DC2000FFFFFFFFFFFFFFFFFFFFFFFFFFFFFFFF04
:10DC3000FFFFFFFFFFFFFFFFFFFFFFFFFFFFFFFFF4
:10DC4000FFFFFFFFFFFFFFFFFFFFFFFFFFFFFFFFE4
:10DC5000FFFFFFFFFFFFFFFFFFFFFFFFFFFFFFFFD4
:10DC6000FFFFFFFFFFFFFFFFFFFFFFFFFFFFFFFFC4
:10DC7000FFFFFFFFFFFFFFFFFFFFFFFFFFFFFFFFB4
:10DC8000FFFFFFFFFFFFFFFFFFFFFFFFFFFFFFFFA4
:10DC9000FFFFFFFFFFFFFFFFFFFFFFFFFFFFFFFF94
:10DCA000FFFFFFFFFFFFFFFFFFFFFFFFFFFFFFFF84
:10DCB000FFFFFFFFFFFFFFFFFFFFFFFFFFFFFFFF74
:10DCC000FFFFFFFFFFFFFFFFFFFFFFFFFFFFFFFF64
:10DCD000FFFFFFFFFFFFFFFFFFFFFFFFFFFFFFFF54
:10DCE000FFFFFFFFFFFFFFFFFFFFFFFFFFFFFFFF44
:10DCF000FFFFFFFFFFFFFFFFFFFFFFFFFFFFFFFF34
:10DD0000FFFFFFFFFFFFFFFFFFFFFFFFFFFFFFFF23
:10DD1000FFFFFFFFFFFFFFFFFFFFFFFFFFFFFFFF13
:10DD2000FFFFFFFFFFFFFFFFFFFFFFFFFFFFFFFF03
:10DD3000FFFFFFFFFFFFFFFFFFFFFFFFFFFFFFFFF3
:10DD4000FFFFFFFFFFFFFFFFFFFFFFFFFFFFFFFFE3
:10DD5000FFFFFFFFFFFFFFFFFFFFFFFFFFFFFFFFD3
:10DD6000FFFFFFFFFFFFFFFFFFFFFFFFFFFFFFFFC3
:10DD7000FFFFFFFFFFFFFFFFFFFFFFFFFFFFFFFFB3
:10DD8000FFFFFFFFFFFFFFFFFFFFFFFFFFFFFFFFA3
:10DD9000FFFFFFFFFFFFFFFFFFFFFFFFFFFFFFFF93
:10DDA000FFFFFFFFFFFFFFFFFFFFFFFFFFFFFFFF83
:10DDB000FFFFFFFFFFFFFFFFFFFFFFFFFFFFFFFF73
:10DDC000FFFFFFFFFFFFFFFFFFFFFFFFFFFFFFFF63
:10DDD000FFFFFFFFFFFFFFFFFFFFFFFFFFFFFFFF53
:10DDE000FFFFFFFFFFFFFFFFFFFFFFFFFFFFFFFF43
:10DDF000FFFFFFFFFFFFFFFFFFFFFFFFFFFFFFFF33
:10DE0000FFFFFFFFFFFFFFFFFFFFFFFFFFFFFFFF22
:10DE1000FFFFFFFFFFFFFFFFFFFFFFFFFFFFFFFF12
:10DE2000FFFFFFFFFFFFFFFFFFFFFFFFFFFFFFFF02
:10DE3000FFFFFFFFFFFFFFFFFFFFFFFFFFFFFFFFF2
:10DE4000FFFFFFFFFFFFFFFFFFFFFFFFFFFFFFFFE2
:10DE5000FFFFFFFFFFFFFFFFFFFFFFFFFFFFFFFFD2
:10DE6000FFFFFFFFFFFFFFFFFFFFFFFFFFFFFFFFC2
:10DE7000FFFFFFFFFFFFFFFFFFFFFFFFFFFFFFFFB2
:10DE8000FFFFFFFFFFFFFFFFFFFFFFFFFFFFFFFFA2
:10DE9000FFFFFFFFFFFFFFFFFFFFFFFFFFFFFFFF92
:10DEA000FFFFFFFFFFFFFFFFFFFFFFFFFFFFFFFF82
:10DEB000FFFFFFFFFFFFFFFFFFFFFFFFFFFFFFFF72
:10DEC000FFFFFFFFFFFFFFFFFFFFFFFFFFFFFFFF62
:10DED000FFFFFFFFFFFFFFFFFFFFFFFFFFFFFFFF52
:10DEE000FFFFFFFFFFFFFFFFFFFFFFFFFFFFFFFF42
:10DEF000FFFFFFFFFFFFFFFFFFFFFFFFFFFFFFFF32
:10DF0000FFFFFFFFFFFFFFFFFFFFFFFFFFFFFFFF21
:10DF1000FFFFFFFFFFFFFFFFFFFFFFFFFFFFFFFF11
:10DF2000FFFFFFFFFFFFFFFFFFFFFFFFFFFFFFFF01
:10DF3000FFFFFFFFFFFFFFFFFFFFFFFFFFFFFFFFF1
:10DF4000FFFFFFFFFFFFFFFFFFFFFFFFFFFFFFFFE1
:10DF5000FFFFFFFFFFFFFFFFFFFFFFFFFFFFFFFFD1
:10DF6000FFFFFFFFFFFFFFFFFFFFFFFFFFFFFFFFC1
:10DF7000FFFFFFFFFFFFFFFFFFFFFFFFFFFFFFFFB1
:10DF8000FFFFFFFFFFFFFFFFFFFFFFFFFFFFFFFFA1
:10DF9000FFFFFFFFFFFFFFFFFFFFFFFFFFFFFFFF91
:10DFA000FFFFFFFFFFFFFFFFFFFFFFFFFFFFFFFF81
:10DFB000FFFFFFFFFFFFFFFFFFFFFFFFFFFFFFFF71
:10DFC000FFFFFFFFFFFFFFFFFFFFFFFFFFFFFFFF61
:10DFD000FFFFFFFFFFFFFFFFFFFFFFFFFFFFFFFF51
:10DFE000FFFFFFFFFFFFFFFFFFFFFFFFFFFFFFFF41
:10DFF000FFFFFFFFFFFFFFFFFFFFFFFFFFFFFFFF31
:10E00000FFFFFFFFFFFFFFFFFFFFFFFFFFFFFFFF20
:10E01000FFFFFFFFFFFFFFFFFFFFFFFFFFFFFFFF10
:10E02000FFFFFFFFFFFFFFFFFFFFFFFFFFFFFFFF00
:10E03000FFFFFFFFFFFFFFFFFFFFFFFFFFFFFFFFF0
:10E04000FFFFFFFFFFFFFFFFFFFFFFFFFFFFFFFFE0
:10E05000FFFFFFFFFFFFFFFFFFFFFFFFFFFFFFFFD0
:10E06000FFFFFFFFFFFFFFFFFFFFFFFFFFFFFFFFC0
:10E07000FFFFFFFFFFFFFFFFFFFFFFFFFFFFFFFFB0
:10E08000FFFFFFFFFFFFFFFFFFFFFFFFFFFFFFFFA0
:10E09000FFFFFFFFFFFFFFFFFFFFFFFFFFFFFFFF90
:10E0A000FFFFFFFFFFFFFFFFFFFFFFFFFFFFFFFF80
:10E0B000FFFFFFFFFFFFFFFFFFFFFFFFFFFFFFFF70
:10E0C000FFFFFFFFFFFFFFFFFFFFFFFFFFFFFFFF60
:10E0D000FFFFFFFFFFFFFFFFFFFFFFFFFFFFFFFF50
:10E0E000FFFFFFFFFFFFFFFFFFFFFFFFFFFFFFFF40
:10E0F000FFFFFFFFFFFFFFFFFFFFFFFFFFFFFFFF30
:10E10000FFFFFFFFFFFFFFFFFFFFFFFFFFFFFFFF1F
:10E11000FFFFFFFFFFFFFFFFFFFFFFFFFFFFFFFF0F
:10E12000FFFFFFFFFFFFFFFFFFFFFFFFFFFFFFFFFF
:10E13000FFFFFFFFFFFFFFFFFFFFFFFFFFFFFFFFEF
:10E14000FFFFFFFFFFFFFFFFFFFFFFFFFFFFFFFFDF
:10E15000FFFFFFFFFFFFFFFFFFFFFFFFFFFFFFFFCF
:10E16000FFFFFFFFFFFFFFFFFFFFFFFFFFFFFFFFBF
:10E17000FFFFFFFFFFFFFFFFFFFFFFFFFFFFFFFFAF
:10E18000FFFFFFFFFFFFFFFFFFFFFFFFFFFFFFFF9F
:10E19000FFFFFFFFFFFFFFFFFFFFFFFFFFFFFFFF8F
:10E1A000FFFFFFFFFFFFFFFFFFFFFFFFFFFFFFFF7F
:10E1B000FFFFFFFFFFFFFFFFFFFFFFFFFFFFFFFF6F
:10E1C000FFFFFFFFFFFFFFFFFFFFFFFFFFFFFFFF5F
:10E1D000FFFFFFFFFFFFFFFFFFFFFFFFFFFFFFFF4F
:10E1E000FFFFFFFFFFFFFFFFFFFFFFFFFFFFFFFF3F
:10E1F000FFFFFFFFFFFFFFFFFFFFFFFFFFFFFFFF2F
:10E20000FFFFFFFFFFFFFFFFFFFFFFFFFFFFFFFF1E
:10E21000FFFFFFFFFFFFFFFFFFFFFFFFFFFFFFFF0E
:10E22000FFFFFFFFFFFFFFFFFFFFFFFFFFFFFFFFFE
:10E23000FFFFFFFFFFFFFFFFFFFFFFFFFFFFFFFFEE
:10E24000FFFFFFFFFFFFFFFFFFFFFFFFFFFFFFFFDE
:10E25000FFFFFFFFFFFFFFFFFFFFFFFFFFFFFFFFCE
:10E26000FFFFFFFFFFFFFFFFFFFFFFFFFFFFFFFFBE
:10E27000FFFFFFFFFFFFFFFFFFFFFFFFFFFFFFFFAE
:10E28000FFFFFFFFFFFFFFFFFFFFFFFFFFFFFFFF9E
:10E29000FFFFFFFFFFFFFFFFFFFFFFFFFFFFFFFF8E
:10E2A000FFFFFFFFFFFFFFFFFFFFFFFFFFFFFFFF7E
:10E2B000FFFFFFFFFFFFFFFFFFFFFFFFFFFFFFFF6E
:10E2C000FFFFFFFFFFFFFFFFFFFFFFFFFFFFFFFF5E
:10E2D000FFFFFFFFFFFFFFFFFFFFFFFFFFFFFFFF4E
:10E2E000FFFFFFFFFFFFFFFFFFFFFFFFFFFFFFFF3E
:10E2F000FFFFFFFFFFFFFFFFFFFFFFFFFFFFFFFF2E
:10E30000FFFFFFFFFFFFFFFFFFFFFFFFFFFFFFFF1D
:10E31000FFFFFFFFFFFFFFFFFFFFFFFFFFFFFFFF0D
:10E32000FFFFFFFFFFFFFFFFFFFFFFFFFFFFFFFFFD
:10E33000FFFFFFFFFFFFFFFFFFFFFFFFFFFFFFFFED
:10E34000FFFFFFFFFFFFFFFFFFFFFFFFFFFFFFFFDD
:10E35000FFFFFFFFFFFFFFFFFFFFFFFFFFFFFFFFCD
:10E36000FFFFFFFFFFFFFFFFFFFFFFFFFFFFFFFFBD
:10E37000FFFFFFFFFFFFFFFFFFFFFFFFFFFFFFFFAD
:10E38000FFFFFFFFFFFFFFFFFFFFFFFFFFFFFFFF9D
:10E39000FFFFFFFFFFFFFFFFFFFFFFFFFFFFFFFF8D
:10E3A000FFFFFFFFFFFFFFFFFFFFFFFFFFFFFFFF7D
:10E3B000FFFFFFFFFFFFFFFFFFFFFFFFFFFFFFFF6D
:10E3C000FFFFFFFFFFFFFFFFFFFFFFFFFFFFFFFF5D
:10E3D000FFFFFFFFFFFFFFFFFFFFFFFFFFFFFFFF4D
:10E3E000FFFFFFFFFFFFFFFFFFFFFFFFFFFFFFFF3D
:10E3F000FFFFFFFFFFFFFFFFFFFFFFFFFFFFFFFF2D
:10E40000FFFFFFFFFFFFFFFFFFFFFFFFFFFFFFFF1C
:10E41000FFFFFFFFFFFFFFFFFFFFFFFFFFFFFFFF0C
:10E42000FFFFFFFFFFFFFFFFFFFFFFFFFFFFFFFFFC
:10E43000FFFFFFFFFFFFFFFFFFFFFFFFFFFFFFFFEC
:10E44000FFFFFFFFFFFFFFFFFFFFFFFFFFFFFFFFDC
:10E45000FFFFFFFFFFFFFFFFFFFFFFFFFFFFFFFFCC
:10E46000FFFFFFFFFFFFFFFFFFFFFFFFFFFFFFFFBC
:10E47000FFFFFFFFFFFFFFFFFFFFFFFFFFFFFFFFAC
:10E48000FFFFFFFFFFFFFFFFFFFFFFFFFFFFFFFF9C
:10E49000FFFFFFFFFFFFFFFFFFFFFFFFFFFFFFFF8C
:10E4A000FFFFFFFFFFFFFFFFFFFFFFFFFFFFFFFF7C
:10E4B000FFFFFFFFFFFFFFFFFFFFFFFFFFFFFFFF6C
:10E4C000FFFFFFFFFFFFFFFFFFFFFFFFFFFFFFFF5C
:10E4D000FFFFFFFFFFFFFFFFFFFFFFFFFFFFFFFF4C
:10E4E000FFFFFFFFFFFFFFFFFFFFFFFFFFFFFFFF3C
:10E4F000FFFFFFFFFFFFFFFFFFFFFFFFFFFFFFFF2C
:10E50000FFFFFFFFFFFFFFFFFFFFFFFFFFFFFFFF1B
:10E51000FFFFFFFFFFFFFFFFFFFFFFFFFFFFFFFF0B
:10E52000FFFFFFFFFFFFFFFFFFFFFFFFFFFFFFFFFB
:10E53000FFFFFFFFFFFFFFFFFFFFFFFFFFFFFFFFEB
:10E54000FFFFFFFFFFFFFFFFFFFFFFFFFFFFFFFFDB
:10E55000FFFFFFFFFFFFFFFFFFFFFFFFFFFFFFFFCB
:10E56000FFFFFFFFFFFFFFFFFFFFFFFFFFFFFFFFBB
:10E57000FFFFFFFFFFFFFFFFFFFFFFFFFFFFFFFFAB
:10E58000FFFFFFFFFFFFFFFFFFFFFFFFFFFFFFFF9B
:10E59000FFFFFFFFFFFFFFFFFFFFFFFFFFFFFFFF8B
:10E5A000FFFFFFFFFFFFFFFFFFFFFFFFFFFFFFFF7B
:10E5B000FFFFFFFFFFFFFFFFFFFFFFFFFFFFFFFF6B
:10E5C000FFFFFFFFFFFFFFFFFFFFFFFFFFFFFFFF5B
:10E5D000FFFFFFFFFFFFFFFFFFFFFFFFFFFFFFFF4B
:10E5E000FFFFFFFFFFFFFFFFFFFFFFFFFFFFFFFF3B
:10E5F000FFFFFFFFFFFFFFFFFFFFFFFFFFFFFFFF2B
:10E60000FFFFFFFFFFFFFFFFFFFFFFFFFFFFFFFF1A
:10E61000FFFFFFFFFFFFFFFFFFFFFFFFFFFFFFFF0A
:10E62000FFFFFFFFFFFFFFFFFFFFFFFFFFFFFFFFFA
:10E63000FFFFFFFFFFFFFFFFFFFFFFFFFFFFFFFFEA
:10E64000FFFFFFFFFFFFFFFFFFFFFFFFFFFFFFFFDA
:10E65000FFFFFFFFFFFFFFFFFFFFFFFFFFFFFFFFCA
:10E66000FFFFFFFFFFFFFFFFFFFFFFFFFFFFFFFFBA
:10E67000FFFFFFFFFFFFFFFFFFFFFFFFFFFFFFFFAA
:10E68000FFFFFFFFFFFFFFFFFFFFFFFFFFFFFFFF9A
:10E69000FFFFFFFFFFFFFFFFFFFFFFFFFFFFFFFF8A
:10E6A000FFFFFFFFFFFFFFFFFFFFFFFFFFFFFFFF7A
:10E6B000FFFFFFFFFFFFFFFFFFFFFFFFFFFFFFFF6A
:10E6C000FFFFFFFFFFFFFFFFFFFFFFFFFFFFFFFF5A
:10E6D000FFFFFFFFFFFFFFFFFFFFFFFFFFFFFFFF4A
:10E6E000FFFFFFFFFFFFFFFFFFFFFFFFFFFFFFFF3A
:10E6F000FFFFFFFFFFFFFFFFFFFFFFFFFFFFFFFF2A
:10E70000FFFFFFFFFFFFFFFFFFFFFFFFFFFFFFFF19
:10E71000FFFFFFFFFFFFFFFFFFFFFFFFFFFFFFFF09
:10E72000FFFFFFFFFFFFFFFFFFFFFFFFFFFFFFFFF9
:10E73000FFFFFFFFFFFFFFFFFFFFFFFFFFFFFFFFE9
:10E74000FFFFFFFFFFFFFFFFFFFFFFFFFFFFFFFFD9
:10E75000FFFFFFFFFFFFFFFFFFFFFFFFFFFFFFFFC9
:10E76000FFFFFFFFFFFFFFFFFFFFFFFFFFFFFFFFB9
:10E77000FFFFFFFFFFFFFFFFFFFFFFFFFFFFFFFFA9
:10E78000FFFFFFFFFFFFFFFFFFFFFFFFFFFFFFFF99
:10E79000FFFFFFFFFFFFFFFFFFFFFFFFFFFFFFFF89
:10E7A000FFFFFFFFFFFFFFFFFFFFFFFFFFFFFFFF79
:10E7B000FFFFFFFFFFFFFFFFFFFFFFFFFFFFFFFF69
:10E7C000FFFFFFFFFFFFFFFFFFFFFFFFFFFFFFFF59
:10E7D000FFFFFFFFFFFFFFFFFFFFFFFFFFFFFFFF49
:10E7E000FFFFFFFFFFFFFFFFFFFFFFFFFFFFFFFF39
:10E7F000FFFFFFFFFFFFFFFFFFFFFFFFFFFFFFFF29
:10E80000FFFFFFFFFFFFFFFFFFFFFFFFFFFFFFFF18
:10E81000FFFFFFFFFFFFFFFFFFFFFFFFFFFFFFFF08
:10E82000FFFFFFFFFFFFFFFFFFFFFFFFFFFFFFFFF8
:10E83000FFFFFFFFFFFFFFFFFFFFFFFFFFFFFFFFE8
:10E84000FFFFFFFFFFFFFFFFFFFFFFFFFFFFFFFFD8
:10E85000FFFFFFFFFFFFFFFFFFFFFFFFFFFFFFFFC8
:10E86000FFFFFFFFFFFFFFFFFFFFFFFFFFFFFFFFB8
:10E87000FFFFFFFFFFFFFFFFFFFFFFFFFFFFFFFFA8
:10E88000FFFFFFFFFFFFFFFFFFFFFFFFFFFFFFFF98
:10E89000FFFFFFFFFFFFFFFFFFFFFFFFFFFFFFFF88
:10E8A000FFFFFFFFFFFFFFFFFFFFFFFFFFFFFFFF78
:10E8B000FFFFFFFFFFFFFFFFFFFFFFFFFFFFFFFF68
:10E8C000FFFFFFFFFFFFFFFFFFFFFFFFFFFFFFFF58
:10E8D000FFFFFFFFFFFFFFFFFFFFFFFFFFFFFFFF48
:10E8E000FFFFFFFFFFFFFFFFFFFFFFFFFFFFFFFF38
:10E8F000FFFFFFFFFFFFFFFFFFFFFFFFFFFFFFFF28
:10E90000FFFFFFFFFFFFFFFFFFFFFFFFFFFFFFFF17
:10E91000FFFFFFFFFFFFFFFFFFFFFFFFFFFFFFFF07
:10E92000FFFFFFFFFFFFFFFFFFFFFFFFFFFFFFFFF7
:10E93000FFFFFFFFFFFFFFFFFFFFFFFFFFFFFFFFE7
:10E94000FFFFFFFFFFFFFFFFFFFFFFFFFFFFFFFFD7
:10E95000FFFFFFFFFFFFFFFFFFFFFFFFFFFFFFFFC7
:10E96000FFFFFFFFFFFFFFFFFFFFFFFFFFFFFFFFB7
:10E97000FFFFFFFFFFFFFFFFFFFFFFFFFFFFFFFFA7
:10E98000FFFFFFFFFFFFFFFFFFFFFFFFFFFFFFFF97
:10E99000FFFFFFFFFFFFFFFFFFFFFFFFFFFFFFFF87
:10E9A000FFFFFFFFFFFFFFFFFFFFFFFFFFFFFFFF77
:10E9B000FFFFFFFFFFFFFFFFFFFFFFFFFFFFFFFF67
:10E9C000FFFFFFFFFFFFFFFFFFFFFFFFFFFFFFFF57
:10E9D000FFFFFFFFFFFFFFFFFFFFFFFFFFFFFFFF47
:10E9E000FFFFFFFFFFFFFFFFFFFFFFFFFFFFFFFF37
:10E9F000FFFFFFFFFFFFFFFFFFFFFFFFFFFFFFFF27
:10EA0000FFFFFFFFFFFFFFFFFFFFFFFFFFFFFFFF16
:10EA1000FFFFFFFFFFFFFFFFFFFFFFFFFFFFFFFF06
:10EA2000FFFFFFFFFFFFFFFFFFFFFFFFFFFFFFFFF6
:10EA3000FFFFFFFFFFFFFFFFFFFFFFFFFFFFFFFFE6
:10EA4000FFFFFFFFFFFFFFFFFFFFFFFFFFFFFFFFD6
:10EA5000FFFFFFFFFFFFFFFFFFFFFFFFFFFFFFFFC6
:10EA6000FFFFFFFFFFFFFFFFFFFFFFFFFFFFFFFFB6
:10EA7000FFFFFFFFFFFFFFFFFFFFFFFFFFFFFFFFA6
:10EA8000FFFFFFFFFFFFFFFFFFFFFFFFFFFFFFFF96
:10EA9000FFFFFFFFFFFFFFFFFFFFFFFFFFFFFFFF86
:10EAA000FFFFFFFFFFFFFFFFFFFFFFFFFFFFFFFF76
:10EAB000FFFFFFFFFFFFFFFFFFFFFFFFFFFFFFFF66
:10EAC000FFFFFFFFFFFFFFFFFFFFFFFFFFFFFFFF56
:10EAD000FFFFFFFFFFFFFFFFFFFFFFFFFFFFFFFF46
:10EAE000FFFFFFFFFFFFFFFFFFFFFFFFFFFFFFFF36
:10EAF000FFFFFFFFFFFFFFFFFFFFFFFFFFFFFFFF26
:10EB0000FFFFFFFFFFFFFFFFFFFFFFFFFFFFFFFF15
:10EB1000FFFFFFFFFFFFFFFFFFFFFFFFFFFFFFFF05
:10EB2000FFFFFFFFFFFFFFFFFFFFFFFFFFFFFFFFF5
:10EB3000FFFFFFFFFFFFFFFFFFFFFFFFFFFFFFFFE5
:10EB4000FFFFFFFFFFFFFFFFFFFFFFFFFFFFFFFFD5
:10EB5000FFFFFFFFFFFFFFFFFFFFFFFFFFFFFFFFC5
:10EB6000FFFFFFFFFFFFFFFFFFFFFFFFFFFFFFFFB5
:10EB7000FFFFFFFFFFFFFFFFFFFFFFFFFFFFFFFFA5
:10EB8000FFFFFFFFFFFFFFFFFFFFFFFFFFFFFFFF95
:10EB9000FFFFFFFFFFFFFFFFFFFFFFFFFFFFFFFF85
:10EBA000FFFFFFFFFFFFFFFFFFFFFFFFFFFFFFFF75
:10EBB000FFFFFFFFFFFFFFFFFFFFFFFFFFFFFFFF65
:10EBC000FFFFFFFFFFFFFFFFFFFFFFFFFFFFFFFF55
:10EBD000FFFFFFFFFFFFFFFFFFFFFFFFFFFFFFFF45
:10EBE000FFFFFFFFFFFFFFFFFFFFFFFFFFFFFFFF35
:10EBF000FFFFFFFFFFFFFFFFFFFFFFFFFFFFFFFF25
:10EC0000FFFFFFFFFFFFFFFFFFFFFFFFFFFFFFFF14
:10EC1000FFFFFFFFFFFFFFFFFFFFFFFFFFFFFFFF04
:10EC2000FFFFFFFFFFFFFFFFFFFFFFFFFFFFFFFFF4
:10EC3000FFFFFFFFFFFFFFFFFFFFFFFFFFFFFFFFE4
:10EC4000FFFFFFFFFFFFFFFFFFFFFFFFFFFFFFFFD4
:10EC5000FFFFFFFFFFFFFFFFFFFFFFFFFFFFFFFFC4
:10EC6000FFFFFFFFFFFFFFFFFFFFFFFFFFFFFFFFB4
:10EC7000FFFFFFFFFFFFFFFFFFFFFFFFFFFFFFFFA4
:10EC8000FFFFFFFFFFFFFFFFFFFFFFFFFFFFFFFF94
:10EC9000FFFFFFFFFFFFFFFFFFFFFFFFFFFFFFFF84
:10ECA000FFFFFFFFFFFFFFFFFFFFFFFFFFFFFFFF74
:10ECB000FFFFFFFFFFFFFFFFFFFFFFFFFFFFFFFF64
:10ECC000FFFFFFFFFFFFFFFFFFFFFFFFFFFFFFFF54
:10ECD000FFFFFFFFFFFFFFFFFFFFFFFFFFFFFFFF44
:10ECE000FFFFFFFFFFFFFFFFFFFFFFFFFFFFFFFF34
:10ECF000FFFFFFFFFFFFFFFFFFFFFFFFFFFFFFFF24
:10ED0000FFFFFFFFFFFFFFFFFFFFFFFFFFFFFFFF13
:10ED1000FFFFFFFFFFFFFFFFFFFFFFFFFFFFFFFF03
:10ED2000FFFFFFFFFFFFFFFFFFFFFFFFFFFFFFFFF3
:10ED3000FFFFFFFFFFFFFFFFFFFFFFFFFFFFFFFFE3
:10ED4000FFFFFFFFFFFFFFFFFFFFFFFFFFFFFFFFD3
:10ED5000FFFFFFFFFFFFFFFFFFFFFFFFFFFFFFFFC3
:10ED6000FFFFFFFFFFFFFFFFFFFFFFFFFFFFFFFFB3
:10ED7000FFFFFFFFFFFFFFFFFFFFFFFFFFFFFFFFA3
:10ED8000FFFFFFFFFFFFFFFFFFFFFFFFFFFFFFFF93
:10ED9000FFFFFFFFFFFFFFFFFFFFFFFFFFFFFFFF83
:10EDA000FFFFFFFFFFFFFFFFFFFFFFFFFFFFFFFF73
:10EDB000FFFFFFFFFFFFFFFFFFFFFFFFFFFFFFFF63
:10EDC000FFFFFFFFFFFFFFFFFFFFFFFFFFFFFFFF53
:10EDD000FFFFFFFFFFFFFFFFFFFFFFFFFFFFFFFF43
:10EDE000FFFFFFFFFFFFFFFFFFFFFFFFFFFFFFFF33
:10EDF000FFFFFFFFFFFFFFFFFFFFFFFFFFFFFFFF23
:10EE0000FFFFFFFFFFFFFFFFFFFFFFFFFFFFFFFF12
:10EE1000FFFFFFFFFFFFFFFFFFFFFFFFFFFFFFFF02
:10EE2000FFFFFFFFFFFFFFFFFFFFFFFFFFFFFFFFF2
:10EE3000FFFFFFFFFFFFFFFFFFFFFFFFFFFFFFFFE2
:10EE4000FFFFFFFFFFFFFFFFFFFFFFFFFFFFFFFFD2
:10EE5000FFFFFFFFFFFFFFFFFFFFFFFFFFFFFFFFC2
:10EE6000FFFFFFFFFFFFFFFFFFFFFFFFFFFFFFFFB2
:10EE7000FFFFFFFFFFFFFFFFFFFFFFFFFFFFFFFFA2
:10EE8000FFFFFFFFFFFFFFFFFFFFFFFFFFFFFFFF92
:10EE9000FFFFFFFFFFFFFFFFFFFFFFFFFFFFFFFF82
:10EEA000FFFFFFFFFFFFFFFFFFFFFFFFFFFFFFFF72
:10EEB000FFFFFFFFFFFFFFFFFFFFFFFFFFFFFFFF62
:10EEC000FFFFFFFFFFFFFFFFFFFFFFFFFFFFFFFF52
:10EED000FFFFFFFFFFFFFFFFFFFFFFFFFFFFFFFF42
:10EEE000FFFFFFFFFFFFFFFFFFFFFFFFFFFFFFFF32
:10EEF000FFFFFFFFFFFFFFFFFFFFFFFFFFFFFFFF22
:10EF0000FFFFFFFFFFFFFFFFFFFFFFFFFFFFFFFF11
:10EF1000FFFFFFFFFFFFFFFFFFFFFFFFFFFFFFFF01
:10EF2000FFFFFFFFFFFFFFFFFFFFFFFFFFFFFFFFF1
:10EF3000FFFFFFFFFFFFFFFFFFFFFFFFFFFFFFFFE1
:10EF4000FFFFFFFFFFFFFFFFFFFFFFFFFFFFFFFFD1
:10EF5000FFFFFFFFFFFFFFFFFFFFFFFFFFFFFFFFC1
:10EF6000FFFFFFFFFFFFFFFFFFFFFFFFFFFFFFFFB1
:10EF7000FFFFFFFFFFFFFFFFFFFFFFFFFFFFFFFFA1
:10EF8000FFFFFFFFFFFFFFFFFFFFFFFFFFFFFFFF91
:10EF9000FFFFFFFFFFFFFFFFFFFFFFFFFFFFFFFF81
:10EFA000FFFFFFFFFFFFFFFFFFFFFFFFFFFFFFFF71
:10EFB000FFFFFFFFFFFFFFFFFFFFFFFFFFFFFFFF61
:10EFC000FFFFFFFFFFFFFFFFFFFFFFFFFFFFFFFF51
:10EFD000FFFFFFFFFFFFFFFFFFFFFFFFFFFFFFFF41
:10EFE000FFFFFFFFFFFFFFFFFFFFFFFFFFFFFFFF31
:10EFF000FFFFFFFFFFFFFFFFFFFFFFFFFFFFFFFF21
:10F00000FFFFFFFFFFFFFFFFFFFFFFFFFFFFFFFF10
:10F01000FFFFFFFFFFFFFFFFFFFFFFFFFFFFFFFF00
:10F02000FFFFFFFFFFFFFFFFFFFFFFFFFFFFFFFFF0
:10F03000FFFFFFFFFFFFFFFFFFFFFFFFFFFFFFFFE0
:10F04000FFFFFFFFFFFFFFFFFFFFFFFFFFFFFFFFD0
:10F05000FFFFFFFFFFFFFFFFFFFFFFFFFFFFFFFFC0
:10F06000FFFFFFFFFFFFFFFFFFFFFFFFFFFFFFFFB0
:10F07000FFFFFFFFFFFFFFFFFFFFFFFFFFFFFFFFA0
:10F08000FFFFFFFFFFFFFFFFFFFFFFFFFFFFFFFF90
:10F09000FFFFFFFFFFFFFFFFFFFFFFFFFFFFFFFF80
:10F0A000FFFFFFFFFFFFFFFFFFFFFFFFFFFFFFFF70
:10F0B000FFFFFFFFFFFFFFFFFFFFFFFFFFFFFFFF60
:10F0C000FFFFFFFFFFFFFFFFFFFFFFFFFFFFFFFF50
:10F0D000FFFFFFFFFFFFFFFFFFFFFFFFFFFFFFFF40
:10F0E000FFFFFFFFFFFFFFFFFFFFFFFFFFFFFFFF30
:10F0F000FFFFFFFFFFFFFFFFFFFFFFFFFFFFFFFF20
:10F10000FFFFFFFFFFFFFFFFFFFFFFFFFFFFFFFF0F
:10F11000FFFFFFFFFFFFFFFFFFFFFFFFFFFFFFFFFF
:10F12000FFFFFFFFFFFFFFFFFFFFFFFFFFFFFFFFEF
:10F13000FFFFFFFFFFFFFFFFFFFFFFFFFFFFFFFFDF
:10F14000FFFFFFFFFFFFFFFFFFFFFFFFFFFFFFFFCF
:10F15000FFFFFFFFFFFFFFFFFFFFFFFFFFFFFFFFBF
:10F16000FFFFFFFFFFFFFFFFFFFFFFFFFFFFFFFFAF
:10F17000FFFFFFFFFFFFFFFFFFFFFFFFFFFFFFFF9F
:10F18000FFFFFFFFFFFFFFFFFFFFFFFFFFFFFFFF8F
:10F19000FFFFFFFFFFFFFFFFFFFFFFFFFFFFFFFF7F
:10F1A000FFFFFFFFFFFFFFFFFFFFFFFFFFFFFFFF6F
:10F1B000FFFFFFFFFFFFFFFFFFFFFFFFFFFFFFFF5F
:10F1C000FFFFFFFFFFFFFFFFFFFFFFFFFFFFFFFF4F
:10F1D000FFFFFFFFFFFFFFFFFFFFFFFFFFFFFFFF3F
:10F1E000FFFFFFFFFFFFFFFFFFFFFFFFFFFFFFFF2F
:10F1F000FFFFFFFFFFFFFFFFFFFFFFFFFFFFFFFF1F
:10F20000FFFFFFFFFFFFFFFFFFFFFFFFFFFFFFFF0E
:10F21000FFFFFFFFFFFFFFFFFFFFFFFFFFFFFFFFFE
:10F22000FFFFFFFFFFFFFFFFFFFFFFFFFFFFFFFFEE
:10F23000FFFFFFFFFFFFFFFFFFFFFFFFFFFFFFFFDE
:10F24000FFFFFFFFFFFFFFFFFFFFFFFFFFFFFFFFCE
:10F25000FFFFFFFFFFFFFFFFFFFFFFFFFFFFFFFFBE
:10F26000FFFFFFFFFFFFFFFFFFFFFFFFFFFFFFFFAE
:10F27000FFFFFFFFFFFFFFFFFFFFFFFFFFFFFFFF9E
:10F28000FFFFFFFFFFFFFFFFFFFFFFFFFFFFFFFF8E
:10F29000FFFFFFFFFFFFFFFFFFFFFFFFFFFFFFFF7E
:10F2A000FFFFFFFFFFFFFFFFFFFFFFFFFFFFFFFF6E
:10F2B000FFFFFFFFFFFFFFFFFFFFFFFFFFFFFFFF5E
:10F2C000FFFFFFFFFFFFFFFFFFFFFFFFFFFFFFFF4E
:10F2D000FFFFFFFFFFFFFFFFFFFFFFFFFFFFFFFF3E
:10F2E000FFFFFFFFFFFFFFFFFFFFFFFFFFFFFFFF2E
:10F2F000FFFFFFFFFFFFFFFFFFFFFFFFFFFFFFFF1E
:10F30000FFFFFFFFFFFFFFFFFFFFFFFFFFFFFFFF0D
:10F31000FFFFFFFFFFFFFFFFFFFFFFFFFFFFFFFFFD
:10F32000FFFFFFFFFFFFFFFFFFFFFFFFFFFFFFFFED
:10F33000FFFFFFFFFFFFFFFFFFFFFFFFFFFFFFFFDD
:10F34000FFFFFFFFFFFFFFFFFFFFFFFFFFFFFFFFCD
:10F35000FFFFFFFFFFFFFFFFFFFFFFFFFFFFFFFFBD
:10F36000FFFFFFFFFFFFFFFFFFFFFFFFFFFFFFFFAD
:10F37000FFFFFFFFFFFFFFFFFFFFFFFFFFFFFFFF9D
:10F38000FFFFFFFFFFFFFFFFFFFFFFFFFFFFFFFF8D
:10F39000FFFFFFFFFFFFFFFFFFFFFFFFFFFFFFFF7D
:10F3A000FFFFFFFFFFFFFFFFFFFFFFFFFFFFFFFF6D
:10F3B000FFFFFFFFFFFFFFFFFFFFFFFFFFFFFFFF5D
:10F3C000FFFFFFFFFFFFFFFFFFFFFFFFFFFFFFFF4D
:10F3D000FFFFFFFFFFFFFFFFFFFFFFFFFFFFFFFF3D
:10F3E000FFFFFFFFFFFFFFFFFFFFFFFFFFFFFFFF2D
:10F3F000FFFFFFFFFFFFFFFFFFFFFFFFFFFFFFFF1D
:10F40000FFFFFFFFFFFFFFFFFFFFFFFFFFFFFFFF0C
:10F41000FFFFFFFFFFFFFFFFFFFFFFFFFFFFFFFFFC
:10F42000FFFFFFFFFFFFFFFFFFFFFFFFFFFFFFFFEC
:10F43000FFFFFFFFFFFFFFFFFFFFFFFFFFFFFFFFDC
:10F44000FFFFFFFFFFFFFFFFFFFFFFFFFFFFFFFFCC
:10F45000FFFFFFFFFFFFFFFFFFFFFFFFFFFFFFFFBC
:10F46000FFFFFFFFFFFFFFFFFFFFFFFFFFFFFFFFAC
:10F47000FFFFFFFFFFFFFFFFFFFFFFFFFFFFFFFF9C
:10F48000FFFFFFFFFFFFFFFFFFFFFFFFFFFFFFFF8C
:10F49000FFFFFFFFFFFFFFFFFFFFFFFFFFFFFFFF7C
:10F4A000FFFFFFFFFFFFFFFFFFFFFFFFFFFFFFFF6C
:10F4B000FFFFFFFFFFFFFFFFFFFFFFFFFFFFFFFF5C
:10F4C000FFFFFFFFFFFFFFFFFFFFFFFFFFFFFFFF4C
:10F4D000FFFFFFFFFFFFFFFFFFFFFFFFFFFFFFFF3C
:10F4E000FFFFFFFFFFFFFFFFFFFFFFFFFFFFFFFF2C
:10F4F000FFFFFFFFFFFFFFFFFFFFFFFFFFFFFFFF1C
:10F50000FFFFFFFFFFFFFFFFFFFFFFFFFFFFFFFF0B
:10F51000FFFFFFFFFFFFFFFFFFFFFFFFFFFFFFFFFB
:10F52000FFFFFFFFFFFFFFFFFFFFFFFFFFFFFFFFEB
:10F53000FFFFFFFFFFFFFFFFFFFFFFFFFFFFFFFFDB
:10F54000FFFFFFFFFFFFFFFFFFFFFFFFFFFFFFFFCB
:10F55000FFFFFFFFFFFFFFFFFFFFFFFFFFFFFFFFBB
:10F56000FFFFFFFFFFFFFFFFFFFFFFFFFFFFFFFFAB
:10F57000FFFFFFFFFFFFFFFFFFFFFFFFFFFFFFFF9B
:10F58000FFFFFFFFFFFFFFFFFFFFFFFFFFFFFFFF8B
:10F59000FFFFFFFFFFFFFFFFFFFFFFFFFFFFFFFF7B
:10F5A000FFFFFFFFFFFFFFFFFFFFFFFFFFFFFFFF6B
:10F5B000FFFFFFFFFFFFFFFFFFFFFFFFFFFFFFFF5B
:10F5C000FFFFFFFFFFFFFFFFFFFFFFFFFFFFFFFF4B
:10F5D000FFFFFFFFFFFFFFFFFFFFFFFFFFFFFFFF3B
:10F5E000FFFFFFFFFFFFFFFFFFFFFFFFFFFFFFFF2B
:10F5F000FFFFFFFFFFFFFFFFFFFFFFFFFFFFFFFF1B
:10F60000FFFFFFFFFFFFFFFFFFFFFFFFFFFFFFFF0A
:10F61000FFFFFFFFFFFFFFFFFFFFFFFFFFFFFFFFFA
:10F62000FFFFFFFFFFFFFFFFFFFFFFFFFFFFFFFFEA
:10F63000FFFFFFFFFFFFFFFFFFFFFFFFFFFFFFFFDA
:10F64000FFFFFFFFFFFFFFFFFFFFFFFFFFFFFFFFCA
:10F65000FFFFFFFFFFFFFFFFFFFFFFFFFFFFFFFFBA
:10F66000FFFFFFFFFFFFFFFFFFFFFFFFFFFFFFFFAA
:10F67000FFFFFFFFFFFFFFFFFFFFFFFFFFFFFFFF9A
:10F68000FFFFFFFFFFFFFFFFFFFFFFFFFFFFFFFF8A
:10F69000FFFFFFFFFFFFFFFFFFFFFFFFFFFFFFFF7A
:10F6A000FFFFFFFFFFFFFFFFFFFFFFFFFFFFFFFF6A
:10F6B000FFFFFFFFFFFFFFFFFFFFFFFFFFFFFFFF5A
:10F6C000FFFFFFFFFFFFFFFFFFFFFFFFFFFFFFFF4A
:10F6D000FFFFFFFFFFFFFFFFFFFFFFFFFFFFFFFF3A
:10F6E000FFFFFFFFFFFFFFFFFFFFFFFFFFFFFFFF2A
:10F6F000FFFFFFFFFFFFFFFFFFFFFFFFFFFFFFFF1A
:10F70000FFFFFFFFFFFFFFFFFFFFFFFFFFFFFFFF09
:10F71000FFFFFFFFFFFFFFFFFFFFFFFFFFFFFFFFF9
:10F72000FFFFFFFFFFFFFFFFFFFFFFFFFFFFFFFFE9
:10F73000FFFFFFFFFFFFFFFFFFFFFFFFFFFFFFFFD9
:10F74000FFFFFFFFFFFFFFFFFFFFFFFFFFFFFFFFC9
:10F75000FFFFFFFFFFFFFFFFFFFFFFFFFFFFFFFFB9
:10F76000FFFFFFFFFFFFFFFFFFFFFFFFFFFFFFFFA9
:10F77000FFFFFFFFFFFFFFFFFFFFFFFFFFFFFFFF99
:10F78000FFFFFFFFFFFFFFFFFFFFFFFFFFFFFFFF89
:10F79000FFFFFFFFFFFFFFFFFFFFFFFFFFFFFFFF79
:10F7A000FFFFFFFFFFFFFFFFFFFFFFFFFFFFFFFF69
:10F7B000FFFFFFFFFFFFFFFFFFFFFFFFFFFFFFFF59
:10F7C000FFFFFFFFFFFFFFFFFFFFFFFFFFFFFFFF49
:10F7D000FFFFFFFFFFFFFFFFFFFFFFFFFFFFFFFF39
:10F7E000FFFFFFFFFFFFFFFFFFFFFFFFFFFFFFFF29
:10F7F000FFFFFFFFFFFFFFFFFFFFFFFFFFFFFFFF19
:10F80000FFFFFFFFFFFFFFFFFFFFFFFFFFFFFFFF08
:10F81000FFFFFFFFFFFFFFFFFFFFFFFFFFFFFFFFF8
:10F82000FFFFFFFFFFFFFFFFFFFFFFFFFFFFFFFFE8
:10F83000FFFFFFFFFFFFFFFFFFFFFFFFFFFFFFFFD8
:10F84000FFFFFFFFFFFFFFFFFFFFFFFFFFFFFFFFC8
:10F85000FFFFFFFFFFFFFFFFFFFFFFFFFFFFFFFFB8
:10F86000FFFFFFFFFFFFFFFFFFFFFFFFFFFFFFFFA8
:10F87000FFFFFFFFFFFFFFFFFFFFFFFFFFFFFFFF98
:10F88000FFFFFFFFFFFFFFFFFFFFFFFFFFFFFFFF88
:10F89000FFFFFFFFFFFFFFFFFFFFFFFFFFFFFFFF78
:10F8A000FFFFFFFFFFFFFFFFFFFFFFFFFFFFFFFF68
:10F8B000FFFFFFFFFFFFFFFFFFFFFFFFFFFFFFFF58
:10F8C000FFFFFFFFFFFFFFFFFFFFFFFFFFFFFFFF48
:10F8D000FFFFFFFFFFFFFFFFFFFFFFFFFFFFFFFF38
:10F8E000FFFFFFFFFFFFFFFFFFFFFFFFFFFFFFFF28
:10F8F000FFFFFFFFFFFFFFFFFFFFFFFFFFFFFFFF18
:10F90000FFFFFFFFFFFFFFFFFFFFFFFFFFFFFFFF07
:10F91000FFFFFFFFFFFFFFFFFFFFFFFFFFFFFFFFF7
:10F92000FFFFFFFFFFFFFFFFFFFFFFFFFFFFFFFFE7
:10F93000FFFFFFFFFFFFFFFFFFFFFFFFFFFFFFFFD7
:10F94000FFFFFFFFFFFFFFFFFFFFFFFFFFFFFFFFC7
:10F95000FFFFFFFFFFFFFFFFFFFFFFFFFFFFFFFFB7
:10F96000FFFFFFFFFFFFFFFFFFFFFFFFFFFFFFFFA7
:10F97000FFFFFFFFFFFFFFFFFFFFFFFFFFFFFFFF97
:10F98000FFFFFFFFFFFFFFFFFFFFFFFFFFFFFFFF87
:10F99000FFFFFFFFFFFFFFFFFFFFFFFFFFFFFFFF77
:10F9A000FFFFFFFFFFFFFFFFFFFFFFFFFFFFFFFF67
:10F9B000FFFFFFFFFFFFFFFFFFFFFFFFFFFFFFFF57
:10F9C000FFFFFFFFFFFFFFFFFFFFFFFFFFFFFFFF47
:10F9D000FFFFFFFFFFFFFFFFFFFFFFFFFFFFFFFF37
:10F9E000FFFFFFFFFFFFFFFFFFFFFFFFFFFFFFFF27
:10F9F000FFFFFFFFFFFFFFFFFFFFFFFFFFFFFFFF17
:10FA0000FFFFFFFFFFFFFFFFFFFFFFFFFFFFFFFF06
:10FA1000FFFFFFFFFFFFFFFFFFFFFFFFFFFFFFFFF6
:10FA2000FFFFFFFFFFFFFFFFFFFFFFFFFFFFFFFFE6
:10FA3000FFFFFFFFFFFFFFFFFFFFFFFFFFFFFFFFD6
:10FA4000FFFFFFFFFFFFFFFFFFFFFFFFFFFFFFFFC6
:10FA5000FFFFFFFFFFFFFFFFFFFFFFFFFFFFFFFFB6
:10FA6000FFFFFFFFFFFFFFFFFFFFFFFFFFFFFFFFA6
:10FA7000FFFFFFFFFFFFFFFFFFFFFFFFFFFFFFFF96
:10FA8000FFFFFFFFFFFFFFFFFFFFFFFFFFFFFFFF86
:10FA9000FFFFFFFFFFFFFFFFFFFFFFFFFFFFFFFF76
:10FAA000FFFFFFFFFFFFFFFFFFFFFFFFFFFFFFFF66
:10FAB000FFFFFFFFFFFFFFFFFFFFFFFFFFFFFFFF56
:10FAC000FFFFFFFFFFFFFFFFFFFFFFFFFFFFFFFF46
:10FAD000FFFFFFFFFFFFFFFFFFFFFFFFFFFFFFFF36
:10FAE000FFFFFFFFFFFFFFFFFFFFFFFFFFFFFFFF26
:10FAF000FFFFFFFFFFFFFFFFFFFFFFFFFFFFFFFF16
:10FB0000FFFFFFFFFFFFFFFFFFFFFFFFFFFFFFFF05
:10FB1000FFFFFFFFFFFFFFFFFFFFFFFFFFFFFFFFF5
:10FB2000FFFFFFFFFFFFFFFFFFFFFFFFFFFFFFFFE5
:10FB3000FFFFFFFFFFFFFFFFFFFFFFFFFFFFFFFFD5
:10FB4000FFFFFFFFFFFFFFFFFFFFFFFFFFFFFFFFC5
:10FB5000FFFFFFFFFFFFFFFFFFFFFFFFFFFFFFFFB5
:10FB6000FFFFFFFFFFFFFFFFFFFFFFFFFFFFFFFFA5
:10FB7000FFFFFFFFFFFFFFFFFFFFFFFFFFFFFFFF95
:10FB8000FFFFFFFFFFFFFFFFFFFFFFFFFFFFFFFF85
:10FB9000FFFFFFFFFFFFFFFFFFFFFFFFFFFFFFFF75
:10FBA000FFFFFFFFFFFFFFFFFFFFFFFFFFFFFFFF65
:10FBB000FFFFFFFFFFFFFFFFFFFFFFFFFFFFFFFF55
:10FBC000FFFFFFFFFFFFFFFFFFFFFFFFFFFFFFFF45
:10FBD000FFFFFFFFFFFFFFFFFFFFFFFFFFFFFFFF35
:10FBE000FFFFFFFFFFFFFFFFFFFFFFFFFFFFFFFF25
:10FBF000FFFFFFFFFFFFFFFFFFFFFFFFFFFFFFFF15
:10FC0000FFFFFFFFFFFFFFFFFFFFFFFFFFFFFFFF04
:10FC1000FFFFFFFFFFFFFFFFFFFFFFFFFFFFFFFFF4
:10FC2000FFFFFFFFFFFFFFFFFFFFFFFFFFFFFFFFE4
:10FC3000FFFFFFFFFFFFFFFFFFFFFFFFFFFFFFFFD4
:10FC4000FFFFFFFFFFFFFFFFFFFFFFFFFFFFFFFFC4
:10FC5000FFFFFFFFFFFFFFFFFFFFFFFFFFFFFFFFB4
:10FC6000FFFFFFFFFFFFFFFFFFFFFFFFFFFFFFFFA4
:10FC7000FFFFFFFFFFFFFFFFFFFFFFFFFFFFFFFF94
:10FC8000FFFFFFFFFFFFFFFFFFFFFFFFFFFFFFFF84
:10FC9000FFFFFFFFFFFFFFFFFFFFFFFFFFFFFFFF74
:10FCA000FFFFFFFFFFFFFFFFFFFFFFFFFFFFFFFF64
:10FCB000FFFFFFFFFFFFFFFFFFFFFFFFFFFFFFFF54
:10FCC000FFFFFFFFFFFFFFFFFFFFFFFFFFFFFFFF44
:10FCD000FFFFFFFFFFFFFFFFFFFFFFFFFFFFFFFF34
:10FCE000FFFFFFFFFFFFFFFFFFFFFFFFFFFFFFFF24
:10FCF000FFFFFFFFFFFFFFFFFFFFFFFFFFFFFFFF14
:10FD0000FFFFFFFFFFFFFFFFFFFFFFFFFFFFFFFF03
:10FD1000FFFFFFFFFFFFFFFFFFFFFFFFFFFFFFFFF3
:10FD2000FFFFFFFFFFFFFFFFFFFFFFFFFFFFFFFFE3
:10FD3000FFFFFFFFFFFFFFFFFFFFFFFFFFFFFFFFD3
:10FD4000FFFFFFFFFFFFFFFFFFFFFFFFFFFFFFFFC3
:10FD5000FFFFFFFFFFFFFFFFFFFFFFFFFFFFFFFFB3
:10FD6000FFFFFFFFFFFFFFFFFFFFFFFFFFFFFFFFA3
:10FD7000FFFFFFFFFFFFFFFFFFFFFFFFFFFFFFFF93
:10FD8000FFFFFFFFFFFFFFFFFFFFFFFFFFFFFFFF83
:10FD9000FFFFFFFFFFFFFFFFFFFFFFFFFFFFFFFF73
:10FDA000FFFFFFFFFFFFFFFFFFFFFFFFFFFFFFFF63
:10FDB000FFFFFFFFFFFFFFFFFFFFFFFFFFFFFFFF53
:10FDC000FFFFFFFFFFFFFFFFFFFFFFFFFFFFFFFF43
:10FDD000FFFFFFFFFFFFFFFFFFFFFFFFFFFFFFFF33
:10FDE000FFFFFFFFFFFFFFFFFFFFFFFFFFFFFFFF23
:10FDF000FFFFFFFFFFFFFFFFFFFFFFFFFFFFFFFF13
:10FE0000FFFFFFFFFFFFFFFFFFFFFFFFFFFFFFFF02
:10FE1000FFFFFFFFFFFFFFFFFFFFFFFFFFFFFFFFF2
:10FE2000FFFFFFFFFFFFFFFFFFFFFFFFFFFFFFFFE2
:10FE3000FFFFFFFFFFFFFFFFFFFFFFFFFFFFFFFFD2
:10FE4000FFFFFFFFFFFFFFFFFFFFFFFFFFFFFFFFC2
:10FE5000FFFFFFFFFFFFFFFFFFFFFFFFFFFFFFFFB2
:10FE6000FFFFFFFFFFFFFFFFFFFFFFFFFFFFFFFFA2
:10FE7000FFFFFFFFFFFFFFFFFFFFFFFFFFFFFFFF92
:10FE8000FFFFFFFFFFFFFFFFFFFFFFFFFFFFFFFF82
:10FE9000FFFFFFFFFFFFFFFFFFFFFFFFFFFFFFFF72
:10FEA000FFFFFFFFFFFFFFFFFFFFFFFFFFFFFFFF62
:10FEB000FFFFFFFFFFFFFFFFFFFFFFFFFFFFFFFF52
:10FEC000FFFFFFFFFFFFFFFFFFFFFFFFFFFFFFFF42
:10FED000FFFFFFFFFFFFFFFFFFFFFFFFFFFFFFFF32
:10FEE000FFFFFFFFFFFFFFFFFFFFFFFFFFFFFFFF22
:10FEF000FFFFFFFFFFFFFFFFFFFFFFFFFFFFFFFF12
:10FF0000FFFFFFFFFFFFFFFFFFFFFFFFFFFFFFFF01
:10FF1000FFFFFFFFFFFFFFFFFFFFFFFFFFFFFFFFF1
:10FF2000FFFFFFFFFFFFFFFFFFFFFFFFFFFFFFFFE1
:10FF3000FFFFFFFFFFFFFFFFFFFFFFFFFFFFFFFFD1
:10FF4000FFFFFFFFFFFFFFFFFFFFFFFFFFFFFFFFC1
:10FF5000FFFFFFFFFFFFFFFFFFFFFFFFFFFFFFFFB1
:10FF6000FFFFFFFFFFFFFFFFFFFFFFFFFFFFFFFFA1
:10FF7000FFFFFFFFFFFFFFFFFFFFFFFFFFFFFFFF91
:10FF8000FFFFFFFFFFFFFFFFFFFFFFFFFFFFFFFF81
:10FF9000FFFFFFFFFFFFFFFFFFFFFFFFFFFFFFFF71
:10FFA000FFFFFFFFFFFFFFFFFFFFFFFFFFFFFFFF61
:10FFB000FFFFFFFFFFFFFFFFFFFFFFFFFFFFFFFF51
:10FFC000FFFFFFFFFFFFFFFFFFFFFFFFFFFFFFFF41
:10FFD000FFFFFFFFFFFFFFFFFFFFFFFFFFFFFFFF31
:10FFE000FFFFFFFFFFFFFFFFFFFFFFFFFFFFFFFF21
:10FFF000FFFFFFFFFFFFFFFFFFFFFFFFFFFF5D159D
:020000040020DA
:080000000F06000000000000E3
:020000040030CA
:0E0000001D187F7C018991FF00C0FFE0FF40CA
:0200000400F00A
:10000000C8006E00B400B4000100580201000E0FD9
:100010002C0164009600FA000000580200001E1F28
:100020008A023002440244020100580202002E2FCC
:10003000000406000000003700000000F89B0200EA
:100040000864FDFF000000000014004B4C4D4E4FB3
:1000500000000000000000000000000000000000A0
:100060000000000000000000000000000000000090
:100070000000000000000000000000000000647F9D
:10008000000000000000000001000000000000006F
:00000001FF
