:102000002DEF10F0FFFFFFFF0182CEEF43F0FFFF47
:10201000FFFFFFFFFFFFFFFF0180D8CF60F0E8CF99
:1020200061F0E0CF62F0D9CF63F0DACF64F09DB811
:102030009EA802D0ABEC88F0A3B8A4A802D019ECFB
:1020400087F064C0DAFF63C0D9FF62C0E0FF61C0FF
:10205000E8FF60C0D8FF019010001BEF2DF0008A50
:102060002301C21D01AA1D01E6AA00FAC6004423ED
:1020700001A2DB007C23016E2301602301522301B6
:102080003623012823011A2301422401F4EA0077B0
:102090007C585E79716F760600003800545C7300DE
:1020A000506D781C0000006E00777C395E79716F8E
:1020B000760600003800373F7300506D783E000010
:1020C000006E00303132333435363738396162636F
:1020D000646566003F065B4F666D7D077F67051090
:1020E0002030406080A0FF6E67C579DD61021A6A0A
:1020F00021010A00060E0A003C0000007A210100BE
:1021000000580201000A0058240000000000002AC4
:102110008D00D02F00CA25015020013065007E07B8
:1021200001C62501000000AEDF002E9A005A2401EE
:10213000000000B4E700D28A00662401000000B469
:10214000E700D28A00CE2501000000562201067F5A
:1021500000000000000000B6E600AEA9000000008C
:10216000000000F8D800DC9A00000000000000AA7F
:1021700025019ECA00000000000000A6250152A50E
:1021800000AA02019138616C6C506F6442756666FA
:102190006572735B504F445F4255464645525F52ED
:1021A000585D20213D204E554C4C00616C6C506FA9
:1021B00064427566666572735B504F445F42554674
:1021C0004645525F54585D20213D204E554C4C00F1
:1021D0006F75744361706163697479203E20444176
:1021E00054414752414D5F4D494E5F4F564552480D
:1021F00045414400417373657274696F6E20666176
:10220000696C65643A202573202825733A2025736C
:102210003A202564290A00636F6E6669672D3E7354
:1022200061766553657474696E677320213D204E35
:10223000554C4C00636F6E6669672D3E70726F7609
:1022400069646553697A6520213D204E554C4C00E8
:102250007372632F447269766572732F506F647363
:10226000436861696E556172742E6300636F6E66B8
:1022700069672D3E777269746542797465732021B0
:102280003D204E554C4C00636F6E6669672D3E7263
:10229000656164427974657320213D204E554C4C34
:1022A000007372632F506F6473436861696E2F50BF
:1022B0006F6473436861696E2E6300777269746539
:1022C000506572696F64203E207461736B50657253
:1022D000696F6400636F6D6D756E696361746557D6
:1022E000697468506F6473436861696E00696E70E9
:1022F000757453697A65203E3D2076616C7565532F
:10230000697A6500736574506F6473436F6D6D73A4
:1023100041747472696275746573007372632F54CB
:1023200061736B732F526164696F5461736B2E63B9
:10233000007372632F526164696F2F566172496E28
:10234000742E63007372632F526164696F2F526140
:1023500064696F2E630070726F636573735261649A
:10236000696F427974657300706F6473556172743C
:1023700020213D204E554C4C00526164696F5461E0
:10238000736B5F496E697400636861696E20213DFB
:10239000204E554C4C00696E6974506F64734368ED
:1023A00061696E006465636F6465566172496E743D
:1023B00000382E382E382E382E00302E324C4F005A
:1023C000414C2E484900414C2E4C4F0048454C5042
:1023D00000303030300031313131003232323200B1
:1023E0003333333300343434340035353535002D50
:1023F0002D2D2D006572723100657272320065728A
:1024000072330065727234006572725500446174F3
:102410006100636F6E6E0050726F7500504831300E
:1024200000504820340050482037004641494C00B5
:102430004F4F4F4F0050415353004550742D004EA5
:1024400047452E002D41434300436F6E66006E6387
:102450006E6F006275737900636F6E7400372E3192
:102460000046414300644546006F66660043414CA8
:102470000043484100506F6400457272004F464669
:10248000002575006F6E00627200454C004F5200CF
:102490005552006E63004943007264007048002A80
:1024A00043002A460045430000FF01018651871181
:1024B00070E1680E00019C6F230E9D6F500E9E6FA1
:1024C000220E9F6F010EA16F7C0EA06FD40EA26F23
:1024D000220EA36F9DEC84F05CD086C1A1F087C171
:1024E000A2F0000140DADFA005D001D003D03BDA32
:1024F000DF904FD0A1C06CF0A2C06DF0000ED3EC05
:1025000091F06CC068F06DC069F0000120EECCF075
:102510006C51D9266D51DA22DF50050F6A6F10EC2D
:1025200083F0DAEC79F0A1C065F0A2C066F000019A
:1025300020EECCF0A151D926A251DA22DECF67F0ED
:10254000DDCF68F06D6B050E67256B6F000E68219F
:102550006C6F11D06B516525D96E6C516621DA6EA6
:102560006D516525E16E000E6621E26EDFCFE7FF5B
:102570006D2B6B4B6C2BF0D9DF50696F6A6B695117
:102580006B5D6A516C59E6E301D0E4D7E5D96DC0C3
:10259000DFFF86C179F087C17AF033D020EECFF02B
:1025A0007951D9267A51DA2201D80AD00500FA6E7B
:1025B000DE50FD6EDE50FE6EDE50FF6EFA501200F1
:1025C0007B6FD8D9DF507C6F7C517925D96E000E96
:1025D0007A21DA6E7BC0DFFFCDD910EE64F079513D
:1025E000E1267A51E222E7507B6F7B29656F666BAB
:1025F000000E6623686B640E676F4CEC6BF06551E0
:10260000DF6E79C065F07AC066F0000120EECAF096
:102610006551D9266651DA22DECF67F0DDCF68F04A
:1026200067C0D9FF68C0DAFFDF500009B7E101D009
:10263000B5D779C065F07AC066F016D0696B0CD05A
:102640005CD969516525E16E000E6621E26EDFCF2F
:10265000E7FF53D9DF6A692B63D9DE50695DF0E388
:1026600001D0EED75DD9DF0665C0D9FF66C0DAFFBD
:102670001B0EDE1807E001D005D052D9DF50DEE195
:1026800001D0DCD779C072F07AC073F020EE64F02C
:102690002FD9030EDF6004D001D002D0000EAFD0DE
:1026A00072C0D9FF73C0DAFF1B0EDE1803E0F6D745
:1026B00001D0F4D720EE02F01BD9DF50746F20EE6A
:1026C00001F016D9DF50766F7451756F0AD975C055
:1026D000DEFF76C0DDFF05D9DECF74F0DDCF75F00B
:1026E000060E7425776F000E7521786F20EE64F06A
:1026F000FFD8DF50746F756B7751745D78517559E1
:1027000003E2CCD701D0CAD7ECD8010EDB5005E1EB
:102710005D0EDE5C10E301D00ED038D90001676B8E
:10272000C1EC3BF0672B630E6765FAD701D0F8D791
:10273000C9EC3BF0B3D772C06CF073C06DF0D1D868
:10274000DF50050F6E6F706B716B010E6F6F39D0BC
:10275000700E656F6F516C25D96E000E6D21DA6EAB
:10276000DF50666F6651676F686B67C068F0676BB4
:102770006551D96EDA6A6751DE1A6851DD1A080EA2
:102780006B6FE2D868AF14D001D012D0DDD8D890EA
:1027900067376837210E6719696F100E68196A6FFD
:1027A0006551D96EDA6A69C0DEFF6AC0DDFF03D009
:1027B000655162EC27F06B076B51E3E101D0E1D783
:1027C0006F2B6E516F5DC4E301D0C2D77051711190
:1027D00001E002D0010E01D0000E00090FE101D08E
:1027E0000DD0D4D80001676BC1EC3BF0672B630EB2
:1027F0006765FAD79DD7F8D79BD750D7010E000948
:1028000001E06BD686C165F087C166F082D8DFA291
:1028100013D001D011D020EECEF089D8DFCF67F0F1
:10282000DF2A0F0E676508D001D006D072D8DF927C
:1028300020EECEF07CD8DF6A6CD8DFB201D002D0B7
:10284000010E01D0000E00094BE132EC86F00101CF
:102850009E5144E057EC85F000016C6B16D0000EE1
:102860006C25D96EDA6A060EDA226C5101018625D2
:1028700000016A6F86D86B6F650E6A25E16E000EE7
:102880006B21E26EDFCFE7FF6C2B01019F5100014E
:102890006C5DE5E301D0E3D753D8BCEC3BF09FC1BE
:1028A000DFFF650E86250001666F6BD8676F9FC1DD
:1028B00068F042D8BCEC3BF001D80AD00500FA6EB3
:1028C000DE50FD6EDE50FE6EDE50FF6EFA501200DE
:1028D00037D8BCEC3BF0DF6A9E6B010C86EC73F0E2
:1028E000010C20EECCF07251D9267351DA2212007D
:1028F0007251D9267351DA22120069516525676F2A
:10290000000E6621686F6729D96E000E6821DA6EA5
:10291000120020EED2F06551D9266651DA2212005B
:1029200020EE64F06551D9266651DA221200655115
:10293000D9266651DA221200010120EED3F01200EE
:10294000010120EEC9F012006551D96EDA6ADECFBE
:1029500067F0DDCF68F0120020EE64F06551D926F3
:102960006651DA22120020EED2F0A151D926A251EE
:10297000DA22120020EE64F07951D9267A51DA2257
:102980001200000E010187210001120072C065F0E3
:1029900073C066F01200826B836B7A51D96EDA6A6B
:1029A000DECFF6FFDDCFF7FF000EF86E0800F55022
:1029B000250A01E09AD17A51D96EDA6ADE2A000E30
:1029C000DD227A51D96EDA6ADECF84F0DDCF85F070
:1029D00084C0F6FF85C0F7FF000EF86E0800F550C2
:1029E000640A0AE084C0F6FF85C0F7FF000EF86EA7
:1029F0000800F550690A72E17BC0D9FF7CC0DAFF9C
:102A0000020EDF26DF5CD96EDA6ADECF86F0DECF1B
:102A100087F084297D6F000E85217E6F7A51D96EF3
:102A2000DA6A7DC0DEFF7EC0DDFF200E8A6F010EF8
:102A300087AF000E816F8A07320E8A25D96EDA6A57
:102A4000050EDA2286C065F087C066F0686B0A0E54
:102A5000676F4CEC6BF065C06BF066C06CF086EC99
:102A60008DF06B51300FDF6E86C071F087C072F051
:102A7000746B0A0E736F90EC62F071C086F072C0D6
:102A800087F0824B832B8651871102E08A51D3E174
:102A90008A511CE081511AE08A07320E8A25D96ECC
:102AA000DA6A050EDA222D0EDF6E824B832B0ED0F2
:102AB000320E8A25D96EDA6A050EDA22DF50656F8A
:102AC000666B79C067F0F3EC63F08A2B200E8A19ED
:102AD000EFE182C079F083C07AF0120084C0F6FF83
:102AE00085C0F7FF000EF86E0800F550750A60E12A
:102AF0007BC0D9FF7CC0DAFF020EDF26DF5CD96E17
:102B0000DA6ADECF86F0DECF87F084297D6F000E93
:102B100085217E6F7A51D96EDA6A7DC0DEFF7EC074
:102B2000DDFF3CD0200E8A6F8A07320E8A25D96ECF
:102B3000DA6A050EDA2286C065F087C066F0686B37
:102B40000A0E676FFEEC7EF06551300FDF6E86C0B7
:102B500065F087C066F0686B0A0E676F90EC79F0DD
:102B600065C086F066C087F0824B832B8651871143
:102B700011E08A510FE0D8D7320E8A25D96EDA6A71
:102B8000050EDA22DF50656F666B79C067F0F3ECF3
:102B900063F08A2B200E8A199CE0EED784C0F6FFE2
:102BA00085C0F7FF000EF86E0800F550750ABAE010
:102BB000816B7A51D96EDA6ADECFF6FFDDCFF7FF8F
:102BC000000EF86E0800F550730A09E17A51D96ECB
:102BD000DA6ADE2A000EDD22010E816F3CD07A51C6
:102BE000D96EDA6ADECFF6FFDDCFF7FF000EF86EA2
:102BF0000800F5506C0A2FE17A51D96EDA6ADECFFF
:102C00007DF0DDCF7EF07D2B000E7E237DC0F6FFB4
:102C10007EC0F7FF000EF86E0800F5506C0A1BE14D
:102C20007A51D96EDA6ADECF7DF0DDCF7EF0020E0A
:102C30007D27000E7E237DC0F6FF7EC0F7FF000ECD
:102C4000F86E0800F550730A06E17A51D96EDA6A17
:102C5000030EDE26BFD781513FE07BC0D9FF7CC089
:102C6000DAFF020EDF26DF5CD96EDA6ADECF7FF094
:102C7000DECF80F01CD07FC0F6FF80C0F7FF000ED3
:102C8000F86E0F0EF76403D00800F55005D0F6CFAC
:102C9000E9FFF7CFEAFFEF500001656F666B79C07F
:102CA00067F0F3EC63F0824B832B7F4B802B7FC06C
:102CB000F6FF80C0F7FF000EF86E0F0EF76403D02A
:102CC0000800F55005D0F6CFE9FFF7CFEAFFEF5047
:102CD000000901E1FED6CFD77A51D96EDA6ADE2A31
:102CE000000EDD22796B7A6B12007A51D96EDA6AA6
:102CF000DECFF6FFDDCFF7FF000EF86E0800F550CF
:102D0000656F666B79C067F0F3EC63F07A51D96E4A
:102D1000DA6ADE2A000EDD227A6B010E796F010C71
:102D200066C1D9FF67C1DAFF01D80AD00500FA6E83
:102D3000DE50FD6EDE50FE6EDE50FF6EFA50120069
:102D400065C0F5F366C0F6F30301F551F61138E0FE
:102D5000010164510301F51933E1010165510301DA
:102D6000F6192EE1000E0001676F090E686F6A6B9D
:102D7000800E696F010120EE03F01AD901D80AD044
:102D80000500FA6EDE50FD6EDE50FE6EDE50FF6E08
:102D9000FA50120067C0F3F368C0F4F3000E0101AB
:102DA000DD6F090EDE6FF3C3DFF1F4C3E0F1000E57
:102DB000E16F070EE26FE46B800EE36F7DEC37F09E
:102DC000F5C364F1F6C365F127C26EF028C26FF057
:102DD00029C270F02AC271F00201272B000E2823AD
:102DE00029232A236EC065F06FC066F070C067F0BB
:102DF00071C068F02BC269F02CC26AF02DC26BF072
:102E00002EC26CF018EC6CF06551661167116811F8
:102E100001E002D0010E01D0000E00093CE0000EDE
:102E20000301F76F070EF86FF70E0001826F030EB4
:102E3000836F856B800E846FF90E866F030E876F2C
:102E4000B4EC89F0F7C366F0F8C367F0F9C368F033
:102E5000FAC369F0010120EE06F0AAD801D80AD021
:102E60000500FA6EDE50FD6EDE50FE6EDE50FF6E27
:102E7000FA50120091D8DFA606D001D004D08CD829
:102E8000DF968AD8DF8A0101685104E001D002D0C0
:102E9000698101D0699100017FD8DFAA20D001D0DB
:102EA0001ED020EE02F07FD88ED8DD22DD52DD521A
:102EB000030EDB500BE1020EDB5008E1010EDB508C
:102EC00005E10A0EDE5C0BE301D009D065D8DF888E
:102ED00063D8DF9A20EE02F066D823EC75F0656BBC
:102EE0000101685109E001D007D069A105D001D0E6
:102EF00003D0010E0001656F0001655100094BE030
:102F000001D0010C5AD8040EB8653AD001D038D09F
:102F1000010168A706D001D004D0CFEC92F00101E6
:102F2000689768A10CD001D00AD0B6B101D002D008
:102F3000010E01D0000EA6EC83F00101689168A398
:102F400006D001D004D095EC90F00101689368A5FB
:102F500006D001D004D0CDEC92F00101689568A9AB
:102F60000CD001D00AD0B6B501D002D0010E01D0EC
:102F7000000E4AEC8FF0010168996991010E691702
:102F80001CD8B82BB837010169510001B819010BE1
:102F9000B8190101696F010C20EE01F0F651D92634
:102FA000F751DA221200F651D926F751DA2212002F
:102FB0006651D9266751DA221200010169317F0B6F
:102FC0000001B86F1200DE2A000EDE22DE22000CA5
:102FD000FCC273F0FDC274F0FEC275F0FFC276F061
:102FE000EFEC7FF0000901E01200EAEC89F070C01C
:102FF000DFF371C0E0F324D9DF50030B030A03E1D0
:10300000010E01019A6F01019A050CE119D9DF50F7
:10301000030B030A07E014D9DF50E86F700EE817BE
:1030200001E19A6B9A0501E0DFD0DFEC91F065C019
:10303000E1F366C0E2F304D9DFA822D0E1C365F072
:10304000E2C366F0F4D8DBEC85F0E1C36BF0E2C3D9
:103050006CF0030120EE46F000D901D80AD005003B
:10306000FA6EDE50FD6EDE50FE6EDE50FF6EFA50E0
:103070001200010E0001656F000E49EC81F01ED0B8
:10308000E1C365F0E2C366F0C9D807EC86F0E1C39E
:103090006BF0E2C36CF0030120EE49F0DED801D8FA
:1030A0000AD00500FA6EDE50FD6EDE50FE6EDE5078
:1030B000FF6EFA501200E0D849EC81F054EC92F027
:1030C00065C0E3F366C0E4F3BBD8DFAA21D0E3C355
:1030D00065F0E4C366F0ABD8DBEC85F0E3C36BF0DE
:1030E000E4C36CF0030120EE46F0BCD801D80AD04E
:1030F0000500FA6EDE50FD6EDE50FE6EDE50FF6E95
:10310000FA501200010E0001656F49EC81F020D0E9
:10311000E3C365F0E4C366F081D807EC86F0E3C34F
:103120006BF0E4C36CF0030120EE49F09BD801D8AA
:103130000AD00500FA6EDE50FD6EDE50FE6EDE50E7
:10314000FF6EFA5012000001656B010E49EC81F030
:1031500059EC92F065C0E5F366C0E6F371D8DFACD8
:1031600022D0E5C365F0E6C366F061D8DBEC85F0FC
:10317000E5C36BF0E6C36CF0030120EE46F077D8B0
:1031800001D80AD00500FA6EDE50FD6EDE50FE6EEC
:10319000DE50FF6EFA501200010E0001656F020E44
:1031A00049EC81F030D0E5C365F0E6C366F036D86F
:1031B00007EC86F0E5C36BF0E6C36CF0030120EE8C
:1031C00049F055D801D80AD00500FA6EDE50FD6EE0
:1031D000DE50FE6EDE50FF6EFA5012000001656B8D
:1031E000020E49EC81F00FD0899E899C8F968F90BA
:1031F00043D849EC81F0656B010E49EC81F0656BB9
:10320000020E49EC81F0FCC2DDF1FDC2DEF1FEC22E
:10321000DFF1FFC2E0F119D8DDEF33F0FCC267F057
:10322000FDC268F0FEC269F0FFC26AF01200FCC283
:1032300067F0FDC268F0FEC269F0FFC26AF01200DA
:10324000DFC3D9FFE0C3DAFF1200010E0101E16F15
:10325000E26BE36BE46BE56B010CE151D926E251C3
:10326000DA221200E351D926E451DA221200E551A4
:10327000D926E651DA2212000001656B000CCCEC75
:1032800091F065C073F066C074F0290E00012BD96F
:10329000696B020E6B6FF1EC83F0270E24D9020EDE
:1032A000696F6B6FF1EC83F0230E1DD9040E2AD9E0
:1032B000F1EC83F0250E17D9060E24D9F1EC83F03A
:1032C0002B0E11D9080E1ED9F1EC83F02D0E0BD95F
:1032D0000A0E18D9F1EC83F03A0E05D90C0E16D966
:1032E000F1EC83F017D90D0E11D9F1EC83F002D96E
:1032F000F0EC5FF011EC8FF065C073F066C074F015
:10330000290E0001F0D8100EFDD8F1EC83F0270E45
:10331000EAD8120EF7D8F1EC83F0230EE4D8140E9D
:10332000F1D8F1EC83F0250EDED8160EEBD8F1ECD7
:1033300083F02B0ED8D8180EE5D8F1EC83F02D0EC3
:10334000D2D81A0EDFD8F1EC83F03A0ECCD81C0E8E
:10335000DDD8F1EC83F0DED81D0ED8D8F1EC83F087
:10336000C9D8F0EC5FF01DEC8FF065C073F066C05B
:1033700074F0290E0001B7D8200EC4D8F1EC83F008
:10338000270EB1D8220EBED8F1EC83F0230EABD8B5
:10339000240EB8D8F1EC83F0250EA5D8260EB2D8AD
:1033A000F1EC83F02B0E9FD8280EACD8F1EC83F013
:1033B0002D0E99D82A0EA6D8F1EC83F03A0E93D8A8
:1033C0002C0EA4D8F1EC83F0A5D82D0E9FD8F1ECEB
:1033D00083F090D8F0EC5FF0380E85D8440E92D888
:1033E000F1EC83F0A20E676F010E686F6A6B300E0E
:1033F0008DD8F1EC83F0AD0E676F010E686F6A6BCC
:10340000310E84D8F1EC83F0AE0E676F010E686F59
:103410006A6B320E7BD8F1EC83F00101AE97BD0EE2
:103420000001676F010E686F6A6B330E78D8F1EC9C
:1034300083F0590E676F686B6A6B380E70D8F1ECC9
:1034400083F0C50E676F010E686F6A6B3C0E67D81C
:10345000F1EC83F0C10E676F010E686F6A6B400E6E
:103460005ED8F1EC83F05E0E676F686B6A6B460E98
:103470004DD8F1EC83F0C90E676F010E686F6A6B6F
:10348000470E40D8F1EC83F0CF0E676F010E686FE6
:103490006A6B490E37D8F1EC83F027EC92F065297E
:1034A0006E6F000E66216F6F6EC067F06FC068F0C0
:1034B0006A6B500E2BD8F1EC83F0706B702B0E0EF4
:1034C0007065FCD7710E676F686B6A6B880E1ED8CB
:1034D000F1EC83F071B103D00101B69102D001018A
:1034E000B681000012007325676F000E7421686FAB
:1034F0006A6B120073C065F074C066F072C067F04A
:10350000686B1200696F020E6B6F020C696F010E1F
:103510006B6F010C720E676F686B6A6B1200696FDC
:10352000040E6B6F040C0550800B0E6E05500524C5
:10353000146E04BE1480145008E0142804E1026ADA
:10354000036A046A056A048E04D0026A036A046A84
:10355000056A0950800B0E1A095009240F6E08BE27
:103560000F800F5008E00F2804E1066A076A086A16
:10357000096A088E04D0066A076A086A096A0F5049
:1035800002E0145005E1026A036A046A056A120047
:1035900008500202F3CF19F0F4CF1AF01950106E50
:1035A000116A126A136A1A50156E166A176A186A37
:1035B00007500302F3CF19F0F4CF1AF01950102678
:1035C000000E1122122213221A501526000E162266
:1035D0001722182206500402F3CF19F0F4CF1AF084
:1035E00019501026000E1122122213221A501526ED
:1035F000000E16221722182212C013F011C012F06A
:1036000010C011F0106A06500302F3CF19F0F4CF86
:103610001AF0195010261A501122000E12221322ED
:1036200007500202F3CF19F0F4CF1AF01950102608
:103630001A501122000E1222132212C013F011C0D0
:1036400012F010C011F0106A06500202F3CF19F008
:10365000F4CF1AF0195010261A501122000E12221F
:10366000132208500302F3CF19F0F4CF1AF01950C7
:1036700015261A501622000E17221822075004028F
:10368000F3CF19F0F4CF1AF0195015261A5016225C
:10369000000E1722182208500402F3CF19F0F4CFBD
:1036A0001AF019500A6E1A500B6E0C6A0D6A080E49
:1036B000D8900A360B360C360D36E82EF9D70A505C
:1036C00015260B5016220C5017220D50182213509D
:1036D0001526000E16221722182212C013F011C050
:1036E00012F010C011F0106A0F5014C00AF00B6AEB
:1036F0000A26000E0B22820E0A24196EFF0E0B20E2
:103700001A6E0FD0D890153616361736183613BEE7
:103710001580D89010361136123613361906D8A0F7
:103720001A0617AEEFD70F6A13AE13D010500A6EF9
:1037300011500B6E12500C6E7F0E13140D6E0A504A
:103740000B100C100D1003E0010E0F6E02D015B01F
:10375000FBD70F500EE0152A000E16221722182252
:1037600018A007D018341832173216321532194AF9
:103770001A2A1ABE0AD01A5002E1192806E3156A5D
:10378000166A800E176E7F0E15D01ABE04D01A501E
:1037900008E1190406E2156A166A176A186A0E6AC1
:1037A0000AD019C014F07F0E1716186A14B0178EBD
:1037B000D8901430186E0E50181215C002F016C0B2
:1037C00003F017C004F018C005F012008B0501E0EB
:1037D00028D1CCEC91F065C076F066C077F0290E68
:1037E000000123D96B6B020E6D6F45EC76F0270E4E
:1037F0001CD9020E6B6F6D6F45EC76F0230E15D958
:10380000040E1AD945EC76F0250E0FD9060E14D900
:1038100045EC76F02B0E09D9080E0ED945EC76F062
:103820002D0E03D90A0E08D945EC76F03A0EFDD8D4
:103830000C0E06D945EC76F0350EF7D80D0E00D9F2
:1038400045EC76F011EC8FF065C076F066C077F04D
:10385000290E0001EAD8100EEFD845EC76F0270EBD
:10386000E4D8120EE9D845EC76F0230EDED8140E1B
:10387000E3D845EC76F0250ED8D8160EDDD845EC09
:1038800076F02B0ED2D8180ED7D845EC76F02D0E48
:10389000CCD81A0ED1D845EC76F03A0EC6D81C0E0C
:1038A000CFD845EC76F0350EC0D81D0EC9D845EC02
:1038B00076F01DEC8FF065C076F066C077F0290ECB
:1038C0000001B3D8200EB8D845EC76F0270EADD85D
:1038D000220EB2D845EC76F0230EA7D8240EACD831
:1038E00045EC76F0250EA1D8260EA6D845EC76F04C
:1038F0002B0E9BD8280EA0D845EC76F02D0E95D82F
:103900002A0E9AD845EC76F03A0E8FD82C0E98D81D
:1039100045EC76F0350E89D82D0E92D845EC76F030
:10392000380E83D8440E88D845EC76F0A20E696F25
:10393000010E6A6F6C6B300E83D845EC76F0AD0EDD
:10394000696F010E6A6F6C6B310E7AD845EC76F0B8
:10395000AE0E696F010E6A6F6C6B320E71D845EC5A
:1039600076F0BD0E696F010E6A6F6C6B330E6CD80A
:1039700045EC76F0590E696F6A6B6C6B380E64D843
:1039800045EC76F0C50E696F010E6A6F6C6B3C0EEC
:103990005BD845EC76F0C10E696F010E6A6F6C6BF7
:1039A000400E52D845EC76F05E0E696F6A6B6C6B18
:1039B000460E46D845EC76F0C90E696F010E6A6F67
:1039C0006C6B470E39D845EC76F0CF0E696F010E5F
:1039D0006A6F6C6B490E30D845EC76F027EC92F0AC
:1039E0006529726F000E6621736F72C069F073C033
:1039F0006AF06C6B500E24D845EC76F0756B752B25
:103A00000E0E7565FCD70101010EB6A1000E000176
:103A1000746F740E696F6A6B6C6B880E11D845EC0D
:103A200076F001018B6B000012007625696F000EA5
:103A300077216A6F6C6B12006B6F020E6D6F020C58
:103A40006B6F010E6D6F010C6B6F040E6D6F040CCC
:103A50006851800B716F68516825736F67BF738100
:103A6000735105E0732901E106D9678F03D0656BB7
:103A7000666B676B686B6C51800B726F711901E03C
:103A8000718D6C516C25726F6BBF7281725108E041
:103A9000722904E1696B6A6B6B6B6C6B6B8F03D083
:103AA000696B6A6B6B6B6C6B7351725D22E271AD0B
:103AB00002D0800E711B73C074F072C073F074C0BA
:103AC00072F065C074F069C065F074C069F066C0DA
:103AD00074F06AC066F074C06AF067C074F06BC0BE
:103AE00067F074C06BF068C074F06CC068F074C0AC
:103AF0006CF0746B735172C06DF06E6B6D5F000E85
:103B00006E5B6EBF15D06E5103E11A0E6D5D10E352
:103B1000C7D8010ED8B4000E746FADD872C073F060
:103B20000AD074A102D0B7D802D0D89074339AD8F2
:103B30007251735DF6E371BD15D0735101E1A6D0EA
:103B4000695165276A5166236B5167236C5168235D
:103B500068A153D074A102D09ED802D0D8907433FB
:103B600081D84BD06951655D6A5166596B5167596F
:103B70006851800A6D6F6C51800A6D591FE2655162
:103B8000695D6D6F66516A596E6F67516B596F6FE2
:103B900068516C59706FFF0E6D25656FFF0E6E21B9
:103BA000666FFF0E6F21676FFF0E7021686F800ECA
:103BB000711B746D74510AE163D808D06951655F57
:103BC0006A51665B6B51675B6C51685B69D813E146
:103BD000745111E15BD0D890653766376737683725
:103BE00074BF658174A102D0D88001D0D890743799
:103BF000735101E0730767AFEED7726B74AF0AD0F1
:103C000074C06DF07F0E6D1703E0010E726F02D06D
:103C100065B1FBD772510BE033D868A108D0683585
:103C20006833673366336533732901E0732B732977
:103C300002E0735104E11FD8735101E1716B73A16C
:103C400002D0678F01D0679FD8907331686F71BFC2
:103C5000688F65C065F066C066F067C067F068C0D1
:103C600068F0120065B1748F683568336733663366
:103C70006533732B1200656B666B676B686B1200A4
:103C8000652B000E662367236823000C656B666B4B
:103C9000676B686B1200D89074310109746F120061
:103CA000655166116711681112009B6F00019B51ED
:103CB00046EC79F068C09CF069C09DF000019C5111
:103CC0009D11D8B412009CC065F09DC066F05BECFD
:103CD00088F00009D8B41200250E9E6F9F0E916FD8
:103CE000926B91C0D9FF92C0DAFF9BC0DFFF20EE3C
:103CF00001F09151D9269251DA2210EE3AF0F1D822
:103D0000E222E75056EC8AF0DF6E9E0EAAEC41F0FC
:103D1000C0EC55F020EE22F0BDD8DF501FE1260E9A
:103D20009E6F9F0E936F946B93C0D9FF94C0DAFF80
:103D3000C8D8B0D810EE01F09351E1269451A4D820
:103D400020EE1FF0A7D810EE03F09351E126945116
:103D5000B3D8AAEC41F0C0EC55F04CD0270E9E6FC2
:103D60009F0E976F986B97C0D9FF98C0DAFFA9D8BC
:103D700091D810EE23F0B5D881EC46F096D8D8A0B3
:103D800020EE23F087D8DECF8DF0DDCF8EF020EE51
:103D900001F0ABD88DC0DEFF8EC0DDFF20EE1FF03E
:103DA00079D810EE03F09751E1269851E222DFCF47
:103DB000E7FF20EE23F06ED810EE25F092D881ECCC
:103DC00046F073D8D8A020EE23F064D8DECF8FF071
:103DD000DDCF90F020EE04F088D88FC0DEFF90C0D9
:103DE000DDFF20EE1FF056D810EE06F09751E126C9
:103DF0009851AED7290E9E6F9F0E956F966B6AD81D
:103E000020EE2BF047D84BD83FD89E0EAAEC41F0BD
:103E1000C0EC55F02A0E9E6F5DD820EE2DF03AD8FA
:103E20003ED832D89E0EAAEC41F0C0EC55F02B0ED5
:103E30009E6F9F0E996F9A6B99C0D9FF9AC0DAFF57
:103E40009BC0DFFF20EE27F025D810EE01F03ED812
:103E50001BD820EE1FF01ED810EE03F037D8E22258
:103E6000DFCFE7FF20EE29F015D810EE04F02ED8B2
:103E70000BD820EE1FF00ED810EE06F027D81CD875
:103E8000AAEC41F0C0EF55F0E222DECFE6FFDDCF35
:103E9000E5FF12009C51D9269D51DA22120010EE46
:103EA00001F09551E126965112008C6FDE50800A88
:103EB0008C5920EE25F01200E222DFCFE7FF9E0EA4
:103EC00012009BC0DFFF20EE25F012009951E12681
:103ED0009A51120095C0D9FF96C0DAFF9BC0DFFF50
:103EE00012009C51E1269D5112009751D9269851FC
:103EF000DA221200FAEC71F007D90FD9B1EC78F0A0
:103F0000F4D854EC62F07DC0D3F17EC0D4F17FC010
:103F1000D5F180C0D6F1E2C0D6F0E3C0D7F0E4C05E
:103F2000D8F0E5C0D9F0D3C1DAF0D4C1DBF0D5C107
:103F3000DCF0D6C1DDF0E70EDE6F020EDF6FDE0EC5
:103F4000E06F020EE16F61EC68F0D6C053F3D7C0AA
:103F500054F3DAD8320EE8D8B1EC78F0C6D854EC85
:103F600062F07DC0D7F17EC0D8F17FC0D9F180C0AA
:103F7000DAF1CAD8D2D8B1EC78F0B7D854EC62F004
:103F80007DC0DBF17EC0DCF17FC0DDF180C0DEF101
:103F9000D7C1C2F0D8C1C3F0D9C1C4F0DAC1C5F0ED
:103FA000DBC1C6F0DCC1C7F0DDC1C8F0DEC1C9F0BD
:103FB000CB0ECA6F030ECB6F93EC2EF0C2C055F33D
:103FC000C3C056F3A1D8640EAFD8B1EC78F08DD849
:103FD00054EC62F07DC08AF07EC08BF07FC08CF024
:103FE00080C08DF0EFEC86F08AC057F38BC058F399
:103FF0008BD8640E99D8B1EC78F077D854EC62F095
:104000007DC0DFF17EC0E0F17FC0E1F180C0E2F170
:10401000E2C08AF0E3C08BF0E4C08CF0E5C08DF024
:10402000DFC18EF0E0C18FF0E1C190F0E2C191F00C
:10403000E9EC60F08AC059F38BC05AF365D86DD8AB
:10404000B1EC78F052D854EC62F07DC08AF07EC0BA
:104050008BF07FC08CF080C08DF012EC85F08AC0B0
:104060005BF38BC05CF350D858D8B1EC78F03DD8F6
:1040700054EC62F07DC08AF07EC08BF07FC08CF083
:1040800080C08DF091EC82F08AC05DF38BC05EF34E
:104090003BD83C0E49D8B1EC78F027D854EC62F00C
:1040A0007DC0ABF07EC0ACF07FC0ADF080C0AEF0A4
:1040B000A4EC7BF0ABC05FF3ACC060F3530E656F54
:1040C000030E666F686B070E676FE2C069F0E3C0AE
:1040D0006AF0E4C06BF0E5C06CF0160E6D6F120E66
:1040E0006E6F010E6F6FF1EF85F071C07DF072C0E1
:1040F0007EF073C07FF074C080F0E80E816F030E15
:10410000826F836B846B030CE2C071F0E3C072F0CA
:10411000E4C073F0E5C074F01200E80E756F030E92
:10412000766F776B786B030C756F766B776B786B4C
:104130001200866F0001876B070E86190FE19AEC5B
:1041400080F0FDD8F7EC87F096EC80F0F8D8F7EC2B
:1041500087F092EC80F0F3D8F7EF87F0090E86191C
:10416000D8B41200856BA5D081C0D9FF82C0DAFF18
:104170007FC0E1FF80C0E2FFDE50E61801E1B3D06E
:104180008751220F7A6F300E7B6F7FC0D9FF80C0BE
:10419000DAFFDF507C6F87511B0FF7EC87F0A3D05D
:1041A00020EE01F0D4D810EE01F07F51E1268051CD
:1041B000E222DE50E61801E196D08751770F7A6F40
:1041C000300E7B6F20EE01F0A6D8700FF7EC87F071
:1041D0008AD020EE02F0BBD810EE02F07F51E1262B
:1041E0008051E222DE50E6187EE08751470FA1D8C9
:1041F00092D8440FF7EC87F0B3D89BD88CD84B0FEC
:10420000F7EC87F0A9D895D886D84B0FF7EC87F054
:104210006AD020EE03F09BD810EE03F07F51E12628
:104220008051E222DE50E6185EE08751220F7A6F5D
:10423000370E7B6F20EE03F06ED81B0FF7EC87F084
:1042400052D020EE04F083D810EE04F07F51E12626
:104250008051E222DE50E61846E08751770F7A6FF0
:10426000370E7B6F20EE04F056D8700FF7EC87F016
:104270003AD020EE05F06BD810EE05F07F51E12624
:104280008051E222DE50E6182EE08751470F4BD8CE
:1042900042D8440FF7EC87F063D845D83CD84B0F91
:1042A000F7EC87F059D83FD836D84B0FF7EC87F0AA
:1042B0001AD08651836F846B845115E1835101E1DB
:1042C00053D7010A01E16CD7030A83E0010AA1E098
:1042D000070AB7E0010ACDE0030A05E0010A03E09E
:1042E0000F0AD8A4010A0B0E00018727852B030EA5
:1042F0008565DFD7060E8661060C86517F25D96E4F
:10430000000E8021DA6E86518125E16E000E822139
:10431000E26EB7EF50F07F51D9268051DA22DF509C
:104320007C6F875112007A6F370E7B6F20EE05F09D
:10433000370C7A6F300E7B6F20EE02F0300C7B6F03
:104340007FC0D9FF80C0DAFFDF507C6F180C81512D
:10435000D9268251DA221200000187514E0F120035
:10436000000187514B0F12007651800B7F6F765101
:104370007625816F75BF8181815105E0812901E139
:1043800003D9758F01D000D97A51800B7F1B7A51E8
:104390007A25806F79BF8081805105E0802901E115
:1043A000EED8798F01D0EBD8805102E0815105E140
:1043B000736B746B756B766B120079517303B2D8A3
:1043C000826F836B846B856B8B51866F876B886B79
:1043D000896B78517403A6D8B3D877517503A2D8E6
:1043E000AFD8A6D8775174039DD8B6D87851730347
:1043F00099D8B2D89DD87751730394D8ADD8795154
:10440000740390D8B5D8785175038CD8B1D8795148
:10441000750388D87B6F8B517C6F7D6B7E6B080E2C
:10442000D8907B377C377D377E37E82EF9D77B51A4
:1044300086277C5187237D5188237E51892385518E
:10444000862791D875D8805181C07BF07C6B7B2703
:10445000000E7C23820E7B258A6FFF0E7C218B6FE2
:104460000FD0D890863787378837893785BF8681C0
:10447000D89082378337843785378A07D8A08B074F
:1044800088AFEFD7806B85AF13D082517B6F83519C
:104490007C6F84517D6F7F0E85157E6F7B517C1103
:1044A0007D117E1103E0010E806F02D086B1FBD733
:1044B00080510BE0862B57D889A107D089358933E5
:1044C0008833873386338A4B8B2B8BBF0AD08B5133
:1044D00002E18A2906E3866B876B800E886F7F0E68
:1044E00015D08BBF04D08B5108E18A0506E2866B9C
:1044F000876B886B896B7F6B0AD08AC081F07F0ED7
:104500008817896B81B1888FD8908131896F7F51ED
:10451000891386C073F087C074F088C075F089C0B5
:1045200076F01200F3CF8AF0F4CF8BF08A511200AC
:1045300084C085F083C084F082C083F0826B120057
:104540008227000E8323842385238B518627000E28
:10455000872388238923000C82278B518323000E15
:1045600084238523000C000E872388238923000CD5
:1045700086278B518723000E88238923000C776BB5
:10458000786B796B7A6B1200736B746B756B766BEF
:10459000120023C290F024C291F025C292F026C2EC
:1045A00093F07DC090F07EC091F07FC092F080C00B
:1045B00093F090C081F091C082F092C083F093C0DC
:1045C00084F083358435816F826B836B846B823793
:1045D00081518D6F8E6B8EBF0ED08E5103E1960E82
:1045E0008D5D09E37DC07DF07EC07EF07FC07FF0F1
:1045F00080C080F01200010E93AF000E8F6F8F51BC
:1046000012E07DC065F07EC066F07FC067F080C0BC
:1046100068F023EC8CF065C07DF066C07EF067C06A
:104620007FF068C080F08EBF05D08E5108E17E0E0D
:104630008D5D05E27D6B7E6B7F6B806B1200696B1D
:104640006A6B6B6B4B0E6C6F7DC065F07EC066F065
:104650007FC067F080C068F028EC1DF09AD8696BC5
:104660006A6B6B6BCB0E6C6F8BD828EC1DF065C042
:1046700085F066C086F067C087F068C088F085C0A6
:1046800075F086C076F087C077F088C078F07DC07E
:1046900079F07EC07AF07FC07BF080C07CF0D7ECF0
:1046A00080F075C098F076C099F077C09AF078C025
:1046B0009BF0896B8A6B8B6B8C6B656B666B676B26
:1046C0003F0E54D8C7EC5BF003E26CD8BF0E0AD0A3
:1046D000656B666B676BBF0E49D8C7EC5BF003E395
:1046E00061D83F0E8C6F7DC069F07EC06AF07FC0DC
:1046F0006BF080C06CF098C065F099C066F09AC00D
:1047000067F09BC068F028EC1DF043D839D889C009
:1047100069F08AC06AF08BC06BF08CC06CF028EC3A
:104720001DF065C098F066C099F067C09AF068C047
:104730009BF08F5112E098C065F099C066F09AC066
:1047400067F09BC068F023EC8CF065C098F066C001
:1047500099F067C09AF068C09BF098C07DF099C04E
:104760007EF09AC07FF09BC080F01200686F98C006
:1047700069F099C06AF09AC06BF09BC06CF01200AF
:1047800094C065F095C066F096C067F097C068F079
:10479000120065C094F066C095F067C096F068C0DE
:1047A00097F01200896B8A6B800E8B6F800CE1ECA6
:1047B00092F02AEC68F000018E6B8F6B906B916B1E
:1047C0008D6BB10ED5D87E6BEDEC8EF02AEC68F0D7
:1047D000680E00018C6FE40EE82EFED78C2FFCD7FC
:1047E0000000B10E0001C4D87E6FEDEC8EF02AEC13
:1047F00068F0680E00018C6FE40EE82EFED78C2F57
:10480000FCD7000000018D2B020E8D65DAD78E815A
:104810008E0E896FFFEC74F000018E838E0E896F0F
:10482000FFEC74F000018E858E0E896FFFEC74F042
:1048300000018E878E0E896FFFEC74F000018E8967
:104840008E0E896FFFEC74F000018E8B8E0E896FD7
:10485000FFEC74F000018E8D8E0E896FFFEC74F00A
:1048600000018E8F8E0E896FFFEC74F000018F8B2C
:104870008E0E896FFFEC74F000018F898E0E896FA8
:10488000FFEC74F000018F878E0E896FFFEC74F0DF
:1048900000018F858E0E896FFFEC74F000018F830D
:1048A0008E0E896FFFEC74F000018F818E0E896F80
:1048B000FFEC74F000018F8F8E0E896FFFEC74F0A7
:1048C000000190818E0E896FFFEC74F000018F8DD6
:1048D0008E0E896FFFEC74F0000190838E0E896F4D
:1048E000FFEC74F0000190878E0E896FFFEC74F07E
:1048F000000190858E0E896FFFEC74F000019089A5
:104900008E0E896FFFEC74F0000191898E0E896F15
:10491000FFEC74F0000191838E0E896FFFEC74F050
:104920000001908B8E0E896FFFEC74F00001908F68
:104930008E0E896FFFEC74F00001908D8E0E896FE2
:10494000FFEC74F0000191818E0E896FFFEC74F022
:104950000001918B8E0E896FFFEC74F00001918540
:104960008E0E896FFFEC74F0E1EC92F02AEF68F0A4
:104970007A6F230E7B6F010E7C6F8DC07DF0010C72
:10498000A26BA36BA46BA56B9E0EA26FEF0EA36F21
:10499000E10EA46F410EA56FA3D846EC3AF0CED835
:1049A0005C0E776FFE0E786FE80E796F3A0E7A6FB5
:1049B000B4EC21F073C09EF07CD828EC1DF0ACD88C
:1049C0008FD846EC3AF0BAD88BD846EC3AF0ADD84E
:1049D000B4EC21F09CD88ED8ED0E776F450E786F31
:1049E000DE0E796FB20E7A6FB4EC21F073C09EF0D8
:1049F00060D828EC1DF090D873D846EC3AF09ED8D9
:104A00006FD846EC3AF091D8B4EC21F080D872D847
:104A100067D846EC3AF089D8B4EC21F078D86AD857
:104A20003A0E776F6D0E786FA00E796F2B0E7A6F3E
:104A3000B4EC21F073C09EF03CD828EC1DF06CD88B
:104A4000A2C073F0A3C074F0A4C075F0A5C076F046
:104A5000776B786B200E796F410E7A6FB4EC21F092
:104A600073C0A2F074C0A3F075C0A4F076C0A5F026
:104A7000A2C07DF0A3C07EF0A4C07FF0A5C080F0EE
:104A8000C9EC22F07DC0A2F07EC0A3F07FC0A4F0EC
:104A900080C0A5F0A2C065F0A3C066F0A4C067F016
:104AA000A5C068F0A4EC56F065C09CF066C09DF00F
:104AB000120074C09FF075C0A0F076C0A1F0A2C033
:104AC00065F0A3C066F0A4C067F0A5C068F09EC002
:104AD00069F09FC06AF0A0C06BF0A1C06CF012003A
:104AE0009CC065F09DC066F0000E66BFFF0E676F4C
:104AF000686F010C75C0A0F076C0A1F09EC073F085
:104B00009FC074F0A0C075F0A1C076F0120073C011
:104B10009EF074C09FF0120065C0A2F066C0A3F0C2
:104B200067C0A4F068C0A5F0120065C077F066C049
:104B300078F067C079F068C07AF0120065C073F051
:104B400066C074F067C075F068C076F01200686FD8
:104B50007BD0780E656F250E666F010E676F1200B1
:104B6000540E656FBC0E666F000E676F1200F40E78
:104B7000656F140E666F010E676F1200060E656F8B
:104B8000110E666F010E676F12003A0E656FDE0E32
:104B9000666F000E676F1200E60E656FB50E666FEA
:104BA000000E676F1200180E656FF80E666F000E2C
:104BB000676F12008A0E656F0D0E666F010E676FCC
:104BC0001200020E656FF70E666F000E676F12001F
:104BD000280E656FF90E666F000E676F1200E40E07
:104BE000656FF80E666F000E676F1200BC0E656F82
:104BF000F60E666F000E676F1200A00E656FF80E5E
:104C0000666F000E676F1200AE0E656FE50E666F81
:104C1000000E676F1200040E656FE90E666F000EDE
:104C2000676F12005C0E656FF80E666F000E676F9F
:104C300012001E0E656FE10E666F000E676F1200A8
:104C4000656B666B676B12000001685189E0020AB0
:104C5000E9E0010A8CE0070A91E0010A8FE0030A0B
:104C6000C5E0010A8BE00F0AB3E0020A80E0010A06
:104C700001E17DD71B0AD6E0010A87E0090AD2E0EC
:104C8000010A8AE0030A8FE03A0ACCE0010A01E156
:104C90006ED7030A01E16BD7010A8CE0070A91E0A5
:104CA000010A9DE0030AA9E0010AAEE00E0AB3E0A2
:104CB000030AB1E0010AA8E01B0ABBE0710AB2E0F6
:104CC000030AB0E0010AAEE0070AACE0010AAAE07C
:104CD000030AA8E0010AA6E00E0AA4E0030AA2E083
:104CE000010AA0E02B0A01E134D7110A01E169D7DA
:104CF000F10A98E0030A96E0070A94E0140A01E139
:104D000059D7010A01E125D7030A01E122D798D733
:104D1000C7D8DA22DECF77F0DDCF78F0C1D8ACEC9F
:104D200033F07EEC42F0E75000017A6FB9D8BED87C
:104D30007EEC42F0E750796F3CC07BF03DC07CF0E8
:104D4000770E746FF7EC82F0000901E093D0770ED4
:104D50006C6F726B736B6C51A5EC2AF07EEC42F0B9
:104D6000E750030F706F000ED3EC91F000016C510F
:104D7000D96EDA6ADECF68F0DDCF69F070C06AF014
:104D800010EC83F0010E716F3FD0720E656F6C51A5
:104D9000D96EDA6ADECF6DF0DDCF6EF071516D2520
:104DA000D96E000E6E21DA6EDF50666F6651676F46
:104DB000686B67C068F0676B6551D96EDA6A6751D6
:104DC000DE1A6851DD1A080E6B6F74D868AF14D004
:104DD00001D012D06FD8D89067376837210E671985
:104DE000696F100E68196A6F6551D96EDA6A69C009
:104DF000DEFF6AC0DDFF02D0655164D86B076B51DE
:104E0000E4E101D0E2D7712B7051715DBEE301D0B6
:104E1000BCD76C5169EC2AF033D873C0DFFF6C51FA
:104E200069EC2AF0DF2A6C5169EC2AF029D872C0AB
:104E3000DFFF6C5169EC2AF0DF2A6C5169EC2AF033
:104E40001FD80D0EDF6E6C5169EC2AF0DF2A77C097
:104E500066F078C067F079C068F001D80BD0050023
:104E6000FA6E02014D51FD6E4E51FE6E4F51FF6EB6
:104E7000FA50120015D81AD87EEC42F0E76A1200F8
:104E8000DF506D6F6C51D96EDA6ADECF6EF0DDCF18
:104E90006FF06D516E25D96E000E6F21DA6E120023
:104EA00020EE02F03A50D9263B501200DA2210EEE2
:104EB00064F012006551D96EDA6ADECF67F0DDCF9B
:104EC00068F01200D96EDA6AD890DE36DD3612004C
:104ED000CCEC91F065C079F066C07AF0ADD88ED890
:104EE000C80EDE6EDD6A20EE27F088D86E0EB4D8CC
:104EF00085D8B40EDE6EB9D881D8B40EA8D87ED8C5
:104F0000010EDE6E80D87AD882D878D8010EDF6E96
:104F100097D8F0EC5FF011EC8FF065C079F066C0C7
:104F20007AF08AD86BD82C0EDE6E010E9AD866D82D
:104F3000640E92D863D8960EDE6E97D85FD8FA0EBC
:104F400086D85CD8DE6A5FD859D861D857D8DF6A6E
:104F500077D8F0EC5FF01DEC8FF065C079F066C09B
:104F60007AF06AD84BD88A0EDE6E020E7AD846D80E
:104F7000300EDE6E020EDD6E20EE23F03FD87ED8BE
:104F800020EE25F03BD87AD820EE2BF037D8010E52
:104F9000DE6E39D833D83BD831D8020EDF6E50D808
:104FA000F0EC5FF020EE38F029D8DE6ADD6A01010E
:104FB000A26B040EAD6F060EAE6F5BD80DEC7BF0EE
:104FC0002DD85E6AC96BCA6B27EC92F065C068F099
:104FD00066C069F06B6B6A6B6D6B340E6C6F04ECC2
:104FE00087F0786B782B0E0E7865FCD70101B681BF
:104FF000010E8B6FE6EC1BF0000012007951D926F0
:105000007A51DA221200DD6A20EE2DF01200580EDD
:10501000DE6E020EDD6E20EE3AF0020C020EC76F5D
:10502000C86B080EC16F640EC26FFD0EC36FC469FA
:10503000D06B140ECF6F140C000120EE29F012007B
:1050400079C065F07AC066F0686B676B1200DE6E3F
:10505000DD6A20EE2BF01200DE6EDD6A20EE23F01A
:105060001200DD6E20EE27F01200DD6A20EE25F042
:105070001200596A5A6A5B6A5C6AF80C440EDE6E6A
:10508000020EDD6E020C0001786F78511FE0816B1B
:10509000826B000E716F030E726FD8908135D96EDE
:1050A0008235DA6ED890D936DA367151D9267251F6
:1050B000DA22B9D8814B822B82BFEBD7825103E130
:1050C0000B0E815DE6E30101946B000C010194512C
:1050D000040D000EF324D96E030EF420DA6EA3D86B
:1050E0006DC079F06EC07AF06FC07BF070C07CF05C
:1050F0006DC07DF06EC07EF06FC07FF070C080F03C
:10510000942B090E946501D0946B0001876B886B1A
:1051100079D8DE50795DDE507A59DE507B597C516A
:10512000800A776FDE50800A775909E26BD8DECFAC
:1051300079F0DECF7AF0DECF7BF0DECF7CF062D884
:105140007D51DE5C7E51DE587F51DE58DE50800A94
:10515000776F8051800A775909E254D8DECF7DF00D
:10516000DECF7EF0DECF7FF0DECF80F0874B882B66
:1051700088BFCED7885103E10A0E875DC9E37D5110
:10518000795D656F7E517A59666F7F517B59676F84
:1051900080517C59686F21EC79F065C083F066C05E
:1051A00084F067C085F068C086F086BF09D086515C
:1051B000851105E1C00E835D5D0E845901E3000C8D
:1051C00086BF09D08651851105E1E00E835D2E0E64
:1051D000845901E3010C86BF09D08651851105E190
:1051E000700E835D170E845901E3020C86BF040C18
:1051F0008651851105E1B80E835D0B0E845901E3DC
:10520000030C040C000E716F030E726FD89087357B
:10521000D96E8835DA6ED890D936DA367151D926FA
:105220007251DA2212006DC0DEFF6EC0DEFF6FC069
:10523000DEFF70C0DEFF1200C0D846EC79F068C017
:10524000A4F069C0A5F00001A451A51104E1B5D8EE
:10525000886F020E4FD0040E9825A0D872EC4FF044
:105260007FC0A0F080C0A1F0982998D872EC4FF0D0
:105270007FC0A2F080C0A3F0A2C06DF0A3C06EF00A
:10528000A0C06FF0A1C070F0A4C071F0A5C072F012
:10529000746B95EC30F028E201D026D08CEC30F025
:1052A0006C6B5ED808E301D006D069D804E301D066
:1052B00002D0010E6C6F6C51000916E001D014D0C1
:1052C00083EC30F06C6B4CD808E301D006D057D893
:1052D00004E301D002D0010E6C6F6C51000904E0B0
:1052E00001D002D0010E746F7451000905E165D838
:1052F000886F030E896F31D020EE3AF064D8020E29
:10530000DE18010ED8A4000E9F6F9F5105E1A2C0C8
:105310009BF0A3C09CF004D0A0C09BF0A1C09CF067
:1053200020EE23F050D89BC0DEFF9CC0DDFF9F51D4
:1053300005E1A0C09DF0A1C09EF004D0A2C09DF0E8
:10534000A3C09EF020EE25F03ED89DC0DEFF9EC09B
:10535000DDFFD3EC8BF031D83BD8470E77EF82F0EE
:1053600020EE13F06751D9266851DA22DE50655DD0
:105370006651800A6B6FDE50800A6B59120020EE76
:1053800015F06751D9266851DA226551DE5CDE508E
:10539000800A6B6F6651800A6B5912007F6F000E96
:1053A0009921806F20EE1FF0A451D926A551DA2251
:1053B000DECF81F0DDCF82F0120098C0D9FF99C016
:1053C000DAFFDF501200A451D926A551DA221200CB
:1053D0000001886F896B120070517BD8030EDF6E5D
:1053E0007051D96EDA6ADECF71F0DDCF72F071C024
:1053F000D9FF72C0DAFF1B0EDF6E56D8500EDF6E7B
:10540000705167D8DF2A50D8DF6A705162D8DF2A1E
:105410004BD8DF6870515DD810EC35F070C06BF080
:10542000A5D8686B9BD803E008D001D006D0682BC4
:10543000050E6865F7D701D0F5D76F6B67D86F2B6E
:10544000050E6F65FBD701D0F9D76B5142D846D80E
:1054500040D848D857D83DD8DF2A6B513AD842D8DF
:1054600079D837D8DF2A20D8010EDF6E705131D8B5
:10547000DF2A1AD8640EDF6E70512BD8DF2A7051E4
:105480000BEC35F07EEC42F0E76A70515ED87EECB2
:1054900042F070511ED8DF50FD0FE76E705119D8E1
:1054A000640EDF60010C000C7051D96EDA6A020ED6
:1054B000D926DF50716F7051D96EDA6ADECF72F083
:1054C000DDCF73F071517225D96E000E7321DA6E43
:1054D0001200D96EDA6A020ED926020C060EDF26F9
:1054E0006B511200DF506C6F6B51D96EDA6ADECFF0
:1054F0006DF0DDCF6EF06C516D25D96E000E6E2112
:10550000DA6E1200CA0EDF6E6B5112006F51692500
:10551000D96E000E6A21DA6E6B51E16EE26AE6CF57
:105520006CF0E5CF6DF06B51E16EE26A020EE126A0
:10553000E7506C27000E6D236F516C25E16E000E55
:105540006D21E26EDFCFE7FF1200D96EDA6A10EE4E
:1055500002F01200FE0EDF6E6B51120068516525DD
:10556000D96E000E6621DA6EDE28120069C065F081
:105570006AC066F0120061D0B3D84FEF92F0B0D895
:1055800019EF71F0ADD86DEF85F0AAD8F5EF8DF079
:10559000BCD8DE6FB5D8DF6F16EF65F0B6D8986F60
:1055A000AFD8996F34EF8FF0B0D8986FA9D8996FB2
:1055B000B7EF47F0AAD8986FA3D8996F1CEF29F0DE
:1055C000A4D8986F9DD8996FA0EF61F09ED8986F7E
:1055D00097D8996F1CEF5AF098D8986F91D8996F17
:1055E000F7EF2FF07DD85DEF8EF0010182D8DECF8E
:1055F00098F0DDCF99F0D8EF8FF001017AD8DECFA7
:1056000098F0DDCF99F0D9EF91F07FD8656F78D819
:10561000666F3BEF7FF079D8656F72D8666FF7EFF2
:105620008AF073D8956F6CD8966F7BEF92F0DBC1E0
:105630006CF0DCC16DF057EF87F0DBC1D9FFDCC146
:10564000DAFFDF5002E1A0EF71F0010AD8B41200D6
:10565000030A02E144EF41F0010AD8B41200070A3C
:105660008BE0140A02E16AEF8DF0080A02E17BEF99
:1056700090F0380A02E170EF5FF0100AD8E0710A8A
:1056800001E17DD7030A01E17DD7010A01E17DD760
:10569000070A01E17DD7010A81E0030A85E0010ADA
:1056A00089E00E0A8DE0030A91E0010A95E01A0AEA
:1056B000D8B41200310AD8B41200010AACE0100AC2
:1056C000D8B41200F10A8EE0030A8FE0070A95E0D1
:1056D000140AD8B41200010AA4E0030A96E01200EA
:1056E000010120EE01F0DB51D926DC51DA22DF5036
:1056F000120020EE01F0DB51D926DC51DA22120033
:10570000000E0101DC2100011200010E0101DB2568
:1057100000011200939A8A9A1A0E00017D6FF80E0A
:10572000E82EFED77D2FFCD700008A8A200E0001CC
:105730007D6F290EE82EFED77D2FFCD700D0C00E3E
:1057400000019AD8300E13EC8CF0C00E95D8370EAD
:1057500013EC8CF0C00E90D8360E13EC8CF0A3D85E
:105760003F0E786F300E13EC8CF09DD83F0E786FA3
:10577000370E13EC8CF097D8280E786F360E13EC9A
:105780008CF06DD8300E13EC8CF069D8370E13EC1A
:105790008CF065D8360E13EC8CF07AD8300E13EC02
:1057A0008CF076D8370E13EC8CF072D8360E13ECE2
:1057B0008CF068D8300E13EC8CF064D8370E13ECF4
:1057C0008CF060D8360E13EC8CF0010E7A6F300E30
:1057D00003EC8CF0010E7A6F370E03EC8CF0010EA7
:1057E0007A6F360E03EC8CF033D8300E13EC8CF05D
:1057F0002FD8370E13EC8CF02BD8360E13EC8CF020
:105800007E6B34D8300E13EC8CF030D8370E13EC9E
:105810008CF02CD8360E13EC8CF07E2B170E7E6598
:10582000F0D7180E7E6F400E39D8300E13EC8CF086
:10583000400E34D8370E13EC8CF0400E2FD8360EB5
:1058400013EC8CF07E2B9B0E7E65EDD700009B0C3D
:10585000C00E766F090E776F030E786F030CC00EC3
:10586000766F040E776FEB0E786FEB0C400E766F51
:105870007EC077F0786B400C766F060E776F020E65
:10588000786F020CC00E766F776B400E786F400C0D
:10589000C00E766F010E776F786B010C766F7EC04D
:1058A00077F078691200C00E766F050E776F050CE1
:1058B0000101D551070ED8A4090E3E249CD8F5CF7E
:1058C000DFF30A00F5CFE0F37CC165F07DC166F03F
:1058D000ADD801D80DD00500FA6E0900F550FD6E67
:1058E0000900F550FE6E0900F550FF6EFA501200E7
:1058F00065C0E1F366C0E2F30301DF510101D303A8
:10590000F3CFDAF1F4CFDBF1D403F350DB2703015B
:10591000E0510101D303F350DB2783D8DECFDCF164
:10592000DDCFDDF1DC51DA250301E36F0101DB514D
:10593000DD210301E46FE86AE8360101DBBFE80618
:105940000301E56FE86AE5BFE806E66F030E3E2453
:10595000010151D8F5CFDCF15AD8DE510301E35DE6
:105960000101DF510301E4590101E0510301E5594F
:10597000E651800A0101E26FE151800AE25902E238
:10598000030E1CD0050E3E2436D8F5CFDCF13FD8EF
:105990000301E3510101DE5D0301E4510101DF591F
:1059A0000301E5510101E059E151800AE26F030171
:1059B000E651800A0101E2590FE2050E3E241BD890
:1059C000F5CFDCF10900F5CFDDF1DCC1E3F3DDC19A
:1059D000E4F30301E56BE66B24D8E3C3DEFFE4C325
:1059E000DDFFD6C1EAF0D7C1EBF0D8C1ECF0D9C1E8
:1059F000EDF0FCEF78F0DA6F000E3F20DB6FDAC1DC
:105A0000F6FFDBC1F7FF000EF86E09001200090077
:105A1000F5CFDDF1DC51DE6FDD51DF6FE06BE16B67
:105A20001200E1C3D9FFE2C3DAFF12003EC0F6FF65
:105A30003FC0F7FF1200780EF66E200EF76E010ED3
:105A4000F86E06EEC9F010EE12F00900F5CFEEFF89
:105A5000E550E150FAE1500EF66E040EF76E010EBD
:105A6000F86E05EEB6F010EE36F00900F5CFEEFF59
:105A7000E550E150FAE11A0EF66E040EF76E010ED3
:105A8000F86E04EE72F010EE36F00900F5CFEEFF7E
:105A9000E550E150FAE16A0EF66E090EF76E010E5E
:105AA000F86E03EEB0F010EE2FF00900F5CFEEFF28
:105AB000E550E150FAE1AC0EF66EE90EF76E000E1D
:105AC000F86E02EEA7F010EE52F00900F5CFEEFFEF
:105AD000E550E150FAE1EE0EF66E240EF76E010E7F
:105AE000F86E01EEE9F010EE08F00900F5CFEEFFD8
:105AF000E550E150FAE10DEE00F0D60EEE6AE80650
:105B0000FDE10CEE00F0FA0EEE6AE806FDE10BEEA8
:105B100000F0FA0EEE6AE806FDE10AEE00F05A0E19
:105B2000EE6AE806FDE109EE00F0DA0EEE6AE8063C
:105B3000FDE108EE00F0FA0EEE6AE806FDE107EE80
:105B400000F0E40EEE6AE806FDE106EE00F0C90E94
:105B5000EE6AE806FDE105EE00F0B60EEE6AE80634
:105B6000FDE104EE00F0720EEE6AE806FDE103EEE0
:105B700000F0B00EEE6AE806FDE102EE00F0A70EBE
:105B8000EE6AE806FDE101EE00F0D30EEE6AE806EB
:105B9000FDE100EEF2F0090EEE6AE806FDE100EE2E
:105BA00033F02C0EEE6AE806FDE10190019200014F
:105BB000C0EF4CF0E3C1D9FFE4C1DAFFDECFE5F17D
:105BC000DDCFE6F1AB5105E1ABD832EC91F02AEC38
:105BD00068F00001666B080E656F97D8655167190C
:105BE00006E16651681901E002D0010E01D0000EF5
:105BF000000914E06E6B010E32EC91F0840E7A6FA6
:105C0000240E7B6F78D8EDEC8EF0010E0201AB6FA5
:105C10000201A86BA96B2AEC68F058D0666B040EE1
:105C2000656F73D86551671906E16651681901E01F
:105C300002D0010E01D0000E000911E06E6B010EC2
:105C400032EC91F0690E7A6F240E7B6F54D8EDEC34
:105C50008EF00201AB6B64D832EC91F0D9D7010E13
:105C6000666F656B52D86551671906E16651681910
:105C700001E002D0010E01D0000E000927E04AD851
:105C8000AB190EE0ABB103D00101B69102D0010116
:105C9000B681010EFDEC91F087EC92F0E6EC1BF082
:105CA000DFC1DBF1E0C1DCF1E1C1DDF1E2C1DEF138
:105CB00022EEC6F001D80AD00500FA6EDE50FD6E65
:105CC000DE50FE6EDE50FF6EFA5012000201AB5144
:105CD000D8B41200AA510101B319D8B4120020D8C7
:105CE00032EC91F059EC7FF00BD834EC3DF0EDEC58
:105CF0008EF02AEF68F0010E7C6F7D6F7E6B010CD9
:105D000065C07AF066C07BF01200E5C167F0E6C1BD
:105D100068F012000101010EB6A1000E020112008E
:105D200000016E6B020CC651C25DC751C359C85108
:105D3000C459C951C55908E3BB0E9C6F220E94D8B3
:105D40002F0E99D89DEC84F0CAC0D9FFCBC0DAFFE2
:105D5000DE50DE10DE1009E1340E00019C6F220ED1
:105D600083D8300E88D89DEC84F0000120EE03F03B
:105D700088D808E1870E9C6F220E76D8310E7BD82A
:105D80009DEC84F0000120EE06F07BD808E16C0E5B
:105D90009C6F220E69D8320E6ED89DEC84F0000103
:105DA00020EE09F06ED808E1170E9C6F220E5CD829
:105DB000330E61D89DEC84F0C2C06EF3C3C06FF3A4
:105DC000C4C070F3C5C071F3200E0301726F2D0EB5
:105DD000736F000E746FC6C07DF0C7C07EF0C8C080
:105DE0007FF0C9C080F0C2C081F0C3C082F0C4C0DF
:105DF00083F0C5C084F054EC62F07DC02BF27EC00D
:105E00002CF27FC02DF280C02EF2CAC066F1CBC04A
:105E100067F10101646B656B0201276B286B296BCD
:105E20002A6B2C0E0101AF250001F66F000E010157
:105E3000B0210001F76F000EBB6F070EBC6FBE6B89
:105E4000800EBD6F010120EE09F0D8EC17F0DECF17
:105E5000BFF0DECFC0F0DDCFC1F018EC7BF06E0EEE
:105E6000C26F030EC36F12009D6F1B0E9E6F230E39
:105E70009F6FA16B1200A06F790EA26F230EA36F0C
:105E80001200CA51D926CB51DA22DE50DE10DE10C4
:105E9000120020EE38F097D8DFAE16D020EE39F0A1
:105EA00092D8DFB211D077D8C55D92D8C65995D8AF
:105EB000C75998D8C8597BD891C0C1F192C0C2F1D6
:105EC00093C0C3F194C0C4F120EE39F07CD8DFA2B6
:105ED00016D020EE38F077D8DFBE11D05CD8C15D87
:105EE00077D8C2597AD8C3597DD8C45960D891C0DF
:105EF000C5F192C0C6F193C0C7F194C0C8F1595022
:105F00000101C55D2C6F5A50C6592D6F5B50C759A2
:105F10002E6F5C50C8592F6F2CC17DF02DC17EF0C3
:105F20002EC17FF02FC180F02C0E0001816F010E79
:105F300061EC40F0D4EC48F07DC02CF17EC02DF136
:105F40007FC02EF180C02FF159500101C15D286F33
:105F50005A50C259296F5B50C3592A6F5C50C459BB
:105F60002B6F28C17DF029C17EF02AC17FF02BC1A3
:105F700080F0D40E0001816FFE0E826F8369846908
:105F8000D4EC48F07DC028F17EC029F17FC02AF111
:105F900080C02BF11200D89059348D6F5A348E6F17
:105FA0005B348F6F5C34906F8D51010112000001E2
:105FB000946F911F921F931F941F912B000E922399
:105FC00093239423000C8B51D9268C51DA22120092
:105FD0000001916F8E51010112000001926F8F51EB
:105FE000010112000001936F90510101120085D848
:105FF00046EC79F068C09EF069C09FF000019E51A8
:106000009F1104E17AD8886F020E50D0982966D883
:1060100072EC4FF07FC09AF080C09BF0040E982580
:106020005DD872EC4FF07FC09CF080C09DF09AC0AC
:106030006DF09BC06EF09CC06FF09DC070F09EC074
:1060400071F09FC072F0746B70D82AE201D028D032
:1060500063D86C6BB0EC29F009E301D007D0BFEC3A
:1060600029F004E301D002D0010E6C6F6C510009DD
:1060700017E001D015D047D86C6BB0EC29F009E3DC
:1060800001D007D0BFEC29F004E301D002D0010E0B
:106090006C6F6C51000904E001D002D0010E746FE6
:1060A0007451000905E129D8886F030E896F13D058
:1060B00020EE27F043D89AC0DEFF9BC0DDFF20EE24
:1060C00029F03CD89CC0DEFF9DC0DDFFD3EC8BF0F7
:1060D00014D8E8EC29F04B0E77EF82F07F6F000EBA
:1060E0009921806F20EE1FF09E51D9269F51DA2210
:1060F000DECF81F0DDCF82F0120098C0D9FF99C0C9
:10610000DAFFDF5012006FC065F070C066F071C03A
:1061100067F072C068F012006DC065F06EC066F086
:1061200071C067F072C068F012006F516D5D6E5102
:10613000800A736F7051800A735912009E51D926DC
:106140009F51DA221200A0D8DE6ADD6A6CC065F0C9
:106150006DC066F07B0E676F53EC72F065C080F027
:1061600066C081F080C065F081C066F06CC067F0E9
:106170006DC068F07CD865C079F066C07AF079515E
:10618000705D7A51715901E21200030E746F756BE4
:106190008051745F8151755B7CD87451DE267551D6
:1061A000DD2272D8DFCF74F0DE2ADFCF75F0000E6B
:1061B000DD226FD8DECF76F0DDCF77F07451762513
:1061C000D96E75517721DA6EAA0EDF6E7E6B7F6B0A
:1061D00020D07E517B0FD96EDA6A72C0E1FF73C0A6
:1061E000E2FFE7CF74F0E62AE7CF75F0000EE52274
:1061F0006EC0E1FF6FC0E2FFE6CF76F0E5CF77F04B
:1062000074517625E16E75517721B9EC70F07E4BB3
:106210007F2B80517E5D81517F59DBE335D86C51F6
:10622000DE266D51DD2235D8DECF65F0DDCF66F09C
:106230002BD8DECF67F0DDCF68F047EC86F0746FC7
:1062400023D8DECF75F0DDCF76F023D8DECF77F020
:10625000DDCF78F075517725D96E76517821DA6ED9
:1062600074C0DFFF11D8DE2A000EDD22000C67515A
:106270006525696F685166216A6F020E6925656F31
:10628000000E6A21666F120072C0D9FF73C0DAFF78
:1062900012006EC0D9FF6FC0DAFF12000001686FF4
:1062A00066D0FE0E656F250E666F010E676F1200D9
:1062B000820E656FDA0E666F000E676F1200C40EF5
:1062C000656F1F0E666F010E676F1200480E656FD7
:1062D0001A0E666F010E676F1200D20E656FF40E14
:1062E000666F000E676F1200B60E656F060E666F62
:1062F000010E676F12005A0E656F020E666F010E77
:10630000676F1200220E656FDA0E666F000E676F00
:106310001200F40E656FF90E666F000E676F1200C3
:10632000EA0E656F1C0E666F010E676F1200040E99
:10633000656F1C0E666F010E676F1200220E656F8F
:10634000020E666F010E676F1200DA0E656FA00E07
:10635000666F000E676F1200100E656F160E666F87
:10636000010E676F1200656B666B676B12000001B0
:10637000685197E0010A9CE0030A93E0010A9FE05C
:10638000070A9DE0140A8DE0080A8BE0380A89E0CC
:10639000100AE2E0710A93E0030A91E0010A96E034
:1063A000070A9BE0010AA0E0030AA5E0010AAAE0AF
:1063B0000E0AAFE0030AADE0010AA4E01A0AC5E044
:1063C000310ABCE0010A89E0100AB8E0F10A01E1F3
:1063D00076D7030AA5E0070AA3E0140AAFE0010A92
:1063E000ADE0030AA4E0BFD7D3C1D9FFD4C1DAFF1F
:1063F000DFAE000C42C065F043C066F09EEC8AF050
:1064000000097EE0000E31EC6EF065C0DFF166C081
:10641000E0F120EE33F02FEC3DF010EE04F07EECD6
:1064200042F0E6CFE1F1E5CFE2F10101E76BE86B85
:106430003ED020EE0DF02FEC3DF071D8DF51E75D3E
:10644000DB6FE051E859DC6FE151DB03F3CFDDF1A5
:10645000F4CFDEF1DC03F350DE27E251DB03F3502F
:10646000DE27D951DD25E36FDA51DE21E46F52D802
:10647000E3C1A7F0E4C1A8F0D5EC40F0A5C0E5F178
:10648000A6C0E6F1740E99EC35F0E7C175F0E8C1ED
:1064900076F0E5C177F0E6C178F07A6B000E796F9F
:1064A000ADEC35F036EC44F00101E74BE82B29D890
:1064B000C0E3E76BE86B18D08EEC35F035D878EC9C
:1064C00035F0B5EC3DF0D89001012ED8DA6E6C0EA7
:1064D000D926020EDA2223D8D9C1D9FFDAC1DAFFD0
:1064E00094EC35F0E74BE82B0CD8E6E3D5C1EAF0A5
:1064F000D6C1EBF0D7C1ECF0D8C1EDF0FCEC78F0F0
:10650000010C4050E75DE851800AD96F4150800A84
:10651000D959120042C0A5F043C0A6F01200DECF48
:10652000D9F1DDCFDAF11200E735D96EE835120086
:10653000010E41EC7EF081EC8EF0000902E02AEFC2
:1065400068F083EC92F0000904E01FEC5DF02AEFA4
:1065500068F00001E66BE76B76D0D890E635D96E2F
:10656000E735C0EC5BF0DECFE8F0DDCFE9F000010D
:1065700020EE33F076D8DECFE4F0DDCFE5F0E4C0F6
:10658000D9FFE5C0DAFFDF5005EC70F0E8C065F038
:10659000E9C066F09EEC8AF0000943E0E8C067F0CD
:1065A000E9C068F071EC86F0000907E0E8C084F00B
:1065B000E9C085F08FEC49F043D0000120EE3CF0BB
:1065C00050D8DFA212D020EE3BF04BD8DFB60DD072
:1065D0000101B85135E1E8C0D2F0E9C0D3F0BBEC1D
:1065E0008CF044D8E3EC76F02BD0E8C067F0E9C03B
:1065F00068F00FEC8EF0000907E0E8C084F0E9C015
:1066000085F0BFEC50F01CD0000120EE3BF029D803
:10661000DFA2E1D7E8C0D4F0E9C0D5F02EEC74F0E9
:106620000FD0E8C065F0E9C066F08CEC8AF0000994
:1066300004E11CD8E3EC76F003D00101B851B6E1D7
:106640000001E64BE72B0101A9510001E65DE7518E
:10665000800AE46FF0EC75F0E45901E27ED72AEF8E
:1066600068F0E851D926E951DA221200E8C0D4F0E6
:10667000E9C0D5F0120020EE33F072D810EE09F028
:106680007EEC42F0E650E610E61044E020EE0BF01F
:1066900067D872D865D882D876D85ED87EEC42F0BA
:1066A000E7509F6FA06B20EE33F05AD810EE09F040
:1066B0007EEC42F001D80AD00500FA6EE650FD6E7D
:1066C000E650FE6EE650FF6EFA50120020EE0DF01E
:1066D00047D85FD820EE0BF043D84ED841D85ED8CB
:1066E000A06B020E9F6F20EE33F03AD810EE09F047
:1066F0007EEC42F001D80AD00500FA6EE650FD6E3D
:10670000E650FE6EE650FF6EFA50120020EE0FF0DB
:1067100027D83FD020EE0BF023D827D821D843D854
:1067200032D81AD87EEC42F0E7507D6F7E6BD3EC06
:1067300059F020EE0DF014D83BD820EE0BF010D815
:1067400014D80ED830D87E6B020E7D6FD3EC59F082
:1067500020EE0FF005D82CD0DA2210EE03F0120054
:10676000A351D926A451DA221200DECF79F0DDCF71
:106770007AF020EE1FF01200DECF9BF0DDCF9CF010
:1067800020EE1FF0120020EE36F0A351D926A451BE
:1067900012009BC0DEFF9CC0DDFF1200DECF9DF02B
:1067A000DDCF9EF01200DECF7BF0DDCF7CF012005B
:1067B00079C0DEFF7AC0DDFF1200F90E0001736FB1
:1067C000020E746FA9EC6FF073C0FAF274C0FBF2A2
:1067D00002017BD8DFA00AD0DDC165F0DEC166F022
:1067E000DFC167F0E0C168F084EC90F00101E25194
:1067F000E31108E0E2C1D9FFE3C1DAFFFAC2DEFF2C
:10680000FBC2DDFFE451E51106E0E4C1D9FFE5C1BB
:10681000DAFFF9C2DFFF60D8DE5016E1DE0414E1D2
:106820000201F95111E051D8DFB40ED04ED8DFB6D5
:106830000BD0DDC1D3F1DEC1D4F1DFC1D5F1E0C1B0
:10684000D6F199EC85F0010C47D8DE04DE1005E0A6
:1068500043D8020EDE18DE101DE10201F95103E1FA
:1068600034D8DFA4010C31D8DFB2010C35D8DE04F6
:10687000DE1005E136D8FF0E0CEC80F0010C2CD8B0
:10688000020EDE18DE10D8A4010C2BD8010E0CEC81
:1068900080F0010C21D8800EDE18DE1015E1010118
:1068A000E15112E00201F951D8B4010C0ED8DFB267
:1068B000010CDDC1D3F1DEC1D4F1DFC1D5F1E0C1FE
:1068C000D6F17FEC87F0010C000C20EE02F0FA51BB
:1068D000D926FB51DA221200FAC2D9FFFBC2DAFF35
:1068E0001200DDC1D7F1DEC1D8F1DFC1D9F1E0C1BD
:1068F000DAF11200705169EC2AF0030EDF6E70516C
:10690000D96EDA6ADECF71F0DDCF72F071C0D9FFD7
:1069100072C0DAFF1B0EDF6E69D8510EDF6E705148
:1069200069EC2AF0DF2A62D8DF6A705169EC2AF03C
:10693000DF2A5CD8DF68705169EC2AF071D870C02A
:106940006BF0B6EC2AF0686BAEEC2AF003E008D0EE
:1069500001D006D0682B050E6865F6D701D0F4D7B4
:106960006F6B86EC2AF06F2B050E6F65FAD701D09E
:10697000F8D76B5169EC2AF06EEC2AF069EC2AF03A
:1069800072EC2AF082EC2AF069EC2AF0DF2A6B51D3
:1069900069EC2AF072EC2AF0AAEC2AF069EC2AF0F1
:1069A000DF2A24D8010EDF6E705169EC2AF0DF2A4D
:1069B0001DD8EEC1DFFF705169EC2AF0DF2A70515B
:1069C0002AD87EEC42F0E76A7051A5EC2AF07EEC02
:1069D00042F0705169EC2AF0DF50FD0FE76E705104
:1069E00069EC2AF0640EDF60010C000C7051D96E66
:1069F000DA6A020ED926DF50716F7051D96EDA6AE9
:106A0000DECF72F0DDCF73F071517225D96E000EBA
:106A10007321DA6E1200D96EDA6A10EE01F01200FC
:106A2000DF2AB1C169F0B2C16AF01200F3EC77F06D
:106A3000B0C0D9F1B1C0DAF184D8740ED926020EF3
:106A4000DA22DECFF0F0DDCFF1F0D3510001F025F6
:106A50000101DB6FD4510001F1210101DC6F740EE3
:106A6000000167D87EC175F07FC176F0DBC177F099
:106A7000DCC178F0D9C179F0DAC17AF06ED836ECA1
:106A800044F00101DD6FDD510DE148D87E35D96E4E
:106A90007F352ED8B5EC3DF054D86C0E33D80001BC
:106AA00043D81AD0DE6BDF6B0DD038D851D820D840
:106AB000B5EC3DF0D8904CD8DA6E6C0E23D834D8B3
:106AC000DE4BDF2B4050DE5DDF51800A0001F06FAE
:106AD0004150800AF059E9E3D8EC89F0D5C1EAF0D9
:106AE000D6C1EBF0D7C1ECF0D8C1EDF0FCEF78F0F7
:106AF000DA6E740ED926020EDA22DECFA9F0DDCFCF
:106B0000AAF01200D926020EDA22DECFF0F0DDCF95
:106B1000F1F0F0C0D9FFF1C0DAFF120042C0A7F0D7
:106B200043C0A8F0D8901200A7C0DEFFA8C0DDFFC8
:106B30001200716F020E726F40C073F041C074F0AA
:106B40001200D89001017E35D96E7F35DA6E1200C1
:106B50000101DE35D96EDF35120080C17BF081C1C5
:106B60007CF01200256A266A276A25C002F026C03A
:106B700003F0000E2724D96EDA6A010EDA22DF5004
:106B8000046EC7EC7BF002C025F003C026F0272A74
:106B90000D0E2764EAD7255026107AE101C128F0AE
:106BA00004C101F128C004F102C128F003C102F1BF
:106BB00028C003F101C102F002C103F003C104F0D7
:106BC00004C105F022EC7AF002C001F103C002F129
:106BD00004C003F105C004F1066A076AC80E086E16
:106BE000420E096E01C102F002C103F003C104F0BC
:106BF00004C105F093EC1AF002C01BF003C01CF0B6
:106C000004C01DF005C01EF03AEC57F01BC062F145
:106C10001CC063F106C128F009C106F128C009F1C2
:106C200007C128F008C107F128C008F106C102F029
:106C300007C103F008C104F009C105F022EC7AF0A5
:106C400002C006F103C007F104C008F105C009F154
:106C5000066A076AC80E086E420E096E06C102F087
:106C600007C103F008C104F009C105F093EC1AF064
:106C700002C01BF003C01CF004C01DF005C01EF0D4
:106C80003AEC57F01BC060F11CC061F1916B04D06D
:106C9000010E0101916F00000000120068C065F054
:106CA00069C066F0CAEC8CF06E6F736B0101AEA523
:106CB0000BD0000120EE3BF06851D9266951DA2251
:106CC000DFA602D0010E736F00017351010ED8B41C
:106CD000000E6F6F68C065F069C066F05CEC8DF007
:106CE000706F6FD8DFA0000E716F6BD8DFA2000E3F
:106CF000726F746B756B44D0D8907435D96E7535DE
:106D0000C0EC5BF0DECF76F0DDCF77F076C065F0DB
:106D100077C066F08CEC8AF0000930E06F5112E029
:106D20003BD8DFA80FD06A5174190BE16B5175196C
:106D300008E120EE3CF07651D9267751DA22DF8047
:106D400001D037D868C065F069C066F08CEC8AF075
:106D5000000914E06E5103E01FD8DFB02AD870514B
:106D600003E01AD8DFB225D8715103E015D8DFB49B
:106D700020D8725103E010D8DFB61BD8744B752BA6
:106D80000101A9510001745D7551800A6C6FF0EC2E
:106D900075F06C59B1E312006A5176256C6F6B5136
:106DA00077216D6F500E6C25D96E000E6D21DA6E55
:106DB000120020EE3CF07651D9267751DA22DF829C
:106DC000120020EE38F06851D9266951DA22010C00
:106DD000270E7DD8B2C0D9FFB3C0DAFF7ED8250E0A
:106DE000B025B66F6ED864D8BD6B030EBC6F20EEB5
:106DF00022F07ED8DF5015E0BD6B040EBC6F20EE94
:106E00003AF076D8020EDE1802E1230E06D0230EE9
:106E1000B025B66F56D84CD8250E59D820EE04F0C0
:106E200047D8290E54D8BCC0B8F0BDC0B9F0D8902E
:106E3000B837B937B851B225BA6FB951B321BB6F62
:106E4000FE0EBA25D96EFF0EBB21DA6E46D8BE6B98
:106E5000BF6B20D0B0C0A5F0B1C0A6F043D8B251EE
:106E6000D926B351DA22DECFB6F0DDCFB7F0B6C007
:106E7000D9FFB7C0DAFFBBEC3CF0D5EC40F032D81C
:106E8000B451D926B551DA22A5C0DEFFA6C0DDFF78
:106E9000BE4BBF2BBC51BE5DBF51800AB66FBD510A
:106EA000800AB659D7E3BCC0B0F0BDC0B1F0120043
:106EB000B251D926B351DA22B6C0DEFFB7C0DDFF2A
:106EC0001200000EB121B76F20EE02F01200B025C3
:106ED000B66F000EB121B76F1200B6C0DEFFB7C0AB
:106EE000DDFF1200D890BE35D96EBF35DA6E1200C4
:106EF000B051D926B151DA221200E45115E1040E45
:106F0000E35D12E2D00E00019C6F210E9D6F440ED6
:106F10009E6F230E9F6FA16B2E0EA06F560EA26F59
:106F2000230EA36F9DEC84F0DDC1B3F0DEC1B4F09D
:106F3000DFC1B5F0E0C1B6F097EC5CF0000901E00C
:106F400012000301E56BE66BDDC1ADF0DEC1AEF012
:106F5000E50E0001AF6F030EB06F8DEC83F0ADC096
:106F6000DFF3AEC0E0F3E5C365F0E6C366F0652984
:106F7000656F000E6621666F65C0E1F366C0E2F3DF
:106F8000A80E656F030E666F0301E1510101DD2557
:106F90000001676F0301E2510101DE210001686F0A
:106FA000DFC369F0E0C36AF0FEEC79F034D8010188
:106FB000E1250001676F000E0101E2210001686F09
:106FC000FB0E0101E3250001696FFF0E0101E421C1
:106FD00000016A6F03EC73F006D0E3C3DBF1E4C396
:106FE000DCF1BBEC2AF0D20E0001796F1C0E7A6F37
:106FF000010E7B6F3FEC8FF065C07CF066C07DF0CA
:10700000FAEC42F079C0E3F37AC0E4F30301E35110
:10701000E411E3E11200A00E656F030E666F040C2D
:10702000726B706B7FD8D96E6A516821DA6E7251BB
:107030006525E16E000E6621E26EE7506B6FD89019
:107040006B37D8906B37D8906B35DF6E6BD86B6F22
:107050006A5168216C6F6B2959D86D6F050E6E6F80
:10706000D8906D336E2FFCD76D51DF6E722B702B65
:10707000030E7065D7D76F6B5ED86F513BD8100E7B
:107080006B25E16E000E6C21E26EDFCFE7FF722B05
:107090006F2B030E6F65F0D7716B71512BD8080EF3
:1070A0006B2534D80F0BDF6E46D8DF50696F693B14
:1070B0000F0E691769A10AD071511CD8080E6B25F3
:1070C000D96E000E6C21DA6E000EDB8E715112D873
:1070D000090E6B251BD86D6F050E6E6FD8906D3342
:1070E0006E2FFCD76D51DF6E722B712B030E716505
:1070F000D4D7030C696F6A6BD89069376A376951C6
:1071000067256B6F6A5168216C6F1200D96E000E93
:107110006C21DA6E72516525E16E000E6621E26E19
:10712000E75012007051020DF3CF69F0F4CF6AF00E
:1071300069516725120072516525D96E000E6621CE
:10714000DA6E12000101B6A1120000016E6B010E91
:1071500032EC91F06E6B020E32EC91F0000E6E6B21
:1071600032EC91F0170E7A6F240E07EC4DF0EDEC37
:107170008EF0890E656FB4C168F0B5C169F06BD847
:1071800067C066F0676B663B0F0E6617661752D8CE
:10719000D96EDA6A0800F5CFDFFF69510F0BC30F14
:1071A000F66E200ED8B0010FF76EF86A000EF822C6
:1071B0006551D96EDA6AD92A0800F5CFDFFF4BD8BE
:1071C000040ED89067336633E82EFBD70F0E661790
:1071D00031D869EC2AF00800F5CFDFFF0F0E6815F3
:1071E000666F28D833D80800F5CFDFFF0101B6B1AC
:1071F00006D0EF0E00018D6F230E8E6F04D0890E26
:1072000000018D6F8E6B8DC07AF08EC07BF07BECB1
:107210002EF0EDEC8EF02AEC68F00201A86BA96B61
:10722000030E0001656F65C0A7F20101B685100E5F
:10723000FDEF91F0676BC30E6625F66E200E672199
:10724000F76EF86A000EF82265511200D96EDA6AFC
:10725000030ED926030C68C066F069C067F01200FF
:10726000CCEC91F065C0C5F066C0C6F01DEC8FF0A7
:1072700065C0C8F066C0C9F011EC8FF065C0CAF0F7
:1072800066C0CBF00001C36B01019C5108E0C8C08F
:1072900065F0C9C066F006EC8DF0000903E0010E50
:1072A0000001C36FC46B01019B5108E0CAC065F0C7
:1072B000CBC066F006EC8DF0000903E0010E000182
:1072C000C46F010E01019C6F9B6FC8C065F0C9C0FF
:1072D00066F0DAEC86F0CAC065F0CBC066F0DAEC96
:1072E00086F0C5C065F0C6C066F006EC8DF00009FA
:1072F000010ED8A4000EC26FC8C0B6F0C9C0B7F066
:10730000BEC0B8F0BFC0B9F0C2C0BAF020EE19F0EC
:10731000C551D926C651DA22DECFBBF0DDCFBCF095
:10732000C3C0BDF08BEC78F0CAC0B6F0CBC0B7F0EC
:10733000C0C0B8F0C1C0B9F0010EBA6FC0C0BBF098
:10734000C1C0BCF0C4C0BDF08BEC78F011D8C76FE1
:10735000C8C069F0C9C06AF0C7C06BF01AEC50F041
:10736000CAC069F0CBC06AF0C7C06BF01AEF50F02A
:107370000101010EAEA1000E00011200E3C1D9FF10
:10738000E4C1DAFFDECFE5F1DDCFE6F10001666BA7
:10739000100E76D86551671906E16651681901E04B
:1073A00002D0010E01D0000E00090CE022EEC3F065
:1073B0000500FA6EDE50FD6EDE50FE6EDE50FF6E92
:1073C000FA501200666B200E5BD86551671906E112
:1073D0006651681901E002D0010E01D0000E0009CB
:1073E0000CE022EECCF00500FA6EDE50FD6EDE50B1
:1073F000FE6EDE50FF6EFA501200666B400E40D8F3
:107400006551671906E16651681901E002D0010E65
:1074100001D0000E00090CE022EED5F00500FA6E56
:10742000DE50FD6EDE50FE6EDE50FF6EFA50120032
:10743000010E666F656BE5C167F0E6C168F06551E6
:10744000671906E16651681901E002D0010E01D00A
:10745000000E0009D8B41200DFC1DBF1E0C1DCF19D
:10746000E1C1DDF1E2C1DEF122EEBDF00500FA6E10
:10747000DE50FD6EDE50FE6EDE50FF6EFA501200E2
:10748000656FE5C167F0E6C168F012006D6F00013D
:107490006D511CE068AF1AD065C069F066C06AF033
:1074A00067C06BF068C06CF0691F6A1F6B1F6C1FB0
:1074B000692B000E6A236B236C2369C06FF06AC0CE
:1074C00070F06BC071F06CC072F008D065C06FF0E6
:1074D00066C070F067C071F068C072F065516611E7
:1074E0006711681105E1656B666B676B686B12006D
:1074F000960E6E6F02D06E2B4AD8696B6A6B6B6BFF
:10750000FE0E72153ED808E0F6D76E2B6F2B000EDC
:107510007023712372233BD8696B6A6B6B6B72515A
:1075200030D807E0F2D76E07D8906F3770377137D1
:10753000723771BF03D0020E6E61F5D76EA1719FD5
:10754000D8906E336EC069F06A6B6B6B6C6B69C000
:107550006CF06B6B6A6B696B69516F136A517013D6
:107560006B5171136C5172136D5102E068BF728FD1
:107570006FC065F070C066F071C067F072C068F0EF
:1075800012006C6F69516A116B116C111200D89066
:107590007233713370336F331200C9C074F0CAC0D4
:1075A00075F0CBC076F0CCC077F065EC81F0CBC045
:1075B00065F0CCC066F016EC2DF0000EF86E01D828
:1075C0000DD00500FA6E0900F550FD6E0900F5506A
:1075D000FE6E0900F550FF6EFA50120065C0D9FF2B
:1075E00066C0DAFFDECFD3F0DDCFD4F0D351D411B3
:1075F00011E143D8F5500900F5100CE03ED8F5CF65
:107600007AF00A00F5CF7BF021EC68F044D82FD84F
:10761000EDEF8EF0D3C065F0D4C066F0686B3C0E21
:10762000676F90EC79F06551D16FD3C065F0D4C02D
:1076300066F0686B3C0E676FFEEC7EF06551D26FB2
:10764000D151640DF3CFCDF0F4CFCEF0D251CD2592
:10765000CF6F000ECE21D06FCFC0C4F0D0C0C5F028
:1076600053EC74F018D849EC74F08DEF8EF0DA22F8
:10767000DF507D6F010E7E6F010C0B0E3E24CD6F2F
:10768000000E3F20CE6FCDC0F6FFCEC0F7FF000E3C
:10769000F86E09001200CB51D926CC511200000E11
:1076A0000101866F0D0E876F20EECAF065D8D20EED
:1076B000DE6E010EDD6E20EECFF05ED8C20EDE6E05
:1076C000FB0EDE6E000EDE6E20EE64F055D8DF6A33
:1076D00020EED2F051D8DF6A20EECCF04DD8DE6A31
:1076E000DD6A20EECEF048D8DF6A20EED3F044D831
:1076F000440EDE6E130EDE6E010EDE6E86C165F088
:1077000087C166F00001676B3CD8672B630E676525
:10771000FBD701D0F9D73DD8650E010186250001C0
:10772000656FC1EC14F0666F0001676B2AD8672B98
:10773000630E6765FBD701D0F9D72BD886C1A3F2BA
:1077400087C1A4F2650E010186250201A56F000E16
:10775000010187210201A66FA30E0001A46F020E92
:10776000A56F9CEC14F008D8DECFA6F0DECFA7F012
:10777000DDCFA8F0DCEF64F08651D9268751DA22FC
:10778000120067516525D96E000E6621DA6EDF6A38
:10779000120020EE64F06551D9266651DA22DF6AC4
:1077A00012006FD8DFA01FD0BFC0A0F0C0C0A1F0F2
:1077B000C1C0A2F0C2C0A3F0C3C0A4F0C4C0A5F071
:1077C00051EC75F0000938E0BFC065F0C0C066F04C
:1077D000C1C067F0C2C068F0C3C069F0C4C06AF03D
:1077E00007EC86F029D0BFC0A0F0C0C0A1F0C1C096
:1077F000A2F0C2C0A3F0C3C0A4F0C4C0A5F03FEC87
:1078000078F0000919E0BFC0B9F0C0C0BAF042EC8E
:1078100063F0000903E00101AEB50ED0BFC065F012
:10782000C0C066F0C1C067F0C2C068F0C3C069F0F4
:10783000C4C06AF0DBEC85F024D8DFA011D0BFC053
:107840006BF0C0C06CF020EE46F023D80500FA6E55
:10785000DE50FD6EDE50FE6EDE50FF6EFA501200FE
:10786000BFC06BF0C0C06CF020EE49F012D805002C
:10787000FA6EDE50FD6EDE50FE6EDE50FF6EFA5088
:107880001200000120EE3BF0BF51D926C051DA2290
:107890001200BF51D926C051DA221200C0C0B0F088
:1078A000C1C0B1F0C60EB26FB36BCE0EB46FB56B84
:1078B000E8EC36F0B0C0D6F0B1C0D7F0C0C0A5F04B
:1078C000C1C0A6F020EE15F0C051D926C151DA2270
:1078D00052D8D5EC40F0A5C0C4F0A6C0C5F0D86B16
:1078E000D96B1BD0CE0E716F726BD6C073F0D7C040
:1078F00074F0D8C075F0D9C076F042D8DECF77F0FA
:10790000DDCF78F07A6B000E796FC4C07BF0C5C014
:107910007CF036EC44F0D84BD92B24D8E3E3D86B79
:10792000D96B1DD0C0C0A7F0C1C0A8F029D8DECF48
:10793000A9F0DDCFAAF0B5EC3DF0D851020DF3501F
:10794000C60FD96EDA6ADECFC2F0DDCFC3F0C2C097
:10795000D9FFC3C0DAFF94EC35F0D84BD92B02D84D
:10796000E1E31200D651D85DD951800AC26FD751D8
:10797000800AC2591200DECFA7F0DDCFA8F01200B6
:10798000D851020DF350CE0FD96EDA6A1200ABC196
:10799000D1F0ACC1D2F020EE33F061D8DECFCFF021
:1079A000DDCFD0F0D1C06EF0D2C06FF055EC84F0D6
:1079B000D1C06FF0D2C070F020EE3AF050D8DF5056
:1079C0000001716F29EC80F0CFC0D9FFD0C0DAFF81
:1079D000DF5005EC70F0C00E00017A6F230E07EC4B
:1079E0004DF0EDEC8EF020EE29F039D843D8CB6B7A
:1079F000010ECC6F8CEC7AF020EE22F030D8DF5004
:107A00000AE020EE23F02BD835D8010ECB6FCC6BDB
:107A10008CEC7AF008D0990E7A6F240E7B6F7BEC99
:107A20002EF0EDEC8EF020EE25F019D823D8010EC3
:107A3000CB6FCC6F8CEC7AF0C60E7A6F230E7B6F17
:107A400013D8EDEC8EF020EE27F009D813D8020EF3
:107A5000CB6F010ECC6F8CEC7AF0A1EF6DF0425041
:107A6000D9264350DA221200010E7C6F020E7D6F80
:107A70007E6B020CDECFC9F0DDCFCAF0120001012F
:107A8000AEA913D020EE2AF06BD811EC6CF0DE50CA
:107A9000E61801E102D0010E01D0000E000905E157
:107AA00062EC64F05DD8DF9012000001656B0101AB
:107AB000AEAB0CD001D00AD020EE32F051D8DFB0FE
:107AC00005D001D003D0010E0001656F00016551A2
:107AD00000092BE03CC070F03DC071F045EC90F027
:107AE000AEA91FD020EE2AF03BD8DF5007E0E7EC2C
:107AF00067F0DF9C030E45EC92F00CD0E7EC67F0EA
:107B0000DF8CE7EC67F0DF98E7EC67F0DF86040EC8
:107B100045EC92F020EE2AF023D811EC6CF0DFCF88
:107B2000E7FF20EE32F01CD8DF800101ED5106E0C6
:107B300001D004D0ED6B986B010E0CD0982B9805FA
:107B40000001656FA60E656504D001D002D0010169
:107B5000F2D7000E0009D8B41200010E45EF92F0E2
:107B60003C50D9263D50DA221200000120EE1FF0D1
:107B70006DD8DECFAFF0DDCFB0F020EE36F0A751FC
:107B8000D926A851ACEC33F07EEC42F0E750B16F4F
:107B9000B26B53D87EEC42F0E650E610E61027E0D8
:107BA000A9C09BF0AAC09CF020EE13F04FD8DECF06
:107BB0009DF0DDCF9EF0AFC09FF0B0C0A0F0B1C08F
:107BC000A1F0B2C0A2F039D87EEC42F001D80AD0C0
:107BD0000500FA6EE650FD6EE650FE6EE650FF6E52
:107BE000FA5012009BC0A7F09CC0A8F0120020EE33
:107BF00013F02CD8DECFABF0DDCFACF06C6B010E08
:107C00006B6FB151AF5D6D6FB251B0596E6F81EC5A
:107C10007EF0A9516B03F3CFADF0F4CFAEF06C035F
:107C2000F350AE27AA516B03F350AE27AB51AD25ED
:107C3000A76FAC51AE21A86F120020EE33F0A75110
:107C4000D926A851DA2210EE0FF01200A751D9263A
:107C5000A851DA2212007AC0D9FF7BC0DAFF0101F5
:107C60001451DE180EE0010E0001766F100E776FD2
:107C70007AC0D9FF7BC0DAFFDF50786F360E13EC85
:107C80008CF0000120EE01F07A51D9267B51DA22E6
:107C9000DE500101151910E0010E0001766F120E81
:107CA000776F20EE01F07A51D9267B51DA22DF502E
:107CB000786F360E13EC8CF0000120EE02F07A5152
:107CC000D9267B51DA22DE500101161910E0010E8F
:107CD0000001766F140E776F20EE02F07A51D926EC
:107CE0007B51DA22DF50786F360E13EC8CF00001F6
:107CF00020EE03F07A51D9267B51DA22DE500101C1
:107D0000171910E0010E0001766F160E776F20EE46
:107D100003F07A51D9267B51DA22DF50786F360E84
:107D200013EC8CF07AC0D9FF7BC0DAFFDECF14F100
:107D3000DECF15F1DECF16F1DECF17F11200000114
:107D40006A6F3CD0666B050E656F050C666B010EA5
:107D5000656F010C666B020E656F020C666B040E9C
:107D6000656F040C666B070E656F070C666B030E80
:107D7000656F030C685103E1040E675DE3E320EED9
:107D800003F06551D9266651DA22DF50696F050E7E
:107D90006925656F666B000E6623000C666B060E28
:107DA000656F060C67C07AF168C07BF167C065F04B
:107DB00068C066F01200656B666B120000016A51C4
:107DC000010AC0E0020AC2E0070AC0E0340AEAE0A1
:107DD000710ABCE0030ABAE0010AB8E0070ABAE097
:107DE000010AB8E0030ABAE0010ABCE00E0ABEE0EC
:107DF000030ABCE0010AB6E01A0ABCE0310AAAE0B4
:107E0000010AA8E0100AA6E0F10AA0E0030AA2E035
:107E1000070AA0E0140A9EE0010A9CE0030ABEE003
:107E2000CAD78BC099F08CC09AF067D899C071F00E
:107E30009AC072F09BC073F09CC074F08FC075F054
:107E400090C076F0776B786BB1EC78F071C099F0F8
:107E500072C09AF073C09BF074C09CF08F51916F08
:107E60009051926F936B946B91510008956F000E37
:107E70009255966F010E9355976F000E9455986F1B
:107E800095C071F096C072F097C073F098C074F00E
:107E90008DC075F08EC076F05BEC40F0B1EC78F000
:107EA00071C095F072C096F073C097F074C098F0EE
:107EB0009551992796519A2397519B2398519C232A
:107EC000000E99257D6F800E9A217E6F000E9B21FA
:107ED0007F6F000E9C21806F816B826B010E836F20
:107EE000846BD4EC48F07DC099F07EC09AF005D840
:107EF00099C08BF09AC08CF01200000E9ABFFF0E52
:107F00009B6F9C6F1200FCC2DDF1FDC2DEF1FEC270
:107F1000DFF1FFC2E0F10101E16BE20EE26F030E5F
:107F2000E36FE10EE46F030EE56FDDEC33F0000963
:107F300001E0120003014CD8DFB21200E15111E060
:107F4000E2C3D3F1E3C3D4F1FCC2D5F1FDC2D6F153
:107F5000FEC2D7F1FFC2D8F1B0EC73F0000901E026
:107F600012000301E15111E0E2C3D3F1E3C3D4F104
:107F7000FCC2D5F1FDC2D6F1FEC2D7F1FFC2D8F1E5
:107F8000F4EC31F0000901E012000301E15103E1DA
:107F90001FD8DFA4120023D8DFB403D020D8DFA677
:107FA00012001DD8DFB403D0DF69E06903D0E06BB5
:107FB000010EDF6FDFC3D3F1E0C3D4F1FCC2D5F112
:107FC000FDC2D6F1FEC2D7F1FFC2D8F116EF35F0EF
:107FD00020EE02F0E251D926E351DA221200E2C388
:107FE000D9FFE3C3DAFF120059508B5D8F6F5A50EF
:107FF0008C59906F5B508D59916F5C508E59926F78
:1080000048D80A0ED0EC40F0D4EC48F04BD88FC0E2
:1080100071F090C072F091C073F092C074F0EBC137
:1080200075F0ECC176F047D8B1EC78F071C08FF004
:1080300072C090F073C091F074C092F092BF0CD0F7
:1080400028D82CC181F02DC182F02EC183F02FC120
:1080500084F0D4EC48F00BD01CD828C181F029C1A1
:1080600082F02AC183F02BC184F0D4EC48F01AD8F6
:1080700010D8E80E816F030E24D8D4EC48F012D843
:108080008F51BC088B6F9051D8A0E82A02088C6FE2
:1080900012008FC07DF090C07EF091C07FF092C042
:1080A00080F012007DC08FF07EC090F07FC091F014
:1080B00080C092F01200000E76BFFF0E776F786FCF
:1080C0001200826F836B846B12008D296D6F000E1E
:1080D0008E216E6F6C6B200E6B6F81EC7EF06BC02F
:1080E0008FF06CC090F0000E90BFFF0E916F926FFA
:1080F0008BC071F08CC072F044D80A0E94EC20F062
:10810000B1EC78F08F51715D976F90517259986F03
:1081100091517359996F925174599A6F97C071F038
:1081200098C072F099C073F09AC074F0050E94EC88
:1081300020F0B1EC78F02BD8090E32D8D4EC48F00E
:108140007DC093F07EC094F07FC095F080C096F023
:10815000050E93257D6F000E94217E6F000E9521F4
:108160007F6F000E9621806F0A0E1AD8D4EC48F06B
:108170007DC08BF07EC08CF07FC08DF080C08EF013
:108180001200000E72BFFF0E736F746F120071C089
:108190007DF072C07EF073C07FF074C080F012007A
:1081A000816F826B836B846B1200000120EE1FF0E5
:1081B00066D8DECFACF0DDCFADF020EE36F0A551C5
:1081C000D926A651ACEC33F07EEC42F0E750AE6F0E
:1081D000AF6B4CD87EEC42F0E650E610E61027E09C
:1081E000A7C097F0A8C098F020EE13F048D8DECFD3
:1081F00099F0DDCF9AF0ACC09BF0ADC09CF0AEC062
:108200009DF0AFC09EF032D87EEC42F001D80AD08B
:108210000500FA6EE650FD6EE650FE6EE650FF6E0B
:10822000FA50120097C0A5F098C0A6F0120020EEF8
:1082300013F025D8DECFA9F0DDCFAAF0A951A75DB4
:10824000716FAA51A859726FAE51AC5D6D6FAF518D
:10825000AD5902EC52F081EC7EF0FDEC51F090EC67
:1082600062F071C0A5F072C0A6F0120020EE33F0EB
:10827000A551D926A651DA2210EE0CF01200A55114
:10828000D926A651DA221200030E00019D6F0101CA
:10829000B6B305D0A2C199F000019A6B04D00001D9
:1082A0009A6B010E996F995168EC8AF09E6F9D0E42
:1082B00051D8C0EC55F0040E9D6F19EC58F06CC00D
:1082C0009EF06DC09FF09D0E45D8C0EC55F0050E98
:1082D0009D6F63EC58F06CC09EF06DC09FF09D0EDA
:1082E00039D8C0EC55F09B6B9B5161EC70F09B2B27
:1082F000020E9B65F9D7070E9D6FCFEC68F06CC03E
:108300009EF06DC09FF09D0E25D8C0EC55F09C6B83
:108310009C51CDEC71F09C2B020E9C65F9D70A0E96
:108320009D6FB8EC63F000019E6F9D0E13D8C0ECFA
:1083300055F00B0E9D6FAFC1D9FFB0C1DAFFDF5012
:108340009E6F9D0E07D8C0EC55F0886B896B020EAE
:1083500077EF82F07E6F37C07FF038C080F039C091
:1083600081F012000001C66FC0C065F0C1C066F0A8
:10837000C2C067F0C3C068F084EC90F0C6C0A2F140
:10838000A3C1C7F0A4C1C8F00001C751C8111BE0C8
:108390003CD84FD818E0C0C077F0C1C078F0C2C058
:1083A00079F0C3C07AF031D801D80DD00500FA6E4B
:1083B0000900F550FD6E0900F550FE6E0900F550FC
:1083C000FF6EFA5012000001C651EFEC5EF065C07E
:1083D000C9F066C0CAF0C9C0A3F1CAC0A4F1C9C03F
:1083E000A5F1CAC0A6F11ED824D8D8B412001AD854
:1083F0000500FA6E0900F550FD6E0900F550FE6E9D
:108400000900F550FF6EFA501200030EC725C46F25
:10841000000EC821C56FC4C0F6FFC5C0F7FF000E2F
:10842000F86E1200C9C0F6FFCAC0F7FF000EF86E62
:1084300012000900F5500900F5100900F5101200AE
:1084400066519FEC52F05AD8E750676F67056D6F21
:10845000070E6D6501D0010C6D51050DF3CF67F06E
:10846000F4CF68F066519AEC52F0DECF69F0DDCFC0
:108470006AF0675169256B6F68516A216C6F020E53
:108480006B256E6F000E6C216F6F6EC0D9FF6FC0D1
:10849000DAFF6DC0DFFF6651A4EC52F02FD820EE5A
:1084A00001F031D810EE07F029D820EE02F02BD8D9
:1084B00010EE08F023D820EE03F025D810EE09F0D6
:1084C0001DD820EE04F01FD8040ED92610EE2AF095
:1084D00015D8E72A20EE02F06E51D9266F51DA2224
:1084E000DFA0000C66519AEC52F010EE2BF006D88B
:1084F000010EE76E020E45EC92F0000CDE50E12614
:10850000DD50E22212006E51D9266F51DA22E7CFF8
:10851000DFFF6651D96EDA6A12001CEC8EF00001A2
:10852000796FB3EC92F000017A6F83EC92F0000166
:108530007B6F7C6B0101AEA306D019EC78F00009CB
:1085400002E0010E7C6F31EC77F03BEC69F07D6B63
:108550007E6B44D0D8907D35D96E7E35C0EC5BF013
:10856000DECF7FF0DDCF80F07FC065F080C066F0A9
:1085700061EC7EF07FC065F080C066F07AC067F085
:1085800079C068F007EC63F07B5106E07FC068F0CB
:1085900080C069F06DEC84F07C5106E07FC068F02B
:1085A00080C069F085EC84F07FC068F080C069F01D
:1085B0007DC06AF07EC06BF04EEC36F07FC068F094
:1085C00080C069F0470E7D25D96E020E7E21DA6EDD
:1085D000DF506A6FB6EC7CF07D4B7E2B0101A95118
:1085E00000017D5D7E51800A786FF0EC75F078595E
:1085F000B1E31200716B010E706F830E726F01D8C0
:108600000AD00500FA6E7951FD6E7A51FE6E7B51EB
:10861000FF6EFA501200000903E0796B7A6B1200CA
:1086200083C0D9FF84C0DAFFDF500301956F9551F5
:108630004EEC31F065C080F066C081F067C082F01A
:10864000805181118211E9E083C065F084C066F039
:10865000FF0E7C25676FFF0E7D21686F030195512A
:108660009FEC3EF065C07EF066C07FF07EC070F08B
:108670007FC071F0830E726F01D80AD00500FA6EC8
:108680007951FD6E7A51FE6E7B51FF6EFA501200E9
:108690000009C3E183C070F084C071F0960E726F60
:1086A000030E736F01D80AD00500FA6E8051FD6E7B
:1086B0008151FE6E8251FF6EFA501200950E00013C
:1086C000796F030E7A6F120063D86AEC88F0DE10BF
:1086D00001E1010C5DD8DA22DECF90F0DECF91F01F
:1086E000DECF92F0DECF93F020C194F021C195F05F
:1086F00022C196F023C197F0D890973396339533E3
:1087000094339051945D986F91519559996F92510E
:1087100096599A6F935197599B6F8C5198257D6FFD
:108720008D5199217E6F8E519A217F6F8F519B21A0
:1087300025D854EC62F07DC09CF07EC09DF07FC0D7
:108740009EF080C09FF020EE2DF08A51D9268B51EB
:10875000DA22DECF90F0DDCF91F09051926F9151FF
:10876000936F946B956B92519C5D93519D5994516D
:108770009E5995519F59D8B0010C000C806F20C1B3
:1087800081F021C182F022C183F023C184F0120064
:1087900020EE41F08A51D9268B511200FACF29F0F0
:1087A000FBCF2AF0D9CF2BF0DACF2CF0F3CF2DF07E
:1087B000F4CF2EF0F6CF2FF0F7CF30F0F8CF31F026
:1087C000F5CF32F0A0B6A1A60DD001D80BD0050090
:1087D000FA6E01015751FD6E5851FE6E5951FF6EF0
:1087E000FA5012009DB69EA60DD001D80BD0050000
:1087F000FA6E01015451FD6E5551FE6E5651FF6ED9
:10880000FA501200F2BAF2A402D0B2EC8BF0A0B28D
:10881000A1A202D040EC85F0B9B4BAA402D0A1EC78
:108820008BF0B9B8BAA802D090EC8BF09DBA9EAA92
:1088300002D064EC5AF0A3BAA4AA02D0F7EC58F024
:1088400032C0F5FF31C0F8FF30C0F7FF2FC0F6FF90
:108850002EC0F4FF2DC0F3FF2CC0DAFF2BC0D9FFD0
:108860002AC0FBFF29C0FAFF0192110079C084F0F1
:108870007AC085F085BF04D0855106E1840504E205
:1088800075C084F076C085F07351755D7D6F74514D
:1088900076597E6F7B517D277C517E237D29826FA7
:1088A000000E7E21836F8451775D7851800A7D6F41
:1088B0008551800A7D5904E284C077F085C078F044
:1088C0007751825D8351800A7D6F7851800A7D598E
:1088D00004E282C077F083C078F0D8907535D96E05
:1088E0007635DA6E7151D9267251DA2277C0DEFF01
:1088F00078C0DDFF71C065F072C066F073C067F0CC
:1089000074C068F075C069F076C06AF04DEC67F02D
:108910007F6F71C065F072C066F075C067F076C099
:1089200068F07BEC6AF0806F010E816F7F5103E18C
:10893000805101E1816B81511200CCEC91F065C056
:10894000DBF066C0DCF0DBC0D9FFDCC0DAFF0AEC8C
:108950004CF055EC84F0DBC065F0DCC066F09EECBA
:108960008AF0000906E0DBC0D2F0DCC0D3F0BBEC3B
:108970008CF0706B40D8CDEC90F0D9EC92F0000107
:10898000DA6FDA51C46FC56BC4BFC507C66B33D885
:10899000C76F010EC86F8DEC8EF0010E706F2BD873
:1089A000C5EC90F028D86D6F010E6E6F070E57EC76
:1089B00090F0DBC065F0DCC066F0D2EC7AF065C008
:1089C000D8F066C0D9F0D8C07AF0D9C07BF053ECAB
:1089D00052F0EDEC8EF02AEC77F0020E56EC5DF0E2
:1089E000EDEC8EF0010E706FCDEC90F0010E706F1B
:1089F000020ECDEF90F020EE21F0DB51D926DC51B4
:108A0000DA22DF5012006A6F00016C6B01D06C2B10
:108A100051D86C5158D8DF5003E0030E6C65F7D77E
:108A20006C51D8B41200040E6C1901E11200010E51
:108A30006B6F22D03FD86C516527000E66236B51B7
:108A4000655DD96E6651D8A06605DA6E280E676F2F
:108A5000030E686F040E6727000E68236A516727AC
:108A6000000E68236B51675DE16E6851D8A0680500
:108A7000E26EDFCFE7FF6B2B6B516C5DDBE26B6B64
:108A800005D018D86B511FD8DF6A6B2B040E656FA9
:108A9000666B6C51655F000E665B6B51676F686B50
:108AA0006551675D6851800A696F6651800A69592E
:108AB000E8E31200280E656F030E666F6A516527A2
:108AC000000E6623000C6525D96E000E6621DA6E55
:108AD0001200FCC2DDF1FDC2DEF1FEC2DFF1FFC219
:108AE000E0F1010E0101E16FEB0EE26F030EE36FA7
:108AF000EA0EE46F030EE56FDDEC33F0000901E0F0
:108B0000120003013FD8DFB21200EA5111E0EBC3BB
:108B1000D3F1ECC3D4F1FCC2D5F1FDC2D6F1FEC253
:108B2000D7F1FFC2D8F1BCEC76F0000901E01200E9
:108B300030D8DFB403D02DD8DFA612000301EA51EC
:108B400003E120D8DFA412001DD8010EDFA6000E1D
:108B5000E76F1FD8DFB403D0E869E96903D0E96B98
:108B6000010EE86FE8C3D3F1E9C3D4F1E7C3D5F14F
:108B7000FCC2D6F1FDC2D7F1FEC2D8F1FFC2D9F1D5
:108B800058EF2CF020EE02F0EB51D926EC51DA220E
:108B90001200EBC3D9FFECC3DAFF12000001A56B92
:108BA0001DEC8FF065C0A6F066C0A7F041D0A6C04E
:108BB00095F0A7C096F09FC097F0A0C098F0A1C014
:108BC00099F0A2C09AF068EC4CF00ED0A6C095F0D7
:108BD000A7C096F09FC097F0A0C098F0A1C099F0F0
:108BE000A2C09AF0ECEC49F00001A56F2FD0A6C00E
:108BF00097F0A7C098F09FC099F0A0C09AF0A1C0CC
:108C00009BF0A2C09CF018EC6BF00001A56FA55181
:108C100005E00101CA6B010EC96F01D01FD8000128
:108C200020EE38F0A651D926A751DA22DF9C0ED0CB
:108C3000BA510001A36FA46BA45108E1A35106E04F
:108C4000010AD5E0030AB3E0010AC0E0A6C097F02C
:108C5000A7C098F0A5C099F05DEF8BF00101C96B3A
:108C6000CA6B120020EE3AF056D8DE0416E120EE70
:108C700025F051D810EE0DF04AD843D851D801E371
:108C80001BD020EE22F047D8DF5001E1010C20EE8E
:108C90000DF041D810EE23F01FD020EE3AF03BD873
:108CA000020EDE1827E120EE0DF035D810EE25F08B
:108CB0002ED827D835D805E320EE3BF02CD8DF940A
:108CC00019D020EE22F027D8DF5001E1010C20EE70
:108CD00023F021D810EE0DF01AD813D821D805E2D0
:108CE00020EE3BF018D8DFA405D020EE3BF013D8DF
:108CF000DF84010C67C065F068C066F03CEC84F06E
:108D0000000CE222DE50E65CE650800A1200675159
:108D1000E126685112006751D9266851DA22120003
:108D20006D6FDE50800A6D591200000E41EC7EF02E
:108D300081EC8EF0000902E02AEF68F083EC92F0FB
:108D4000000904E01FEC5DF02AEF68F00001E66B1B
:108D5000E76B40D0D890E635D96EE735C0EC5BF0D4
:108D6000DECFE8F0DDCFE9F0000120EE33F0E8518E
:108D7000D926E951DA22DECFE4F0DDCFE5F0E4C018
:108D8000D9FFE5C0DAFFDF5005EC70F0E8C065F010
:108D9000E9C066F09EEC8AF0000916E0E8C067F0D2
:108DA000E9C068F070EC8CF0000907E0E8C07FF0E3
:108DB000E9C080F0ACEC5AF00AD0E8C0D2F0E9C0CB
:108DC000D3F0BBEC8CF003D00101B851EFE100010E
:108DD000E64BE72B0101A9510001E65DE751800A4E
:108DE000E46FF0EC75F0E459B5E32AEF68F0EDC3F9
:108DF000E4F1EEC3E5F1010120EE11F053D8DECF2E
:108E0000DBF1DDCFDCF1030EDB03F3CFDDF1F4CFDB
:108E1000DEF1DC03F350DE2720EE0FF043D8DECF87
:108E2000DFF1DDCFE0F1DD51DF25D96EDE51E0214C
:108E3000DA6EDECFE1F1DECFE2F1DDCFE3F1EFC3B9
:108E4000D7F1F0C3D8F1F1C3D9F1F2C3DAF101D807
:108E50000AD00500FA6EE151FD6EE251FE6EE3515B
:108E6000FF6EFA50120000091CE0010120EE0DF027
:108E700019D810EE11F0E451E126E551E222E62A7C
:108E8000000EE522DE50E65CE650800ADF6FDE5021
:108E9000800ADF5906E320EE11F004D8DE6ADD6AAD
:108EA000010C000CE451D926E551DA22120058D801
:108EB000DE50DE1001E1000C20EE3DF08A51D92693
:108EC0008B51DA22DECF90F0DECF91F0DECF92F040
:108ED000DECF93F020C194F021C195F022C196F02D
:108EE00023C197F0D89097339633953394339051AC
:108EF000945D986F91519559996F925196599A6FC7
:108F0000935197599B6F8C5198257D6F8D51992165
:108F10007E6F8E519A217F6F8F519B21BEEC43F063
:108F200054EC62F07DC09CF07EC09DF07FC09EF04E
:108F300080C09FF015D8DECF90F0DDCF91F090513A
:108F4000926F9151936F946B956B92519C5D93517D
:108F50009D5994519E5995519F59D8B0010C000CC0
:108F600020EE2BF08A51D9268B51DA22120050D8EC
:108F700046EC79F068C09CF069C09DF000019C51FE
:108F80009D1104E145D8886F020E30D098297F6F7B
:108F9000000E9921806F20EE1FF09C51D9269D5123
:108FA000DA22DECF81F0DDCF82F072EC4FF07FC0AD
:108FB0009AF080C09BF09AC065F09BC066F09CC0A0
:108FC00067F09DC068F06C6BB0EC29F009E301D04C
:108FD00007D0BFEC29F004E301D002D0010E6C6F82
:108FE0006C51000905E114D8886F030E896F0DD00C
:108FF00020EE25F09C5112D820EE23F09C510ED883
:10900000D3EC8BF005D8E8EC29F0460E77EF82F030
:1090100098C0D9FF99C0DAFFDF501200D9269D51C0
:10902000DA229AC0DEFF9BC0DDFF1200B9C065F0F6
:10903000B85176EC8FF0C06FBD6BB6AF06D0010EA5
:10904000BD6FB56DB61FD8B0B62BB5C0ABF0B6C00E
:10905000ACF09F0EAD6F020EAE6FCCEC62F0000173
:10906000B7510308BF6FC36BBF51C35D010ED8A0DA
:10907000000EBC6FBCC065F09F0EC325D96EDA6AC6
:10908000020EDA22DF5041EC59F0BE6FB75104E016
:10909000BF51C31901E1BE8FC051C3251DD8BEC049
:1090A000DFFFC32B030EC365DFD7BD51D8B4120059
:1090B000C26B030EC16FC051C1250ED8DF5006E14F
:1090C000C051C12509D8400EDF6E400CC107D8A0A1
:1090D000C207C2BF1200EFD7BA6FBB6B280EBA250A
:1090E000D96E030EBB21DA6E12000001686F9C0E70
:1090F0000901816F240E826F68C0A1F9EF0EAF6F76
:10910000010EB06FB26B010EB16FB56B720EB36F23
:10911000040EB46F720EB66F040EB76FA06B020E22
:109120009F6F330E926F916F4C0E9C6FC20E9D6FAE
:10913000000E9E6F936B946B050E966F780E956F75
:10914000976B986BA26B020EA66F440EA56F020E72
:10915000AA6F8A0EA96F020EA86F300EA76FAC6BB4
:10916000010EAB6F020EAE6F580EAD6F320EC66FB2
:109170001D0EC76F010EC86F600EC96F150ECA6F46
:10918000010ECB6F540ECC6F250ECD6F010ECE6F3E
:109190000101846B856B020E0901D96F800E0001FD
:1091A000656F090E666F1200866B84AF0AD0841F4C
:1091B000831F821F816D000E822383238423010E6F
:1091C000866F80AF0AD0801F7F1F7E1F7D6D000ECF
:1091D0007E237F238023010E861B876B886B896B20
:1091E0008A6B815182118311841129E0010E856FF0
:1091F00006D0D8908137823783378437852B84AF68
:10920000F8D7D8908737883789378A3781517D5D7D
:1092100082517E5983517F598451805909E381518C
:109220007D5F82517E5B83517F5B8451805B878150
:10923000D8908433833382338133852FE2D78651AC
:1092400008E08A1F891F881F876D000E88238923E5
:109250008A2387C07DF088C07EF089C07FF08AC0F5
:1092600080F0120052D8DECFE5F1DDCFE6F14DD827
:10927000010EDFA6000E0001F16F47D8010EDFA43A
:10928000000EF11B1CE00201A86BA96B3ED8DFB6F3
:1092900005D00101E86B010EE76F03D00101E7691A
:1092A000E869E7C1D3F1E8C1D4F1DFC1D5F1E0C18C
:1092B000D6F1E1C1D7F1E2C1D8F171EC6DF02AD855
:1092C000E5C167F0E6C168F06551671906E16651CE
:1092D000681901E002D0010E01D0000E0009D8B4D7
:1092E0001200DFC1DBF1E0C1DCF1E1C1DDF1E2C17F
:1092F000DEF122EED8F00500FA6EDE50FD6EDE5093
:10930000FE6EDE50FF6EFA501200E3C1D9FFE4C1D9
:10931000DAFF1200010E0001666F656B010C00019F
:1093200020EE38F055D8DA22DFA211D084C065F0E3
:1093300085C066F08CEC8AF0000909E16E6B40D8BC
:1093400032EC91F0010E6E6F3BD832EF91F01CECD5
:109350008EF000018A6F8A5108E084C07FF085C0DA
:1093600080F08AC081F090EF6EF084C065F085C017
:1093700066F0D2EC7AF065C086F066C087F084C0F3
:1093800065F085C066F07FEC72F065C088F066C05D
:1093900089F086C07AF087C07BF0010E7C6F10D810
:1093A0007D6F7E6BEDEC8EF088C07AF089C07BF02B
:1093B0007C6B20EE21F00CD837EC3BF0EDEF8EF01B
:1093C00020EE21F08451D9268551DA22DF50120097
:1093D0008451D9268551120000014FD8DF92080E22
:1093E0000101C16F640EC26FFD0EC36FC46995C0E9
:1093F00065F096C066F0D9EC8CF0000901E1000C34
:1094000059500001975D9B6F5A5098599C6F5B5063
:1094100099599D6F5C509A599E6F9EAF000C310E0A
:109420009B5D040E9C59FE0E9D59FF0E9E59D8B0AF
:10943000000C9EAF0AD0E00E9B5DC30E9C59FC0E43
:109440009D59FF0E9E5901E2000C17D8DF8297C08C
:10945000C1F198C0C2F199C0C3F19AC0C4F195C0DE
:1094600079F096C07AF0A6EC77F00ED895C08BF024
:1094700096C08CF049EC2FF0010C20EE39F095519C
:10948000D9269651DA22120079C0CFF17AC0D0F1F4
:10949000120055D0070E0001FA6F01018D6B00011B
:1094A000F26BF36BF46BF56B8C9E8C9C8C980101CA
:1094B0008C2B1200FAC002F0180E8D25D96EDA6AD4
:1094C000010EDA22DF50036E022A02D0D890033256
:1094D000022EFCD703A002D08C8801D08C9800000B
:1094E00000008C8CE4D78C9C0000000083AA11D073
:1094F000FAC002F0010E036E022A02D0D8900336A1
:10950000022EFCD701018D51F20FD96EDA6A035099
:10951000DF128C9C010E01018C6F0001FA510DE1EC
:10952000070EFA6F01018D2B030E8D65030C8C8ED7
:109530008C9C8C98B9988C6B1200FA0712008C5195
:10954000A9E0010AB7E0030ACEE012001DEC8FF09B
:1095500065C0A9F066C0AAF0A9C093F0AAC094F0B3
:10956000CFEC87F093C0ABF094C0ACF095C0ADF0F9
:1095700096C0AEF0ABC065F0ACC066F0ADC067F0B1
:10958000AEC068F01BEC7DF0ABC06DF0ACC06EF00F
:10959000ADC06FF0AEC070F0000E43EC28F00001DB
:1095A000A86F01016A4B6B2B2D0E6A5D010E6B5982
:1095B00009E3A9C097F0AAC098F0000E0001996FC6
:1095C0005DEF8BF06AC165F06BC166F00001686BFE
:1095D000060E676FFEEC7EF065516611D8A412008E
:1095E000A8510101BB5D01E2BB2B030EBB65030C5F
:1095F000ABC09FF0ACC0A0F0ADC0A1F0AEC0A2F077
:10960000CEEF45F0950E0101A76F020EA86FAA6B71
:10961000030EA96F000E3AEC5BF04AD865C0DEFF7E
:1096200066C0DDFF45D83BD8DF6A010EC5EC4DF0C2
:1096300019EC8FF02FD865C0DEFF66C0DDFF20EE8D
:1096400002F028D82CD844EC86F075EC48F025ECD4
:109650008FF020D865C0DEFF66C0DDFF20EE04F08D
:1096600019D81DD8020EDF6E00016B6B6C6B330EC8
:109670006B25D96E010E6C21DA6EDF6A6B4B6C2B99
:109680006CBFF5D76C5105E1030E6B5DD8B01200CD
:10969000EED71200A751D926A851DA221200DECF48
:1096A00069F0DDCF6AF069C0D9FF6AC0DAFF120045
:1096B000A7C1D9FFA8C1DAFF12000201A751010119
:1096C000E56F0CD0040E0101E46FB00E03D0010170
:1096D000E46B960EE36F14D0000012D0E551000148
:1096E000F06FF16BF1510CE1F051F6E0010AEFE09F
:1096F000030AEDE0010AE6E0070AE9E0010AE7E013
:109700000201A8510001F06F0201A9510001F16F9F
:109710000201A84BA92B0101E3510001F05D0101F9
:10972000E4510001F159D8A01200DFC1DBF1E0C122
:10973000DCF1E1C1DDF1E2C1DEF10101E551090D2C
:10974000B40EF324D96E020EF420DA6E01D80AD0DA
:109750000500FA6EDE50FD6EDE50FE6EDE50FF6ECE
:10976000FA5012000201A86BA96B12001DEC8FF0D9
:1097700065C0DEF066C0DFF0DEC0D9FFDFC0DAFF13
:1097800049D855EC84F009EC92F065C0DCF066C075
:10979000DDF03AD82BE0D6C065F0D7C066F0D8C06F
:1097A00067F0D9C068F084EC90F020D0DEC0D4F02F
:1097B000DFC0D5F086EF86F0DEC08BF0DFC08CF026
:1097C000DCC08DF0DDC08EF09DEF81F0DEC08BF04F
:1097D000DFC08CF0DCC08DF0DDC08EF0ACEF60F04F
:1097E000DEC0D4F0DFC0D5F09DEF8CF00DD80001C5
:1097F000DA6FDB6BDB51F4E1DA51010AD7E0030ADF
:10980000DBE0010AE3E0ECD7DCC0D9FFDDC0DAFF22
:10981000DF501200DF5000016E6F6F6B1200866B1D
:10982000876B886B896B8A6B13D0010E866F260E4F
:10983000896F240E0BD0010E876F210E896F240EC5
:1098400005D0010E886F1C0E896F240E8A6F13D00D
:1098500020EE01F08151D9268251DA22DF50846F47
:10986000856B855108E1845106E0010ADEE0030AB8
:10987000E2E0010AE6E089518A11D8B4120089C0F9
:109880007AF08AC07BF07C6B1DD817D8EDEC8EF097
:10989000010E706F17D8DA22DF50CDEC90F08351B3
:1098A00004E00101B851D8A4120087C06EF088C04E
:1098B0006FF000018651C5EF85F0DA22DF507D6F31
:1098C0007E6B120020EE21F07F51D92680511200CC
:1098D00000014FD8DF9EF80E01010DEC7BF0020E67
:1098E000C76FC86B95C065F096C066F0D9EC8CF078
:1098F000000901E1000C59500001975D9B6F5A501F
:1099000098599C6F5B5099599D6F5C509A599E6F06
:109910009EBF000C9E5108E1D00E9B5DFB0E9C5932
:10992000010E9D59D8A0000C9EBF0AD09E51E2E1C5
:10993000210E9B5D3C0E9C59030E9D5901E3000CCA
:1099400018D8DF8E97C0C5F198C0C6F199C0C7F18D
:109950009AC0C8F195C079F096C07AF0A6EC77F07D
:1099600044EC4AF095C08BF096C08CF049EC2FF097
:10997000010C20EE38F09551D9269651DA221200CA
:10998000000020EC8AF03CEC7DF0F28EF28C6DEC65
:1099900076F0E3EC87F0D0B60ED03FD838D8EDECB7
:1099A0008EF05F0E7A6F240E7B6F3CD8EDEC8EF05C
:1099B0002AEC68F0FFD7D0BA0ED02FD828D8EDEC1B
:1099C0008EF0DE0E7A6F230E7B6F2CD8EDEC8EF0CE
:1099D0002AEC68F0FFD7E9EC92F007EC52F03FEC8C
:1099E00019F00101AD5163EC92F0070EADEC90F06F
:1099F00004EC93F0090EE26F3D0EE36FE46BE56B50
:109A00007AEC1FF0D1801DEC91F02DEF10F07B6F00
:109A1000010E7C6F7D6B7E6B010CCC0E00017A6FAA
:109A2000230E1200010E7C6F7D6B7E6F010C020E07
:109A300045180DE1FCC2D3F1FDC2D4F1FEC2D5F14F
:109A4000FFC2D6F180EC6BF0000901E01200FCC20D
:109A5000DDF1FDC2DEF1FEC2DFF1FFC2E0F1010E79
:109A60000101E16FE00EE26F030EE36FDF0EE46FC2
:109A7000030EE56FDDEC33F0000901E01200030195
:109A8000DF5119E020EE02F0E051D926E151DA224F
:109A9000DFB211D0E0C3D3F1E1C3D4F1FCC2D5F100
:109AA000FDC2D6F1FEC2D7F1FFC2D8F15DEC82F063
:109AB000000901E012004504D8A41200E0C3D7F168
:109AC000E1C3D8F1DFC3D9F1FCC2DAF1FDC2DBF1A9
:109AD000FEC2DCF1FFC2DDF1C1EF65F0FCC2DDF1D9
:109AE000FDC2DEF1FEC2DFF1FFC2E0F1010E0101B5
:109AF000E16FEA0EE26F030EE36FE90EE46F030E0F
:109B0000E56FDDEC33F0000901E012000301E951DB
:109B1000D8B4120020EE02F0EA51D926EB51DA2235
:109B2000DFB21200EAC3D3F1EBC3D4F1FCC2D5F12A
:109B3000FDC2D6F1FEC2D7F1FFC2D8F1A1EC7EF092
:109B4000000901E012001CD8040EDE18DE1004E14A
:109B50000101D469D3690AD013D8080EDE18DE10CB
:109B6000D8A412000101D46B010ED36FFCC2D5F151
:109B7000FDC2D6F1FEC2D7F1FFC2D8F188EF65F081
:109B8000EAC3D9FFEBC3DAFF1200686F68C021F4A3
:109B9000F50E04012F6F020E306F326B020E316F23
:109BA000356B840E336F040E346F840E366F040EE3
:109BB000376F206B010E1F6F330E126F116F5E0E29
:109BC0001C6FC00E1D6F000E1E6F136B146B010E09
:109BD000166FF40E156F176B186B010E226F246B46
:109BE000960E236F266BFA0E256F010E2A6F2C0E30
:109BF000296F286B640E276F2B6B2C6B020E2E6F58
:109C0000580E2D6F4A0E466F1D0E476F010E486F9E
:109C1000840E496F150E4A6F010E4B6F600E4C6F2C
:109C2000250E4D6F010E4E6F010E596F000E000193
:109C3000656F040E666F1200686F010E0001696F98
:109C4000020100B34CD068C001F20091008300977C
:109C50000E0E096F010E086FF40E076F00851E0EC1
:109C60000B6F250E0C6F010E0D6F1D6B1E0E0E6F10
:109C7000250E0F6F010E106F1E6B1E0E116F250E3D
:109C8000126F010E136F1F6B1E0E146F250E156FD2
:109C9000010E166F206B160E176F250E186F010E32
:109CA000196F216B60EC90F09E96E60E0001656FD7
:109CB000250E666F010E676F65C057F166C058F1DB
:109CC00067C059F1E60E656FE20E666F000E676FB2
:109CD00065C054F166C055F167C056F1696B00016B
:109CE000695112000001736B746B41D0D8907335C9
:109CF000D96E7435C0EC5BF0DECF75F0DDCF76F059
:109D0000000120EE3BF040D8DA22DFA00ED075C073
:109D100065F076C066F06EC067F06FC068F070C026
:109D200069F071C06AF007EC86F075C06BF076C020
:109D30006CF020EE49F028D8DA2201D80AD00500CC
:109D4000FA6EDE50FD6EDE50FE6EDE50FF6EFA5093
:109D50001200000120EE41F017D8E5EC70F075C05C
:109D600065F076C066F03CEC84F0734B742B010117
:109D7000A9510001735D7451800A726FF0EC75F0A7
:109D80007259B4E3D1EF7FF07551D92676511200A4
:109D9000706F0101B85104E10001705101E112003E
:109DA0000001746B756B35D0D8907435D96E7535EC
:109DB000C0EC5BF0DECF71F0DDCF72F0000120EE81
:109DC0004CF036D801D80AD00500FA6EDE50FD6E90
:109DD000DE50FE6EDE50FF6EFA501200736F73514C
:109DE00003E00101B85105E10001735110E1705128
:109DF0000EE074C065F075C066F0000120EE3AF028
:109E000017D8DF50676F73C068F0AEEC5EF0744B2C
:109E1000752B0101A9510001745D7551800A6F6FA6
:109E2000F0EC75F06F59C0E33BEC80F0ACEF8CF0D8
:109E30007151D9267251DA22120002013B513F259D
:109E40000001D06F02013C5140210001D16F02019D
:109E50003D5141210001D26F02013E5142210001DA
:109E6000D36FD051CC5DD151CD59D251CE59D351B0
:109E7000CF5901E212002ED801D80AD00500FA6E9F
:109E8000DE50FD6EDE50FE6EDE50FF6EFA501200A8
:109E90000DD801D824D00500FA6EDE50FD6EDE50DC
:109EA000FE6EDE50FF6EFA50120019D067C070F1DE
:109EB00068C071F170C1BEF071C1BFF06EC1C0F079
:109EC0006FC1C1F0000120EE06F0F851D926F9511A
:109ED000DA221200F8C0D9FFF9C0DAFF120001013E
:109EE000966B120040D84DD8831909E1825184192C
:109EF00006E142D8DECF7FF0DDCF80F0120033D80C
:109F0000800E83BF7F0E846F8151835D8251800AF2
:109F1000845916E231D8DECF6BF0DDCF6CF023D858
:109F2000846B83BF84078351815D6D6F8451825937
:109F30006E6F81EC7EF06BC07FF06CC080F0120021
:109F40001BD8DECF79F0DDCF7AF00DD81AD8835D3B
:109F50007B6F825184597C6F01EC7EF079C07FF079
:109F60007AC080F0120020EE02F07F51D926805195
:109F7000DA22DF50836F12007FC0D9FF80C0DAFF82
:109F80001200846B83BF840781511200685105E180
:109F90006751D96EDA6ADF801200680505E1675102
:109FA000D96EDA6ADF821200020E681905E1675184
:109FB000D96EDA6ADF841200030E681905E1675171
:109FC000D96EDA6ADF861200040E681905E167515E
:109FD000D96EDA6ADF881200050E681905E167514B
:109FE000D96EDA6ADF8A1200060E681905E1675138
:109FF000D96EDA6ADF8C1200070E681905E1675125
:10A00000D96EDA6ADF8E1200080E681909E167510D
:10A01000D96EDA6ADF686751D96EDA6ADF9E12009C
:10A02000090E6819D8A41200675100D0D96EDA6AF7
:10A03000DF6A120000016B5108E069C065F06AC078
:10A0400066F09EEC8AF0000905E132D8DF9830D83E
:10A05000DF9A120020EE29F036D810EE0DF02FD83E
:10A0600081EC46F035D803E3716B712B02D000010F
:10A07000716B1ED8713BDF507119EF0B7119DF6ED8
:10A0800020EE0DF020D810EE27F019D881EC46F024
:10A090001FD803E3716B712B02D00001716B08D8DC
:10A0A000713B7147DF507119DF0B7119DF6E1200C0
:10A0B00020EE38F06951D9266A51DA22120069512E
:10A0C000E1266A5112006951D9266A51DA2212003A
:10A0D000706FDE50800A7059120072C06BF073C04E
:10A0E0006CF06D6B70C0D9FF71C0DAFF6BC0E1FF1F
:10A0F0006CC0E2FF2ED810EE01F06B5134D829D895
:10A1000010EE02F06B512FD8DFCFE7FF6D2B6D51B2
:10A110007025696F000E71216A6F20EE03F02AD856
:10A1200069C0DEFF6AC0DDFF20EE02F023D8DF50F9
:10A130006D276D517025D96E000E7121DA6E10EE0B
:10A1400005F06B5110D805D810EE06F06B510BD806
:10A150000ED0DFCFE7FF6D2B6D517025D96E000E4D
:10A160007121DA6E1200E1266C51E2221200DFCF7B
:10A17000E7FF12006B51D9266C51DA22120084C01D
:10A1800065F085C066F0D2EC7AF065C086F066C0F6
:10A1900087F01CEC8EF00001886F885108E084C0C5
:10A1A0007FF085C080F088C081F090EF6EF020EEE7
:10A1B0003BF033D8DA22DFAE0DD084C0D9FF85C0A2
:10A1C000DAFFDF5007E119D8EDEC8EF0BA0E7A6FA6
:10A1D000230E0CD020EE3CF020D8DA22DFA01200B3
:10A1E0000CD8EDEC8EF0960E7A6F240EA0EC5DF09C
:10A1F00014D837EC3BF0EDEF8EF086C07AF087C0D4
:10A200007BF0010E7C6F20EE21F08451D926855120
:10A21000DA22DF507D6F7E6B12008451D926855182
:10A22000120091518F5D976F92519059986F98BF1E
:10A2300041D0985102E197053DE341D897256D6FD4
:10A24000FF0E98216E6F81EC7EF06BC099F06CC0B0
:10A250009AF0746B020E736F99C071F09AC072F02D
:10A2600090EC62F071C093F072C094F0000E94BF55
:10A27000FF0E956F966F8B5193257D6F8C519421B6
:10A280007E6F8D5195217F6F8E519621806F99C081
:10A2900081F09AC082F0000E82BFFF0E836F846F40
:10A2A000D4EC48F07DC08BF07EC08CF07FC08DF088
:10A2B00080C08EF08BC08BF08CC08CF012006C6B69
:10A2C0000A0E6B6FFF0C000120EE1CF0AE51D92678
:10A2D000AF516AEC88F013E0AEC0A6F0AFC0A7F0B3
:10A2E00020EE1CF03DD801D82FD00500FA6EDE50CC
:10A2F000FD6EDE50FE6EDE50FF6EFA50120020EE54
:10A3000005F02ED8DECFB0F0DDCFB1F0B0C0B2F0A6
:10A31000B1C0B3F0000EB3BFFF0EB46FB56F20EE47
:10A3200007F01ED8B2C0DEFFB3C0DEFFB4C0DEFF50
:10A33000B5C0DEFF20EE05F013D810EE0BF0AE51E5
:10A34000E126AF5144EC1FF0AEC065F0AFC066F03F
:10A3500005EC69F0AEC0A3F0AFC0A4F03BEF33F062
:10A36000AE51D926AF51DA22120097C08BF098C0B7
:10A370008CF03ED859EC56F08BC09FF08CC0A0F00A
:10A380008DC0A1F08EC0A2F099C08BF09AC08CF065
:10A390002FD859EC56F08B519F5DA36F8C51A0596B
:10A3A000A46F9D519B5D9F6F9E519C59A06FFF0EA6
:10A3B0009F256D6FFF0EA0216E6F6C6B050E6B6F8E
:10A3C00081EC7EF0A3516B25716FA4516C21726FEB
:10A3D0009D519B5D6D6F9E519C5914D881EC7EF010
:10A3E0000CD890EC62F071C097F072C098F0120037
:10A3F0009BC08DF09CC08EF012006BC073F06CC0DF
:10A4000074F012006E6F6C6B010E6B6F010CEAEC56
:10A4100089F03ED8DFA01200E1EC92F0610E00015D
:10A420007A6F240E7B6F12EC4DF0EDEC8EF0650E22
:10A430007A6F240E7B6F37D8EDEC8EF02AEC68F043
:10A4400068EC27F0EAEC89F023D8DFB0FBD7050EE3
:10A450000001936F0F0E926FF10EE82EFED7922F30
:10A46000FCD7932FFAD7E1EC92F02AEC68F00B0EB0
:10A470000001936F260E926F5D0EE82EFED7922F8D
:10A48000FCD7932FFAD700D0CEEC8FF0D7EF23F084
:10A4900070C094F071C095F020EE01F09451D9266F
:10A4A0009551DA221200010E7C6F7D6F7E6F010CD8
:10A4B000665145D87EEC42F0E750676F67056F6FD5
:10A4C000070E6F6501D0010C6F51050DF3CF67F0DA
:10A4D000F4CF68F066512ED8DECF69F0DDCF6AF098
:10A4E000675169256B6F68516A216C6F020E6B258D
:10A4F0006D6F000E6C216E6F20EE02F06D51D9264B
:10A500006E51DA22DFA0000C66511ED87EEC42F0BC
:10A51000E7500FE066510ED810EE32F07EEC42F0BC
:10A52000E7A004D0050E45EC92F0000C000E45ECBF
:10A5300092F0000CD96EDA6A040ED926040CD96E9A
:10A54000DA6A10EE05F01200D96EDA6A10EE06F043
:10A550001200DB0E0001736F010E746FA9EC6FF037
:10A5600073C0DCF174C0DDF1010120EE01F03DD8D3
:10A57000DFB00AD0FCC2D3F1FDC2D4F1FEC2D5F1E6
:10A58000FFC2D6F1AFEF85F02BD8010EDFA6000E8B
:10A590000001F16F25D8010EDFA4000EF11BD8B425
:10A5A00012000101DB5105E120EE02F01ED8DFA40C
:10A5B000120016D8DFB604D0DA6B010ED96F02D0C4
:10A5C000D969DA69D9C1D3F1DAC1D4F1FCC2D5F1C4
:10A5D000FDC2D6F1FEC2D7F1FFC2D8F146EF71F04D
:10A5E000DCC1D9FFDDC1DAFF1200DC51D926DD5113
:10A5F000DA221200000120EE0CF048D8DF5008E00B
:10A6000073C065F074C066F030EC5FF0000936E0AE
:10A6100073C0D9FF74C0DAFFDECF75F0DECF76F0FD
:10A62000DECF77F0DECF78F00101245100017525EF
:10A63000796F01012551000176217A6F01012651C0
:10A64000000177217B6F01012751000178217C6F88
:10A6500020EE07F01BD879C0DEFF7AC0DEFF7BC09A
:10A66000DEFF7CC0DEFF20EE0BF010D8010EDF6EA7
:10A6700020EE0CF00BD8010EDF6E010C000120EE75
:10A680000BF004D8DF5001E0010C000C7351D92607
:10A690007451DA221200886F0001885146EC79F07B
:10A6A00068C089F069C08AF0000189518A11D8B464
:10A6B00012008E0E8B6F8C6B110E8D6F8BC0D9FFBD
:10A6C0008CC0DAFF88C0DFFF030E881920EE07F088
:10A6D000D8A420EE0FF026D810EE01F028D844ECD4
:10A6E0001FF020EE1FF01ED810EE03F020D8E2225B
:10A6F000DFCFE7FF20EE04F08B51D9268C51DA2210
:10A7000010EE38F08951E1268A51E222E6CF65F059
:10A71000E5CF66F072EC90F0DF6E8D0EAAEC41F0A2
:10A72000C0EF55F08951D9268A51DA2212008B5197
:10A73000E1268C511200DDEC90F0000901E0000CE4
:10A740008AC092F08BC093F08CC094F08DC095F0CD
:10A750000001D890953394339333923302014351DF
:10A760000001925D966F0201445100019359976F69
:10A770000201455100019459986F020146510001B0
:10A780009559996F8E5196257D6F8F5197217E6FC8
:10A79000905198217F6F91519921806F8AC081F0EB
:10A7A0008BC082F08CC083F08DC084F054EC62F0DA
:10A7B0007DC09AF07EC09BF07FC09CF080C09DF071
:10A7C0009D519C1106E1840E9A5D030E9B59D8A001
:10A7D000000C010C49D820EE57F036D840D8DBECFD
:10A7E0005CF0A6C0B5F0A7C0B6F03ED820EE0DF0E4
:10A7F0002BD835D8DBEC5CF0A6C0B7F0A7C0B8F01A
:10A8000020EE3AF021D8DE040CE1020EB525B26F3D
:10A81000000EB621B36FB251B75DB8511AD801E33B
:10A82000010C20EE3AF010D8020EDE180CE1020EF8
:10A83000B725B26F000EB821B36FB251B55DB651F6
:10A8400008D801E3010C000CB051D926B151DA222D
:10A850001200800AB46FB351800AB4591200DECFDF
:10A86000A8F0DDCFA9F01200B0C0A6F0B1C0A7F0EB
:10A87000120071C065F0705176EC8FF0786F756BD7
:10A88000766B796B75516D25726F76516E21736F92
:10A8900072C0F6FF73C0F7FF000EF86E0F0EF7647C
:10A8A00003D00800F55001D02DD80001776F2E0E8F
:10A8B000771907E1795105E0790719D8000EDB8E89
:10A8C00008D0656B775141EC59F0746F10D874C0A3
:10A8D000DFFF775102E0754B762B792B030E7965FC
:10A8E000D1D76F05D8A41200785103EF45F0785105
:10A8F0007925726F736B280E7225D96E030E732142
:10A90000DA6E1200F6CFE9FFF7CFEAFFEF50120040
:10A9100020EE1BF047D8DF503FE020EE19F042D880
:10A92000DECF7BF0DDCF7CF0320E7B25716F000E29
:10A930007C21C3EC77F090EC62F071C083F072C0C0
:10A9400084F0DF0E7B6F7C697B518303F3CF7DF056
:10A95000F4CF7EF08403F3507E277C518303F350C1
:10A960007E27210E0101CF03F3CF7FF0F4CF80F0DB
:10A97000D003F350000180277D517F25816F7E51E8
:10A980008021826F100E81250101EB6F270E0001DF
:10A9900082210101EC6F1200270E0101EC6F100EF5
:10A9A000EB6F100C7951D9267A51DA221200FCC2D1
:10A9B000DDF1FDC2DEF1FEC2DFF1FFC2E0F1010E0A
:10A9C0000101E16FE00EE26F030EE36FDF0EE46F53
:10A9D000030EE56FDDEC33F0000901E01200030126
:10A9E000DF51D8B4120020EE02F0E051D926E15137
:10A9F000DA22DFB21200E0C3D3F1E1C3D4F1FCC22A
:10AA0000D5F1FDC2D6F1FEC2D7F1FFC2D8F1D7EC25
:10AA100078F0000901E0120013D8DFB403D010D899
:10AA2000DFA61200FCC2D3F1FDC2D4F1FEC2D5F103
:10AA3000FFC2D6F105D8010EDFA4000E18EF62F0B8
:10AA4000E0C3D9FFE1C3DAFF1200800E935D01E39A
:10AA50001200960E9F6F91C0A0F0935103E1020E79
:10AA6000925D09E3FF0E9225A96FFF0E9321AA6F55
:10AA7000A26BA36B06D0AA6B010EA96FA36B010E8C
:10AA8000A26FA00E8B6F94C08CF095C08DF09F0EBE
:10AA90008E6F65EC78F08BC09DF08CC09EF000014D
:10AAA00092519311D8A49EBF1200FF0E9225986F69
:10AAB000FF0E9321996F98519D5D9E51800A9A6F68
:10AAC0009951800A9A5907E3FF0E92259B6FFF0E5A
:10AAD00093219C6F04D09DC09BF09EC09CF091512F
:10AAE0009B2516EF50F001A202D052EF5CF0C5BCDE
:10AAF00001D004D00001656B652B02D00001656BAD
:10AB0000653101E227D020C26EF022EE14F001D8A8
:10AB10000AD00500FA6EDE50FD6EDE50FE6EDE508D
:10AB2000FF6EFA50120000016F6F706B705102E0FF
:10AB3000A9EF91F06F51010A02E1A9EF91F0030A28
:10AB400002E1BEEF91F0010A02E1B7EF91F0070ACE
:10AB5000A9EF91F00201009722EE02F0DF50DF2A08
:10AB6000D96EDA6ADF500001656F65C0C9FF020166
:10AB70000307D8A004070351041101E1060C030CDC
:10AB8000866B876B45D80701806F0001864B872B4A
:10AB90003FD8A7EC25F065C083F066C084F067C09D
:10ABA00085F083518411851101E112007E29706FB7
:10ABB000800E8625716F070E8721726F01D80AD02B
:10ABC0000500FA6E8351FD6E8451FE6E8551FF6E55
:10ABD000FA50120000017051862771518723800EB0
:10ABE0007A6F070E7B6F86C07CF087C07DF001D83E
:10ABF0000AD00500FA6E7F51FD6E8051FE6E8151C4
:10AC0000FF6EFA5012000001826F825143EF8EF006
:10AC10007E51D96EDA6ADF501200020E46EC79F0EE
:10AC200068C088F069C089F0000188518911D8B4E2
:10AC30001200190E8D6F8E0E8B6F8C6B8A6B8BC012
:10AC4000D9FF8CC0DAFF8AC0DFFF20EE01F02CD8DC
:10AC5000DE6ADD6A20EE03F027D8DF6A20EE04F01A
:10AC600023D8DE6ADD6A20EE06F01ED8DF6A20EE09
:10AC700007F01AD8DE6ADD6A20EE1FF08851D92667
:10AC80008951DA2210EE09F08B51E1268C51E22233
:10AC9000DFCFE7FF8D0EAAEC41F0C0EC55F08A2B18
:10ACA000020E8A65CCD7020C8B51D9268C51DA2240
:10ACB00012006C6B200E6B6F8D296D6F000E8E2154
:10ACC0006E6F81EC7EF06BC08FF06CC090F0000E68
:10ACD00090BFFF0E916F926F8BC071F08CC072F0BD
:10ACE000C1EC40F05A0E94EC20F0B1EC78F0C7ECD7
:10ACF00040F0050ED0EC40F0D4EC48F08F517D25AB
:10AD0000936F90517E21946F91517F21956F925155
:10AD10008021966F050E93257D6F000E94217E6F26
:10AD2000000E95217F6F000E9621806F0A0ED0ECE9
:10AD300040F0D4EC48F07DC08BF07EC08CF07FC03A
:10AD40008DF080C08EF01200673568356E6F6E51E1
:10AD500005E1656B666B676B686B120065C069F037
:10AD600066C06AF067C06BF068C06CF0696B6C37E6
:10AD700069376C6B6B6B6A6B69516D6F678F686B52
:10AD8000960E6E5F6EAF0CD06E51800A970FE1E3A6
:10AD9000D89068336733663365336E3FF9D70CD08C
:10ADA0001F0E6E6507D0D5D7D890653766376737E1
:10ADB00068376E076E51F8E16D5108E0681F671F34
:10ADC000661F656D000E66236723682365C065F006
:10ADD00066C066F067C067F068C068F01200CCEC2F
:10ADE00091F065C070F066C071F01DEC8FF065C029
:10ADF00072F066C073F070C06BF071C06CF000014F
:10AE00006E6B020E6D6F7FEC8BF072C06BF073C0D7
:10AE10006CF06E6B6D6B7FEC8BF0766B776B1ED08E
:10AE2000D8907635D96E7735C0EC5BF0DECF74F014
:10AE3000DDCF75F0000120EE51F07451D926755127
:10AE4000DA22DF6A74C065F075C066F076C067F01C
:10AE500077C068F0ABEC82F0764B772B0101A951FB
:10AE60000001765D7751800A6F6FF0EC75F06F59D5
:10AE7000D7E312001D341E34246E245005E11B6AF2
:10AE80001C6A1D6A1E6A12001BC01FF01CC020F045
:10AE90001DC021F01EC022F01F6A22361F36226A12
:10AEA000216A206A1F50236E1D8E1E6A960E245E34
:10AEB00024AE0CD02450800A970FE1E3D8901E32C4
:10AEC0001D321C321B32243EF9D70CD01F0E2464D5
:10AED00007D0D5D7D8901B361C361D361E36240613
:10AEE0002450F8E1235008E01E1E1D1E1C1E1B6C82
:10AEF000000E1C221D221E221BC01BF01CC01CF0B9
:10AF00001DC01DF01EC01EF01200AB6BAC6B42D812
:10AF1000FB0EDF600FD03ED8DF50A96FAA6BA8519F
:10AF2000D96EDA6AA9C0DEFFAAC0DDFFAC6B010EE4
:10AF3000AB6F2BD02FD8FB0EDE1827E1AC6B030EC6
:10AF4000AB6FA75114E1030EA65D11E2ED0E9C6FED
:10AF5000220E9D6F310E9E6F230E9F6FA16B310EDF
:10AF6000A06FA40EA26F230EA36F9DEC84F0010EC0
:10AF70000001A425D96E000EA521DA6EA851E16E5C
:10AF8000E26ADECFE6FFDDCFE5FFABC0A4F0ACC0E8
:10AF9000A5F01200A4C0D9FFA5C0DAFF1200AE0EC2
:10AFA000676F010E686F3B0E65256B6F000E6621A3
:10AFB0006C6F696B6A6B31D8DFA002D0698102D0F7
:10AFC0000001699131D8DFAE02D0698302D000015F
:10AFD00069932AD8DFAA02D0698502D00001699559
:10AFE00023D8DFAC02D0698702D00001699767C01F
:10AFF000D9FF68C0DAFFDFA802D0698902D000015A
:10B0000069990BD8DFA202D0698B02D00001699B3D
:10B0100069C065F06AC066F0120020EE01F06B5165
:10B02000D9266C51DA2212006BC0D9FF6CC0DAFF4E
:10B030001200000E46EC79F068C070F069C071F043
:10B04000010E46EC79F068C072F069C073F0020E30
:10B0500046EC79F068C074F069C075F000016E6B61
:10B060006F6B705171110CE020EE38F07051D926E1
:10B070007151DA22DFAA02D06E8102D000016E91F6
:10B08000725173110CE020EE38F07251D9267351D1
:10B09000DA22DFAA02D06E8302D000016E937451CF
:10B0A00075110CE020EE38F07451D9267551DA2272
:10B0B000DFAA02D06E8502D000016E956EC06CF0E2
:10B0C0006FC06DF01200000E46EC79F068C070F0B1
:10B0D00069C071F0010E46EC79F068C072F069C089
:10B0E00073F0020E46EC79F068C074F069C075F038
:10B0F00000016E6B6F6B705171110CE020EE38F037
:10B100007051D9267151DA22DFA802D06E8102D0A7
:10B1100000016E91725173110CE020EE38F0725103
:10B12000D9267351DA22DFA802D06E8302D0000143
:10B130006E93745175110CE020EE38F07451D926DD
:10B140007551DA22DFA802D06E8502D000016E951B
:10B150006EC06CF06FC06DF01200CCEC91F065C069
:10B16000C4F066C0C5F00001C36B01019D5108E049
:10B17000C4C065F0C5C066F006EC8DF0000903E0C0
:10B18000010E0001C36F010E01019D6F000128D85F
:10B19000DE6ADD6AC25109E023D8DF80BF699C0EF8
:10B1A000BE6FC169C06F1CD8DF82C4C0B6F0C5C015
:10B1B000B7F0BEC0B8F0BFC0B9F0010EBA6FC0C0E2
:10B1C000BBF0C1C0BCF0C3C0BDF08BEC78F0C4C014
:10B1D00069F0C5C06AF0B8EC39F06B6F1AEF50F047
:10B1E00020EE38F0C451D926C551DA221200000EE3
:10B1F0004E24D96EDA6A050EDA22DF6A0F0122A523
:10B2000014D0000E4E24D96EDA6A050EDA22DF82DF
:10B2100001D80BD00500FA6E01015151FD6E52515B
:10B22000FE6E5351FF6EFA5012000F0122A314D08C
:10B23000000E4E24D96EDA6A050EDA22DF8401D8B8
:10B240000BD00500FA6E01014E51FD6E4F51FE6E9E
:10B250005051FF6EFA501200000E4E24D96EDA6A79
:10B26000050EDA22DF5002E133EF8CF00500FA6EB2
:10B2700001014B51FD6E4C51FE6E4D51FF6EFA5067
:10B2800012006A6F2F0E00016A650AD03A0E6A61D9
:10B2900007D0D00E39D8D40E6625F66E200E2CD0ED
:10B2A000600E6A650AD07B0E6A6107D09F0E2CD8AB
:10B2B0008F0E6625F66E200E1FD0400E6A650AD0EE
:10B2C0005B0E6A6107D0BF0E1FD8A90E6625F66E09
:10B2D000200E12D02D0E6A1901E1400C2A0E6A19B7
:10B2E00001E1630C655104E0696B3F0E686F02D0A9
:10B2F000686B696B685112006721F76EF86A000E7F
:10B30000F8220800F55012006A25666F676BFF0E81
:10B310006723FF0C37D842D87451762775517723AD
:10B3200020EE04F036D87651DE5C7751DE5801E22B
:10B33000010C70C0D9FF71C0DAFF30D876C0D9FFD8
:10B3400077C0DAFFDF2A1ED829D820EE02F021D8F4
:10B35000DECF78F0DDCF79F076517825656F7751C3
:10B360007921666F72C067F073C068F074C069F0CD
:10B3700075C06AF05DEC7DF005D87451DE2675511C
:10B38000DD22000C20EE06F07051D9267151DA2230
:10B3900012007051D9267151DA221200DECF76F0F8
:10B3A000DDCF77F012007D517B5D816F7E517C593E
:10B3B000826F82BF3CD0825102E1810538E35FECAD
:10B3C00051F081256D6FFF0E82216E6F81EC7EF052
:10B3D0006BC083F06CC084F0746B020E736F83C01B
:10B3E00071F084C072F090EC62F0795171257F6F3A
:10B3F0007A517221806F7FC071F080C072F083C07B
:10B4000073F084C074F090EC62F071C079F072C097
:10B410007AF079C065F07AC066F083C067F084C0C6
:10B4200068F06AEC89F065C079F066C07AF079C09E
:10B4300079F07AC07AF012003AD846EC79F068C018
:10B440009EF069C09FF000019E519F1104E12FD82A
:10B45000886F020E1AD09D6B30D8010EDB5003E1CD
:10B460000A0EDE5C08E329D8070EDE5C0E0EDE58FD
:10B4700002E2010E9D6F9D51010ED8B4000E9C6F2B
:10B480009C5105E114D8886F030E896F0DD015D833
:10B4900010EE2DF09E51E1269F5144EC1FF0D3ECAD
:10B4A0008BF005D8E8EC29F04A0E77EF82F098C0CF
:10B4B000D9FF99C0DAFFDF50120020EE01F0985159
:10B4C000D9269951DA221200000E4924D96EDA6A7F
:10B4D000080EDA22DF6AABA414D0000E4924D96E1C
:10B4E000DA6A080EDA22DF8201D80BD00500FA6E84
:10B4F00001014851FD6E4951FE6E4A51FF6EFA50EE
:10B500001200ABA214D0000E4924D96EDA6A080EDC
:10B51000DA22DF8401D80BD00500FA6E0101455113
:10B52000FD6E4651FE6E4751FF6EFA501200000E3E
:10B530004924D96EDA6A080EDA22DF5002E115EFEB
:10B540008DF00500FA6E01014251FD6E4351FE6E11
:10B550004451FF6EFA501200000120EE38F03FD83F
:10B56000DA22DFA209D06E6B32D832EC91F0010EF4
:10B570006E6F2DD832EF91F07FC065F080C066F01D
:10B58000D2EC7AF065C081F066C082F07FC065F0D1
:10B5900080C066F07FEC72F065C083F066C084F016
:10B5A00081C07AF082C07BF0010E7C6F10D87D6F75
:10B5B0007E6BEDEC8EF083C07AF084C07BF07C6B08
:10B5C00020EE21F00CD837EC3BF0EDEF8EF020EEC2
:10B5D00021F07F51D9268051DA22DF5012007F51AD
:10B5E000D92680511200746B756B70C073F0735163
:10B5F000D96EDA6A71C0E1FF72C0E2FF30D8A4EC04
:10B6000074F074517125676F75517221686F0AEC7F
:10B6100084F06551742766517523735126EC39F017
:10B6200074517125E16E75517221E26E18D8040FC4
:10B630000ED86BEC79F019D87351070F08D86BEC62
:10B6400079F013D874C070F075C071F012006B6F90
:10B65000745171256C6F755172216D6F1200DFCFBF
:10B66000E7FF744B752B735112006B5174276C51AB
:10B67000752312000001686FA50E0A01016F240EE8
:10B68000026F68C021FAD70E2F6F030E306F326B36
:10B69000040E316F356B960E336F040E346F960EB9
:10B6A000366F040E376F206B020E1F6F330E126F52
:10B6B000116FF40E1C6FCB0E1D6F000E1E6F136BFF
:10B6C000146B010E166FF40E156F176B186B226B4F
:10B6D000520E466F1C0E476F010E486FAE0E496F3B
:10B6E000120E4A6F010E4B6F5A0E4C6F250E4D6FA6
:10B6F000010E4E6F596B000E0001656F0A0E666FEA
:10B700001200D5EC90F00001D66FD56BD76BD86BDB
:10B7100025D0D890D735D96ED83532D8DECFD9F0EC
:10B72000DDCFDAF0D9C069F0DAC06AF0D6C06BF0CC
:10B730001AEC50F0D9C065F0DAC066F0CAEC8CF0B3
:10B74000000908E1D9C065F0DAC066F0C0EC7DF010
:10B75000000902E0010ED56FD74BD82B0101A9518A
:10B760000001D75DD851800AD46FF0EC75F0D45940
:10B77000D0E3D65101E1D56BD55114EC90F0010C1A
:10B78000DA6E0101A751D926A851DA2212006D6B99
:10B790006E6B800E67156F6F7F0E681538D804E1E9
:10B7A000656B666B676B686B6D6B6E6B800E6B1594
:10B7B0006F6F7F0E6C152BD804E1696B6A6B6B6B36
:10B7C0006C6B68AF09D0656D661FD8B0662B671FBC
:10B7D000D8B0672B800E68576CAF09D0696D6A1FAF
:10B7E000D8B06A2B6B1FD8B06B2B800E6C57800EB5
:10B7F000681B6C1B6951655D6A5166596B516759CD
:10B800006C51685902E2D8901200D8801200706F13
:10B810006D516E116F11701112003DD810EE33F0A2
:10B820009B51E1269C51E22200EE03F0E650E9260E
:10B83000E550EA22EF50A36FA46BDE50A35DA45144
:10B84000800AA56FDE50800AA55905E39DC09BF0D4
:10B850009EC09CF012009DC08BF09EC08CF09FC0DB
:10B860008DF0A0C08EF017D8DECF8FF0DDCF90F036
:10B8700020EE33F09B51D9269C51ACEC33F07EEC9A
:10B8800042F0E750916F926B11EC51F08BC09BF03E
:10B890008CC09CF0120020EE1FF09B51D9269C51C9
:10B8A000DA221200C5BC01D003D0026A022A01D0FC
:10B8B000026A023001E226D020C20BF022EE14F020
:10B8C00001D80AD00500FA6EDE50FD6EDE50FE6E25
:10B8D000DE50FF6EFA5012000C6E0D6A0D5002E041
:10B8E000EBEF92F00C50010A02E1EBEF92F0030A49
:10B8F00002E1F1EF92F0010A02E1EFEF92F0070AA4
:10B90000EBEF92F00201009722EE02F0DF50DF2A07
:10B91000D96EDA6ADF50026E02C0C9FF0201030766
:10B92000D8A004070351041101E1060C030C000127
:10B93000B65104E1030EB55D01E2020CB3C0D9FFBC
:10B94000B4C0DAFFAA0EDE1801E0010CBC6BBD6BBF
:10B95000B3C0ADF0B4C0AEF0BC0EAF6FB06B8DEC49
:10B9600083F0ADC0B8F0AEC0B9F0BCC065F0BDC0EA
:10B9700066F0B8C067F0B9C068F037EC31F065C068
:10B98000BAF066C0BBF0BA51B55DBB51B65901E221
:10B99000020CB3C06CF0B4C06DF0BAC06EF0BBC0A6
:10B9A0006FF032EC8DF0000901E1030CB851B911D0
:10B9B00001E1040C000C20EE33F03CD8DECFAEF0F9
:10B9C000DDCFAFF0A8C08BF0A9C08CF020EE1FF047
:10B9D00031D8DECF8DF0DDCF8EF020EE06F0AE5107
:10B9E000D926AF51DA2201D80AD00500FA6EDE500E
:10B9F000FD6EDE50FE6EDE50FF6EFA5012008BC000
:10BA0000AAF08CC0ABF08DC0ACF08EC0ADF0A6C07B
:10BA10009BF0A7C09CF0AAC09DF0ABC09EF0ACC04C
:10BA20009FF0ADC0A0F00DEC5CF09BC0A6F09CC0F8
:10BA3000A7F01200A651D926A751DA221200750EDE
:10BA400000017A6F240E07EC4DF0EDEC8EF0010151
:10BA5000AEBB24D0710E00017A6F240E7B6F7BEC9D
:10BA60002EF0EDEC8EF03F0E7A6F240E26D87E6F0E
:10BA7000EDEC8EF00101B851D8A41200440E000183
:10BA80007A6F240E7B6F34EC3DF0EDEC8EF03A0EC5
:10BA90007A6F240E0FD80AD8EDEF8EF0490E000110
:10BAA0007A6F240E0AD87E6BEDEF8EF07D6F010E5B
:10BAB0007E6F010C7B6F7C6B020C7B6F7C6B010ECD
:10BAC0007D6F010C000120EE02F08151D9268251D8
:10BAD000DA22DF50856F0101B85102E10001852BA8
:10BAE000300E0001656F240E666F9BEC86F065C01A
:10BAF00083F066C084F08551835D866F8451D8A041
:10BB00008405876F87AF02D0866B876B300E8625E2
:10BB10007A6F240E872114D80FD837EC3BF0EDEC68
:10BB20008EF005D809D8DA22DF50C5EF90F0010E6B
:10BB3000706F20EE21F0010C7F51D9268051120048
:10BB40007B6F7C6B20EE21F01200CD0E0001656F43
:10BB5000010E666FCB0E676F010E686FD10E696FB5
:10BB6000010E6A6F010120EE03F02AD801D80AD035
:10BB70000500FA6EDE50FD6EDE50FE6EDE50FF6E8A
:10BB8000FA50120000091BE0CDC1BEF0CEC1BFF0DB
:10BB9000CBC1C0F0CCC1C1F0D1C1C2F020EE06F0E3
:10BBA0000FD801D80AD00500FA6EDE50FD6EDE50C7
:10BBB000FE6EDE50FF6EFA501200020E06D0000C30
:10BBC0007251D9267351DA2212000101966F010CCD
:10BBD000A39AEE0E0001656FB10E666F000E676FDF
:10BBE00001EC93F0A398320E656F0E0E666F010E96
:10BBF000676F00EC93F0480E0F01206F900E226FDC
:10BC0000260E216F400E1E6F030E1F6F1C0E0001CB
:10BC1000656F260E666F010E676F4EEC91F0460E53
:10BC2000656F250E666F010E676F47EC91F0F60E9B
:10BC3000656F250E666F010E676F55EC91F001017F
:10BC4000A16B516A506A320E4F6E4E6A4D6AD26BCA
:10BC5000A38A1200696B6A6B70C068F06851D96E74
:10BC6000DA6A71C0E1FF72C0E2FFDFCFE7FF30D8D0
:10BC7000D96EDA6AD92A695123D82AD869EC2AF010
:10BC800011D8030ED9260ED8040ED9260BD8050ECE
:10BC9000D926695115D8694B6A2B69C070F06AC002
:10BCA00071F0120069517125E16E6A517221E26EE4
:10BCB000DFCFE7FF694B6A2B6851D96EDA6A120051
:10BCC0007125E16E6A517221E26EDFCFE7FF12004B
:10BCD000694B6A2B685112001EEC89F0A5EC5DF0EF
:10BCE0000009FCE072EC77F001D80AD00500FA6E8A
:10BCF000DE50FD6EDE50FE6EDE50FF6EFA5012001A
:10BD00007AEC77F0090E0001CD6F1E0ECC6FE40EB9
:10BD1000E82EFED7CC2FFCD7CD2FFAD700006AEC47
:10BD20004FF001D80AD00500FA6EDE50FD6EDE50ED
:10BD3000FE6EDE50FF6EFA50120056EC4FF002D845
:10BD40006FEF4FF00500FA6EDE50FD6EDE50FE6EB6
:10BD5000DE50FF6EFA5012006FEF4FF0010E6B6F66
:10BD6000670505E0685102E0675101E06B6B6B51BC
:10BD7000010ED8B4000E6D6F010E6C6F020E6719C4
:10BD800005E0685102E0675101E06C6B6C51010EF7
:10BD9000D8B4000E6E6F15D06D5101E035806E5134
:10BDA000D8A4348C12006D5101E035866E51D8A4B0
:10BDB000358412006D5101E036886E51D8A4368268
:10BDC000120065C069F066C06AF06A51D8A412001A
:10BDD0006951E2E0010AE7E0030AECE012006A6F51
:10BDE00028D05D0E656F210E666F1200510E656FD3
:10BDF000210E666F1200450E656F210E666F1200F0
:10BE0000390E656F210E666F12002D0E656F210EC3
:10BE1000666F1200210E656F210E666F1200150EFF
:10BE2000656F210E666F1200090E656F210E666F39
:10BE3000120000016A51686F696B6951F5E1685140
:10BE4000F3E0010ACEE0030AD1E0010AD4E0070AD8
:10BE5000D7E0010ADAE0030ADDE0010AE0E0E4D716
:10BE600038D8DE500101245DDE502559DE502659B8
:10BE7000DE50275901E3010C00012BD8DECF67F01B
:10BE8000DECF68F0DECF69F0DECF6AF00101245129
:10BE90000001675D6B6F01012551000168596C6FEE
:10BEA00001012651000169596D6F010127510001FF
:10BEB0006A596E6F65C0D9FF66C0DAFF6B51DE5CF0
:10BEC0006C51DE586D51DE586E51DE5801E2010CA6
:10BED000000C20EE07F06551D9266651DA221200D7
:10BEE000210E0001AD6F0101B6B305D0A2C1A9F0CA
:10BEF0000001AA6B04D00001AA6B010EA96FA95121
:10BF000068EC8AF0AE6FAD0EAAEC41F0C0EC55F0D3
:10BF1000220EAD6FADC1AEF0AD0EAAEC41F0C0EC9B
:10BF200055F0230EAD6FB8EC39F0AE6FAD0EAAEC44
:10BF300041F0C0EC55F0AB6BAB51A3EC75F0AB2B03
:10BF4000050EAB65F9D7AC6BAC5155EC1EF0AC2BC4
:10BF5000020EAC65F9D7886B896B200E77EF82F003
:10BF600007C00AF008C00BF0E9510A1803E1EA51D2
:10BF70000B1813E0E9510712EA5108120AC0E9F15F
:10BF80000BC0EAF1072804E1082802E115EF91F05F
:10BF9000556A566A549454965498071C526E081C5D
:10BFA000536E072809E1082807E154AA02D0549AE1
:10BFB0000000574A582A1200548052C002F053C061
:10BFC00003F0D4EC8AF0096E010E09642EEF87F0BD
:10BFD000548254BA2EEF87F0548A00002EEF87F077
:10BFE000000168AF0BD020EE31F02FD833D8FF0E10
:10BFF0006925676FFF0E6A21686F0ED020EE31F061
:10C0000024D8DE50675D6851800A6B6FDE50800A6D
:10C010006B5902E3676B686B20EE35F016D867C08A
:10C02000DFFF20EE2FF011D815D8D8906735D96EE4
:10C030006835DA6E6951D9266A51DA2210EE33F08A
:10C040006551E126665144EF1FF06551D9266651CE
:10C05000DA221200DECF69F0DDCF6AF0120020EEA6
:10C0600005F037D8010EDBAE09D0500EDE5CC90EEC
:10C07000DE5804E220EE38F02CD8DF8220EE05F006
:10C0800028D8DECF9CF0DDCF9DF0C0EC24F09CC022
:10C09000ACF09DC0ADF0ACC0A8F0ADC0A9F0000EF2
:10C0A000A9BFFF0EAA6FAB6F20EE07F012D8A8C091
:10C0B000DEFFA9C0DEFFAAC0DEFFABC0DEFF20EEC0
:10C0C00007F007D810EE0BF0A651E126A75144EF78
:10C0D0001FF0A651D926A751DA2212009D9AC80E48
:10C0E000656FB40E666F000E676F03EC93F09D985A
:10C0F000560E656F110E666F010E676F02EC93F0BE
:10C10000480E656E900EAB6E240EAC6E440EAF6E94
:10C11000D46A1E0E656F260E666F010E676F63ECA4
:10C1200091F0900E656F250E666F010E676F5CECE7
:10C1300091F0FA0E656F250E666F010E676F6AEC5F
:10C1400091F00101A06B4C6A4B6AFA0E4A6E496A83
:10C15000486A476A9D8A12008BC07FF08CC080F0CD
:10C160000AEC77F08BC07FF08CC080F08DC081F03E
:10C170008EC082F0836B0FEC4CF0000120EE03F0D8
:10C180008D51D9268E51DA22DF5004E12B0E916FAA
:10C19000240E03D0350E916F240E926F91C08FF054
:10C1A00092C090F08FC07AF090C07BF07C6B20EE54
:10C1B00021F00BD837EC3BF0EDEC8EF097EC5DF016
:10C1C00004D8DA22DF50C5EF90F08B51D9268C517C
:10C1D00012008AC037F28BC038F28CC039F28DC0A1
:10C1E0003AF28AC071F08BC072F08CC073F08DC0CF
:10C1F00074F0F40ED0EC74F0B1EC78F075EC20F043
:10C2000054EC62F07DC033F27EC034F27FC035F270
:10C2100080C036F202012F6B306B316B326B8EC0F7
:10C220005FF28FC060F290C061F291C062F24E0E78
:10C23000636FD30E646F000E656F010E0101B86F5E
:10C240005F0E00018A6F020E8B6F1200A6C08BF08A
:10C25000A7C08CF049EC2FF020EE05F02AD82ED89C
:10C2600001EC6EF020EE07F024D88BC0DEFF8CC00E
:10C27000DEFF8DC0DEFF8EC0DEFFA6C079F0A7C056
:10C280007AF088EC54F0000120EE07F012D8DECFEF
:10C290008BF0DECF8CF0DECF8DF0DECF8EF0F4ECC5
:10C2A0003FF020EE0BF005D88BC0DEFF8CC0DDFF29
:10C2B0001200A651D926A751DA221200DECF8BF048
:10C2C000DDCF8CF0120035D08F6B446A8A92939246
:10C2D000948A8E2B12008A82FCD78A92000E442404
:10C2E000D96EDA6A010EDA22D890DF3682BA09D026
:10C2F000000E4424D96EDA6A010EDA22FE0EDF1631
:10C3000008D0000E4424D96EDA6A010EDA22000E3B
:10C31000DB80010E8E6F8F2B070E8F65070C8F6BE6
:10C32000442A0D0E44640D0C8A92B9948E6BB2EFC0
:10C3300035F08E51C9E0010ACEE0030ACEE01200CA
:10C340002ED846EC79F068C09DF069C09EF00001DF
:10C350009D519E1104E123D8886F020E0ED025D87E
:10C36000590EDE5C020EDE58010ED8B0000E9C6F36
:10C370009C5105E114D8886F030E896F0DD015D834
:10C3800010EE2BF09D51E1269E5144EC1FF0D3ECB2
:10C390008BF005D8E8EC29F0490E77EF82F098C0D1
:10C3A000D9FF99C0DAFFDF50120020EE01F098515A
:10C3B000D9269951DA2212002AD835D867516A272E
:10C3C00068516B2320EE04F029D86A51DE5C6B5172
:10C3D000DE5801E2010C1BD826D820EE02F01ED850
:10C3E000DECF6CF0DDCF6DF06A516C256E6F6B5156
:10C3F0006D216F6F6951D96EDA6A6EC0DEFF6FC052
:10C40000DDFF05D86751DE266851DD22000C20EEE5
:10C4100006F06551D9266651DA2212006551D926F7
:10C420006651DA221200DECF6AF0DDCF6BF0120027
:10C430000101D76FD8902CD84AEC4BF0DECFDAF15F
:10C44000DDCFDBF12AD8DF50D96FD75105E025D8F1
:10C45000D90587EC7AF00AD0020ED91902E1D86B1F
:10C4600002D0020ED86F19D8D8C1DFFFDAC165F04B
:10C47000DBC166F0D9C167F061EC6EF0D3C1EAF0C0
:10C48000D4C1EBF0D5C1ECF0D6C1EDF0FCEF78F003
:10C49000AB35D96EAC35DA6E120020EE3AF0DA51D7
:10C4A000D926DB51DA2212000001866B876B886B7C
:10C4B000896B815182118311841129E0010E856FEE
:10C4C00006D0D8908137823783378437852B84AF65
:10C4D000F8D7D890863787378837893781517D5D7F
:10C4E00082517E5983517F598451805909E381518A
:10C4F0007D5F82517E5B83517F5B8451805B86814F
:10C50000D8908433833382338133852FE2D786C03A
:10C510007DF087C07EF088C07FF089C080F0120077
:10C52000766B74AF06D0736D741FD8B0742B010E88
:10C53000766F72AF06D0716D721FD8B0722B010E7C
:10C54000761B776B786B735174111BE0010E756F5E
:10C5500004D0D89073377437752B74AFFAD7D8904E
:10C56000773778377351715D7451725905E37351A0
:10C57000715F7451725B7781D89074337333752F08
:10C58000EED7765104E0776D781FD8B0782B77C05E
:10C5900071F078C072F01200100EAB5D270EAC592E
:10C5A000D8B01200AF6BB06BB16BB26BB36BAF0EA8
:10C5B000916F936B050E926F810E946F240E956FA1
:10C5C000ABC096F0ACC097F025EC55F0000009D058
:10C5D000B2C0B3F0B1C0B2F0B0C0B1F0AFC0B0F013
:10C5E000AF6B0001B351F4E0B46BB451B00FD96E2E
:10C5F000DA6AB451AD25E16E000EAE21E26EDFCFF6
:10C60000E7FFB42B030EB465F0D70000030C6751AD
:10C6100003E0696B692B02D00001696B2CD8693B80
:10C62000DF506919EF0B6919DF6E20EE4FF065518D
:10C63000D9266651DA22DFA0686B10D01CD8DF8AB9
:10C64000120019D8DF8C120016D8DF8A14D8DF8CBC
:10C65000120011D8DF9A0FD8DF9C12006851696F61
:10C660006A6B6A51F6E16951010AE8E0030AE9E000
:10C67000010AEAE0EED720EE3BF06551D92666517B
:10C68000DA22120000012DD8DFB6010CB9C0B0F0DB
:10C69000BAC0B1F0EAEC53F0000907E0B9C065F0A8
:10C6A000BAC066F03CEC84F018D020EE53F020D8ED
:10C6B000030EDB5009E1020EDB5006E1010EDB50F8
:10C6C00003E10F0EDE5C03E30CD8DF8606D020EE1C
:10C6D00053F00ED8E3EC17F0DE2203D8DFB6010CDE
:10C6E000000C20EE3BF0B951D926BA51DA221200E3
:10C6F000B951D926BA51DA22120001A202D098EF1C
:10C7000068F00251D96EDA6AC950DF6E022B030756
:10C71000D8A004070351041103E0C59AC588050C8D
:10C7200000851DC26EF022EE0BF001D80AD0050084
:10C73000FA6EDE50FD6EDE50FE6EDE50FF6EFA5079
:10C74000120000016F6F706B705102E094EF91F076
:10C750006F51010A02E194EF91F0030A02E18DEFBB
:10C7600091F0010A02E18DEF91F0070A94EF91F048
:10C770000101AEB9010C00016B6B22D06B51050DAC
:10C78000F3CF65F0F4CF66F065513C24676F6651D6
:10C790003D20686F020E6725696F000E68216A6F81
:10C7A00020EE02F06951D9266A51DA22DF50656F16
:10C7B0007E0E651704E001D002D0010E0BD06B2B6A
:10C7C00020EE2AF0B0EC3DF0DE506B5DD7E301D0F7
:10C7D000D5D7000E000901E0030CEEEC67F0DF5046
:10C7E00001E0020C000C675102E0675102E1655163
:10C7F00012006751D96EDA6A090ED926DE50DE10B2
:10C8000014E06751D96EDA6A090ED9266751E16ED4
:10C81000E26A020EE126DE50E65CE650800A6C6FAA
:10C82000DE50800A6C59D8B012006751D96EDA6AAE
:10C83000020ED926DF50686F6751D96EDA6ADF5071
:10C840006825D96EDA6A65C0DFFF6751D96EDA6A8A
:10C85000020ED926DE2A000EDD22000CE7EC67F07E
:10C86000DFA814D0E7EC67F0DF90E7EC67F0DF8437
:10C87000010120EE33F0AF51D926B051DA22DF8228
:10C88000E7EC67F0DF8CE7EC67F0DF980101972BAE
:10C8900097050001786F130E7865130C20EE2AF0CF
:10C8A000B0EC3DF00AEC6CF00DD8B0EC3DF0DF9050
:10C8B00087EC92F0E6EC1BF0000E45EC92F00101E3
:10C8C000976B12000101AE99AE9B20EE32F0120080
:10C8D000070EA21902E0956B010CD7C177F0D8C101
:10C8E00078F0D9C179F0DAC17AF0D8EC83F0000998
:10C8F00001E0010C8DEC42F0D56BD66B17D0D890CF
:10C90000D535D96ED635C0EC5BF0DECFBFF0DDCFCC
:10C91000C0F0D7C1C1F0D8C1C2F0D9C1C3F0DAC1EB
:10C92000C4F0D1EC3BF00001D54BD62B0101A9514D
:10C930000001D55DD651800AD46FF0EC75F0D45962
:10C94000DEE3010C716F010E0001726F020100B194
:10C9500030D000810001726B7151010ED8B4020E0B
:10C960000201096FC5809DB601D004D00001656B3E
:10C97000652B02D00001656B653116E31AD014D027
:10C98000000E0001656B666B9EB60CD001D00AD01C
:10C990009EA603D007D001D005D0850EE82EFED785
:10C9A0000000F6D773EC71F0020100B1E9D701D0B5
:10C9B000E7D7000172511200A4C0D9FFA5C0DAFF69
:10C9C000DE50DE1009E1860E00019C6F210E21D899
:10C9D0005B0E26D89DEC84F0000120EE02F0A451FD
:10C9E000D926A551DA22DE50DE1008E1AB0E9C6F8D
:10C9F000210E0FD85C0E14D89DEC84F0A4C03AF040
:10CA0000A5C03BF0A6C04DF2A7C04EF2A8C04FF2A1
:10CA100012009D6FA10E9E6F220E9F6FA16B1200E0
:10CA2000A06F040EA26F230EA36F1200020EE16F1F
:10CA300028D8DF500AE11BD8E04728D8FB0B2BD8B9
:10CA4000D3EC8BF00001E16B0AD01BD8DE0407E1C8
:10CA50000ED81CD8FD0B1FD871EC69F0F1D711D896
:10CA6000DF50886FE1C089F0440E77EF82F020EE4E
:10CA700001F0DE51D926DF51DA22DF50E06FE047C6
:10CA80001200DEC0D9FFDFC0DAFF12000101AE5193
:10CA90000001E0191200E0190101AE6F1200E90E69
:10CAA0000001736F030E746FA9EC6FF073C0E7F3AE
:10CAB00074C0E8F3050E0201A76120D0FCC2DFF1CB
:10CAC000FDC2E0F1FEC2E1F1FFC2E2F1E7C3E3F132
:10CAD000E8C3E4F1A751090DB70EF324D96E020E95
:10CAE000F420DA6E01D80AD00500FA6EDE50FD6E31
:10CAF000DE50FE6EDE50FF6EFA501200FCC2DFF117
:10CB0000FDC2E0F1FEC2E1F1FFC2E2F15DEF4BF0E8
:10CB1000D89048EC62F04AEC4BF0DECFDBF1DDCF91
:10CB2000DCF1DBC165F0DCC166F02AEC8BF00009BA
:10CB300001E11200010120EE35F0DB51D926DC5174
:10CB4000DA22DF50D325D96F000ED421DA6FDBC192
:10CB500065F0DCC166F0D9C167F0DAC168F0F0ECCD
:10CB60005FF0DBC1C0F0DCC1C1F04EEC3CF0D5C1E0
:10CB7000EAF0D6C1EBF0D7C1ECF0D8C1EDF0FCEF94
:10CB800078F00101D951D8B4120026D805E0D7C1F8
:10CB9000D9FF2AD8D8A4120020EE02F0D751D92606
:10CBA000D851DA22DFBA120017D804E10CD8010EEE
:10CBB00093EF87F0D7C1D9FF17D8D8A4120003D8B4
:10CBC000FF0E93EF87F0DAC1D3F1DBC1D4F1DCC102
:10CBD000D5F1DDC1D6F11200D7C1D9FFD8C1DAFF36
:10CBE000040EDE18DE101200D8C1DAFF080EDE18BF
:10CBF000DE10120020EE05F031D8DECF97F0DDCF49
:10CC000098F097C099F098C09AF0000E9ABFFF0E66
:10CC10009B6F9C6F20EE07F021D899C0DEFF9AC071
:10CC2000DEFF9BC0DEFF9CC0DEFFA6C08BF0A7C06E
:10CC30008CF020EE07F012D8DECF8DF0DECF8EF034
:10CC4000DECF8FF0DECF90F033EC66F020EE0BF00D
:10CC500005D88BC0DEFF8CC0DDFF1200A651D9269F
:10CC6000A751DA2212005E506B6F6C6B6BBF6C07C2
:10CC700020EE1FF08B51D9268C51DA22DECF6DF0D9
:10CC8000DDCF6EF081EC7EF06BC093F06CC094F061
:10CC9000D20E9325916F0A0E9421926F91C071F07C
:10CCA00092C072F0C1EC40F08DC075F08EC076F08D
:10CCB0008FC077F090C078F0B1EC78F0C7EC40F01E
:10CCC000D20E816F0A0E61EC40F0D4EC48F07DC0CA
:10CCD0008BF07EC08CF012009DC08BF09EC08CF05B
:10CCE0009FC08DF0A0C08EF059EC56F08BC0A5F01F
:10CCF0008CC0A6F06C6B010E6B6FA1519F5D6D6FC8
:10CD0000A251A0596E6F81EC7EF09B516B03F3CF63
:10CD1000A3F0F4CFA4F06C03F350A4279C516B0351
:10CD2000F350A427A351A527A451A623A5C08BF097
:10CD3000A6C08CF09FC08DF0A0C08EF065EC40F0D6
:10CD40008BC09BF08CC09CF0120000016F6B6B6B72
:10CD50006E6B1BD06E51050DF3CF67F0F4CF68F00A
:10CD600067516525696F685166216A6F020E6925F2
:10CD70006C6F000E6A216D6F19D8DE506F5D03E293
:10CD800015D8DF506F6F6B2B6E2B20EE2AF065519C
:10CD9000D9266651DA22DE506E5DDCE36B51D8B4E1
:10CDA000640C6F5101E1640C6F51120020EE04F02D
:10CDB0006C51D9266D51DA2212000001716F2EECF0
:10CDC00070F010D0338225D0338423D0338621D025
:10CDD00033881FD0338A1DD0338C1BD0338E19D0AB
:10CDE000338017D0000171516F6F706B7051F8E193
:10CDF0006F51F6E0010AE6E0030AE6E0010AE6E028
:10CE0000070AE6E0010AE6E0030AE6E0010AE6E0D6
:10CE1000E7D733C069F034C06AF035C06BF036C074
:10CE20006CF06EC06DF0ACEF8CF09F5127E19DC0AF
:10CE300065F09EC066F006EC8DF000091FE120EE63
:10CE400003F026D8DECF8BF0DDCF8CF020EE05F09E
:10CE50001FD8DECF8DF0DDCF8EF020EE11F018D888
:10CE6000DECF8FF0DDCF90F011EC3FF020EE05F03B
:10CE70000FD88BC0DEFF8CC0DDFF120020EE03F068
:10CE800007D810EE05F09D51E1269E5144EF1FF0AA
:10CE90009D51D9269E51DA2212006E6B2CD8DECF1E
:10CEA0006BF0DDCF6CF06B296F6F000E6C21706F33
:10CEB000694B6A2B15D01FD86F51DE5CDE50800A9B
:10CEC0006D6F7051800A6D5907E215D86FC0DEFF93
:10CED00070C0DDFF010E6E6F694B6A2B6F4B702BBC
:10CEE0006751695D6A51800A6B6F6851800A6B599E
:10CEF000E2E36E511200D8906935D96E6A35DA6E68
:10CF00006551D9266651DA2212000CD098C066F01D
:10CF100020EF42F098C066F058EF52F098C096F0BB
:10CF20001DEF86F0985126EC39F0DF50996F9A6B1F
:10CF30009A51D8A4020C9951320AF0E0010AEEE0AD
:10CF4000070AECE0010AEAE0030AE8E0010AE6E089
:10CF50000F0AE4E0040AE2E0010AE0E0030ADEE08E
:10CF6000010ADCE06F0AD2E0010AD4E0330AD6E01D
:10CF7000010AD8A4020CD2D72AD8DFA812002ED8D2
:10CF800010EE2CF03C50E1263D50E222DE50E65CF3
:10CF900014E3000E45EC92F01AD8DF8020EE2CF05E
:10CFA000B0EC3DF0DF6A13D8DF9420EE33F0B0EC44
:10CFB0003DF0DF900CD8DF9607D020EE33F0B0ECD8
:10CFC0003DF0DF8204D8DF8602D8DF98120020EE21
:10CFD0002DF03C50D9263D50DA2212003CC0D9FF3A
:10CFE0003DC0DAFF12007FC074F080C075F081C0D0
:10CFF00076F082C077F065EC81F014D07FC06FF0DE
:10D0000080C070F020EE3AF021D8DA22DF50716F44
:10D0100029EF80F001EC77F014D818D837EC3BF00A
:10D02000EDEF8EF020EE3AF011D8DA22DF50836F68
:10D03000846B8451EFE18351010AE0E0030ADEE0F2
:10D04000E9D7010E7C6F20EE21F0010C8151D92629
:10D050008251120033EC70F00000280E0001656F61
:10D06000030E29D810EC38F01FD89E0E7D6F050EE8
:10D070007E6F300E46EC6AF0340E0001656F030ED1
:10D080001AD810EC38F010D8860E7D6F050E7E6F22
:10D09000370E46EC6AF09B0E00017A6F020E7B6F32
:10D0A0002BEC3EF000001200010E7A6F5A0E7B6FDF
:10D0B000040E7C6F1200666F5A0E676F040E686F65
:10D0C0001200D6C0CEF0D7C0CFF0D8C0D0F0D9C0B3
:10D0D000D1F0DEC0D2F0DFC0D3F0E0C0D4F0E1C0C8
:10D0E000D5F0ACEC74F0D6C06FF0D7C070F0D8C0FB
:10D0F00071F0D9C072F094EC8DF0400E0001656FB4
:10D10000030E666FBC0E676F030E686F6A6B050EC9
:10D11000696FD8EC7CF0DAC040F3DBC041F3DCC0CF
:10D1200042F3DDC043F3400ED66F030ED76F1200FB
:10D1300002010251D96EDA6AC950DF6E022B030771
:10D14000D8A004070351041103E0C59AC588050C53
:10D1500000851DC20BF022EE0BF001D80AD00500AD
:10D16000FA6EDE50FD6EDE50FE6EDE50FF6EFA503F
:10D1700012000C6E0D6A0D5002E0C2EF92F00C50DE
:10D18000010A02E1C2EF92F0030A02E1BFEF92F05E
:10D19000010A02E1BFEF92F0070AC2EF92F0000E1F
:10D1A00046EC79F068C06EF069C06FF0020E46EC94
:10D1B00079F068C070F069C071F00001726B736B38
:10D1C000705171110EE07291729520EE38F070512D
:10D1D000D9267151DA22DFAC02D0728302D000016D
:10D1E00072936E516F110CE020EE38F06E51D9261B
:10D1F0006F51DA22DFAC02D0728702D00001729741
:10D2000072C06CF073C06DF0120020D8DFB2120053
:10D210001DD8DFB0120020EE13F023D810EE0BF073
:10D220001CD881EC46F022D803E210D8DF8412002B
:10D2300020EE0BF016D810EE15F00FD881EC46F06A
:10D2400015D8D8B0120002D8DF86120020EE38F0D0
:10D250006551D9266651DA2212006551E1266651E0
:10D2600012006551D9266651DA2212006B6FDE502A
:10D27000800A6B591200666B676B1BD0D8906635BD
:10D28000D96E6735C0EC5BF0DECF68F0DDCF69F0BA
:10D2900000011BD8DF9C19D8DF9A20EE3CF01CD887
:10D2A000DF9013D8DF9E20EE3CF016D8DF92664B5D
:10D2B000672B0101A9510001665D6751800A656F06
:10D2C000F0EC75F06559DAE3120020EE3BF068519E
:10D2D000D9266951DA2212006851D9266951DA2219
:10D2E0001200CCEC91F065C0DCF066C0DDF001010D
:10D2F000AEA31CD01FD8140EDE6EDD6A20EE25F022
:10D3000021D8010EDBBE06D0DB5013E1140EDE5C2B
:10D31000D8B0120020EE25F015D8140EDE6EDD6AAE
:10D32000DCC0C0F0DDC0C1F04EEF3CF003D8DE6AD7
:10D33000DD6A1200000120EE17F0DC51D926DD5124
:10D34000DA221200DC51D926DD51DA221200020164
:10D350002F510301EF5DF36F020130510301F059CA
:10D36000F46F020131510301F159F56F020132519D
:10D370000301F259F66F020133510301F35D02011B
:10D3800034510301F459020135510301F5590201E9
:10D3900036510301F65901E2010CA7EC92F00009A5
:10D3A00001E1010CEFC3D7F1F0C3D8F1F1C3D9F11A
:10D3B000F2C3DAF1E4EF6AF0736F0001735103E036
:10D3C000726B722B02D00001726B0101AE51000131
:10D3D0007219FE0B72190101AE6F0001746B756B4F
:10D3E00010D0D8907435D96E7535C0EC5BF0DECFB7
:10D3F00069F0DDCF6AF073C06BF01AEC50F0744B3B
:10D40000752B0101A9510001745D7551800A726F7D
:10D41000F0EC75F07259E5E387EC92F0040EFDEF45
:10D4200091F0B683040EFDEC91F0000E41EC7EF01D
:10D430000D0E00017A6F240E24D8EDEC8EF0010160
:10D44000B6A109D0170E00017A6F240E5DEC5DF0D5
:10D450007E6BEDEC8EF0870E00017A6F240E7B6FF1
:10D4600034EC3DF0EDEC8EF0000E0001656F65C010
:10D47000A7F20201A86BA96B070EADEC90F02AEFA2
:10D4800068F07B6F7C6B7D6B7E6B1200816F00019F
:10D49000846B7BC085F07CC086F07DC082F07EC04E
:10D4A00083F01DD085C0D9FF1FD8DE50E61812E0EA
:10D4B0007AC076F084C077F085C0D9FF86C0DAFFE5
:10D4C000DF50786F815113EC8CF085C0D9FF0CD8F8
:10D4D000DFCFE7FF842B824B832B854B862B170EE8
:10D4E0008465E0D70000170C86C0DAFF82C0E1FF38
:10D4F00083C0E2FF12006C6B29D8DECF69F0DDCF6C
:10D500006AF0FF0E69256D6FFF0E6A216E6F670767
:10D51000D8A0680768BF18D019D8DE506D5D6E516D
:10D52000800A6B6FDE50800A6B5907E20FD86DC01E
:10D53000DEFF6EC0DDFF010E6C6F6707D8A06807C5
:10D540006D07D8A06E07E6D76C511200D8906735EA
:10D55000D96E6835DA6E6551D9266651DA22120025
:10D56000E3C1D9FFE4C1DAFFDECFE5F1DDCFE6F1BB
:10D570008AEC49F0E5C167F0E6C168F065516719CA
:10D5800006E16651681901E002D0010E01D0000EDB
:10D590000009D8B412000101B695040EFDEC91F01B
:10D5A000DFC1DBF1E0C1DCF1E1C1DDF1E2C1DEF1BF
:10D5B00022EECFF00500FA6EDE50FD6EDE50FE6EFC
:10D5C000DE50FF6EFA50120024EC91F037C28AF060
:10D5D00038C28BF039C28CF03AC28DF0D7C18EF0D0
:10D5E000D8C18FF0D9C190F0DAC191F09BEC53F023
:10D5F00000090BE0D7C1D3F1D8C1D4F1D9C1D5F11D
:10D60000DAC1D6F1000E28EC75F0D7C1EAF0D8C126
:10D61000EBF0D9C1ECF0DAC1EDF0FCEC78F0D7C159
:10D620002FF2D8C130F2D9C131F2DAC132F2010C95
:10D6300097C095F098C096F0F5EC7AF09CAF09D0C1
:10D64000B00E995D3C0E9A59FF0E9B59FF0E9C59E6
:10D6500022E39CBF08D09C519B111DE1510E995DA6
:10D66000C30E9A5918E220EE39F09751D9269851F5
:10D67000DA22DF8099C059F09AC05AF09BC05BF063
:10D680009CC05CF097C08BF098C08CF049EC2FF0F8
:10D6900015EC92F0010C000C6A6B66AF06D0656D5C
:10D6A000661FD8B0662B010E6A6F68AF04D0676D35
:10D6B000681FD8B0682B6751681117E0010E696FB9
:10D6C00004D0D89067376837692B68AFFAD76751AD
:10D6D000655D6851665904E36751655F6851665B33
:10D6E000D89068336733692FF2D76A5104E0656DCB
:10D6F000661FD8B0662B65C065F066C066F0120084
:10D7000009EC92F065C0D9FF66C0DAFFDF50010175
:10D71000D76FD75101E0010CEAEC89F070C0D8F165
:10D7200071C0D9F1D8C1D9FFD9C1DAFFDFAC000C83
:10D73000010112D8DFB2000C0FD8DFA4000C9DEC61
:10D7400090F0D3C1EAF0D4C1EBF0D5C1ECF0D6C172
:10D75000EDF0FCEC78F0010C20EE02F0D851D92667
:10D76000D951DA221200696F000165516611671103
:10D7700017E06951030D0B0EF324D96E020EF4204D
:10D78000DA6E65C0DEFF66C0DEFF67C0DEFF1D0E1D
:10D790006925D96EDA6A020EDA2268C0DFFF12004C
:10D7A0006951030D0B0EF324D96E020EF420DA6ECC
:10D7B0001E0EDE6E250EDE6E010EDE6E1D0E69255E
:10D7C000D96EDA6A020EDA22DF6A1200000E45EC28
:10D7D00092F020EE2AF0B0EC3DF023D8DE50E618AF
:10D7E00001E102D0010E01D0000E000903E00101A9
:10D7F000AE89120020EE2AF0B0EC3DF00BD83CC010
:10D8000070F03DC071F0C3EC8BF00009D8A443EC7C
:10D810008CF012003CC0E1FF3DC0E2FFDFCFE7FF2C
:10D82000120010EE01F03C50E1263D50E2221200C1
:10D83000000169516A116B116C1123E0010E6D6FCB
:10D8400006D0D89069376A376B376C376D2B6CAF61
:10D85000F8D76951655D6A5166596B5167596C51CA
:10D86000685908E36951655F6A51665B6B51675B94
:10D870006C51685BD8906C336B336A3369336D2FAE
:10D88000E8D765C065F066C066F067C067F068C03D
:10D8900068F012001CD01EEC89F027D0A5EC5DF0DA
:10D8A00024D0D7C169F0D8C16AF0D9C16BF0DAC110
:10D8B0006CF058EC77F019D0D7C1CCF0D8C1CDF0CE
:10D8C000D9C1CEF0DAC1CFF01DEC4FF00ED0965199
:10D8D0000001D46FD56BD55108E1D451DCE0010AC9
:10D8E000DDE0030ADEE0010AE7E00101965101E014
:10D8F000000CE6EC1BF0010C000E41EC7EF0000188
:10D90000E76BE86B1ED0D890E735D96EE835C0ECF0
:10D910005BF0DECFE5F0DDCFE6F0E5C065F0E6C018
:10D9200066F02AEC8BF000090AE0E7C0D4F0E8C00A
:10D93000D5F0E5C0D6F0E6C0D7F004EC74F0E74BC4
:10D94000E82B0101A9510001E75DE851800AE46F6D
:10D95000F0EC75F0E459D7E32AEF68F0066E025058
:10D960000310041017E00650030D0B0EF324D96EBC
:10D97000020EF420DA6E02C0DEFF03C0DEFF04C038
:10D98000DEFF1D0E0624D96EDA6A020EDA2205C009
:10D99000DFFF12000650030D0B0EF324D96E020EAA
:10D9A000F420DA6E100EDE6E260EDE6E010EDE6ED6
:10D9B0001D0E0624D96EDA6A020EDA22DF6A120020
:10D9C0000501526B540E0001686F050E25D8280E14
:10D9D0006C6F04EC87F07C0E686F050E1DD8020E8C
:10D9E0006C6F04EC87F07E0E686F050E15D8060E7E
:10D9F0006C6F04EC87F0840E686F050E0DD8010E75
:10DA00006C6F04EC87F0050185918593520E00013F
:10DA1000706F050E716F1200696F6B6B6A6B6D6BC7
:10DA2000120072C074F073C075F070C0D9FF71C07D
:10DA3000DAFF74C0E1FF75C0E2FFDFCFE7FF7029B6
:10DA40001BD874EC83F020EE01F012D809D8040E34
:10DA5000702512D874EC83F020EE04F009D800D0C1
:10DA6000DA226AC0DEFF6BC0DEFF6CC0DEFF120090
:10DA70007451D926755112006A6F000E71216B6FB7
:10DA8000120072C069F073C06AF070C0D9FF71C033
:10DA9000DAFF69C0E1FF6AC0E2FF82EC7AF01CD8CD
:10DAA00010EE01F012D820EE02F016D810EE02F0BF
:10DAB0000CD820EE03F010D810EE03F006D820EEBC
:10DAC00004F00AD810EE04F000D06951E1266A5142
:10DAD000E222DFCFE7FF12007051D9267151DA221E
:10DAE0001200AD51D3250001F06FF05102E1010E9B
:10DAF00003D0080EF06501D0F06FF0C0ADF1F05129
:10DB000063EC92F0070EADEC90F001010CD8EDEC57
:10DB10008EF0D5C1EAF0D6C1EBF0D7C1ECF0D8C198
:10DB2000EDF0FCEF78F0AD51300F0201AF6FAC0EAD
:10DB300000017A6F020E7B6F7C6B020E7D6F7E6B35
:10DB4000020C4EEC8DF0706F716B705171190AE11F
:10DB5000030E461807E171C06DF06E6B070E57ECAF
:10DB600090F006D071C06DF06E6B020E57EC90F025
:10DB70007051711908E1030E461805E00DD8070E23
:10DB800057EC90F004D008D8020E57EC90F0712BAF
:10DB9000020E7165DAD7020C71C06DF0010E6E6F66
:10DBA000010C01A202D02FEF73F0008502D09E86F7
:10DBB000030C1DC26EF022EE0BF001D80AD0050056
:10DBC000FA6EDE50FD6EDE50FE6EDE50FF6EFA50D5
:10DBD000120000016F6F706B705102E0A9EF91F0BD
:10DBE0006F51010A02E1A9EF91F0030A02E1B0EFDF
:10DBF00091F0010A02E1B0EF91F0070AD8E0A9EF35
:10DC000091F08BC071F08CC072F0C1EC40F08DECE3
:10DC100020F0B1EC78F071C08FF072C090F073C05A
:10DC200091F074C092F08FC07DF090C07EF091C0F2
:10DC30007FF092C080F0200ED0EC40F0D4EC48F0A1
:10DC40007DC08FF07EC090F07FC091F080C092F0D8
:10DC50008FC08BF090C08CF091C08DF092C08EF090
:10DC60001200696F1AD0656B666B1200FF0E23D02D
:10DC700020EE3AF02FEC3DF0020EDE1802E1FE0E2F
:10DC80001AD0666B010E656F010C20EE3AF02FEC96
:10DC90003DF0020EDE18F5E0F2D700016951676F22
:10DCA000686B6851F2E16751010AE0E0030ADBE0CA
:10DCB000010ADEE0EAD74024656FFF0E4120666F5F
:10DCC0001200000120EE22F026D8DF50D8B4120056
:10DCD000020E671907E020EE3AF01DD8020EDE189A
:10DCE000D8A4120020EE25F016D8DECF69F0DDCFE3
:10DCF0006AF020EE23F00FD810EE25F06551E126F2
:10DD0000665144EC1FF020EE23F005D869C0DEFF19
:10DD10006AC0DDFF12006551D9266651DA22120071
:10DD2000020E811904E1930E826F240E0CD081053E
:10DD300004E1500E826F240E06D0030E811904E117
:10DD40004E0E826F240E836F8A0E7A6F240E7B6FC5
:10DD500021EC68F010D85DEC4CF0EDEC8EF082C058
:10DD60007AF083C07BF07C6B20EE21F004D837EC96
:10DD70003BF0EDEF8EF07F51D9268051120020EE5E
:10DD800033F027D8DECFCEF0DDCFCFF0C9C0A6F07C
:10DD9000CAC0A7F0CBC0A8F0CCC0A9F0DBEC5CF007
:10DDA000A6C0D0F0A7C0D1F0D0C0C4F0D1C0C5F09B
:10DDB00020EE03F0CE51D926CF51DA22DF50C66FC4
:10DDC00020EE21F006D8DF50C76FCDC0C8F08DEF30
:10DDD0008EF0C951D926CA51DA22120074C180F0DE
:10DDE00075C181F0D89001017435D96E7535DA6E40
:10DDF0007851D9267951DA22DECF82F0DDCF83F057
:10DE000082C073F083C074F0FAEC52F0000905E0B0
:10DE100082C07DF083C07EF01200B1EC8EF0000174
:10DE2000805101017419DEE1000181510101751970
:10DE3000D9E100017D6B7E6B1200746B756B70C055
:10DE400073F07351D96EDA6A71C0E1FF72C0E2FFFC
:10DE5000DFCFE7FF744B752B73296B6F74517125FE
:10DE60006C6F755172216D6F6BEC79F06B5174278B
:10DE70006C51752373519AEC52F074517125E16E17
:10DE800075517221E26EDFCFE7FF744B752B74C0C2
:10DE900070F075C071F012009BC08BF09CC08CF0CC
:10DEA0009DC08DF09EC08EF059EC56F08BC0A1F055
:10DEB0008CC0A2F0A1C079F0A2C07AF09DC07BF026
:10DEC0009EC07CF09FC07DF0A0C07EF0D3EC59F0E6
:10DED00079C0A1F07AC0A2F0A1C08BF0A2C08CF0F2
:10DEE0009DC08DF09EC08EF065EC40F08BC09BF025
:10DEF0008CC09CF012004AEC92F065C06CF066C0D9
:10DF00006DF069516C5D6A516D5905E369C06EF041
:10DF10006AC06FF004D06CC06EF06DC06FF0706BB3
:10DF2000716B0DD01DEC7FF06B6F70516725D96E52
:10DF300071516821DA6E6BC0DFFF704B712B6E512F
:10DF4000705D6F517159EEE36EC067F06FC068F09D
:10DF50001200EAEC89F070C077F071C078F077C0F9
:10DF6000D9FF78C0DAFFDECF79F0DDCF7AF001019A
:10DF700082510001791905E10101835100017A19EB
:10DF800002E0010E01D0000E766F79C082F17AC0F6
:10DF900083F17351741106E073C0D9FF74C0DAFFC6
:10DFA00076C0DFFF77C073F078C074F01200000E07
:10DFB00041EC7EF0AFEC7AF01CD0E0C0D4F0E1C0D0
:10DFC000D5F0E2C0D6F0E3C0D7F09DEC44F02AEFE4
:10DFD00068F0E0C0D6F0E1C0D7F0E2C0D8F0E3C00E
:10DFE000D9F0B6EC4BF02AEF68F0E3EC8BF02AEFB7
:10DFF00068F045500001E46FE56BE551F6E1E4514E
:10E00000010ADBE0030AE5E0F0D70001706F26D8D3
:10E010000CD034821FD034841DD034861BD0348879
:10E0200019D0348A17D0348015D0000170516E6F2A
:10E030006F6B6F51F8E16E51F6E0010AF4E0030AEC
:10E04000E8E0010AE8E0070AE8E0010AE8E0030A7C
:10E05000E8E0E9D73BEC80F0ACEF8CF0336A346A4F
:10E06000356A366A12005DAE05D00201895180EC36
:10E0700080F025D05D5023E05DA003D0000E36EC8B
:10E080008EF05DA203D0010E36EC8EF05DA403D0BD
:10E09000020E36EC8EF05DA603D0030E36EC8EF049
:10E0A0005DA803D0040E36EC8EF05DAA03D0050EF9
:10E0B00036EC8EF05DAC03D0060E36EC8EF05D6A69
:10E0C0001200886F0001885146EC79F068C089F031
:10E0D00069C08AF0000189518A11D8B41200060E75
:10E0E0008D6F8E0E8B6F8C6B8BC0D9FF8CC0DAFF5F
:10E0F00088C0DFFF89C065F08AC066F0CFEC57F0BA
:10E1000020EE01F08B51D9268C51DA2265C0DEFF5A
:10E1100066C0DDFF8D0EAAEC41F0C0EF55F0756BC7
:10E12000766B15D07051D96EDA6ADECF73F0DDCF21
:10E1300074F075517325D96E76517421DA6E75516C
:10E140007125E16E7651722114D8754B762B705182
:10E1500069EC2AF0DF50736F746B7351755D745105
:10E160007659E0E3705169EC2AF0DF50706F716B03
:10E170001200E26EDFCFE7FF12006A6B6B6B19D003
:10E18000D8906A35D96E6B35C0EC5BF0DECF68F0A5
:10E19000DDCF69F0000120EE41F06851D9266951C8
:10E1A00014D868C065F069C066F03CEC84F06A4B36
:10E1B0006B2B0101A95100016A5D6B51800A676FE9
:10E1C000F0EC75F06759DCE31200DA22DE6ADE6AF1
:10E1D000DE6ADD6A12009E96020100A70CD0C5BC63
:10E1E00001D003D0026A022A01D0026A023003E39E
:10E1F0000F0E0201096F02010951030D5F0EF32496
:10E20000F66E200EF420F76EF86A000EF82201D8A0
:10E210000DD00500FA6E0900F550FD6E0900F550AD
:10E22000FE6E0900F550FF6EFA5012000201096FF0
:10E230001200D76F030E0101D86FD751BFEC88F0E1
:10E2400065C0D9F166C0DAF10101DABF18D0DABFD2
:10E2500005D0DA5114E1080ED95D11E24EEC90F0D0
:10E2600065C0D3F166C0D4F167C0D5F168C0D6F1FE
:10E27000D95128EC75F0D3EC8BF00101D86B00017B
:10E28000886BD8C189F0410E77EF82F0AD51D3256C
:10E290000001F06FF05102E1010E03D0080EF065AD
:10E2A00001D0F06FF0C0ADF1F05163EC92F0070EC9
:10E2B000ADEC90F00101AD51300F0201F36FF00EA3
:10E2C00000017A6F020E5AEC5DF07D6F7E6BEDEC13
:10E2D0008EF0D5C1EAF0D6C1EBF0D7C1ECF0D8C1D1
:10E2E000EDF0FCEF78F001A202D0EBEF70F0DFEC84
:10E2F00092F0020100A706D01EEC90F003E30F0E8F
:10E300000201096F02010951030D5F0EF324F66E3D
:10E31000200EF420F76EF86A000EF82201D80DD016
:10E320000500FA6E0900F550FD6E0900F550FE6E0D
:10E330000900F550FF6EFA5012000201096F120039
:10E3400000018A6B8B0E886F896B88C0D9FF89C0EA
:10E35000DAFF010EDF6E20EE01F01AD8020EDF6E3A
:10E3600020EE02F015D8DF6A20EE03F011D8070E78
:10E37000DF6E20EE04F00CD8010EDF6E20EE05F00B
:10E3800007D8050EDF6E8A0EAAEC41F0C0EF55F0FB
:10E390008851D9268951DA221200896F00018951EA
:10E3A00046EC79F068C08AF069C08BF000018A51B0
:10E3B0008B11D8B41200080E8E6F8F0E8C6F8D6B80
:10E3C0008CC0D9FF8DC0DAFF89C0DFFF8AC066F03C
:10E3D0008BC067F069EC90F0886F20EE01F08C51F3
:10E3E000D9268D51DA2288C0DFFF8E0EAAEC41F0CB
:10E3F000C0EF55F0E0EC6CF070C0AFF171C0B0F15F
:10E400008F0E0101B16F020EB26F0001656B655195
:10E410000101B125D96E000EB221DA6EDF6800016C
:10E42000652B050E6565F3D701D0F1D7C06BC16BC5
:10E43000C26BC36B0101A251B2EC41F00101AE9974
:10E44000AE9B71EC69F00101B76BCCEF75F0ECC5D8
:10E45000EDF3EDC5EEF324C1EFF325C1F0F326C1D2
:10E46000F1F327C1F2F3050120EE04F018D8DA2207
:10E4700001D80AD00500FA6EDE50FD6EDE50FE6E49
:10E48000DE50FF6EFA5012000301FB6FFB51D8B44F
:10E490001200050120EE0BF002D878EF8BF0EC5162
:10E4A000D926ED5112006A6B6B6B665106E1FB0ECB
:10E4B000655D03E2696B010E09D06751D96EDA6AB6
:10E4C000FB0EDF6E6A4B6B2B696B020E686F0BD015
:10E4D00067516A25D96EDA6A65C0DFFF6A4B6B2B1C
:10E4E00066C065F0666B6807D8A069076829F0E127
:10E4F0006929EEE16AC065F06BC066F0120024D8AD
:10E50000DFA405D0900E656F240E666F12001CD834
:10E51000DFA605D08D0E656F240E666F120014D82D
:10E52000DFA805D0C30E656F230E666F12000CD8EE
:10E53000DFAA05D0C90E656F230E666F1200790E33
:10E54000656F240E666F120020EE38F06551D926F3
:10E550006651DA2212001DEC8FF065C071F066C0C2
:10E5600072F021D87151D9267251DA22DFAC04D071
:10E570000101B85101E0120016D810D8DFAE000E2C
:10E580006E6F20EE39F00AD8DFA2000E6F6F20EE1A
:10E5900039F004D8DFA0000EC5EF85F07151D926FF
:10E5A0007251DA22010C000120EE38F01200746B77
:10E5B000756B70C073F07351D96EDA6A71C0E1FF88
:10E5C00072C0E2FFDFCFE7FF744B752B73290ED8C3
:10E5D0006BEC79F013D87351040F08D86BEC79F019
:10E5E0000DD874C070F075C071F012006B6F74516B
:10E5F00071256C6F755172216D6F12006B5174270C
:10E600006C517523120021D825D81FD8DECF6BF0AE
:10E61000DDCF6CF06BC0D9FF6CC0DAFFDF6A20EE93
:10E6200002F00FD8DA2216D820EE04F00AD8DA2247
:10E6300069C0DEFF6AC0DDFF20EE06F002D814EFED
:10E640007AF06551D9266651120065C0D9FF66C0BF
:10E65000DAFF120067C0DEFF68C0DDFF12000201B2
:10E66000008502D09E86030C1DC20BF022EE0BF03B
:10E6700001D80AD00500FA6EDE50FD6EDE50FE6E47
:10E68000DE50FF6EFA5012000C6E0D6A0D5002E063
:10E69000EBEF92F00C50010A02E1EBEF92F0030A6B
:10E6A00002E1EDEF92F0010A02E1EDEF92F0070ACC
:10E6B000D9E0EBEF92F0000E41EC7EF00001E76B49
:10E6C000E86B17D0D890E735D96EE835C0EC5BF031
:10E6D000DECFE5F0DDCFE6F0E7C07FF0E8C080F008
:10E6E000E5C081F0E6C082F0F3EC67F00001E74B93
:10E6F000E82B0101A9510001E75DE851800AE46FB0
:10E70000F0EC75F0E459DEE32AEF68F002D0000087
:10E710001200995100017D6F7E6B7E51F8E17D51B1
:10E7200002E13FEF3DF0010A02E1E6EF8AF0030A61
:10E7300002E1E6EF6BF0010A02E143EF8CF0070A19
:10E7400002E12EEF64F0010A02E190EF89F0030A82
:10E7500002E1CDEF84F00E0A02E1BCEF67F0D7D7FB
:10E7600024D8DFA803D05EEC92F00BD01ED8DFAA2D
:10E7700003D0E5EC91F005D018D8DFAC000CEBEC41
:10E7800091F00001F06FF05103E0F4EC80F002D062
:10E7900083EC85F0D5C1EAF0D6C1EBF0D7C1ECF03F
:10E7A000D8C1EDF0FCEC78F0010CD3C1D9FFD4C195
:10E7B000DAFF1200000E41EC7EF00001E76BE86B1F
:10E7C00016D0D890E735D96EE835C0EC5BF0DECFD7
:10E7D000E5F0DDCFE6F0E7C0C9F0E8C0CAF0E5C07B
:10E7E000CBF0E6C0CCF0CDEC3AF0E74BE82B0101E2
:10E7F000A9510001E75DE851800AE46FF0EC75F083
:10E80000E459DFE32AEF68F0D4C074F0D5C075F0A6
:10E81000D6C076F0D7C077F065EC81F020EE33F00B
:10E82000D651D926D751DA22DECFD8F0DDCFD9F0B4
:10E83000D8C0D9FFD9C0DAFFDF5005EC70F0D6C0E0
:10E8400065F0D7C066F09EEC8AF00009D8B41200DB
:10E85000D6C0D2F0D7C0D3F0BBEF8CF00101B851D5
:10E8600006E1D4C0D2F0D5C0D3F0BBEC8CF00001EF
:10E8700020EE45F014D8DA22DF50D66FFF0ED625F1
:10E88000C46FC56BFF0EC5230ED809D802D88DEF13
:10E890008EF0DA22DF50C76F010EC86F010CD45121
:10E8A000D926D5511200020EC66F20EE21F0020CBF
:10E8B000756F000175511CEC4EF00009FAE0660E10
:10E8C0006A6F100E6B6F010E6C6F740E6D6F60ECE3
:10E8D0008FF0730E656F676B010E666F6BEC8FF0D8
:10E8E000260E00016A6F250E6B6F010E6C6F6D6B4B
:10E8F0006E6B55EC8FF0B6EC92F0E8EC8CF0E8061D
:10E90000FCE01200746B756B70C073F07351D96EBC
:10E91000DA6A71C0E1FF72C0E2FFDFCFE7FF744B3C
:10E92000752B735111D874517125676F7551722110
:10E93000686F0AEC84F0655174276651752374C0C2
:10E9400070F075C071F01200D96EDA6AD92ADECF84
:10E9500065F0DDCF66F01200CEC071F0CFC072F06E
:10E96000D0C073F0D1C074F0900E1AD8B1EC78F02A
:10E9700075EC20F054EC62F07DC03BF27EC03CF2BE
:10E980007FC03DF280C03EF20101966BD2C072F1B1
:10E99000D3C073F1D4C0F8F0D5C0F9F06CEF5EF0DD
:10E9A000756F010E766F776B786B010C00000000BD
:10E9B00000627220200000000000000042FC000005
:10E9C0000000C809017C73003AEC00C80901B45B7F
:10E9D00000447100801A0160D500B80C01C809011B
:10E9E0006492006212012E1101607200DA24014665
:10E9F00008015AB10062722020008404C9068951BE
:10EA0000D96EDA6ADECF69F0DECF6AF0DECF6BF066
:10EA1000DECF6CF0010E6D6FACEC8CF02AEC68F080
:10EA200000018951D96EDA6A0ED8060E00018B6F8B
:10EA3000130E8A6FAD0EE82EFED78A2FFCD78B2FD0
:10EA4000FAD700D01200DE6ADE6ADE6ADD6A1200E2
:10EA50000001F06F070EF06501D0F06FF051010179
:10EA6000A21901E11200D3C1C0F0D4C1C1F0D5C1D7
:10EA7000C2F0D6C1C3F00001F051B2EC41F0080E73
:10EA8000ADEC90F0D3C1EAF0D4C1EBF0D5C1ECF01D
:10EA9000D6C1EDF0FCEC78F087EC92F0040EFDEFBF
:10EAA00091F00FEC92F00009D8B4010CA0C067F00F
:10EAB000A1C068F04CEC8BF00009D8B4010CA0C0E8
:10EAC0008AF0A1C08BF0A2C08CF0A3C08DF0A4C0CE
:10EAD0008EF0A5C08FF057EC47F00009D8A4010CC8
:10EAE000A0C067F0A1C068F032EC46F0000901E177
:10EAF000010C000C01A202D0B5EF79F00097020ED4
:10EB00000A6F1FC26EF022EE11F001D80AD0050084
:10EB1000FA6EDE50FD6EDE50FE6EDE50FF6EFA5075
:10EB2000120000016F6F706B705102E0A9EF91F05D
:10EB30006F51020A02E1B0EF91F0010A02E1B0EF79
:10EB400091F0A9EF91F08B6F00018B5181EC8FF068
:10EB50000009D8B41200240E8C6F8D0E896F8A6B59
:10EB600089C0D9FF8AC0DAFF8BC0DFFFAE0E656FA8
:10EB7000010E666F8BC067F06FEC88F0886F20EE37
:10EB800001F08951D9268A51DA2288C0DFFF8C0E24
:10EB9000AAEC41F0C0EF55F0EFEC56F07B6B7C6BCC
:10EBA00014D0D8907B35D96E7C35C0EC5BF0DECFCD
:10EBB00079F0DDCF7AF0000120EE4FF07951D926BF
:10EBC0007A51DA22DF807B4B7C2B0101A9510001B5
:10EBD0007B5D7C51800A786F03D87859E2E312009C
:10EBE0000101AA51800A0001120001D80BD00500D2
:10EBF000FA6E02014A51FD6E4B51FE6E4C51FF6E92
:10EC0000FA50120065C024F166C025F167C026F1F4
:10EC100068C027F1EEEC6EF07DC0FCF37EC0FDF322
:10EC20000301FC51FD1101E11200FCC3ECF5FDC331
:10EC3000EDF527EC72F0B1EF8EF06E6B010E32EC59
:10EC400091F06E6B020E32EC91F06BEC87F065C0C8
:10EC50007AF066C07BF07BEC2EF0EDEC8EF00101DB
:10EC6000B6A108D059EC7FF080EC2EF034EC3DF0EA
:10EC7000EDEC8EF02AEC68F0020E0001656F65C0C5
:10EC8000A7F20201A86BA96B120069C070F06AC0FC
:10EC900071F01AD01DD86BC065F06CC066F0C9EC7D
:10ECA0008EF000016F6FDE506F1909E06BC065F0E8
:10ECB0006CC066F00DD8DF50676F63EC80F0000128
:10ECC0006B4B6C2B704B712B6D076D29E3E11200C0
:10ECD00070C0D9FF71C0DAFF12008AEC2BF000017E
:10ECE0007F6B890E7F2598EC81F0DF68830E7F258E
:10ECF000D96EDA6A020EDA22DF6A7F2B050E7F6593
:10ED0000F0D79E0E686F050E08D804EC87F0860ECB
:10ED1000686F050E02D804EF87F0696F6B6B800E89
:10ED20006A6F6D6B180E6C6F180CEFC3FCF2F0C3BA
:10ED3000FDF2F1C3FEF2F2C3FFF2090E0101A525B7
:10ED40000301F36F000E0101A6210301F46FF3C369
:10ED5000F6FFF4C3F7FF000EF86E01D8010C0500B2
:10ED6000FA6E0900F550FD6E0900F550FE6E0900BF
:10ED7000F550FF6EFA50120021D8DFA803D05EECE8
:10ED800092F00BD01BD8DFAA03D0E5EC91F005D0B0
:10ED900015D8DFAC000CEBEC91F00001F06FF051F6
:10EDA0000CE097EC8FF0D5C1EAF0D6C1EBF0D7C1FB
:10EDB000ECF0D8C1EDF0FCEC78F0010CD3C1D9FF38
:10EDC000D4C1DAFF12000ED0D4C0D2F0D5C0D3F037
:10EDD000A7EF87F016D821EC68F018D837EC3BF095
:10EDE000EDEF8EF020EE3AF011D8DA22DF50D66F38
:10EDF000D76BD751EFE1D651010AE6E0030AE4E010
:10EE0000E9D77D0E7A6F240E7B6F1200D451D9267C
:10EE1000D55112007FC065F080C066F0D2EC7AF068
:10EE200065C081F066C082F081C07AF082C07BF05C
:10EE300012EC4DF0EDEC8EF00DD87D6F7E6FEDECA9
:10EE40008EF0010E706F000ECDEC90F0010E706F21
:10EE5000CDEF90F06D0E7A6F240E7B6F010E7C6FFC
:10EE6000010C0001686B696B17D0D8906835D96EBA
:10EE70006935C0EC5BF0DECF65F0DDCF66F0C0EC4D
:10EE80007DF0676F470E6825D96E020E6921DA6E34
:10EE900067C0DFFF684B692B0101A9510001685D64
:10EEA0006951800A676FF0EC75F06759DEE3120074
:10EEB00069C03FF26AC040F26BC041F26CC042F2DE
:10EEC00011D801D80AD00500FA6EDE50FD6EDE5072
:10EED000FE6EDE50FF6EFA5012000CD8030E0101D8
:10EEE000966F030C000120EE03F0F851D926F9517A
:10EEF000DA22120067C06EF168C06FF11200FEECFA
:10EF00008BF004E1030E6A5DD8A012006A6B6B6B94
:10EF1000BB6B020EB96F1DEC8FF065C093F066C03D
:10EF200094F0CFEC87F093C097F094C098F095C020
:10EF300099F096C09AF097C06DF098C06EF099C0A5
:10EF40006FF09AC070F0010E43EF28F020EE1BF036
:10EF50001FD8DF5014E020EE19F01AD8DECF7BF076
:10EF6000DDCF7CF0320E7B25716F000E7C210BD83B
:10EF700090EC62F071C079F072C07AF012007A6B96
:10EF8000140E796F140C726F746B640E736F640CD3
:10EF90007951D9267A51DA22120000016D6B6E6B1D
:10EFA0001CD06D5166256A6F6E5167216B6F6AC008
:10EFB000F6FF6BC0F7FF000EF86E0F0EF76403D07C
:10EFC0000800F55002D082EC54F000016C6F6C51D7
:10EFD00029EC83F000016D4B6E2B68516D5D69511A
:10EFE0006E59DFE312008AEC32F020EE17F02FECBE
:10EFF0003DF0BBEC3CF0D5EC40F0A5C0B2F0A6C0B3
:10F00000B3F0B251B31103E1B06BB16B12004650D3
:10F0100003E0030E461805E1B2C0B0F0B3C0B1F092
:10F0200012004604F1E1B229B06F000EB321B16FB6
:10F030001200CCEC91F065C06BF066C06CF06BC058
:10F0400065F06CC066F08CEC8AF0000917E06BC0CC
:10F0500065F06CC066F09EEC8AF000090FE020EECF
:10F060000DF06B51D9266C51DA22010EDBBE010C7A
:10F07000DB5004E1140EDE5C01E2010C000C0FEC2D
:10F0800092F0000921E0A0C067F0A1C068F04CEC4C
:10F090008BF0000919E0A0C067F0A1C068F032EC65
:10F0A00046F0000911E0A0C08AF0A1C08BF0A2C018
:10F0B0008CF0A3C08DF0A4C08EF0A5C08FF064ECDE
:10F0C00043F0000901E0010C000C8CC08FF08DC0F2
:10F0D00090F001015A6B5B6B12D08BC079F08F0EF0
:10F0E00000017A6F8EC07BF07C6BCBEC14F00001DA
:10F0F000795101015A2700017A5101015B238FC028
:10F10000F6FF90C0F7FF5EEC80F0E7E15AC18BF0AC
:10F110005BC18CF0120020EE03F01ED8B8C0DEFFF9
:10F12000B9C0DDFF20EE1BF017D8BAC0DFFF20EE1C
:10F1300019F012D8BBC0DEFFBCC0DDFFB6C09DF029
:10F14000B7C09EF0BDC09FF015EC67F0B6C0AEF042
:10F15000B7C0AFF063EF51F0B651D926B751DA22FC
:10F160001200796B7A6B7B6B7C6B71A108D0755147
:10F17000792776517A2377517B2378517C23D89055
:10F180007537763777377837D8907433733372336F
:10F1900071337151721173117411E7E179C071F01B
:10F1A0007AC072F07BC073F07CC074F012001FD87C
:10F1B000DFA803D05EEC92F00BD019D8DFAA03D001
:10F1C000E5EC91F005D013D8DFAC000CEBEC91F03E
:10F1D0000001F06FF0510AE0D5C1EAF0D6C1EBF0C2
:10F1E000D7C1ECF0D8C1EDF0FCEC78F0010CD3C144
:10F1F000D9FFD4C1DAFF1200EAC0E0F0EBC0E1F0C1
:10F20000ECC0E2F0EDC0E3F0060E0101A52500011F
:10F21000EE6F000E0101A6210001EF6FEEC0F6FFB8
:10F22000EFC0F7FF000EF86E0500FA6E0900F5500A
:10F23000FD6E0900F550FE6E0900F550FF6EFA50A4
:10F24000120068BF09D065C065F066C066F067C08F
:10F2500067F068C068F0120065C069F066C06AF0C7
:10F2600067C06BF068C06CF0691F6A1F6B1F6C1F72
:10F27000692B000E6A236B236C2369C065F06AC09A
:10F2800066F06BC067F06CC068F0000C00016B6F3B
:10F2900018D0CCEC91F065C068F066C069F012003F
:10F2A00011EC8FF065C068F066C069F012001DECCB
:10F2B0008FF065C068F066C069F01200686B696B1A
:10F2C000120000016B51E5E0010AEAE0030AEFE0F9
:10F2D000010AEDE0F3D76E6B6F6B6B51D96EDA6A92
:10F2E00092EC88F06E516C25676F6F516D21686FDD
:10F2F0000AEC84F065516E2766516F236B5169ECFF
:10F300002AF06E516C25E16E6F516D21E26EDFCFF8
:10F31000E7FF6E4B6F2B6EC06BF06FC06CF012008E
:10F320006A6B6B6B675168111BE0010E696F04D04B
:10F33000D89067376837692B68AFFAD7D8906A37A3
:10F340006B376751655D6851665905E36751655FC5
:10F350006851665B6A81D89068336733692FEED74E
:10F360006AC065F06BC066F0120002010097020EE1
:10F370000A6F1FC20BF022EE11F001D80AD005006F
:10F38000FA6EDE50FD6EDE50FE6EDE50FF6EFA50FD
:10F3900012000C6E0D6A0D5002E0EBEF92F00C5073
:10F3A000020A02E1EDEF92F0010A02E1EDEF92F0C4
:10F3B000EBEF92F03CC09FF03DC0A0F01AD810EEE9
:10F3C00003F07EEC42F0E7509E6F13D8DECF9BF047
:10F3D000DDCF9CF00ED810EE64F07EEC42F0E750EA
:10F3E0009D6F9B0E986F85EC67F00009D8B4000004
:10F3F00012003AC0D9FF3BC0DAFF120065C0D9FF46
:10F4000066C0DAFF1AD820EE02F013D8DA2215D837
:10F4100020EE04F00ED8DA2269C0DEFF6AC0DDFFFC
:10F4200020EE06F006D800D0DA22010EDE6EDD6A8C
:10F43000000C6551D9266651120067C0DEFF68C016
:10F44000DDFF120002C006F003C007F004C008F0A0
:10F4500005C009F006C00AF007C00BF008C00CF0A8
:10F46000010E09A0000E0101906F905102E00C8E78
:10F4700001D00C9E083409300D6E0AC002F00BC09A
:10F4800003F00CC004F00DC005F0120001019E5104
:10F4900001E01200640E0001676501D0676F686BC0
:10F4A0000FD068516525D96E000E6621DA6E000E08
:10F4B0006825E16EE26A060EE222DFCFE7FF682BE5
:10F4C0006751685DEEE367C09FF1010E01019E6F19
:10F4D000010C72C074F073C075F070C0D9FF71C0B8
:10F4E000DAFF74C0E1FF75C0E2FF0CD87451D92671
:10F4F0007551DA2210EE01F07051E1267151E222CD
:10F50000E75005D0DFCFE7FF20EE01F01200010E3B
:10F51000D8B4000EDF6E120042C0A6F043C0A7F0C0
:10F52000C9C0A8F0CAC0A9F0DBEC5CF0A6C0CDF061
:10F53000A7C0CEF0CDC0C4F0CEC0C5F020EE33F0F1
:10F540004250D9264350ACEC33F07EEC42F0E75009
:10F55000C66FCBC0C7F0CCC0C8F08DEF8EF0CCEC3E
:10F5600091F0330E00016525D96E000E662109D891
:10F5700005EC70F01DEC8FF0330E0ED802D805EFBD
:10F5800070F0DA6EDECF71F0DDCF72F071C0D9FFAE
:10F5900072C0DAFFDF50120000016525D96E000E3F
:10F5A00066211200000118D87EEC42F0E650E61009
:10F5B00008E012D87EEC42F0E6CF65F0E5CF66F0C9
:10F5C000120020EE01F06551D9266651DA22DECF15
:10F5D00065F0DDCF66F0120020EE33F06551D926DC
:10F5E0006651DA2210EE01F0120039EC28F0010128
:10F5F00014D80EEC28F0000114D8DF9020EE38F07B
:10F600009551D9269651DA22DF9E0BD8DF9295C00C
:10F610008BF096C08CF049EF2FF0C56F9B0EC66F34
:10F620009B0C20EE39F09551D9269651DA22120022
:10F63000F00E0001656F1A0E666F010E676FBFC096
:10F6400068F0C0C069F0C1C06AF050EC8EF00BECFD
:10F6500038F0BB25676F000EBC21686FFB0EBD251F
:10F66000696FFF0EBE216A6F03EC73F00000000E9D
:10F67000BAEC80F01200000E46EC79F068C088F019
:10F6800069C089F0000188518911D8B412001A0E9E
:10F690008C6F8D0E8A6F8B6B8AC0D9FF8BC0DAFF9F
:10F6A000030EDF6E20EE01F08A51D9268B51DA224B
:10F6B000DF6A8C0EAAEC41F0C0EF55F0746B756BED
:10F6C00070C073F07351D96EDA6A71C0E1FF72C015
:10F6D000E2FFDFCFE7FF744B752B7351A4EC74F09E
:10F6E00074517125676F75517221686F0AEC84F04F
:10F6F000655174276651752374C070F075C071F040
:10F700001200746B756B70C073F07351D96EDA6A46
:10F7100071C0E1FF72C0E2FFDFCFE7FF744B752BD2
:10F7200074517125D96E75517221DA6E7351E16E83
:10F73000E26AE12AE75087EC7AF0744B752B74C0CB
:10F7400070F075C071F0120027EC92F065C0AFF058
:10F7500066C0B0F04FEC3BF0AFC0A4F0B0C0A5F075
:10F760007EEC7DF0ABC061F3ACC062F3ADC063F37F
:10F77000AEC064F3960E0301656F250E666F010E31
:10F78000676F610E0001AB6F030EAC6F1200045087
:10F79000021A076A086A02A00CD0D8900330066EDD
:10F7A0000230056E010E0518026EA00E0618036EDB
:10F7B00003D0D89003320232074A082A08BEEBD79A
:10F7C000085003E1080E075CE6E302C002F003C044
:10F7D00003F01200B06A9E0EB36E580EB26EB250B5
:10F7E000B3CF68F00001696B68C069F0686B68119D
:10F7F0000101886F000169510101896FA192A08206
:10F80000180E0001656F260E666F010E676F7FECA4
:10F8100091F0210EB16E210C696B6A6B70C068F0BB
:10F820006851D96EDA6A71C0E1FF72C0E2FFDFCFC2
:10F83000E7FF694B6A2B6851D96EDA6AD92A695198
:10F840007125E16E6A517221E26EDFCFE7FF694BED
:10F850006A2B69C070F06AC071F01200746B756B2E
:10F8600070C073F07351D96EDA6A71C0E1FF72C073
:10F87000E2FFDFCFE7FF744B752B7351D96EDA6A65
:10F88000D92A74517125E16E75517221E26EDFCF74
:10F89000E7FF744B752B74C070F075C071F01200E7
:10F8A000746B756B70C073F07351D96EDA6A71C086
:10F8B000E1FF72C0E2FFDFCFE7FF744B752B7329C6
:10F8C0006B6F745171256C6F755172216D6F6BEC9C
:10F8D00079F06B5174276C51752374C070F075C04A
:10F8E00071F01200746B756B70C073F07351D96E48
:10F8F000DA6A71C0E1FF72C0E2FFDFCFE7FF744B4D
:10F90000752B7351D96EDA6AD92A74517125E16E5B
:10F9100075517221E26EDFCFE7FF744B752B74C017
:10F9200070F075C071F01200696B6A6B70C068F09E
:10F930006851D96EDA6A71C0E1FF72C0E2FFDFCFB1
:10F94000E7FF694B6A2B6851D96EDA6AD92A695187
:10F950007125E16E6A517221E26EDFCFE7FF694BDC
:10F960006A2B69C070F06AC071F0120068C065F05F
:10F9700069C066F0C0EC7DF06B6F6A5110E06B51AE
:10F980000EE168C065F069C066F08CEC8AF0000991
:10F9900006E068C065F069C066F0F7EF8CF06B5167
:10F9A000D8B4120068C065F069C066F06EEF8BF0E5
:10F9B00020EE04F01AD8EE0EDE6E8D0EDE6E000E16
:10F9C000DE6E20EE0DF011D869C0DEFF6AC0DDFFEB
:10F9D00020EE0FF00AD867C0DEFF68C0DDFF20EE22
:10F9E00011F003D8DE6ADD6A12006551D92666512E
:10F9F000DA22120072C074F073C075F070C0D9FFC3
:10FA000071C0DAFF74C0E1FF75C0E2FFDFCFE7FF2E
:10FA10007029656F000E7121666FD2EC88F020EEC0
:10FA200001F07451D9267551DA2200D065C0DEFF8D
:10FA300066C0DDFF120068AF0DD0B00E655D3C0EF4
:10FA40006659FF0E6759FF0E685904E2030E010163
:10FA5000BA6F030C68BF0CD06851671105E1510EF5
:10FA6000655DC30E665904E3020E0101BA6F020C14
:10FA7000010E0101BA6F010C7E0E0001656F240EAC
:10FA8000666F010E676F86EC91F0F20E656F250EC2
:10FA9000666F010E676F7FEC91F0EE0E656F250EBD
:10FAA000666F010E676F78EC91F0EA0E656F250EB8
:10FAB000666F010E676F71EF91F067C06EF068C0FE
:10FAC0006FF065C06CF066C06DF010D06EC0D9FFED
:10FAD0006FC0DAFFDF506B6F6E4B6F2B6CC0D9FFBE
:10FAE0006DC0DAFF6BC0DFFF6C4B6D2B6907D8A0D0
:10FAF0006A076929EBE16A29E9E112000001A451D2
:10FB0000A5110DE1880E9C6F230E09EC65F0530ED4
:10FB1000A06F960EA26F230EA36F9DEC84F0A4C07D
:10FB20003CF0A5C03DF02C0E3C240001686F000E97
:10FB30003D200CEC6DF0060E6C6F04EF87F00001B9
:10FB40006D6B6E6B11D0D8906D35D96E6E35C0EC83
:10FB50005BF0DECF68F0DDCF69F0010E00016A6F67
:10FB6000B6EC7CF06D4B6E2B0101A95100016D5D6F
:10FB70006E51800A6C6FF0EC75F06C59E4E3120082
:10FB8000000113D8DFBC010C10D8DFBA010C20EE45
:10FB90003CF012D8DFB0010C08D8DFBE010C20EE1B
:10FBA0003CF00AD8DFB2010C000C20EE3BF06551AE
:10FBB000D9266651DA2212006551D9266651DA2219
:10FBC00012000101D251FDE0000E4D24D96EDA6A17
:10FBD000050EDA22DF50A16F650E4D24D96EDA6A68
:10FBE000060EDA22DF500001656F4D2A310E4D649A
:10FBF00001D04D6AA39A0101D207A38A0001655181
:10FC000012000DD079C071F07AC072F0746B0A0ED8
:10FC1000736F90EC62F071C079F072C07AF07B5132
:10FC20007D6F7C517E6F7B07000E7C5B7EBF04D0B6
:10FC30007E51E8E17D05E6E279C079F07AC07AF09C
:10FC40001200E3C1D9FFE4C1DAFFDECFE5F1DDCF79
:10FC5000E6F10001666B656BE5C167F0E6C168F02F
:10FC60006551671906E16651681901E002D0010E7D
:10FC700001D0000E0009D8B41200010E0201A76FD6
:10FC8000010C0001766FE1EC92F00101AD5163ECE3
:10FC900092F0010E6E6F0101A251DDEC66F08EEC68
:10FCA0008CF0F6EC8FF07FEC92F000EC90F003EC2F
:10FCB00092F0ECEC8FF0ABEC72F000017651C8EFF3
:10FCC0004EF0000120EE3BF017D8DFA212000DD855
:10FCD000DF5002E00AD8DF0608D8DF50D8A41200AF
:10FCE00020EE3BF009D8DF92120020EE45F065517E
:10FCF000D9266651DA2212006551D9266651DA22D8
:10FD000012000DD06BC065F06CC066F0686B0A0E17
:10FD1000676F6AEC89F065C06BF066C06CF06D517E
:10FD20006F6F6E51706F6D07000E6E5B70BF04D009
:10FD30007051E8E16F05E6E26BC06BF06CC06CF0EF
:10FD4000120019D8DFA803D05EEC92F005D013D8CA
:10FD5000DFAA000CE5EC91F00001F06FF0510AE031
:10FD6000D5C1EAF0D6C1EBF0D7C1ECF0D8C1EDF0C7
:10FD7000FCEC78F0010CD3C1D9FFD4C1DAFF12003A
:10FD8000D59CD76AD66AD650D7CF68F0696B68C061
:10FD900069F0686B68110201506F0001695102013E
:10FDA000516FF294F28A1A0E0001656F260E666F8B
:10FDB000010E676F86EC91F0970ED56E970C8D6AE9
:10FDC0008C6A896A8E6A8A6A020E8F6E400E8B6E0A
:10FDD0009668FE0E976E0F0E926E140E986EDD0EE4
:10FDE000936E9F0E946E2F0E956E0F0125690F0E68
:10FDF000246F010E236F538F538D010C67516811CF
:10FE000017E0010E696F04D0D89067376837692B07
:10FE100068AFFAD76751655D6851665904E3675169
:10FE2000655F6851665BD89068336733692FF2D796
:10FE300065C065F066C066F012004750FEE0000E37
:10FE40004824D96EDA6A080EDA22DF500101A06F69
:10FE5000000E4824D96EDA6A0C0EDA22DF50000157
:10FE6000656F482AF90E486401D0486A9D9A470692
:10FE70009D8A65511200696B65C0D9FF66C0DAFFC3
:10FE8000DECF67F0DDCF68F069516725D96E000ECF
:10FE90006821DA6E69510101B125E16E000EB221CF
:10FEA000E26EDFCFE7FF0001692B050E6965E4D73D
:10FEB000050C070E0101B36105D0B3C168F0000164
:10FEC000696B04D00001696B050E686F68C06AF049
:10FED0006AC0AAF26A51020DB00EF324D96E030E65
:10FEE000F420DA6EDECF65F0DDCF66F01200BD2BB8
:10FEF000000EBE23BF23C023C951CA1102E187EF00
:10FF000092F0C94BCA2BD10EC95D020ECA5902E24A
:10FF100087EF92F01DEC8FF0380ECCEC7AF0DA6EB1
:10FF2000DF8C2EEC46F087EF92F00001D56BD66B9C
:10FF30000ED0D890D535D96ED635C0EC5BF0DECF7B
:10FF4000AEF0DDCFAFF063EC51F0D54BD62B010115
:10FF5000A9510001D55DD651800AD46FF0EC75F03F
:10FF6000D459E7E3010C6B6F68C065F000016B5179
:10FF700076EC8FF06C6F6D6B09D8DF5002E006D81D
:10FF8000DF6A6D2B030E6D65F7D7030C6C516D2581
:10FF9000696F6A6B280E6925D96E030E6A21DA6EC5
:10FFA00012006B6B6C6B0ED0D8906B35D96E6C35C4
:10FFB000C0EC5BF0DECF65F0DDCF66F06EEC8BF071
:10FFC0006B4B6C2B0101A95100016B5D6C51800AD8
:10FFD0006A6FF0EC75F06A59E7E33BEF69F00101F5
:10FFE000AEA9000CEAEC89F070C079F071C07AF02B
:10FFF0000ED8DE500BE1DE04D8A4010C08D8DFB027
:020000040001F9
:10000000010C05D8DFB2010C0101AE8B010C79C0E7
:10001000D9FF7AC0DAFF12000101DC6FDCAF03D038
:10002000A251D8B41200DC51800A7F0F04E3070EFE
:10003000A21901E11200A251DC25DB6FD7C1D3F177
:10004000D8C1D4F1D9C1D5F1DAC1D6F1DB5128EF4D
:1000500075F0710504E0020E711901E012006FC025
:1000600065F070C066F071C067F0686BAEEC5EF072
:1000700002D8ACEF8CF033C069F034C06AF035C000
:100080006BF036C06CF0000E6D6F000C656F090EE2
:100090000001656109D0DE0E6525F66EF76A200E57
:1000A000F72207D8F5501200E60EF66E200EF76E16
:1000B00005D0F86A000EF82208001200000EF86E53
:1000C0000800F5501200000EF2BE010E686F665176
:1000D000030B636E65C062FF67C061FF7F9E7F9CFC
:1000E0007F84F29E550E7E6EAA0E7E6E7F827FB258
:1000F000FED77F9468B102D0F29E01D0F28E12003A
:1001000000017F6F17D80AD8F7EC87F00FD806D810
:10011000F7EC87F007D802D8F7EF87F07B6F7FC046
:100120007CF0180C9B0E00017A6F360C9B0E0001C0
:100130007A6F370C9B0E7A6F300C01A202D029EF38
:1001400085F000016E51D96EDA6A020ED926DF50B1
:10015000656F6E51D96EDA6ADECF66F0DDCF67F07B
:100160006BEC8FF000016A6B6B6B6C6B6D6B60EC12
:100170008FF0020C0001BA6FBA51B86FB96BB95168
:10018000D8A41200B85102E1A0EF71F0020A02E116
:1001900044EF41F0120A02E16AEF8DF0080A02E131
:1001A0007BEF90F0380A02E170EF5FF01200800EF2
:1001B0007C1B75C065F076C066F077C067F078C0CC
:1001C00068F079C069F07AC06AF07BC06BF07CC0DF
:1001D0006CF028EC1DF065C075F066C076F067C065
:1001E00077F068C078F01200466AD890010148ECB8
:1001F00062F04AEC4BF0DECF42F0DDCF43F08AEC08
:1002000032F020EE15F02FEC3DF0BBEC3CF0D5ECDD
:1002100040F0A5C080F1A6C081F144EC89F0FDEF6B
:1002200090F072C069F073C06AF070C0D9FF71C0FD
:10023000DAFF69C0E1FF6AC0E2FF82EC7AF0705138
:10024000D9267151DA2210EE01F06951E1266A5186
:1002500000D0E222DFCFE7FF120072C074F073C05B
:1002600075F070C0D9FF71C0DAFF74C0E1FF75C0CE
:10027000E2FFDFCFE7FF70296A6F000E71216B6F1D
:1002800074EC83F020EE01F07451D926755130EFF3
:100290006DF0666F330E0001662512D865B102D08D
:1002A000DF9001D0DF800001655105E0330E662547
:1002B00007D8DF941200330E662502D8DF841200BF
:1002C000D96EDA6A010EDA221200000174510101BE
:1002D000AB1911E1000175510101AC190CE174C0B9
:1002E0006EF075C06FF055EC84F076C072F077C098
:1002F00073F0FCEF89F076C072F077C073F00EEF08
:100300008AF0676F0001675146EC80F0676F686B99
:10031000890E68250DD86751DE1805E0890E68251D
:1003200007D867C0DFFF682B050E6865F1D7050C9D
:10033000D96EDA6A020EDA2212008BC07FF08CC00E
:1003400080F00AEC77F08BC07FF08CC080F08DC01D
:1003500081F08EC082F0010E836F0FEC4CF08BC0E9
:100360007FF08CC080F08DC081F08EC082F062EF93
:100370005DF06C6F6AC065F00001695140EC91F06E
:100380006B6F6C5146EC80F06C6F890E6B2598ECAE
:1003900081F06CC0DFFF5D0E676F6AC065F0695168
:1003A000D5EC81F0686FC6EF4FF0666F00016651C3
:1003B00006E1655101E1000C650512E1030C6605DB
:1003C00006E1655101E1010C65050AE1040C020E2C
:1003D000661906E1655101E1020C650501E1050CB4
:1003E000090C686F12D865B102D0DF9001D0DF80B0
:1003F0000CD866B102D0DF9201D0DF8206D867B197
:1004000002D0DF9401D0DF841200330E0001682592
:10041000D96EDA6A010EDA221200060000013200FB
:10042000142001000000000000000000049F2400D0
:100430001E00142001000000000000000000000069
:100440000001140014200100000000000000000062
:10045000030000001400F609010000000000000085
:100460000000020000001400760F010000000000F0
:1004700000000000010000001400F0110100000065
:10048000000000000000666F040E0001656513D0D7
:10049000E70E01019225F66EF76A200EF72259EC5D
:1004A00080F0F5CF67F0922B070E92179351000161
:1004B000671B6751661B6651120014D8DFA802D073
:1004C000010E04D00FD8DFAC000C020E456ED5C172
:1004D000EAF0D6C1EBF0D7C1ECF0D8C1EDF0FCECFE
:1004E00078F0010CD3C1D9FFD4C1DAFF12008A6FB2
:1004F0008AC08DF08E0E00018B6F8C6B8BC0D9FF84
:100500008CC0DAFF88C0DFFF20EE01F08B51D926C6
:100510008C51DA2289C0DFFF8D0EAAEC41F0C0EFCA
:1005200055F08AC088F38BC089F38CC08AF38DC0E4
:100530008BF3860E03018C6F0E0E8D6F010E8E6F86
:100540000E0E01016D6F100E6C6F880E00018A6F28
:10055000030E8B6F12000CD8DF6A0AD8DF8208D82E
:10056000DF8406D8DF8004D8DF8602D8DF88120057
:1005700067516525696F685166216A6F500E69255C
:10058000D96E000E6A21DA6E120009D07FEC77F086
:10059000010CA6EC4AF0010CF3EC8BF0010C01010C
:1005A000B9510001AF6FB06BB05107E1AF51010A13
:1005B000EDE0030AEEE0010AEFE0010C656F4F5039
:1005C000FEE0A3B803D065C01CFF0FD0A398970E20
:1005D0005124D96EDA6A060EDA2265C0DFFF512A8D
:1005E000310E516401D0516A4F06A388120008D021
:1005F00074C070F0ECEF29F074C070F07AEF34F052
:10060000745126EC39F0DF50756F766B7651D8A4B3
:10061000020C7551500AECE0010AD8A4020CECD788
:100620006B6B13D06B516825D96E000E6921DA6EA1
:100630006BC065F06B516825E16E000E6921E26EBA
:10064000E75043EC82F0DF6E6B2B6A516B5DEAE39F
:100650001200656F4A50FEE09DB803D065C0ADFF43
:100660000FD09D98000E4C24D96EDA6A0B0EDA2258
:1006700065C0DFFF4C2AF90E4C6401D04C6A4A0673
:100680009D881200796F640E0001796501D0796F41
:100690007951080DF3CF71F0F4CF72F0746B640EE2
:1006A000736F90EC62F071517A6F7A5102E1010E32
:1006B0007A6F7A51120072C069F073C06AF070C02C
:1006C000D9FF71C0DAFF69C0E1FF6AC0E2FF82ECC6
:1006D0007AF07051D9267151DA2210EE01F0695189
:1006E000E1266A5129EF81F06AC065F06BC066F0BF
:1006F000D2EC88F065C06DF066C06EF020EE02F0BE
:100700006A51D9266B51DA22DF506F6F6DC06AF0E3
:100710006EC06BF06FC06CF01200AD29A46F000EBC
:10072000AE21A56FA76B030EA66FB10EA86F85EC67
:1007300057F0AFC0D9FFB0C0DAFFA4C0DEFFA5C03C
:10074000DDFFB1C0ADF0B2C0AEF012000001886FA5
:10075000710E8B6F8C0E896F8A6B89C0D9FF8AC02E
:10076000DAFFDF6A20EE01F08951D9268A51DA22B8
:1007700088C0DFFF8B0EAAEC41F0C0EF55F0FCC241
:1007800073F0FDC274F0FEC275F0FFC276F0EFECBC
:100790007FF0000901E01200FCC2DDF1FDC2DEF1D4
:1007A000FEC2DFF1FFC2E0F125EC19F0DDEF33F01E
:1007B000AEB704D083EC92F000090DE0010E956F06
:1007C00077C06EF078C06FF079C070F07AC071F0C9
:1007D00072EC4EF0010C955103E0956B9FEC7DF0AF
:1007E000000C67C06CF068C06DF010D069C065F097
:1007F0006AC066F0C9EC8EF06CC0D9FF6DC0DAFF3C
:10080000DF6E0001694B6A2B6C4B6D2B6B076B29FC
:10081000EDE11200696B6A6B67C0D9FF68C0DAFF4F
:1008200065C0DFFF694B6A2B69516725D96E6A5134
:100830006821DA6E66C0DFFF694B6A2B69C065F01C
:100840006AC066F01200B9B4000C65C0D9FF66C07A
:10085000DAFF62C1DEFF63C1DDFF67C0D9FF68C098
:10086000DAFF60C1DEFF61C1DDFF69C0D9FF6AC088
:10087000DAFF91C1DFFF010C20EE3BF012D8DA2243
:10088000DF9620EE53F00DD8E5EC70F020EE0DF081
:1008900008D8DA2210EE57F06551E126665144EF90
:1008A0001FF06551D9266651120006D0348E11D042
:1008B00035820FD035880DD06EC070F06FC071F0EA
:1008C0000001715106E17051F1E0010AF1E0030A03
:1008D000F1E03BEC80F0ACEF8CF068C065F069C0F3
:1008E00066F08CEC8AF00009D8B4120020EE4FF0CC
:1008F00007D8DFA4120020EE3CF002D8DF821200FD
:100900006851D9266951DA22120068C065F069C0C1
:1009100066F08CEC8AF00009D8B4120020EE4FF09B
:1009200007D8DFA2120020EE3BF002D8DF8E1200C3
:100930006851D9266951DA221200F40E916F210E06
:10094000926F9CC093F09DC094F09EC095F09FC0A4
:1009500096F0A2C097F0A3C098F0A0C099F0A1C0F3
:100960009AF08CEC8FF068EF92F01224F423F923C4
:10097000FE2303240824C8D50094D8002AFF0002CF
:10098000B700D0C800942401F6DE009AEF000E25CF
:10099000019604DA05C805B605FF20EE32F0B0EC8A
:1009A0003DF0DF900101AE9BAE99E7EC67F0DF9080
:1009B000E7EC67F0DF84E7EC67F0DF86E7EC67F0F1
:1009C000DF98080E45EF92F0010E0001656F65C0DB
:1009D000A7F2DBC1D3F1DCC1D4F1DDC1D5F1DEC1B9
:1009E000D6F1C6EC89F00201A86BA96B0101B693A0
:1009F000040EFDEF91F08BC071F08CC072F0C1EC71
:100A000040F0BC0E756F020E766F776B786BB1ECB1
:100A100078F071C08BF072C08CF073C08DF074C030
:100A20008EF012008AC07BF38BC07CF38CC07DF308
:100A30008DC07EF38A0E03017F6F050E806F010E5D
:100A4000816F0101B96B7B0E00018A6F030E8B6F02
:100A500012000B50D96EDA6A020ED926DF50026EF0
:100A60000B50D96EDA6ADECF03F0DDCF04F0C3ECB1
:100A70008FF0076A086A096A0A6AB8EC8FF0020CFC
:100A8000A19288C102F089C103F0DAEC8DF0010176
:100A9000365137113811D8B412000500FA6E3651AC
:100AA000FD6E3751FE6E3851FF6EFA501200010193
:100AB00020EED2F0BCEC3BF0DF8220EED2F0BCECBA
:100AC0003BF0DF8020EECEF0BCEC3BF0DF6A20EEA6
:100AD000C9F0BCEC3BF0DF6A12000001986F98513E
:100AE00042EC83F0996F99C0ADF1D3EC8BF000012B
:100AF000886B896B420E77EC82F0995163EC92F02F
:100B0000070EADEF90F0020E466403D0466AFDEF8B
:100B100090F0020E46180AE120EE22F02FEC3DF094
:100B2000DF50F4E0030E466EFDEF90F0462AFDEF35
:100B300090F083EC92F00009D8A4120011EC6AF056
:100B4000690E0101A56F210EA66FD3C1EAF0D4C1D1
:100B5000EBF0D5C1ECF0D6C1EDF0FCEF78F087EC0E
:100B600092F00ED8ADEC90F033EC70F0D3C1EAF017
:100B7000D4C1EBF0D5C1ECF0D6C1EDF0FCEF78F0CC
:100B8000A3C1A5F1A4C1A6F1080C706F00017051BA
:100B900001E0358E6E5101E0358C6F5101E0358AF0
:100BA000705105E16E5103E16F51D8B412003BEC76
:100BB00080F0ACEF8CF0000120EE3BF00DD8DF8030
:100BC00020EE3DF009D867C0DEFF68C0DEFF69C0D7
:100BD000DEFF6AC0DEFF12006551D9266651DA22B7
:100BE000120065C078F166C079F167C076F168C01F
:100BF00077F16DC04AF26EC04BF26FC04CF201014A
:100C0000746B756B246B256B266B276B12000001D0
:100C100020EE3BF00DD8DF9020EE41F009D867C000
:100C2000DEFF68C0DEFF69C0DEFF6AC0DEFF1200C3
:100C30006551D9266651DA2212009651A5EC2AF0A8
:100C40007EEC42F0E750976F050E97279651D96ECC
:100C5000DA6ADECF88F0DDCF89F097C08AF0E8EC61
:100C60008DF0000C01019951D8A4120020EE2BF058
:100C7000B0EC3DF0DF50D8A4120020EE2BF0B0EC29
:100C80003DF002D845EF92F0010EDF6E020C696B69
:100C90006A6B6B6B0AD06A516525D96E6B51662100
:100CA000DA6EDF50691B6A4B6B2B67516A5D6851C6
:100CB0006B59F1E369511200D1EC92F0010193EC10
:100CC0006DF0EDEC8EF0070EADEC90F02AEC68F0D4
:100CD0000201A86BA96B040E0001656F65C0A7F245
:100CE00012000101B85111E003EC92F0000901E09B
:100CF000010C0101AEA1000C67C065F068C066F090
:100D0000CAEC8CF0000901E0010C000CD4C07FF0AB
:100D1000D5C080F00AEC77F0D4C065F0D5C066F09D
:100D20009EEC8AF00009D8B41200D4C0D2F0D5C02D
:100D3000D3F0BBEF8CF065C067F066C068F002D0FE
:100D4000654B662B65C0F6FF66C0F7FF5EEC80F072
:100D5000F7E16751655D656F68516659666F12000E
:100D6000F28A0000F29AD6CF0EF1D7CF0FF121EE22
:100D700010F01CC1DEFF1DC1DEFF1EC1DEFF1FC162
:100D8000DEFFF2B4EDD7F28A1200686B696B705126
:100D9000D96EDA6ADF50010ED8B4000E71C0D9FFE7
:100DA00072C0DAFFDF6E684B692B68C070F069C0F3
:100DB00071F0120000010CD8DF900AD8DF9208D839
:100DC000DF9406D8DF9604D8DF9802D8DF9A1200A5
:100DD00020EE38F06551D9266651DA2212008AC019
:100DE00052F28BC053F28CC054F28DC055F22A0ED1
:100DF0000201566FED0E576F000E586F520E000134
:100E00008A6F020E8B6F120068C06EF069C06FF0BF
:100E100008D06EC0D9FF6FC0DAFF6AC0DFFF6E4B2B
:100E20006F2B6C07D8A06D076C29F3E16D29F1E1F8
:100E30001200320E4F6010D0970E5024D96EDA6A2D
:100E4000060EDA22DF500F011C6F502A310E50645B
:100E500001D0506A4F2A1200A3981200554A562A10
:100E6000565003E1280E555C01E35484565003E1CB
:100E7000780E555C01E35486900E555C010E565871
:100E8000D8B054881200040001016C07D8A06D0787
:100E90006C2908E16D2906E10E0E6D6F100E6C6F66
:100EA00077EC7FF0A5EC90F061EC8CF0010C000188
:100EB00020EE01F00BD8DECF69F0DDCF6AF020EE36
:100EC00003F004D8DF506B6F8DEF90F06C51D92692
:100ED0006D51DA2212008AEC2EF0AB6FAB5105E1B6
:100EE000690E0001686F240E04D0840E0001686F43
:100EF000240E696F68C065F069C066F012007FEC6F
:100F000092F00001F06FF051010ED8A4000EDCEC5D
:100F100069F0D3C1EAF0D4C1EBF0D5C1ECF0D6C191
:100F2000EDF0FCEF78F00001F06FD9EC92F00001E9
:100F3000F025F16FF151E5EC88F0D3C1EAF0D4C1AE
:100F4000EBF0D5C1ECF0D6C1EDF0FCEF78F0D2C0FB
:100F5000C9F0D3C0CAF020EE25F0D251D926D35122
:100F600004D8010ECD6FBFEF6EF0DA22DECFCBF0EA
:100F7000DDCFCCF012008BC071F08CC072F0C1ECF0
:100F800040F0F40ED0EC74F0B1EC78F071C08BF05E
:100F900072C08CF073C08DF074C08EF0120000012E
:100FA00020EE03F09351D9269451DA225EEC61F0E1
:100FB00001EC6EF08BC093F08CC094F08DC095F076
:100FC0008EC096F01200E1EC92F05D0E00017A6F97
:100FD000240E07EC4DF0EDEC8EF0ED0E7A6F230E43
:100FE0007B6F12EC4DF0EDEC8EF02AEF68F07D6F28
:100FF0007DC07EF00AD0400E766F7EC077F07CC058
:1010000078F07B5113EC8CF07E2B00017E517A5DE1
:10101000F2E20000120001A202D0A2EF8DF06EC039
:1010200065F00001676B020E666F6BEC8FF00001DC
:101030006A6B6B6B6C6B6D6B60EC8FF0020C01A2DA
:1010400002D0B0EF8DF06EC065F00001676B010E4D
:10105000666F6BEC8FF000016A6B6B6B6C6B6D6B8A
:1010600060EC8FF0020C01A202D0BEEF8DF06EC0DA
:1010700065F00001676B010E666F6BEC8FF000018D
:101080006A6B6B6B6C6B6D6B60EC8FF0040C01A288
:1010900002D0CCEF8DF06EC065F00001676B020EE0
:1010A000666F6BEC8FF000016A6B6B6B6C6B6D6B3A
:1010B00060EC8FF0040C6A6B6551661109E020EE5C
:1010C00046F06551D926665105D802E0010E6A6FD7
:1010D0006A511200DA22DE50DE10DE10120008D053
:1010E0000DD8DFB4010C000C09D8DFB2010C000CE4
:1010F0006751F6E0010AD8A4000CF6D765C0D9FF05
:1011000066C0DAFF12007051D96EDA6A0BD871C06E
:1011100067F072C068F00AEC84F065C070F066C0D9
:1011200071F01200DECF65F0DDCF66F01200F251F3
:1011300001015D6F5C6B0001F35101015C13060E50
:1011400007D805EC8FF05CC167F05DC168F0120054
:101150000001656F0A0CFA0E4A600FD0000E4B2496
:10116000D96EDA6A0B0EDA22DF50AD6E4B2AF90E19
:101170004B6401D04B6A4A2A12009D98120000016C
:10118000676F0AD0656B666B1200666B070E656F42
:10119000070C65696669120000016751F3E0010AF6
:1011A000F4E0F7D765C0D9FF66C0DAFFDF50676F9C
:1011B00020EE01F06551D9266651DA22DF50686FC2
:1011C0006751656F68C066F01200656F0001655178
:1011D000800A850F03E2FB0E5E6EFB0C6551800AF0
:1011E0007A0F03E3050E5E6E050C65C05EF012001B
:1011F0000A0E8B03F3CF8FF0F4CF90F08C03F350F3
:1012000090278FC08BF090C08CF0000E8CBFFF0E2B
:101210008D6F8E6F1200B0EC86F00EC169F00FC1B9
:101220006AF010C16BF011C16CF069C065F06AC062
:1012300066F06BC067F06CC068F0120072C1D9FF35
:1012400073C1DAFF01D80AD00500FA6EDE50FD6ED8
:10125000DE50FE6EDE50FF6EFA501200010EE5EF1A
:101260005DF00001F25101015F6F5E6B0001F3510F
:1012700001015E13360EA8EC88F005EC8FF05EC11C
:1012800067F05FC168F0120042C0B0F043C0B1F037
:101290006C0EB26F020EB36F740EB46F020EB56FA8
:1012A000E8EC36F0B0C040F0B1C041F01200899EC9
:1012B000899C000120EE3AF06B51D9266C5103D87D
:1012C000000EADEF8FF0DA22DE04010ED8A4000E7E
:1012D000696F120065516703F3CF69F0F4CF6AF0CC
:1012E00065516803F3506A2766516703F3506A2714
:1012F00069C065F06AC066F01200845083CF0CF0BC
:101300000D6A0CC00DF00C6A0C100E6E0D500F6EB5
:10131000FE0E0F120EC007F00FC008F0B0EF5FF026
:1013200087EC92F0E6EC1BF020EE2AF0B0EC3DF0FA
:101330000AEC6CF062EC64F0B0EC3DF0DF90000E73
:1013400045EF92F00001696B0BD069516625D96EAB
:10135000000E6721DA6EDF50DEEC82F00001692BAF
:101360006851695DF2E31200A6C36CF0A7C36DF08B
:1013700082C06EF083C06FF084C070F085C071F0E1
:1013800086C072F087C073F0A3EF30F087EC92F064
:10139000C0EC85F0ADEC90F033EC70F0D3C1EAF026
:1013A000D4C1EBF0D5C1ECF0D6C1EDF0FCEF78F094
:1013B00020EE22F02FEC3DF0DF50D8A4120020EEFA
:1013C00025F02FEC3DF010EE23F04250E126435083
:1013D00044EF1FF07C0E0001656F020E666F520E27
:1013E000676F686B6A6B070E696F5DEC7DF07C0E52
:1013F000706F020E716F12000001706B07D8C5ECA0
:1014000090F0010E706F02D8C5EF90F020EE21F041
:101410007251D9267351DA22DF5012000001706B2D
:1014200007D8CDEC90F0010E706F02D8CDEF90F0A0
:1014300020EE21F07251D9267351DA22DF501200CA
:10144000BDEC8EF0DFEC7EF01BEC92F044EC8AF009
:1014500032EC8AF0EAEC7BF0C0EC7EF06EEC60F0EF
:10146000E8EF5DF0F90E376F386BBA98B988140E53
:101470000001656F260E666F010E676F71EC91F0CB
:101480007C0E0F01366F7C0CF90E3A6F3B6BBA94F1
:10149000B984160E0001656F260E666F010E676F28
:1014A00078EC91F07C0E0F01396F7C0C676F0001B6
:1014B0006751656F666B6651D8A4000C6551D8B44E
:1014C000000C010AD8B4010C030AD8B4020C000CB9
:1014D000676F00016751656F666B6651D8A4020C97
:1014E0006551D8B4000C060AD8B4030C010AD8B46C
:1014F000010C020C736B746B7051D96EDA6A71C097
:10150000E1FF72C0E2FFDFCFE7FF734B742B73C0C4
:1015100070F074C071F01200000109D8DE04D8B474
:10152000010C05D8020EDE1801E1010C000C20EEC2
:101530003AF06551D9266651DA221200000120EEF8
:1015400038F06551D9266651DA22DECF67F0DDCF5B
:1015500068F067A167B3000C67A767B5000C010CC2
:101560008F90000120EE3AF06B51D9266C5103D8D0
:10157000000EA2EF8FF0DA22DE04010ED8A4000ED6
:10158000696F12008F96000120EE3AF06B51D92658
:101590006C5103D8000E32EF90F0DA22DE04010E17
:1015A000D8A4000E696F1200066A0BD0FF0E022449
:1015B000046EFF0E0320056E04500216055003163C
:1015C000062A02500310F2E10650120057EC85F093
:1015D00050EC27F0ACEC33F07EEC42F0500EE76EAE
:1015E00088EC26F0000E45EC92F029EF8FF020EE0B
:1015F00001F06551D9266651DA22DF50676F01018B
:10160000B65100016719FE0B67190101B66F120090
:1016100072C0D9FF73C0DAFF70C0DEFF71C0DDFF9A
:1016200020EE02F07251D9267351DA227AC1DFFF1F
:101630001200280E686F030E696F6B6B6A696D6B21
:10164000180E6C6F04EC87F002019B699C699D6920
:101650009E691200000120EE31F06551D9266651D5
:10166000DA22010EDBBE000CDB5003E1020EDE5C71
:10167000D8B0010C000C0001655102019B13000160
:10168000665102019C130001675102019D13000184
:10169000685102019E13120067C065F068C066F0D1
:1016A000C0EC7DF0000908E120EE3BF06751D9263F
:1016B0006851DA22DFA2010C000C995106E197C0B3
:1016C00095F098C096F0F5EC7AF0030E0101B96F31
:1016D00099C0BCF16A6B6B6B87EF92F0000120EE52
:1016E0003BF009D8DA22DF9220EE45F004D800D092
:1016F000DA22DF6A12006551D9266651120020EE07
:101700004FF06B51D9266C51DA22DF826BC065F045
:101710006CC066F06DC067F06EC068F0ABEF82F031
:10172000BA98010139513A113B11D8B412000500A1
:10173000FA6E3951FD6E3A51FE6E3B51FF6EFA5012
:101740001200BA9401013C513D113E11D8B412006F
:101750000500FA6E3C51FD6E3D51FE6E3E51FF6E2E
:10176000FA501200F29401013F5140114111D8B4D6
:1017700012000500FA6E3F51FD6E4051FE6E415160
:10178000FF6EFA50120070C065F071C066F0A5ECF3
:1017900066F0726F0101EE510001721903E072C030
:1017A000EEF1010C000C0101305131113211D8B4AD
:1017B00012000500FA6E3051FD6E3151FE6E32514D
:1017C000FF6EFA501200CCEC91F065C0D4F066C008
:1017D000D5F07FEC8CF01DEC8FF065C0D4F066C0C6
:1017E000D5F07FEF8CF00AD804E1050E6A5DD8A031
:1017F00012006A6B6B6BBB6BB96B120001016A4B19
:101800006B2B6B5112007B6F00017C6B7AC076F002
:101810007CC077F0786B7B5113EC8CF07C2B170E2F
:101820007C65F4D7170C796FFD0E0001736F76C0DD
:1018300074F0795158EC74F077C073F078C074F09C
:10184000795158EF74F0655166116711681102E023
:10185000800E681B65C065F066C066F067C067F003
:1018600068C068F01200650E4E24D96EDA6A060E62
:10187000DA221DCFDFFF4E2A310E4E6401D04E6AB0
:101880000101D22B120057EC85F050EC27F0ACECA4
:1018900033F07EEC42F0510EE76E88EC26F0000E3D
:1018A00045EF92F065510101AB1906E10001665167
:1018B0000101AC1901E1000C65C0ABF166C0ACF1EF
:1018C000010CB75102E0020EB727030EB71902E16F
:1018D000F1EF91F0040EB719D8B4F7EC91F01200C3
:1018E0000101B8510BE0AEA1000C67C065F068C003
:1018F00066F0CAEC8CF0000901E0010C000CD4C0C9
:1019000065F0D5C066F09EEC8AF00009D8B41200EC
:10191000D4C0D2F0D5C0D3F0BBEF8CF01DEC8FF06B
:1019200065C068F066C069F0000120EE1BF06851E8
:10193000D9266951DA22DF501200D4C065F0D5C033
:1019400066F09EEC8AF00009D8B41200D4C0D2F040
:10195000D5C0D3F0BBEF8CF000016D5102E0D7ECA5
:1019600092F069C065F06AC066F06BC067F06CC049
:1019700068F03BEF8BF0D2C0C9F0D3C0CAF00001D1
:1019800020EE0DF0D251D926D351B5EC87F0CD6BB6
:10199000BFEF6EF0000106D8DFB8010C03D8DFBA44
:1019A000010C000C20EE38F06551D9266651DA2280
:1019B0001200000120EE39F06551D9266651DA2275
:1019C000DFA0000C01018451851101E0010C000C25
:1019D000010E0001656F020100B106D0009301699C
:1019E0009E969D960AC265F000016551120020EE98
:1019F0003BF007D8DF8220EE45F003D83C0EDF6EC7
:101A00003C0C6551D9266651DA221200000120EE05
:101A100038F06551D9266651DA22DECF67F0DDCF86
:101A200068F067A167B3010C000C000E4924D96E61
:101A3000DA6A0C0EDA22AECFDFFF492AF90E4964CA
:101A400001D0496A472A120070C0D9FF71C0DAFF7D
:101A5000DF50010ED8B4000E72C0D9FF73C0DAFF98
:101A6000DF6E12006CC065F06DC066F06EC067F08E
:101A70006FC068F047EC86F00009D8B4010C000C88
:101A8000DBC1DBF1DCC1DCF1DDC1DDF1DEC1DEF1AA
:101A9000E4EC84F0B695140EFDEF91F04650656FBE
:101AA000666B6651D8A4010C6551010AD8B4000CCC
:101AB000030AD8B4020C010C06D8DFB6010C03D817
:101AC000DFB4010C000C20EE38F06551D9266651C8
:101AD000DA2212000001986B98514BEC53F0982BCE
:101AE000020E9865F9D7886B896B100E77EF82F03C
:101AF000A00E706F030E716F7AC072F07BC073F02E
:101B00007CC074F07DC075F08AEF59F06CBF05D0D1
:101B10006BC06BF06CC06CF012006B1D6B6F6C1DBA
:101B20006C6F6B4B6C2B12006FC020F170C021F1F9
:101B300071C022F172C023F1070EA219D8B49FEC34
:101B40007DF012000BC002F0046A020E036EC3ECBB
:101B50008FF0076A086A096A0A6AB8EC8FF0020C0B
:101B60000BC002F0046A010E036EC3EC8FF0076A2B
:101B7000086A096A0A6AB8EC8FF0020C0BC002F01E
:101B8000046A010E036EC3EC8FF0076A086A096AE3
:101B90000A6AB8EC8FF0040C0BC002F0046A020E63
:101BA000036EC3EC8FF0076A086A096A0A6AB8EC28
:101BB0008FF0040CB1A407D0B19003C0B3FF02C0F2
:101BC000B2FFB180120003C0B3FF02C0B2FF120027
:101BD000300E8B6F88C08CF089C08DF08AC08EF07B
:101BE0008B0EAAEC41F0C0EF55F00001986F9851B0
:101BF000DCEC69F0D3EC8BF00001886B896B430E51
:101C000077EF82F072C069F073C06AF069C0D9FFE3
:101C10006AC0DAFF70C0DEFF71C0DDFF1200010193
:101C2000B85109E067C065F068C066F0C0EC7DF0AF
:101C3000000901E0010C000CB3EC92F0000908E08F
:101C400083B483B201D0030C83B4020C83A2010CD1
:101C5000000C898E898C000120EE3AF06B51D92658
:101C60006C5163EC89F0010EADEF8FF00001886FCD
:101C7000890E7F6F020E806F830E816F020E826F5E
:101C8000885199EF20F0676F00016751656F666BAF
:101C90006651D8A4000C6551010AD8B4010C000C9F
:101CA00065C037F066C038F067C039F068C030F101
:101CB00069C031F16AC032F112000001986F98C01A
:101CC00088F0896B800E77EC82F098290101B76F5C
:101CD0001200A80E656F030E666F70C067F071C0CA
:101CE00068F072C069F0DCEF61F070C065F071C03F
:101CF00066F0D2EC88F072C0D9FF73C0DAFF16EF3D
:101D00007DF00101AEA7000C530E00017A6F240E86
:101D100041EC6AF0EDEC8EF0010CC4C0B5F0C5C02A
:101D2000B6F0C6C0B7F0C7C0B8F0C8C0B9F016EF7B
:101D300048F08F80000120EE3AF06B51D9266C51AB
:101D4000BBEC8AF0010EA2EF8FF08F86000120EE2F
:101D50003AF06B51D9266C51CDEC8AF0010E32EF7E
:101D600090F00101744B752B7651745D7751755964
:101D7000D8A01200746B756B1200D08EA2869F865D
:101D8000F184A282D284D2889F8AA58A9F98A5983E
:101D900012006651030B636E65C062FF7F9C7F9EDD
:101DA0007F80000000006150120001A202D005EF08
:101DB00091F00087015101250001656F65C0C9FFE1
:101DC000030C01A202D00DEF91F00087D8800135FD
:101DD0000001656F65C0C9FF050C7AC06DF07BC05E
:101DE0006EF07CC06FF07DC070F07EC071F039EF96
:101DF00054F0280E0001686F030E0CEC6DF0180E05
:101E00006C6F04EC87F03AEF91F0666F65C018F1E3
:101E100066C019F165C01AF166C01BF1B9880000EF
:101E2000120007D84AEC4BF0DECF65F0DDCF66F04C
:101E30001200010120EE02F0120007D84AEC4BF02C
:101E4000DECF65F0DDCF66F01200010120EE04F078
:101E5000120020EE2AF0B0EC3DF0DF6A20EE2BF00D
:101E6000B0EC3DF0DF6A120098C0D9FF99C0DAFFEC
:101E7000DF50886F020E896F450E77EF82F0030105
:101E8000AE51AC5D0001656F0301AF51AD5900016A
:101E9000666F12000001886F900E896F88C08AF00B
:101EA000890EAAEC41F0C0EF55F06AC065F06BC036
:101EB00066F06CC067F06DC068F0020EB3EF6BF0B7
:101EC0006AC065F06BC066F06CC067F06DC068F00A
:101ED000000EB3EF6BF0020100A5120065C002F224
:101EE00066C003F267C004F200951200676F00013C
:101EF0006751040DF3CF66F065510C0DF350662564
:101F00001200666F010E0001656F665103E0660501
:101F100001E0656B65511200930E9B6F8B6B91C056
:101F20008CF092C08DF09B0E8E6F65EF78F0D8909C
:101F3000010148EC62F04AEC4BF0DECF7CF1DDCFE2
:101F40007DF112006A6F6AC065F069C066F0010E2B
:101F50000001676F020EF1EF81F06A6F6AC065F0F1
:101F600069C066F0010E0001676F000EF1EF81F0AD
:101F700007C002F008C003F009C004F00AC005F071
:101F8000000EAEEF6CF0020100A5120002C002F2DA
:101F900003C003F204C004F200951200810E000198
:101FA000666F210E676F696B050E686FCDEF77F076
:101FB00098C0B4F199C0B5F10001886B896B830EAC
:101FC00077EF82F070C0D9FF71C0DAFF72C0E1FF15
:101FD00073C0E2FFB7EF50F000016E6F6E51D8B4DE
:101FE000120036843BEC80F0ACEF8CF06E6F000199
:101FF0006E51D8B4120036803BEC80F0ACEF8CF020
:1020000000016E6F6E51D8B41200368A3BEC80F03E
:10201000ACEF8CF08BC08BF08CC08CF0000E8CBFC2
:10202000FF0E8D6F8E6F1200656F0001655103E02A
:10203000898A89881200899A89981200C5AC04D0CF
:102040000001656B652B02D00001656B65311200E4
:1020500077C06EF078C06FF079C070F07AC071F020
:1020600072EF4EF06A6F6AC065F069C066F0010EEB
:102070000001676FF1EF81F005A224001C00B2ACF3
:102080000098DE006AA300D8CC0070C065F071C073
:1020900066F0A5EC66F00101EE6F120024C165F058
:1020A00025C166F026C167F027C168F01200000163
:1020B0006F6F6DC069F06EC06AF06F51B9EF81F05B
:1020C000C6BA1200C76A280EC66EC56A090EC86E67
:1020D000090C20EE59F06651D9266751DA22DF50FB
:1020E000E5EF90F065B5010C65B7020C65B3030C24
:1020F00065B1040C000C0DEC56F03BEC7BF0886BEA
:10210000896B180E77EF82F065C043F266C044F227
:1021100067C045F268C046F2120069C065F06AC047
:1021200066F06BC067F046EF7AF0600E0001886FD2
:10213000880EAAEC41F0C0EF55F0010EB96FBB6BF1
:10214000BA6BBC6B6A6B6B6B120084518511D8B48F
:1021500012008407D8A0850712000001696F5D0E88
:10216000676F69C068F0C6EF4FF02D0E000165255E
:10217000656F000E6621666F12002B0E000165254B
:10218000656F000E6621666F1200716F71C06DF091
:1021900070C06EF0070E57EF90F0716F71C06DF068
:1021A00070C06EF0020E57EF90F0AEA1000CDDECA7
:1021B00090F0000901E0010C000CA251D8B4010C10
:1021C000070EA21901E1010C000C656F330E00012E
:1021D000652560EC81F0DF501200F5EC90F067C0EF
:1021E00065F068C066F006EF93F001D08A07010140
:1021F0008A51800A7F0FFAE21200465031EC6EF0ED
:1022000065C07EF166C07FF11200020100870151B6
:102210000125026E02C0C9FF030C02010087D880AD
:102220000135026E02C0C9FF050C546A576A586A2C
:10223000556A566A526A536A12007651771101E163
:102240001200F5EC75F0FDD70101B851010ED8A4CC
:10225000000EB86F1200000E41EC7EF0C7EC3CF0AF
:102260002AEF68F06F6F6EC068F000016F51B3EF36
:102270007FF000D002019B6B9C6B9D6B9E6B1200EC
:10228000666F00016551030DF3506625120065C0AD
:102290004EF166C04FF167C050F1120065C051F1B8
:1022A00066C052F167C053F1120065C04BF166C0C1
:1022B0004CF167C04DF1120065C045F166C046F1B2
:1022C00067C047F1120065C048F166C049F167C0B8
:1022D0004AF1120065C042F166C043F167C044F1A3
:1022E000120065C039F166C03AF167C03BF11200D7
:1022F00065C03CF166C03DF167C03EF1120065C0AB
:1023000036F166C037F167C038F1120065C03FF1A1
:1023100066C040F167C041F1120001A202D0BFEFD8
:1023200092F0B9EC92F0090C01A202D0C2EF92F047
:10233000B9EC92F00A0C01A202D0C5EF92F0C59A56
:10234000C588050C01A202D097EF92F00097C586D0
:10235000040C01A202D0EBEF92F0DBEC92F0000C47
:1023600001A202D0EDEF92F0DDEC92F0010C01A29F
:1023700002D0EFEF92F0DDEC92F0020C01A202D05D
:10238000F1EF92F0DDEC92F0010C01A202D09BEF94
:1023900092F000910A6B0E0C58EC4BF0DECF65F01A
:1023A000DDCF66F01200656F0101926B65C093F19D
:1023B00012000001886B896B840E77EF82F0000EAB
:1023C0000001656F0A0E666F12000001666B010E58
:1023D000656F52EF8CF00001666B020E656F52EF75
:1023E0008CF0F29EF29CD088D092FF001200F29EF8
:1023F000F29CD088D082FF0012000001656F655109
:102400000101681312001CEC8EF0000901E0010CC0
:10241000000CB90E0001656F010E666F1200070E09
:102420000101A219D8B4010C000C0E0E0101856F38
:10243000100E846F100C700ED36E646A9B6A2A6B48
:10244000120001B29FEF92F000910A6B0E0C520E37
:102450000001656F050E666F1200EF0E656F200EAE
:10246000666F39EF92F0FC0E656F200E666F39EFE4
:1024700092F065C03EF066C03FF097EF8FF01C2BE6
:10248000000E1D231E231F23000C0001656F65C075
:1024900099F1120047C065F00001666B120000015F
:1024A000656F65C0B3F11200000E656F040E666FB4
:1024B0001200800E656F090E666F12000001666BD8
:1024C000656B52EF8CF00001696F695181EF81F00B
:1024D000000168696769EDEF90F0000E72EC92F010
:1024E000B98412000001656F65C03BFF1200FFFF59
:1024F000102701647204CFEC92F095EF90F0010187
:10250000AEB1010C000C0101AEB9010C000C010EC2
:1025100001018B6F010C01A2050C050C050C01A239
:10252000010C010C010C01A2030C030C030C0201B1
:102530000097C586040C020100910A6B0E0C020183
:1025400000910A6B0E0C0F01229922891200B9A486
:10255000010C000C86B0010C000C80BE010C000CBC
:1025600086B6010C000C83A6010C000C000EA2EF35
:1025700064F0C58AC5881200706B716B1200C58A41
:10258000C588090CC58AC5880A0CC59AC588050C7A
:10259000AB98AB88120055EF12F070EF5FF0A0EF30
:1025A00071F019EF8BF02AEF68F02AEF68F039EF3D
:1025B00091F05E501200C5841200C58212009E96F2
:1025C0001200F9EF8EF0456A1200BDEF70F0F4EFE3
:1025D00080F002EF4BF0C584000CC582010CC5826F
:1025E000020CC582010CA196120049EF4AF063EF7C
:1025F00061F07DEF89F033EF8CF015EF8DF0120074
:10260000120012001200120012001200FFD7050C77
:10261000010C030C12001200120012001200120032
:10262000FFFFFFFFFFFFFFFFFFFFFFFFFFFFFFFFBA
:10263000FFFFFFFFFFFFFFFFFFFFFFFFFFFFFFFFAA
:10264000FFFFFFFFFFFFFFFFFFFFFFFFFFFFFFFF9A
:10265000FFFFFFFFFFFFFFFFFFFFFFFFFFFFFFFF8A
:10266000FFFFFFFFFFFFFFFFFFFFFFFFFFFFFFFF7A
:10267000FFFFFFFFFFFFFFFFFFFFFFFFFFFFFFFF6A
:10268000FFFFFFFFFFFFFFFFFFFFFFFFFFFFFFFF5A
:10269000FFFFFFFFFFFFFFFFFFFFFFFFFFFFFFFF4A
:1026A000FFFFFFFFFFFFFFFFFFFFFFFFFFFFFFFF3A
:1026B000FFFFFFFFFFFFFFFFFFFFFFFFFFFFFFFF2A
:1026C000FFFFFFFFFFFFFFFFFFFFFFFFFFFFFFFF1A
:1026D000FFFFFFFFFFFFFFFFFFFFFFFFFFFFFFFF0A
:1026E000FFFFFFFFFFFFFFFFFFFFFFFFFFFFFFFFFA
:1026F000FFFFFFFFFFFFFFFFFFFFFFFFFFFFFFFFEA
:10270000FFFFFFFFFFFFFFFFFFFFFFFFFFFFFFFFD9
:10271000FFFFFFFFFFFFFFFFFFFFFFFFFFFFFFFFC9
:10272000FFFFFFFFFFFFFFFFFFFFFFFFFFFFFFFFB9
:10273000FFFFFFFFFFFFFFFFFFFFFFFFFFFFFFFFA9
:10274000FFFFFFFFFFFFFFFFFFFFFFFFFFFFFFFF99
:10275000FFFFFFFFFFFFFFFFFFFFFFFFFFFFFFFF89
:10276000FFFFFFFFFFFFFFFFFFFFFFFFFFFFFFFF79
:10277000FFFFFFFFFFFFFFFFFFFFFFFFFFFFFFFF69
:10278000FFFFFFFFFFFFFFFFFFFFFFFFFFFFFFFF59
:10279000FFFFFFFFFFFFFFFFFFFFFFFFFFFFFFFF49
:1027A000FFFFFFFFFFFFFFFFFFFFFFFFFFFFFFFF39
:1027B000FFFFFFFFFFFFFFFFFFFFFFFFFFFFFFFF29
:1027C000FFFFFFFFFFFFFFFFFFFFFFFFFFFFFFFF19
:1027D000FFFFFFFFFFFFFFFFFFFFFFFFFFFFFFFF09
:1027E000FFFFFFFFFFFFFFFFFFFFFFFFFFFFFFFFF9
:1027F000FFFFFFFFFFFFFFFFFFFFFFFFFFFFFFFFE9
:10280000FFFFFFFFFFFFFFFFFFFFFFFFFFFFFFFFD8
:10281000FFFFFFFFFFFFFFFFFFFFFFFFFFFFFFFFC8
:10282000FFFFFFFFFFFFFFFFFFFFFFFFFFFFFFFFB8
:10283000FFFFFFFFFFFFFFFFFFFFFFFFFFFFFFFFA8
:10284000FFFFFFFFFFFFFFFFFFFFFFFFFFFFFFFF98
:10285000FFFFFFFFFFFFFFFFFFFFFFFFFFFFFFFF88
:10286000FFFFFFFFFFFFFFFFFFFFFFFFFFFFFFFF78
:10287000FFFFFFFFFFFFFFFFFFFFFFFFFFFFFFFF68
:10288000FFFFFFFFFFFFFFFFFFFFFFFFFFFFFFFF58
:10289000FFFFFFFFFFFFFFFFFFFFFFFFFFFFFFFF48
:1028A000FFFFFFFFFFFFFFFFFFFFFFFFFFFFFFFF38
:1028B000FFFFFFFFFFFFFFFFFFFFFFFFFFFFFFFF28
:1028C000FFFFFFFFFFFFFFFFFFFFFFFFFFFFFFFF18
:1028D000FFFFFFFFFFFFFFFFFFFFFFFFFFFFFFFF08
:1028E000FFFFFFFFFFFFFFFFFFFFFFFFFFFFFFFFF8
:1028F000FFFFFFFFFFFFFFFFFFFFFFFFFFFFFFFFE8
:10290000FFFFFFFFFFFFFFFFFFFFFFFFFFFFFFFFD7
:10291000FFFFFFFFFFFFFFFFFFFFFFFFFFFFFFFFC7
:10292000FFFFFFFFFFFFFFFFFFFFFFFFFFFFFFFFB7
:10293000FFFFFFFFFFFFFFFFFFFFFFFFFFFFFFFFA7
:10294000FFFFFFFFFFFFFFFFFFFFFFFFFFFFFFFF97
:10295000FFFFFFFFFFFFFFFFFFFFFFFFFFFFFFFF87
:10296000FFFFFFFFFFFFFFFFFFFFFFFFFFFFFFFF77
:10297000FFFFFFFFFFFFFFFFFFFFFFFFFFFFFFFF67
:10298000FFFFFFFFFFFFFFFFFFFFFFFFFFFFFFFF57
:10299000FFFFFFFFFFFFFFFFFFFFFFFFFFFFFFFF47
:1029A000FFFFFFFFFFFFFFFFFFFFFFFFFFFFFFFF37
:1029B000FFFFFFFFFFFFFFFFFFFFFFFFFFFFFFFF27
:1029C000FFFFFFFFFFFFFFFFFFFFFFFFFFFFFFFF17
:1029D000FFFFFFFFFFFFFFFFFFFFFFFFFFFFFFFF07
:1029E000FFFFFFFFFFFFFFFFFFFFFFFFFFFFFFFFF7
:1029F000FFFFFFFFFFFFFFFFFFFFFFFFFFFFFFFFE7
:102A0000FFFFFFFFFFFFFFFFFFFFFFFFFFFFFFFFD6
:102A1000FFFFFFFFFFFFFFFFFFFFFFFFFFFFFFFFC6
:102A2000FFFFFFFFFFFFFFFFFFFFFFFFFFFFFFFFB6
:102A3000FFFFFFFFFFFFFFFFFFFFFFFFFFFFFFFFA6
:102A4000FFFFFFFFFFFFFFFFFFFFFFFFFFFFFFFF96
:102A5000FFFFFFFFFFFFFFFFFFFFFFFFFFFFFFFF86
:102A6000FFFFFFFFFFFFFFFFFFFFFFFFFFFFFFFF76
:102A7000FFFFFFFFFFFFFFFFFFFFFFFFFFFFFFFF66
:102A8000FFFFFFFFFFFFFFFFFFFFFFFFFFFFFFFF56
:102A9000FFFFFFFFFFFFFFFFFFFFFFFFFFFFFFFF46
:102AA000FFFFFFFFFFFFFFFFFFFFFFFFFFFFFFFF36
:102AB000FFFFFFFFFFFFFFFFFFFFFFFFFFFFFFFF26
:102AC000FFFFFFFFFFFFFFFFFFFFFFFFFFFFFFFF16
:102AD000FFFFFFFFFFFFFFFFFFFFFFFFFFFFFFFF06
:102AE000FFFFFFFFFFFFFFFFFFFFFFFFFFFFFFFFF6
:102AF000FFFFFFFFFFFFFFFFFFFFFFFFFFFFFFFFE6
:102B0000FFFFFFFFFFFFFFFFFFFFFFFFFFFFFFFFD5
:102B1000FFFFFFFFFFFFFFFFFFFFFFFFFFFFFFFFC5
:102B2000FFFFFFFFFFFFFFFFFFFFFFFFFFFFFFFFB5
:102B3000FFFFFFFFFFFFFFFFFFFFFFFFFFFFFFFFA5
:102B4000FFFFFFFFFFFFFFFFFFFFFFFFFFFFFFFF95
:102B5000FFFFFFFFFFFFFFFFFFFFFFFFFFFFFFFF85
:102B6000FFFFFFFFFFFFFFFFFFFFFFFFFFFFFFFF75
:102B7000FFFFFFFFFFFFFFFFFFFFFFFFFFFFFFFF65
:102B8000FFFFFFFFFFFFFFFFFFFFFFFFFFFFFFFF55
:102B9000FFFFFFFFFFFFFFFFFFFFFFFFFFFFFFFF45
:102BA000FFFFFFFFFFFFFFFFFFFFFFFFFFFFFFFF35
:102BB000FFFFFFFFFFFFFFFFFFFFFFFFFFFFFFFF25
:102BC000FFFFFFFFFFFFFFFFFFFFFFFFFFFFFFFF15
:102BD000FFFFFFFFFFFFFFFFFFFFFFFFFFFFFFFF05
:102BE000FFFFFFFFFFFFFFFFFFFFFFFFFFFFFFFFF5
:102BF000FFFFFFFFFFFFFFFFFFFFFFFFFFFFFFFFE5
:102C0000FFFFFFFFFFFFFFFFFFFFFFFFFFFFFFFFD4
:102C1000FFFFFFFFFFFFFFFFFFFFFFFFFFFFFFFFC4
:102C2000FFFFFFFFFFFFFFFFFFFFFFFFFFFFFFFFB4
:102C3000FFFFFFFFFFFFFFFFFFFFFFFFFFFFFFFFA4
:102C4000FFFFFFFFFFFFFFFFFFFFFFFFFFFFFFFF94
:102C5000FFFFFFFFFFFFFFFFFFFFFFFFFFFFFFFF84
:102C6000FFFFFFFFFFFFFFFFFFFFFFFFFFFFFFFF74
:102C7000FFFFFFFFFFFFFFFFFFFFFFFFFFFFFFFF64
:102C8000FFFFFFFFFFFFFFFFFFFFFFFFFFFFFFFF54
:102C9000FFFFFFFFFFFFFFFFFFFFFFFFFFFFFFFF44
:102CA000FFFFFFFFFFFFFFFFFFFFFFFFFFFFFFFF34
:102CB000FFFFFFFFFFFFFFFFFFFFFFFFFFFFFFFF24
:102CC000FFFFFFFFFFFFFFFFFFFFFFFFFFFFFFFF14
:102CD000FFFFFFFFFFFFFFFFFFFFFFFFFFFFFFFF04
:102CE000FFFFFFFFFFFFFFFFFFFFFFFFFFFFFFFFF4
:102CF000FFFFFFFFFFFFFFFFFFFFFFFFFFFFFFFFE4
:102D0000FFFFFFFFFFFFFFFFFFFFFFFFFFFFFFFFD3
:102D1000FFFFFFFFFFFFFFFFFFFFFFFFFFFFFFFFC3
:102D2000FFFFFFFFFFFFFFFFFFFFFFFFFFFFFFFFB3
:102D3000FFFFFFFFFFFFFFFFFFFFFFFFFFFFFFFFA3
:102D4000FFFFFFFFFFFFFFFFFFFFFFFFFFFFFFFF93
:102D5000FFFFFFFFFFFFFFFFFFFFFFFFFFFFFFFF83
:102D6000FFFFFFFFFFFFFFFFFFFFFFFFFFFFFFFF73
:102D7000FFFFFFFFFFFFFFFFFFFFFFFFFFFFFFFF63
:102D8000FFFFFFFFFFFFFFFFFFFFFFFFFFFFFFFF53
:102D9000FFFFFFFFFFFFFFFFFFFFFFFFFFFFFFFF43
:102DA000FFFFFFFFFFFFFFFFFFFFFFFFFFFFFFFF33
:102DB000FFFFFFFFFFFFFFFFFFFFFFFFFFFFFFFF23
:102DC000FFFFFFFFFFFFFFFFFFFFFFFFFFFFFFFF13
:102DD000FFFFFFFFFFFFFFFFFFFFFFFFFFFFFFFF03
:102DE000FFFFFFFFFFFFFFFFFFFFFFFFFFFFFFFFF3
:102DF000FFFFFFFFFFFFFFFFFFFFFFFFFFFFFFFFE3
:102E0000FFFFFFFFFFFFFFFFFFFFFFFFFFFFFFFFD2
:102E1000FFFFFFFFFFFFFFFFFFFFFFFFFFFFFFFFC2
:102E2000FFFFFFFFFFFFFFFFFFFFFFFFFFFFFFFFB2
:102E3000FFFFFFFFFFFFFFFFFFFFFFFFFFFFFFFFA2
:102E4000FFFFFFFFFFFFFFFFFFFFFFFFFFFFFFFF92
:102E5000FFFFFFFFFFFFFFFFFFFFFFFFFFFFFFFF82
:102E6000FFFFFFFFFFFFFFFFFFFFFFFFFFFFFFFF72
:102E7000FFFFFFFFFFFFFFFFFFFFFFFFFFFFFFFF62
:102E8000FFFFFFFFFFFFFFFFFFFFFFFFFFFFFFFF52
:102E9000FFFFFFFFFFFFFFFFFFFFFFFFFFFFFFFF42
:102EA000FFFFFFFFFFFFFFFFFFFFFFFFFFFFFFFF32
:102EB000FFFFFFFFFFFFFFFFFFFFFFFFFFFFFFFF22
:102EC000FFFFFFFFFFFFFFFFFFFFFFFFFFFFFFFF12
:102ED000FFFFFFFFFFFFFFFFFFFFFFFFFFFFFFFF02
:102EE000FFFFFFFFFFFFFFFFFFFFFFFFFFFFFFFFF2
:102EF000FFFFFFFFFFFFFFFFFFFFFFFFFFFFFFFFE2
:102F0000FFFFFFFFFFFFFFFFFFFFFFFFFFFFFFFFD1
:102F1000FFFFFFFFFFFFFFFFFFFFFFFFFFFFFFFFC1
:102F2000FFFFFFFFFFFFFFFFFFFFFFFFFFFFFFFFB1
:102F3000FFFFFFFFFFFFFFFFFFFFFFFFFFFFFFFFA1
:102F4000FFFFFFFFFFFFFFFFFFFFFFFFFFFFFFFF91
:102F5000FFFFFFFFFFFFFFFFFFFFFFFFFFFFFFFF81
:102F6000FFFFFFFFFFFFFFFFFFFFFFFFFFFFFFFF71
:102F7000FFFFFFFFFFFFFFFFFFFFFFFFFFFFFFFF61
:102F8000FFFFFFFFFFFFFFFFFFFFFFFFFFFFFFFF51
:102F9000FFFFFFFFFFFFFFFFFFFFFFFFFFFFFFFF41
:102FA000FFFFFFFFFFFFFFFFFFFFFFFFFFFFFFFF31
:102FB000FFFFFFFFFFFFFFFFFFFFFFFFFFFFFFFF21
:102FC000FFFFFFFFFFFFFFFFFFFFFFFFFFFFFFFF11
:102FD000FFFFFFFFFFFFFFFFFFFFFFFFFFFFFFFF01
:102FE000FFFFFFFFFFFFFFFFFFFFFFFFFFFFFFFFF1
:102FF000FFFFFFFFFFFFFFFFFFFFFFFFFFFFFFFFE1
:10300000FFFFFFFFFFFFFFFFFFFFFFFFFFFFFFFFD0
:10301000FFFFFFFFFFFFFFFFFFFFFFFFFFFFFFFFC0
:10302000FFFFFFFFFFFFFFFFFFFFFFFFFFFFFFFFB0
:10303000FFFFFFFFFFFFFFFFFFFFFFFFFFFFFFFFA0
:10304000FFFFFFFFFFFFFFFFFFFFFFFFFFFFFFFF90
:10305000FFFFFFFFFFFFFFFFFFFFFFFFFFFFFFFF80
:10306000FFFFFFFFFFFFFFFFFFFFFFFFFFFFFFFF70
:10307000FFFFFFFFFFFFFFFFFFFFFFFFFFFFFFFF60
:10308000FFFFFFFFFFFFFFFFFFFFFFFFFFFFFFFF50
:10309000FFFFFFFFFFFFFFFFFFFFFFFFFFFFFFFF40
:1030A000FFFFFFFFFFFFFFFFFFFFFFFFFFFFFFFF30
:1030B000FFFFFFFFFFFFFFFFFFFFFFFFFFFFFFFF20
:1030C000FFFFFFFFFFFFFFFFFFFFFFFFFFFFFFFF10
:1030D000FFFFFFFFFFFFFFFFFFFFFFFFFFFFFFFF00
:1030E000FFFFFFFFFFFFFFFFFFFFFFFFFFFFFFFFF0
:1030F000FFFFFFFFFFFFFFFFFFFFFFFFFFFFFFFFE0
:10310000FFFFFFFFFFFFFFFFFFFFFFFFFFFFFFFFCF
:10311000FFFFFFFFFFFFFFFFFFFFFFFFFFFFFFFFBF
:10312000FFFFFFFFFFFFFFFFFFFFFFFFFFFFFFFFAF
:10313000FFFFFFFFFFFFFFFFFFFFFFFFFFFFFFFF9F
:10314000FFFFFFFFFFFFFFFFFFFFFFFFFFFFFFFF8F
:10315000FFFFFFFFFFFFFFFFFFFFFFFFFFFFFFFF7F
:10316000FFFFFFFFFFFFFFFFFFFFFFFFFFFFFFFF6F
:10317000FFFFFFFFFFFFFFFFFFFFFFFFFFFFFFFF5F
:10318000FFFFFFFFFFFFFFFFFFFFFFFFFFFFFFFF4F
:10319000FFFFFFFFFFFFFFFFFFFFFFFFFFFFFFFF3F
:1031A000FFFFFFFFFFFFFFFFFFFFFFFFFFFFFFFF2F
:1031B000FFFFFFFFFFFFFFFFFFFFFFFFFFFFFFFF1F
:1031C000FFFFFFFFFFFFFFFFFFFFFFFFFFFFFFFF0F
:1031D000FFFFFFFFFFFFFFFFFFFFFFFFFFFFFFFFFF
:1031E000FFFFFFFFFFFFFFFFFFFFFFFFFFFFFFFFEF
:1031F000FFFFFFFFFFFFFFFFFFFFFFFFFFFFFFFFDF
:10320000FFFFFFFFFFFFFFFFFFFFFFFFFFFFFFFFCE
:10321000FFFFFFFFFFFFFFFFFFFFFFFFFFFFFFFFBE
:10322000FFFFFFFFFFFFFFFFFFFFFFFFFFFFFFFFAE
:10323000FFFFFFFFFFFFFFFFFFFFFFFFFFFFFFFF9E
:10324000FFFFFFFFFFFFFFFFFFFFFFFFFFFFFFFF8E
:10325000FFFFFFFFFFFFFFFFFFFFFFFFFFFFFFFF7E
:10326000FFFFFFFFFFFFFFFFFFFFFFFFFFFFFFFF6E
:10327000FFFFFFFFFFFFFFFFFFFFFFFFFFFFFFFF5E
:10328000FFFFFFFFFFFFFFFFFFFFFFFFFFFFFFFF4E
:10329000FFFFFFFFFFFFFFFFFFFFFFFFFFFFFFFF3E
:1032A000FFFFFFFFFFFFFFFFFFFFFFFFFFFFFFFF2E
:1032B000FFFFFFFFFFFFFFFFFFFFFFFFFFFFFFFF1E
:1032C000FFFFFFFFFFFFFFFFFFFFFFFFFFFFFFFF0E
:1032D000FFFFFFFFFFFFFFFFFFFFFFFFFFFFFFFFFE
:1032E000FFFFFFFFFFFFFFFFFFFFFFFFFFFFFFFFEE
:1032F000FFFFFFFFFFFFFFFFFFFFFFFFFFFFFFFFDE
:10330000FFFFFFFFFFFFFFFFFFFFFFFFFFFFFFFFCD
:10331000FFFFFFFFFFFFFFFFFFFFFFFFFFFFFFFFBD
:10332000FFFFFFFFFFFFFFFFFFFFFFFFFFFFFFFFAD
:10333000FFFFFFFFFFFFFFFFFFFFFFFFFFFFFFFF9D
:10334000FFFFFFFFFFFFFFFFFFFFFFFFFFFFFFFF8D
:10335000FFFFFFFFFFFFFFFFFFFFFFFFFFFFFFFF7D
:10336000FFFFFFFFFFFFFFFFFFFFFFFFFFFFFFFF6D
:10337000FFFFFFFFFFFFFFFFFFFFFFFFFFFFFFFF5D
:10338000FFFFFFFFFFFFFFFFFFFFFFFFFFFFFFFF4D
:10339000FFFFFFFFFFFFFFFFFFFFFFFFFFFFFFFF3D
:1033A000FFFFFFFFFFFFFFFFFFFFFFFFFFFFFFFF2D
:1033B000FFFFFFFFFFFFFFFFFFFFFFFFFFFFFFFF1D
:1033C000FFFFFFFFFFFFFFFFFFFFFFFFFFFFFFFF0D
:1033D000FFFFFFFFFFFFFFFFFFFFFFFFFFFFFFFFFD
:1033E000FFFFFFFFFFFFFFFFFFFFFFFFFFFFFFFFED
:1033F000FFFFFFFFFFFFFFFFFFFFFFFFFFFFFFFFDD
:10340000FFFFFFFFFFFFFFFFFFFFFFFFFFFFFFFFCC
:10341000FFFFFFFFFFFFFFFFFFFFFFFFFFFFFFFFBC
:10342000FFFFFFFFFFFFFFFFFFFFFFFFFFFFFFFFAC
:10343000FFFFFFFFFFFFFFFFFFFFFFFFFFFFFFFF9C
:10344000FFFFFFFFFFFFFFFFFFFFFFFFFFFFFFFF8C
:10345000FFFFFFFFFFFFFFFFFFFFFFFFFFFFFFFF7C
:10346000FFFFFFFFFFFFFFFFFFFFFFFFFFFFFFFF6C
:10347000FFFFFFFFFFFFFFFFFFFFFFFFFFFFFFFF5C
:10348000FFFFFFFFFFFFFFFFFFFFFFFFFFFFFFFF4C
:10349000FFFFFFFFFFFFFFFFFFFFFFFFFFFFFFFF3C
:1034A000FFFFFFFFFFFFFFFFFFFFFFFFFFFFFFFF2C
:1034B000FFFFFFFFFFFFFFFFFFFFFFFFFFFFFFFF1C
:1034C000FFFFFFFFFFFFFFFFFFFFFFFFFFFFFFFF0C
:1034D000FFFFFFFFFFFFFFFFFFFFFFFFFFFFFFFFFC
:1034E000FFFFFFFFFFFFFFFFFFFFFFFFFFFFFFFFEC
:1034F000FFFFFFFFFFFFFFFFFFFFFFFFFFFFFFFFDC
:10350000FFFFFFFFFFFFFFFFFFFFFFFFFFFFFFFFCB
:10351000FFFFFFFFFFFFFFFFFFFFFFFFFFFFFFFFBB
:10352000FFFFFFFFFFFFFFFFFFFFFFFFFFFFFFFFAB
:10353000FFFFFFFFFFFFFFFFFFFFFFFFFFFFFFFF9B
:10354000FFFFFFFFFFFFFFFFFFFFFFFFFFFFFFFF8B
:10355000FFFFFFFFFFFFFFFFFFFFFFFFFFFFFFFF7B
:10356000FFFFFFFFFFFFFFFFFFFFFFFFFFFFFFFF6B
:10357000FFFFFFFFFFFFFFFFFFFFFFFFFFFFFFFF5B
:10358000FFFFFFFFFFFFFFFFFFFFFFFFFFFFFFFF4B
:10359000FFFFFFFFFFFFFFFFFFFFFFFFFFFFFFFF3B
:1035A000FFFFFFFFFFFFFFFFFFFFFFFFFFFFFFFF2B
:1035B000FFFFFFFFFFFFFFFFFFFFFFFFFFFFFFFF1B
:1035C000FFFFFFFFFFFFFFFFFFFFFFFFFFFFFFFF0B
:1035D000FFFFFFFFFFFFFFFFFFFFFFFFFFFFFFFFFB
:1035E000FFFFFFFFFFFFFFFFFFFFFFFFFFFFFFFFEB
:1035F000FFFFFFFFFFFFFFFFFFFFFFFFFFFFFFFFDB
:10360000FFFFFFFFFFFFFFFFFFFFFFFFFFFFFFFFCA
:10361000FFFFFFFFFFFFFFFFFFFFFFFFFFFFFFFFBA
:10362000FFFFFFFFFFFFFFFFFFFFFFFFFFFFFFFFAA
:10363000FFFFFFFFFFFFFFFFFFFFFFFFFFFFFFFF9A
:10364000FFFFFFFFFFFFFFFFFFFFFFFFFFFFFFFF8A
:10365000FFFFFFFFFFFFFFFFFFFFFFFFFFFFFFFF7A
:10366000FFFFFFFFFFFFFFFFFFFFFFFFFFFFFFFF6A
:10367000FFFFFFFFFFFFFFFFFFFFFFFFFFFFFFFF5A
:10368000FFFFFFFFFFFFFFFFFFFFFFFFFFFFFFFF4A
:10369000FFFFFFFFFFFFFFFFFFFFFFFFFFFFFFFF3A
:1036A000FFFFFFFFFFFFFFFFFFFFFFFFFFFFFFFF2A
:1036B000FFFFFFFFFFFFFFFFFFFFFFFFFFFFFFFF1A
:1036C000FFFFFFFFFFFFFFFFFFFFFFFFFFFFFFFF0A
:1036D000FFFFFFFFFFFFFFFFFFFFFFFFFFFFFFFFFA
:1036E000FFFFFFFFFFFFFFFFFFFFFFFFFFFFFFFFEA
:1036F000FFFFFFFFFFFFFFFFFFFFFFFFFFFFFFFFDA
:10370000FFFFFFFFFFFFFFFFFFFFFFFFFFFFFFFFC9
:10371000FFFFFFFFFFFFFFFFFFFFFFFFFFFFFFFFB9
:10372000FFFFFFFFFFFFFFFFFFFFFFFFFFFFFFFFA9
:10373000FFFFFFFFFFFFFFFFFFFFFFFFFFFFFFFF99
:10374000FFFFFFFFFFFFFFFFFFFFFFFFFFFFFFFF89
:10375000FFFFFFFFFFFFFFFFFFFFFFFFFFFFFFFF79
:10376000FFFFFFFFFFFFFFFFFFFFFFFFFFFFFFFF69
:10377000FFFFFFFFFFFFFFFFFFFFFFFFFFFFFFFF59
:10378000FFFFFFFFFFFFFFFFFFFFFFFFFFFFFFFF49
:10379000FFFFFFFFFFFFFFFFFFFFFFFFFFFFFFFF39
:1037A000FFFFFFFFFFFFFFFFFFFFFFFFFFFFFFFF29
:1037B000FFFFFFFFFFFFFFFFFFFFFFFFFFFFFFFF19
:1037C000FFFFFFFFFFFFFFFFFFFFFFFFFFFFFFFF09
:1037D000FFFFFFFFFFFFFFFFFFFFFFFFFFFFFFFFF9
:1037E000FFFFFFFFFFFFFFFFFFFFFFFFFFFFFFFFE9
:1037F000FFFFFFFFFFFFFFFFFFFFFFFFFFFFFFFFD9
:10380000FFFFFFFFFFFFFFFFFFFFFFFFFFFFFFFFC8
:10381000FFFFFFFFFFFFFFFFFFFFFFFFFFFFFFFFB8
:10382000FFFFFFFFFFFFFFFFFFFFFFFFFFFFFFFFA8
:10383000FFFFFFFFFFFFFFFFFFFFFFFFFFFFFFFF98
:10384000FFFFFFFFFFFFFFFFFFFFFFFFFFFFFFFF88
:10385000FFFFFFFFFFFFFFFFFFFFFFFFFFFFFFFF78
:10386000FFFFFFFFFFFFFFFFFFFFFFFFFFFFFFFF68
:10387000FFFFFFFFFFFFFFFFFFFFFFFFFFFFFFFF58
:10388000FFFFFFFFFFFFFFFFFFFFFFFFFFFFFFFF48
:10389000FFFFFFFFFFFFFFFFFFFFFFFFFFFFFFFF38
:1038A000FFFFFFFFFFFFFFFFFFFFFFFFFFFFFFFF28
:1038B000FFFFFFFFFFFFFFFFFFFFFFFFFFFFFFFF18
:1038C000FFFFFFFFFFFFFFFFFFFFFFFFFFFFFFFF08
:1038D000FFFFFFFFFFFFFFFFFFFFFFFFFFFFFFFFF8
:1038E000FFFFFFFFFFFFFFFFFFFFFFFFFFFFFFFFE8
:1038F000FFFFFFFFFFFFFFFFFFFFFFFFFFFFFFFFD8
:10390000FFFFFFFFFFFFFFFFFFFFFFFFFFFFFFFFC7
:10391000FFFFFFFFFFFFFFFFFFFFFFFFFFFFFFFFB7
:10392000FFFFFFFFFFFFFFFFFFFFFFFFFFFFFFFFA7
:10393000FFFFFFFFFFFFFFFFFFFFFFFFFFFFFFFF97
:10394000FFFFFFFFFFFFFFFFFFFFFFFFFFFFFFFF87
:10395000FFFFFFFFFFFFFFFFFFFFFFFFFFFFFFFF77
:10396000FFFFFFFFFFFFFFFFFFFFFFFFFFFFFFFF67
:10397000FFFFFFFFFFFFFFFFFFFFFFFFFFFFFFFF57
:10398000FFFFFFFFFFFFFFFFFFFFFFFFFFFFFFFF47
:10399000FFFFFFFFFFFFFFFFFFFFFFFFFFFFFFFF37
:1039A000FFFFFFFFFFFFFFFFFFFFFFFFFFFFFFFF27
:1039B000FFFFFFFFFFFFFFFFFFFFFFFFFFFFFFFF17
:1039C000FFFFFFFFFFFFFFFFFFFFFFFFFFFFFFFF07
:1039D000FFFFFFFFFFFFFFFFFFFFFFFFFFFFFFFFF7
:1039E000FFFFFFFFFFFFFFFFFFFFFFFFFFFFFFFFE7
:1039F000FFFFFFFFFFFFFFFFFFFFFFFFFFFFFFFFD7
:103A0000FFFFFFFFFFFFFFFFFFFFFFFFFFFFFFFFC6
:103A1000FFFFFFFFFFFFFFFFFFFFFFFFFFFFFFFFB6
:103A2000FFFFFFFFFFFFFFFFFFFFFFFFFFFFFFFFA6
:103A3000FFFFFFFFFFFFFFFFFFFFFFFFFFFFFFFF96
:103A4000FFFFFFFFFFFFFFFFFFFFFFFFFFFFFFFF86
:103A5000FFFFFFFFFFFFFFFFFFFFFFFFFFFFFFFF76
:103A6000FFFFFFFFFFFFFFFFFFFFFFFFFFFFFFFF66
:103A7000FFFFFFFFFFFFFFFFFFFFFFFFFFFFFFFF56
:103A8000FFFFFFFFFFFFFFFFFFFFFFFFFFFFFFFF46
:103A9000FFFFFFFFFFFFFFFFFFFFFFFFFFFFFFFF36
:103AA000FFFFFFFFFFFFFFFFFFFFFFFFFFFFFFFF26
:103AB000FFFFFFFFFFFFFFFFFFFFFFFFFFFFFFFF16
:103AC000FFFFFFFFFFFFFFFFFFFFFFFFFFFFFFFF06
:103AD000FFFFFFFFFFFFFFFFFFFFFFFFFFFFFFFFF6
:103AE000FFFFFFFFFFFFFFFFFFFFFFFFFFFFFFFFE6
:103AF000FFFFFFFFFFFFFFFFFFFFFFFFFFFFFFFFD6
:103B0000FFFFFFFFFFFFFFFFFFFFFFFFFFFFFFFFC5
:103B1000FFFFFFFFFFFFFFFFFFFFFFFFFFFFFFFFB5
:103B2000FFFFFFFFFFFFFFFFFFFFFFFFFFFFFFFFA5
:103B3000FFFFFFFFFFFFFFFFFFFFFFFFFFFFFFFF95
:103B4000FFFFFFFFFFFFFFFFFFFFFFFFFFFFFFFF85
:103B5000FFFFFFFFFFFFFFFFFFFFFFFFFFFFFFFF75
:103B6000FFFFFFFFFFFFFFFFFFFFFFFFFFFFFFFF65
:103B7000FFFFFFFFFFFFFFFFFFFFFFFFFFFFFFFF55
:103B8000FFFFFFFFFFFFFFFFFFFFFFFFFFFFFFFF45
:103B9000FFFFFFFFFFFFFFFFFFFFFFFFFFFFFFFF35
:103BA000FFFFFFFFFFFFFFFFFFFFFFFFFFFFFFFF25
:103BB000FFFFFFFFFFFFFFFFFFFFFFFFFFFFFFFF15
:103BC000FFFFFFFFFFFFFFFFFFFFFFFFFFFFFFFF05
:103BD000FFFFFFFFFFFFFFFFFFFFFFFFFFFFFFFFF5
:103BE000FFFFFFFFFFFFFFFFFFFFFFFFFFFFFFFFE5
:103BF000FFFFFFFFFFFFFFFFFFFFFFFFFFFFFFFFD5
:103C0000FFFFFFFFFFFFFFFFFFFFFFFFFFFFFFFFC4
:103C1000FFFFFFFFFFFFFFFFFFFFFFFFFFFFFFFFB4
:103C2000FFFFFFFFFFFFFFFFFFFFFFFFFFFFFFFFA4
:103C3000FFFFFFFFFFFFFFFFFFFFFFFFFFFFFFFF94
:103C4000FFFFFFFFFFFFFFFFFFFFFFFFFFFFFFFF84
:103C5000FFFFFFFFFFFFFFFFFFFFFFFFFFFFFFFF74
:103C6000FFFFFFFFFFFFFFFFFFFFFFFFFFFFFFFF64
:103C7000FFFFFFFFFFFFFFFFFFFFFFFFFFFFFFFF54
:103C8000FFFFFFFFFFFFFFFFFFFFFFFFFFFFFFFF44
:103C9000FFFFFFFFFFFFFFFFFFFFFFFFFFFFFFFF34
:103CA000FFFFFFFFFFFFFFFFFFFFFFFFFFFFFFFF24
:103CB000FFFFFFFFFFFFFFFFFFFFFFFFFFFFFFFF14
:103CC000FFFFFFFFFFFFFFFFFFFFFFFFFFFFFFFF04
:103CD000FFFFFFFFFFFFFFFFFFFFFFFFFFFFFFFFF4
:103CE000FFFFFFFFFFFFFFFFFFFFFFFFFFFFFFFFE4
:103CF000FFFFFFFFFFFFFFFFFFFFFFFFFFFFFFFFD4
:103D0000FFFFFFFFFFFFFFFFFFFFFFFFFFFFFFFFC3
:103D1000FFFFFFFFFFFFFFFFFFFFFFFFFFFFFFFFB3
:103D2000FFFFFFFFFFFFFFFFFFFFFFFFFFFFFFFFA3
:103D3000FFFFFFFFFFFFFFFFFFFFFFFFFFFFFFFF93
:103D4000FFFFFFFFFFFFFFFFFFFFFFFFFFFFFFFF83
:103D5000FFFFFFFFFFFFFFFFFFFFFFFFFFFFFFFF73
:103D6000FFFFFFFFFFFFFFFFFFFFFFFFFFFFFFFF63
:103D7000FFFFFFFFFFFFFFFFFFFFFFFFFFFFFFFF53
:103D8000FFFFFFFFFFFFFFFFFFFFFFFFFFFFFFFF43
:103D9000FFFFFFFFFFFFFFFFFFFFFFFFFFFFFFFF33
:103DA000FFFFFFFFFFFFFFFFFFFFFFFFFFFFFFFF23
:103DB000FFFFFFFFFFFFFFFFFFFFFFFFFFFFFFFF13
:103DC000FFFFFFFFFFFFFFFFFFFFFFFFFFFFFFFF03
:103DD000FFFFFFFFFFFFFFFFFFFFFFFFFFFFFFFFF3
:103DE000FFFFFFFFFFFFFFFFFFFFFFFFFFFFFFFFE3
:103DF000FFFFFFFFFFFFFFFFFFFFFFFFFFFFFFFFD3
:103E0000FFFFFFFFFFFFFFFFFFFFFFFFFFFFFFFFC2
:103E1000FFFFFFFFFFFFFFFFFFFFFFFFFFFFFFFFB2
:103E2000FFFFFFFFFFFFFFFFFFFFFFFFFFFFFFFFA2
:103E3000FFFFFFFFFFFFFFFFFFFFFFFFFFFFFFFF92
:103E4000FFFFFFFFFFFFFFFFFFFFFFFFFFFFFFFF82
:103E5000FFFFFFFFFFFFFFFFFFFFFFFFFFFFFFFF72
:103E6000FFFFFFFFFFFFFFFFFFFFFFFFFFFFFFFF62
:103E7000FFFFFFFFFFFFFFFFFFFFFFFFFFFFFFFF52
:103E8000FFFFFFFFFFFFFFFFFFFFFFFFFFFFFFFF42
:103E9000FFFFFFFFFFFFFFFFFFFFFFFFFFFFFFFF32
:103EA000FFFFFFFFFFFFFFFFFFFFFFFFFFFFFFFF22
:103EB000FFFFFFFFFFFFFFFFFFFFFFFFFFFFFFFF12
:103EC000FFFFFFFFFFFFFFFFFFFFFFFFFFFFFFFF02
:103ED000FFFFFFFFFFFFFFFFFFFFFFFFFFFFFFFFF2
:103EE000FFFFFFFFFFFFFFFFFFFFFFFFFFFFFFFFE2
:103EF000FFFFFFFFFFFFFFFFFFFFFFFFFFFFFFFFD2
:103F0000FFFFFFFFFFFFFFFFFFFFFFFFFFFFFFFFC1
:103F1000FFFFFFFFFFFFFFFFFFFFFFFFFFFFFFFFB1
:103F2000FFFFFFFFFFFFFFFFFFFFFFFFFFFFFFFFA1
:103F3000FFFFFFFFFFFFFFFFFFFFFFFFFFFFFFFF91
:103F4000FFFFFFFFFFFFFFFFFFFFFFFFFFFFFFFF81
:103F5000FFFFFFFFFFFFFFFFFFFFFFFFFFFFFFFF71
:103F6000FFFFFFFFFFFFFFFFFFFFFFFFFFFFFFFF61
:103F7000FFFFFFFFFFFFFFFFFFFFFFFFFFFFFFFF51
:103F8000FFFFFFFFFFFFFFFFFFFFFFFFFFFFFFFF41
:103F9000FFFFFFFFFFFFFFFFFFFFFFFFFFFFFFFF31
:103FA000FFFFFFFFFFFFFFFFFFFFFFFFFFFFFFFF21
:103FB000FFFFFFFFFFFFFFFFFFFFFFFFFFFFFFFF11
:103FC000FFFFFFFFFFFFFFFFFFFFFFFFFFFFFFFF01
:103FD000FFFFFFFFFFFFFFFFFFFFFFFFFFFFFFFFF1
:103FE000FFFFFFFFFFFFFFFFFFFFFFFFFFFFFFFFE1
:103FF000FFFFFFFFFFFFFFFFFFFFFFFFFFFFFFFFD1
:10400000FFFFFFFFFFFFFFFFFFFFFFFFFFFFFFFFC0
:10401000FFFFFFFFFFFFFFFFFFFFFFFFFFFFFFFFB0
:10402000FFFFFFFFFFFFFFFFFFFFFFFFFFFFFFFFA0
:10403000FFFFFFFFFFFFFFFFFFFFFFFFFFFFFFFF90
:10404000FFFFFFFFFFFFFFFFFFFFFFFFFFFFFFFF80
:10405000FFFFFFFFFFFFFFFFFFFFFFFFFFFFFFFF70
:10406000FFFFFFFFFFFFFFFFFFFFFFFFFFFFFFFF60
:10407000FFFFFFFFFFFFFFFFFFFFFFFFFFFFFFFF50
:10408000FFFFFFFFFFFFFFFFFFFFFFFFFFFFFFFF40
:10409000FFFFFFFFFFFFFFFFFFFFFFFFFFFFFFFF30
:1040A000FFFFFFFFFFFFFFFFFFFFFFFFFFFFFFFF20
:1040B000FFFFFFFFFFFFFFFFFFFFFFFFFFFFFFFF10
:1040C000FFFFFFFFFFFFFFFFFFFFFFFFFFFFFFFF00
:1040D000FFFFFFFFFFFFFFFFFFFFFFFFFFFFFFFFF0
:1040E000FFFFFFFFFFFFFFFFFFFFFFFFFFFFFFFFE0
:1040F000FFFFFFFFFFFFFFFFFFFFFFFFFFFFFFFFD0
:10410000FFFFFFFFFFFFFFFFFFFFFFFFFFFFFFFFBF
:10411000FFFFFFFFFFFFFFFFFFFFFFFFFFFFFFFFAF
:10412000FFFFFFFFFFFFFFFFFFFFFFFFFFFFFFFF9F
:10413000FFFFFFFFFFFFFFFFFFFFFFFFFFFFFFFF8F
:10414000FFFFFFFFFFFFFFFFFFFFFFFFFFFFFFFF7F
:10415000FFFFFFFFFFFFFFFFFFFFFFFFFFFFFFFF6F
:10416000FFFFFFFFFFFFFFFFFFFFFFFFFFFFFFFF5F
:10417000FFFFFFFFFFFFFFFFFFFFFFFFFFFFFFFF4F
:10418000FFFFFFFFFFFFFFFFFFFFFFFFFFFFFFFF3F
:10419000FFFFFFFFFFFFFFFFFFFFFFFFFFFFFFFF2F
:1041A000FFFFFFFFFFFFFFFFFFFFFFFFFFFFFFFF1F
:1041B000FFFFFFFFFFFFFFFFFFFFFFFFFFFFFFFF0F
:1041C000FFFFFFFFFFFFFFFFFFFFFFFFFFFFFFFFFF
:1041D000FFFFFFFFFFFFFFFFFFFFFFFFFFFFFFFFEF
:1041E000FFFFFFFFFFFFFFFFFFFFFFFFFFFFFFFFDF
:1041F000FFFFFFFFFFFFFFFFFFFFFFFFFFFFFFFFCF
:10420000FFFFFFFFFFFFFFFFFFFFFFFFFFFFFFFFBE
:10421000FFFFFFFFFFFFFFFFFFFFFFFFFFFFFFFFAE
:10422000FFFFFFFFFFFFFFFFFFFFFFFFFFFFFFFF9E
:10423000FFFFFFFFFFFFFFFFFFFFFFFFFFFFFFFF8E
:10424000FFFFFFFFFFFFFFFFFFFFFFFFFFFFFFFF7E
:10425000FFFFFFFFFFFFFFFFFFFFFFFFFFFFFFFF6E
:10426000FFFFFFFFFFFFFFFFFFFFFFFFFFFFFFFF5E
:10427000FFFFFFFFFFFFFFFFFFFFFFFFFFFFFFFF4E
:10428000FFFFFFFFFFFFFFFFFFFFFFFFFFFFFFFF3E
:10429000FFFFFFFFFFFFFFFFFFFFFFFFFFFFFFFF2E
:1042A000FFFFFFFFFFFFFFFFFFFFFFFFFFFFFFFF1E
:1042B000FFFFFFFFFFFFFFFFFFFFFFFFFFFFFFFF0E
:1042C000FFFFFFFFFFFFFFFFFFFFFFFFFFFFFFFFFE
:1042D000FFFFFFFFFFFFFFFFFFFFFFFFFFFFFFFFEE
:1042E000FFFFFFFFFFFFFFFFFFFFFFFFFFFFFFFFDE
:1042F000FFFFFFFFFFFFFFFFFFFFFFFFFFFFFFFFCE
:10430000FFFFFFFFFFFFFFFFFFFFFFFFFFFFFFFFBD
:10431000FFFFFFFFFFFFFFFFFFFFFFFFFFFFFFFFAD
:10432000FFFFFFFFFFFFFFFFFFFFFFFFFFFFFFFF9D
:10433000FFFFFFFFFFFFFFFFFFFFFFFFFFFFFFFF8D
:10434000FFFFFFFFFFFFFFFFFFFFFFFFFFFFFFFF7D
:10435000FFFFFFFFFFFFFFFFFFFFFFFFFFFFFFFF6D
:10436000FFFFFFFFFFFFFFFFFFFFFFFFFFFFFFFF5D
:10437000FFFFFFFFFFFFFFFFFFFFFFFFFFFFFFFF4D
:10438000FFFFFFFFFFFFFFFFFFFFFFFFFFFFFFFF3D
:10439000FFFFFFFFFFFFFFFFFFFFFFFFFFFFFFFF2D
:1043A000FFFFFFFFFFFFFFFFFFFFFFFFFFFFFFFF1D
:1043B000FFFFFFFFFFFFFFFFFFFFFFFFFFFFFFFF0D
:1043C000FFFFFFFFFFFFFFFFFFFFFFFFFFFFFFFFFD
:1043D000FFFFFFFFFFFFFFFFFFFFFFFFFFFFFFFFED
:1043E000FFFFFFFFFFFFFFFFFFFFFFFFFFFFFFFFDD
:1043F000FFFFFFFFFFFFFFFFFFFFFFFFFFFFFFFFCD
:10440000FFFFFFFFFFFFFFFFFFFFFFFFFFFFFFFFBC
:10441000FFFFFFFFFFFFFFFFFFFFFFFFFFFFFFFFAC
:10442000FFFFFFFFFFFFFFFFFFFFFFFFFFFFFFFF9C
:10443000FFFFFFFFFFFFFFFFFFFFFFFFFFFFFFFF8C
:10444000FFFFFFFFFFFFFFFFFFFFFFFFFFFFFFFF7C
:10445000FFFFFFFFFFFFFFFFFFFFFFFFFFFFFFFF6C
:10446000FFFFFFFFFFFFFFFFFFFFFFFFFFFFFFFF5C
:10447000FFFFFFFFFFFFFFFFFFFFFFFFFFFFFFFF4C
:10448000FFFFFFFFFFFFFFFFFFFFFFFFFFFFFFFF3C
:10449000FFFFFFFFFFFFFFFFFFFFFFFFFFFFFFFF2C
:1044A000FFFFFFFFFFFFFFFFFFFFFFFFFFFFFFFF1C
:1044B000FFFFFFFFFFFFFFFFFFFFFFFFFFFFFFFF0C
:1044C000FFFFFFFFFFFFFFFFFFFFFFFFFFFFFFFFFC
:1044D000FFFFFFFFFFFFFFFFFFFFFFFFFFFFFFFFEC
:1044E000FFFFFFFFFFFFFFFFFFFFFFFFFFFFFFFFDC
:1044F000FFFFFFFFFFFFFFFFFFFFFFFFFFFFFFFFCC
:10450000FFFFFFFFFFFFFFFFFFFFFFFFFFFFFFFFBB
:10451000FFFFFFFFFFFFFFFFFFFFFFFFFFFFFFFFAB
:10452000FFFFFFFFFFFFFFFFFFFFFFFFFFFFFFFF9B
:10453000FFFFFFFFFFFFFFFFFFFFFFFFFFFFFFFF8B
:10454000FFFFFFFFFFFFFFFFFFFFFFFFFFFFFFFF7B
:10455000FFFFFFFFFFFFFFFFFFFFFFFFFFFFFFFF6B
:10456000FFFFFFFFFFFFFFFFFFFFFFFFFFFFFFFF5B
:10457000FFFFFFFFFFFFFFFFFFFFFFFFFFFFFFFF4B
:10458000FFFFFFFFFFFFFFFFFFFFFFFFFFFFFFFF3B
:10459000FFFFFFFFFFFFFFFFFFFFFFFFFFFFFFFF2B
:1045A000FFFFFFFFFFFFFFFFFFFFFFFFFFFFFFFF1B
:1045B000FFFFFFFFFFFFFFFFFFFFFFFFFFFFFFFF0B
:1045C000FFFFFFFFFFFFFFFFFFFFFFFFFFFFFFFFFB
:1045D000FFFFFFFFFFFFFFFFFFFFFFFFFFFFFFFFEB
:1045E000FFFFFFFFFFFFFFFFFFFFFFFFFFFFFFFFDB
:1045F000FFFFFFFFFFFFFFFFFFFFFFFFFFFFFFFFCB
:10460000FFFFFFFFFFFFFFFFFFFFFFFFFFFFFFFFBA
:10461000FFFFFFFFFFFFFFFFFFFFFFFFFFFFFFFFAA
:10462000FFFFFFFFFFFFFFFFFFFFFFFFFFFFFFFF9A
:10463000FFFFFFFFFFFFFFFFFFFFFFFFFFFFFFFF8A
:10464000FFFFFFFFFFFFFFFFFFFFFFFFFFFFFFFF7A
:10465000FFFFFFFFFFFFFFFFFFFFFFFFFFFFFFFF6A
:10466000FFFFFFFFFFFFFFFFFFFFFFFFFFFFFFFF5A
:10467000FFFFFFFFFFFFFFFFFFFFFFFFFFFFFFFF4A
:10468000FFFFFFFFFFFFFFFFFFFFFFFFFFFFFFFF3A
:10469000FFFFFFFFFFFFFFFFFFFFFFFFFFFFFFFF2A
:1046A000FFFFFFFFFFFFFFFFFFFFFFFFFFFFFFFF1A
:1046B000FFFFFFFFFFFFFFFFFFFFFFFFFFFFFFFF0A
:1046C000FFFFFFFFFFFFFFFFFFFFFFFFFFFFFFFFFA
:1046D000FFFFFFFFFFFFFFFFFFFFFFFFFFFFFFFFEA
:1046E000FFFFFFFFFFFFFFFFFFFFFFFFFFFFFFFFDA
:1046F000FFFFFFFFFFFFFFFFFFFFFFFFFFFFFFFFCA
:10470000FFFFFFFFFFFFFFFFFFFFFFFFFFFFFFFFB9
:10471000FFFFFFFFFFFFFFFFFFFFFFFFFFFFFFFFA9
:10472000FFFFFFFFFFFFFFFFFFFFFFFFFFFFFFFF99
:10473000FFFFFFFFFFFFFFFFFFFFFFFFFFFFFFFF89
:10474000FFFFFFFFFFFFFFFFFFFFFFFFFFFFFFFF79
:10475000FFFFFFFFFFFFFFFFFFFFFFFFFFFFFFFF69
:10476000FFFFFFFFFFFFFFFFFFFFFFFFFFFFFFFF59
:10477000FFFFFFFFFFFFFFFFFFFFFFFFFFFFFFFF49
:10478000FFFFFFFFFFFFFFFFFFFFFFFFFFFFFFFF39
:10479000FFFFFFFFFFFFFFFFFFFFFFFFFFFFFFFF29
:1047A000FFFFFFFFFFFFFFFFFFFFFFFFFFFFFFFF19
:1047B000FFFFFFFFFFFFFFFFFFFFFFFFFFFFFFFF09
:1047C000FFFFFFFFFFFFFFFFFFFFFFFFFFFFFFFFF9
:1047D000FFFFFFFFFFFFFFFFFFFFFFFFFFFFFFFFE9
:1047E000FFFFFFFFFFFFFFFFFFFFFFFFFFFFFFFFD9
:1047F000FFFFFFFFFFFFFFFFFFFFFFFFFFFFFFFFC9
:10480000FFFFFFFFFFFFFFFFFFFFFFFFFFFFFFFFB8
:10481000FFFFFFFFFFFFFFFFFFFFFFFFFFFFFFFFA8
:10482000FFFFFFFFFFFFFFFFFFFFFFFFFFFFFFFF98
:10483000FFFFFFFFFFFFFFFFFFFFFFFFFFFFFFFF88
:10484000FFFFFFFFFFFFFFFFFFFFFFFFFFFFFFFF78
:10485000FFFFFFFFFFFFFFFFFFFFFFFFFFFFFFFF68
:10486000FFFFFFFFFFFFFFFFFFFFFFFFFFFFFFFF58
:10487000FFFFFFFFFFFFFFFFFFFFFFFFFFFFFFFF48
:10488000FFFFFFFFFFFFFFFFFFFFFFFFFFFFFFFF38
:10489000FFFFFFFFFFFFFFFFFFFFFFFFFFFFFFFF28
:1048A000FFFFFFFFFFFFFFFFFFFFFFFFFFFFFFFF18
:1048B000FFFFFFFFFFFFFFFFFFFFFFFFFFFFFFFF08
:1048C000FFFFFFFFFFFFFFFFFFFFFFFFFFFFFFFFF8
:1048D000FFFFFFFFFFFFFFFFFFFFFFFFFFFFFFFFE8
:1048E000FFFFFFFFFFFFFFFFFFFFFFFFFFFFFFFFD8
:1048F000FFFFFFFFFFFFFFFFFFFFFFFFFFFFFFFFC8
:10490000FFFFFFFFFFFFFFFFFFFFFFFFFFFFFFFFB7
:10491000FFFFFFFFFFFFFFFFFFFFFFFFFFFFFFFFA7
:10492000FFFFFFFFFFFFFFFFFFFFFFFFFFFFFFFF97
:10493000FFFFFFFFFFFFFFFFFFFFFFFFFFFFFFFF87
:10494000FFFFFFFFFFFFFFFFFFFFFFFFFFFFFFFF77
:10495000FFFFFFFFFFFFFFFFFFFFFFFFFFFFFFFF67
:10496000FFFFFFFFFFFFFFFFFFFFFFFFFFFFFFFF57
:10497000FFFFFFFFFFFFFFFFFFFFFFFFFFFFFFFF47
:10498000FFFFFFFFFFFFFFFFFFFFFFFFFFFFFFFF37
:10499000FFFFFFFFFFFFFFFFFFFFFFFFFFFFFFFF27
:1049A000FFFFFFFFFFFFFFFFFFFFFFFFFFFFFFFF17
:1049B000FFFFFFFFFFFFFFFFFFFFFFFFFFFFFFFF07
:1049C000FFFFFFFFFFFFFFFFFFFFFFFFFFFFFFFFF7
:1049D000FFFFFFFFFFFFFFFFFFFFFFFFFFFFFFFFE7
:1049E000FFFFFFFFFFFFFFFFFFFFFFFFFFFFFFFFD7
:1049F000FFFFFFFFFFFFFFFFFFFFFFFFFFFFFFFFC7
:104A0000FFFFFFFFFFFFFFFFFFFFFFFFFFFFFFFFB6
:104A1000FFFFFFFFFFFFFFFFFFFFFFFFFFFFFFFFA6
:104A2000FFFFFFFFFFFFFFFFFFFFFFFFFFFFFFFF96
:104A3000FFFFFFFFFFFFFFFFFFFFFFFFFFFFFFFF86
:104A4000FFFFFFFFFFFFFFFFFFFFFFFFFFFFFFFF76
:104A5000FFFFFFFFFFFFFFFFFFFFFFFFFFFFFFFF66
:104A6000FFFFFFFFFFFFFFFFFFFFFFFFFFFFFFFF56
:104A7000FFFFFFFFFFFFFFFFFFFFFFFFFFFFFFFF46
:104A8000FFFFFFFFFFFFFFFFFFFFFFFFFFFFFFFF36
:104A9000FFFFFFFFFFFFFFFFFFFFFFFFFFFFFFFF26
:104AA000FFFFFFFFFFFFFFFFFFFFFFFFFFFFFFFF16
:104AB000FFFFFFFFFFFFFFFFFFFFFFFFFFFFFFFF06
:104AC000FFFFFFFFFFFFFFFFFFFFFFFFFFFFFFFFF6
:104AD000FFFFFFFFFFFFFFFFFFFFFFFFFFFFFFFFE6
:104AE000FFFFFFFFFFFFFFFFFFFFFFFFFFFFFFFFD6
:104AF000FFFFFFFFFFFFFFFFFFFFFFFFFFFFFFFFC6
:104B0000FFFFFFFFFFFFFFFFFFFFFFFFFFFFFFFFB5
:104B1000FFFFFFFFFFFFFFFFFFFFFFFFFFFFFFFFA5
:104B2000FFFFFFFFFFFFFFFFFFFFFFFFFFFFFFFF95
:104B3000FFFFFFFFFFFFFFFFFFFFFFFFFFFFFFFF85
:104B4000FFFFFFFFFFFFFFFFFFFFFFFFFFFFFFFF75
:104B5000FFFFFFFFFFFFFFFFFFFFFFFFFFFFFFFF65
:104B6000FFFFFFFFFFFFFFFFFFFFFFFFFFFFFFFF55
:104B7000FFFFFFFFFFFFFFFFFFFFFFFFFFFFFFFF45
:104B8000FFFFFFFFFFFFFFFFFFFFFFFFFFFFFFFF35
:104B9000FFFFFFFFFFFFFFFFFFFFFFFFFFFFFFFF25
:104BA000FFFFFFFFFFFFFFFFFFFFFFFFFFFFFFFF15
:104BB000FFFFFFFFFFFFFFFFFFFFFFFFFFFFFFFF05
:104BC000FFFFFFFFFFFFFFFFFFFFFFFFFFFFFFFFF5
:104BD000FFFFFFFFFFFFFFFFFFFFFFFFFFFFFFFFE5
:104BE000FFFFFFFFFFFFFFFFFFFFFFFFFFFFFFFFD5
:104BF000FFFFFFFFFFFFFFFFFFFFFFFFFFFFFFFFC5
:104C0000FFFFFFFFFFFFFFFFFFFFFFFFFFFFFFFFB4
:104C1000FFFFFFFFFFFFFFFFFFFFFFFFFFFFFFFFA4
:104C2000FFFFFFFFFFFFFFFFFFFFFFFFFFFFFFFF94
:104C3000FFFFFFFFFFFFFFFFFFFFFFFFFFFFFFFF84
:104C4000FFFFFFFFFFFFFFFFFFFFFFFFFFFFFFFF74
:104C5000FFFFFFFFFFFFFFFFFFFFFFFFFFFFFFFF64
:104C6000FFFFFFFFFFFFFFFFFFFFFFFFFFFFFFFF54
:104C7000FFFFFFFFFFFFFFFFFFFFFFFFFFFFFFFF44
:104C8000FFFFFFFFFFFFFFFFFFFFFFFFFFFFFFFF34
:104C9000FFFFFFFFFFFFFFFFFFFFFFFFFFFFFFFF24
:104CA000FFFFFFFFFFFFFFFFFFFFFFFFFFFFFFFF14
:104CB000FFFFFFFFFFFFFFFFFFFFFFFFFFFFFFFF04
:104CC000FFFFFFFFFFFFFFFFFFFFFFFFFFFFFFFFF4
:104CD000FFFFFFFFFFFFFFFFFFFFFFFFFFFFFFFFE4
:104CE000FFFFFFFFFFFFFFFFFFFFFFFFFFFFFFFFD4
:104CF000FFFFFFFFFFFFFFFFFFFFFFFFFFFFFFFFC4
:104D0000FFFFFFFFFFFFFFFFFFFFFFFFFFFFFFFFB3
:104D1000FFFFFFFFFFFFFFFFFFFFFFFFFFFFFFFFA3
:104D2000FFFFFFFFFFFFFFFFFFFFFFFFFFFFFFFF93
:104D3000FFFFFFFFFFFFFFFFFFFFFFFFFFFFFFFF83
:104D4000FFFFFFFFFFFFFFFFFFFFFFFFFFFFFFFF73
:104D5000FFFFFFFFFFFFFFFFFFFFFFFFFFFFFFFF63
:104D6000FFFFFFFFFFFFFFFFFFFFFFFFFFFFFFFF53
:104D7000FFFFFFFFFFFFFFFFFFFFFFFFFFFFFFFF43
:104D8000FFFFFFFFFFFFFFFFFFFFFFFFFFFFFFFF33
:104D9000FFFFFFFFFFFFFFFFFFFFFFFFFFFFFFFF23
:104DA000FFFFFFFFFFFFFFFFFFFFFFFFFFFFFFFF13
:104DB000FFFFFFFFFFFFFFFFFFFFFFFFFFFFFFFF03
:104DC000FFFFFFFFFFFFFFFFFFFFFFFFFFFFFFFFF3
:104DD000FFFFFFFFFFFFFFFFFFFFFFFFFFFFFFFFE3
:104DE000FFFFFFFFFFFFFFFFFFFFFFFFFFFFFFFFD3
:104DF000FFFFFFFFFFFFFFFFFFFFFFFFFFFFFFFFC3
:104E0000FFFFFFFFFFFFFFFFFFFFFFFFFFFFFFFFB2
:104E1000FFFFFFFFFFFFFFFFFFFFFFFFFFFFFFFFA2
:104E2000FFFFFFFFFFFFFFFFFFFFFFFFFFFFFFFF92
:104E3000FFFFFFFFFFFFFFFFFFFFFFFFFFFFFFFF82
:104E4000FFFFFFFFFFFFFFFFFFFFFFFFFFFFFFFF72
:104E5000FFFFFFFFFFFFFFFFFFFFFFFFFFFFFFFF62
:104E6000FFFFFFFFFFFFFFFFFFFFFFFFFFFFFFFF52
:104E7000FFFFFFFFFFFFFFFFFFFFFFFFFFFFFFFF42
:104E8000FFFFFFFFFFFFFFFFFFFFFFFFFFFFFFFF32
:104E9000FFFFFFFFFFFFFFFFFFFFFFFFFFFFFFFF22
:104EA000FFFFFFFFFFFFFFFFFFFFFFFFFFFFFFFF12
:104EB000FFFFFFFFFFFFFFFFFFFFFFFFFFFFFFFF02
:104EC000FFFFFFFFFFFFFFFFFFFFFFFFFFFFFFFFF2
:104ED000FFFFFFFFFFFFFFFFFFFFFFFFFFFFFFFFE2
:104EE000FFFFFFFFFFFFFFFFFFFFFFFFFFFFFFFFD2
:104EF000FFFFFFFFFFFFFFFFFFFFFFFFFFFFFFFFC2
:104F0000FFFFFFFFFFFFFFFFFFFFFFFFFFFFFFFFB1
:104F1000FFFFFFFFFFFFFFFFFFFFFFFFFFFFFFFFA1
:104F2000FFFFFFFFFFFFFFFFFFFFFFFFFFFFFFFF91
:104F3000FFFFFFFFFFFFFFFFFFFFFFFFFFFFFFFF81
:104F4000FFFFFFFFFFFFFFFFFFFFFFFFFFFFFFFF71
:104F5000FFFFFFFFFFFFFFFFFFFFFFFFFFFFFFFF61
:104F6000FFFFFFFFFFFFFFFFFFFFFFFFFFFFFFFF51
:104F7000FFFFFFFFFFFFFFFFFFFFFFFFFFFFFFFF41
:104F8000FFFFFFFFFFFFFFFFFFFFFFFFFFFFFFFF31
:104F9000FFFFFFFFFFFFFFFFFFFFFFFFFFFFFFFF21
:104FA000FFFFFFFFFFFFFFFFFFFFFFFFFFFFFFFF11
:104FB000FFFFFFFFFFFFFFFFFFFFFFFFFFFFFFFF01
:104FC000FFFFFFFFFFFFFFFFFFFFFFFFFFFFFFFFF1
:104FD000FFFFFFFFFFFFFFFFFFFFFFFFFFFFFFFFE1
:104FE000FFFFFFFFFFFFFFFFFFFFFFFFFFFFFFFFD1
:104FF000FFFFFFFFFFFFFFFFFFFFFFFFFFFFFFFFC1
:10500000FFFFFFFFFFFFFFFFFFFFFFFFFFFFFFFFB0
:10501000FFFFFFFFFFFFFFFFFFFFFFFFFFFFFFFFA0
:10502000FFFFFFFFFFFFFFFFFFFFFFFFFFFFFFFF90
:10503000FFFFFFFFFFFFFFFFFFFFFFFFFFFFFFFF80
:10504000FFFFFFFFFFFFFFFFFFFFFFFFFFFFFFFF70
:10505000FFFFFFFFFFFFFFFFFFFFFFFFFFFFFFFF60
:10506000FFFFFFFFFFFFFFFFFFFFFFFFFFFFFFFF50
:10507000FFFFFFFFFFFFFFFFFFFFFFFFFFFFFFFF40
:10508000FFFFFFFFFFFFFFFFFFFFFFFFFFFFFFFF30
:10509000FFFFFFFFFFFFFFFFFFFFFFFFFFFFFFFF20
:1050A000FFFFFFFFFFFFFFFFFFFFFFFFFFFFFFFF10
:1050B000FFFFFFFFFFFFFFFFFFFFFFFFFFFFFFFF00
:1050C000FFFFFFFFFFFFFFFFFFFFFFFFFFFFFFFFF0
:1050D000FFFFFFFFFFFFFFFFFFFFFFFFFFFFFFFFE0
:1050E000FFFFFFFFFFFFFFFFFFFFFFFFFFFFFFFFD0
:1050F000FFFFFFFFFFFFFFFFFFFFFFFFFFFFFFFFC0
:10510000FFFFFFFFFFFFFFFFFFFFFFFFFFFFFFFFAF
:10511000FFFFFFFFFFFFFFFFFFFFFFFFFFFFFFFF9F
:10512000FFFFFFFFFFFFFFFFFFFFFFFFFFFFFFFF8F
:10513000FFFFFFFFFFFFFFFFFFFFFFFFFFFFFFFF7F
:10514000FFFFFFFFFFFFFFFFFFFFFFFFFFFFFFFF6F
:10515000FFFFFFFFFFFFFFFFFFFFFFFFFFFFFFFF5F
:10516000FFFFFFFFFFFFFFFFFFFFFFFFFFFFFFFF4F
:10517000FFFFFFFFFFFFFFFFFFFFFFFFFFFFFFFF3F
:10518000FFFFFFFFFFFFFFFFFFFFFFFFFFFFFFFF2F
:10519000FFFFFFFFFFFFFFFFFFFFFFFFFFFFFFFF1F
:1051A000FFFFFFFFFFFFFFFFFFFFFFFFFFFFFFFF0F
:1051B000FFFFFFFFFFFFFFFFFFFFFFFFFFFFFFFFFF
:1051C000FFFFFFFFFFFFFFFFFFFFFFFFFFFFFFFFEF
:1051D000FFFFFFFFFFFFFFFFFFFFFFFFFFFFFFFFDF
:1051E000FFFFFFFFFFFFFFFFFFFFFFFFFFFFFFFFCF
:1051F000FFFFFFFFFFFFFFFFFFFFFFFFFFFFFFFFBF
:10520000FFFFFFFFFFFFFFFFFFFFFFFFFFFFFFFFAE
:10521000FFFFFFFFFFFFFFFFFFFFFFFFFFFFFFFF9E
:10522000FFFFFFFFFFFFFFFFFFFFFFFFFFFFFFFF8E
:10523000FFFFFFFFFFFFFFFFFFFFFFFFFFFFFFFF7E
:10524000FFFFFFFFFFFFFFFFFFFFFFFFFFFFFFFF6E
:10525000FFFFFFFFFFFFFFFFFFFFFFFFFFFFFFFF5E
:10526000FFFFFFFFFFFFFFFFFFFFFFFFFFFFFFFF4E
:10527000FFFFFFFFFFFFFFFFFFFFFFFFFFFFFFFF3E
:10528000FFFFFFFFFFFFFFFFFFFFFFFFFFFFFFFF2E
:10529000FFFFFFFFFFFFFFFFFFFFFFFFFFFFFFFF1E
:1052A000FFFFFFFFFFFFFFFFFFFFFFFFFFFFFFFF0E
:1052B000FFFFFFFFFFFFFFFFFFFFFFFFFFFFFFFFFE
:1052C000FFFFFFFFFFFFFFFFFFFFFFFFFFFFFFFFEE
:1052D000FFFFFFFFFFFFFFFFFFFFFFFFFFFFFFFFDE
:1052E000FFFFFFFFFFFFFFFFFFFFFFFFFFFFFFFFCE
:1052F000FFFFFFFFFFFFFFFFFFFFFFFFFFFFFFFFBE
:10530000FFFFFFFFFFFFFFFFFFFFFFFFFFFFFFFFAD
:10531000FFFFFFFFFFFFFFFFFFFFFFFFFFFFFFFF9D
:10532000FFFFFFFFFFFFFFFFFFFFFFFFFFFFFFFF8D
:10533000FFFFFFFFFFFFFFFFFFFFFFFFFFFFFFFF7D
:10534000FFFFFFFFFFFFFFFFFFFFFFFFFFFFFFFF6D
:10535000FFFFFFFFFFFFFFFFFFFFFFFFFFFFFFFF5D
:10536000FFFFFFFFFFFFFFFFFFFFFFFFFFFFFFFF4D
:10537000FFFFFFFFFFFFFFFFFFFFFFFFFFFFFFFF3D
:10538000FFFFFFFFFFFFFFFFFFFFFFFFFFFFFFFF2D
:10539000FFFFFFFFFFFFFFFFFFFFFFFFFFFFFFFF1D
:1053A000FFFFFFFFFFFFFFFFFFFFFFFFFFFFFFFF0D
:1053B000FFFFFFFFFFFFFFFFFFFFFFFFFFFFFFFFFD
:1053C000FFFFFFFFFFFFFFFFFFFFFFFFFFFFFFFFED
:1053D000FFFFFFFFFFFFFFFFFFFFFFFFFFFFFFFFDD
:1053E000FFFFFFFFFFFFFFFFFFFFFFFFFFFFFFFFCD
:1053F000FFFFFFFFFFFFFFFFFFFFFFFFFFFFFFFFBD
:10540000FFFFFFFFFFFFFFFFFFFFFFFFFFFFFFFFAC
:10541000FFFFFFFFFFFFFFFFFFFFFFFFFFFFFFFF9C
:10542000FFFFFFFFFFFFFFFFFFFFFFFFFFFFFFFF8C
:10543000FFFFFFFFFFFFFFFFFFFFFFFFFFFFFFFF7C
:10544000FFFFFFFFFFFFFFFFFFFFFFFFFFFFFFFF6C
:10545000FFFFFFFFFFFFFFFFFFFFFFFFFFFFFFFF5C
:10546000FFFFFFFFFFFFFFFFFFFFFFFFFFFFFFFF4C
:10547000FFFFFFFFFFFFFFFFFFFFFFFFFFFFFFFF3C
:10548000FFFFFFFFFFFFFFFFFFFFFFFFFFFFFFFF2C
:10549000FFFFFFFFFFFFFFFFFFFFFFFFFFFFFFFF1C
:1054A000FFFFFFFFFFFFFFFFFFFFFFFFFFFFFFFF0C
:1054B000FFFFFFFFFFFFFFFFFFFFFFFFFFFFFFFFFC
:1054C000FFFFFFFFFFFFFFFFFFFFFFFFFFFFFFFFEC
:1054D000FFFFFFFFFFFFFFFFFFFFFFFFFFFFFFFFDC
:1054E000FFFFFFFFFFFFFFFFFFFFFFFFFFFFFFFFCC
:1054F000FFFFFFFFFFFFFFFFFFFFFFFFFFFFFFFFBC
:10550000FFFFFFFFFFFFFFFFFFFFFFFFFFFFFFFFAB
:10551000FFFFFFFFFFFFFFFFFFFFFFFFFFFFFFFF9B
:10552000FFFFFFFFFFFFFFFFFFFFFFFFFFFFFFFF8B
:10553000FFFFFFFFFFFFFFFFFFFFFFFFFFFFFFFF7B
:10554000FFFFFFFFFFFFFFFFFFFFFFFFFFFFFFFF6B
:10555000FFFFFFFFFFFFFFFFFFFFFFFFFFFFFFFF5B
:10556000FFFFFFFFFFFFFFFFFFFFFFFFFFFFFFFF4B
:10557000FFFFFFFFFFFFFFFFFFFFFFFFFFFFFFFF3B
:10558000FFFFFFFFFFFFFFFFFFFFFFFFFFFFFFFF2B
:10559000FFFFFFFFFFFFFFFFFFFFFFFFFFFFFFFF1B
:1055A000FFFFFFFFFFFFFFFFFFFFFFFFFFFFFFFF0B
:1055B000FFFFFFFFFFFFFFFFFFFFFFFFFFFFFFFFFB
:1055C000FFFFFFFFFFFFFFFFFFFFFFFFFFFFFFFFEB
:1055D000FFFFFFFFFFFFFFFFFFFFFFFFFFFFFFFFDB
:1055E000FFFFFFFFFFFFFFFFFFFFFFFFFFFFFFFFCB
:1055F000FFFFFFFFFFFFFFFFFFFFFFFFFFFFFFFFBB
:10560000FFFFFFFFFFFFFFFFFFFFFFFFFFFFFFFFAA
:10561000FFFFFFFFFFFFFFFFFFFFFFFFFFFFFFFF9A
:10562000FFFFFFFFFFFFFFFFFFFFFFFFFFFFFFFF8A
:10563000FFFFFFFFFFFFFFFFFFFFFFFFFFFFFFFF7A
:10564000FFFFFFFFFFFFFFFFFFFFFFFFFFFFFFFF6A
:10565000FFFFFFFFFFFFFFFFFFFFFFFFFFFFFFFF5A
:10566000FFFFFFFFFFFFFFFFFFFFFFFFFFFFFFFF4A
:10567000FFFFFFFFFFFFFFFFFFFFFFFFFFFFFFFF3A
:10568000FFFFFFFFFFFFFFFFFFFFFFFFFFFFFFFF2A
:10569000FFFFFFFFFFFFFFFFFFFFFFFFFFFFFFFF1A
:1056A000FFFFFFFFFFFFFFFFFFFFFFFFFFFFFFFF0A
:1056B000FFFFFFFFFFFFFFFFFFFFFFFFFFFFFFFFFA
:1056C000FFFFFFFFFFFFFFFFFFFFFFFFFFFFFFFFEA
:1056D000FFFFFFFFFFFFFFFFFFFFFFFFFFFFFFFFDA
:1056E000FFFFFFFFFFFFFFFFFFFFFFFFFFFFFFFFCA
:1056F000FFFFFFFFFFFFFFFFFFFFFFFFFFFFFFFFBA
:10570000FFFFFFFFFFFFFFFFFFFFFFFFFFFFFFFFA9
:10571000FFFFFFFFFFFFFFFFFFFFFFFFFFFFFFFF99
:10572000FFFFFFFFFFFFFFFFFFFFFFFFFFFFFFFF89
:10573000FFFFFFFFFFFFFFFFFFFFFFFFFFFFFFFF79
:10574000FFFFFFFFFFFFFFFFFFFFFFFFFFFFFFFF69
:10575000FFFFFFFFFFFFFFFFFFFFFFFFFFFFFFFF59
:10576000FFFFFFFFFFFFFFFFFFFFFFFFFFFFFFFF49
:10577000FFFFFFFFFFFFFFFFFFFFFFFFFFFFFFFF39
:10578000FFFFFFFFFFFFFFFFFFFFFFFFFFFFFFFF29
:10579000FFFFFFFFFFFFFFFFFFFFFFFFFFFFFFFF19
:1057A000FFFFFFFFFFFFFFFFFFFFFFFFFFFFFFFF09
:1057B000FFFFFFFFFFFFFFFFFFFFFFFFFFFFFFFFF9
:1057C000FFFFFFFFFFFFFFFFFFFFFFFFFFFFFFFFE9
:1057D000FFFFFFFFFFFFFFFFFFFFFFFFFFFFFFFFD9
:1057E000FFFFFFFFFFFFFFFFFFFFFFFFFFFFFFFFC9
:1057F000FFFFFFFFFFFFFFFFFFFFFFFFFFFFFFFFB9
:10580000FFFFFFFFFFFFFFFFFFFFFFFFFFFFFFFFA8
:10581000FFFFFFFFFFFFFFFFFFFFFFFFFFFFFFFF98
:10582000FFFFFFFFFFFFFFFFFFFFFFFFFFFFFFFF88
:10583000FFFFFFFFFFFFFFFFFFFFFFFFFFFFFFFF78
:10584000FFFFFFFFFFFFFFFFFFFFFFFFFFFFFFFF68
:10585000FFFFFFFFFFFFFFFFFFFFFFFFFFFFFFFF58
:10586000FFFFFFFFFFFFFFFFFFFFFFFFFFFFFFFF48
:10587000FFFFFFFFFFFFFFFFFFFFFFFFFFFFFFFF38
:10588000FFFFFFFFFFFFFFFFFFFFFFFFFFFFFFFF28
:10589000FFFFFFFFFFFFFFFFFFFFFFFFFFFFFFFF18
:1058A000FFFFFFFFFFFFFFFFFFFFFFFFFFFFFFFF08
:1058B000FFFFFFFFFFFFFFFFFFFFFFFFFFFFFFFFF8
:1058C000FFFFFFFFFFFFFFFFFFFFFFFFFFFFFFFFE8
:1058D000FFFFFFFFFFFFFFFFFFFFFFFFFFFFFFFFD8
:1058E000FFFFFFFFFFFFFFFFFFFFFFFFFFFFFFFFC8
:1058F000FFFFFFFFFFFFFFFFFFFFFFFFFFFFFFFFB8
:10590000FFFFFFFFFFFFFFFFFFFFFFFFFFFFFFFFA7
:10591000FFFFFFFFFFFFFFFFFFFFFFFFFFFFFFFF97
:10592000FFFFFFFFFFFFFFFFFFFFFFFFFFFFFFFF87
:10593000FFFFFFFFFFFFFFFFFFFFFFFFFFFFFFFF77
:10594000FFFFFFFFFFFFFFFFFFFFFFFFFFFFFFFF67
:10595000FFFFFFFFFFFFFFFFFFFFFFFFFFFFFFFF57
:10596000FFFFFFFFFFFFFFFFFFFFFFFFFFFFFFFF47
:10597000FFFFFFFFFFFFFFFFFFFFFFFFFFFFFFFF37
:10598000FFFFFFFFFFFFFFFFFFFFFFFFFFFFFFFF27
:10599000FFFFFFFFFFFFFFFFFFFFFFFFFFFFFFFF17
:1059A000FFFFFFFFFFFFFFFFFFFFFFFFFFFFFFFF07
:1059B000FFFFFFFFFFFFFFFFFFFFFFFFFFFFFFFFF7
:1059C000FFFFFFFFFFFFFFFFFFFFFFFFFFFFFFFFE7
:1059D000FFFFFFFFFFFFFFFFFFFFFFFFFFFFFFFFD7
:1059E000FFFFFFFFFFFFFFFFFFFFFFFFFFFFFFFFC7
:1059F000FFFFFFFFFFFFFFFFFFFFFFFFFFFFFFFFB7
:105A0000FFFFFFFFFFFFFFFFFFFFFFFFFFFFFFFFA6
:105A1000FFFFFFFFFFFFFFFFFFFFFFFFFFFFFFFF96
:105A2000FFFFFFFFFFFFFFFFFFFFFFFFFFFFFFFF86
:105A3000FFFFFFFFFFFFFFFFFFFFFFFFFFFFFFFF76
:105A4000FFFFFFFFFFFFFFFFFFFFFFFFFFFFFFFF66
:105A5000FFFFFFFFFFFFFFFFFFFFFFFFFFFFFFFF56
:105A6000FFFFFFFFFFFFFFFFFFFFFFFFFFFFFFFF46
:105A7000FFFFFFFFFFFFFFFFFFFFFFFFFFFFFFFF36
:105A8000FFFFFFFFFFFFFFFFFFFFFFFFFFFFFFFF26
:105A9000FFFFFFFFFFFFFFFFFFFFFFFFFFFFFFFF16
:105AA000FFFFFFFFFFFFFFFFFFFFFFFFFFFFFFFF06
:105AB000FFFFFFFFFFFFFFFFFFFFFFFFFFFFFFFFF6
:105AC000FFFFFFFFFFFFFFFFFFFFFFFFFFFFFFFFE6
:105AD000FFFFFFFFFFFFFFFFFFFFFFFFFFFFFFFFD6
:105AE000FFFFFFFFFFFFFFFFFFFFFFFFFFFFFFFFC6
:105AF000FFFFFFFFFFFFFFFFFFFFFFFFFFFFFFFFB6
:105B0000FFFFFFFFFFFFFFFFFFFFFFFFFFFFFFFFA5
:105B1000FFFFFFFFFFFFFFFFFFFFFFFFFFFFFFFF95
:105B2000FFFFFFFFFFFFFFFFFFFFFFFFFFFFFFFF85
:105B3000FFFFFFFFFFFFFFFFFFFFFFFFFFFFFFFF75
:105B4000FFFFFFFFFFFFFFFFFFFFFFFFFFFFFFFF65
:105B5000FFFFFFFFFFFFFFFFFFFFFFFFFFFFFFFF55
:105B6000FFFFFFFFFFFFFFFFFFFFFFFFFFFFFFFF45
:105B7000FFFFFFFFFFFFFFFFFFFFFFFFFFFFFFFF35
:105B8000FFFFFFFFFFFFFFFFFFFFFFFFFFFFFFFF25
:105B9000FFFFFFFFFFFFFFFFFFFFFFFFFFFFFFFF15
:105BA000FFFFFFFFFFFFFFFFFFFFFFFFFFFFFFFF05
:105BB000FFFFFFFFFFFFFFFFFFFFFFFFFFFFFFFFF5
:105BC000FFFFFFFFFFFFFFFFFFFFFFFFFFFFFFFFE5
:105BD000FFFFFFFFFFFFFFFFFFFFFFFFFFFFFFFFD5
:105BE000FFFFFFFFFFFFFFFFFFFFFFFFFFFFFFFFC5
:105BF000FFFFFFFFFFFFFFFFFFFFFFFFFFFFFFFFB5
:105C0000FFFFFFFFFFFFFFFFFFFFFFFFFFFFFFFFA4
:105C1000FFFFFFFFFFFFFFFFFFFFFFFFFFFFFFFF94
:105C2000FFFFFFFFFFFFFFFFFFFFFFFFFFFFFFFF84
:105C3000FFFFFFFFFFFFFFFFFFFFFFFFFFFFFFFF74
:105C4000FFFFFFFFFFFFFFFFFFFFFFFFFFFFFFFF64
:105C5000FFFFFFFFFFFFFFFFFFFFFFFFFFFFFFFF54
:105C6000FFFFFFFFFFFFFFFFFFFFFFFFFFFFFFFF44
:105C7000FFFFFFFFFFFFFFFFFFFFFFFFFFFFFFFF34
:105C8000FFFFFFFFFFFFFFFFFFFFFFFFFFFFFFFF24
:105C9000FFFFFFFFFFFFFFFFFFFFFFFFFFFFFFFF14
:105CA000FFFFFFFFFFFFFFFFFFFFFFFFFFFFFFFF04
:105CB000FFFFFFFFFFFFFFFFFFFFFFFFFFFFFFFFF4
:105CC000FFFFFFFFFFFFFFFFFFFFFFFFFFFFFFFFE4
:105CD000FFFFFFFFFFFFFFFFFFFFFFFFFFFFFFFFD4
:105CE000FFFFFFFFFFFFFFFFFFFFFFFFFFFFFFFFC4
:105CF000FFFFFFFFFFFFFFFFFFFFFFFFFFFFFFFFB4
:105D0000FFFFFFFFFFFFFFFFFFFFFFFFFFFFFFFFA3
:105D1000FFFFFFFFFFFFFFFFFFFFFFFFFFFFFFFF93
:105D2000FFFFFFFFFFFFFFFFFFFFFFFFFFFFFFFF83
:105D3000FFFFFFFFFFFFFFFFFFFFFFFFFFFFFFFF73
:105D4000FFFFFFFFFFFFFFFFFFFFFFFFFFFFFFFF63
:105D5000FFFFFFFFFFFFFFFFFFFFFFFFFFFFFFFF53
:105D6000FFFFFFFFFFFFFFFFFFFFFFFFFFFFFFFF43
:105D7000FFFFFFFFFFFFFFFFFFFFFFFFFFFFFFFF33
:105D8000FFFFFFFFFFFFFFFFFFFFFFFFFFFFFFFF23
:105D9000FFFFFFFFFFFFFFFFFFFFFFFFFFFFFFFF13
:105DA000FFFFFFFFFFFFFFFFFFFFFFFFFFFFFFFF03
:105DB000FFFFFFFFFFFFFFFFFFFFFFFFFFFFFFFFF3
:105DC000FFFFFFFFFFFFFFFFFFFFFFFFFFFFFFFFE3
:105DD000FFFFFFFFFFFFFFFFFFFFFFFFFFFFFFFFD3
:105DE000FFFFFFFFFFFFFFFFFFFFFFFFFFFFFFFFC3
:105DF000FFFFFFFFFFFFFFFFFFFFFFFFFFFFFFFFB3
:105E0000FFFFFFFFFFFFFFFFFFFFFFFFFFFFFFFFA2
:105E1000FFFFFFFFFFFFFFFFFFFFFFFFFFFFFFFF92
:105E2000FFFFFFFFFFFFFFFFFFFFFFFFFFFFFFFF82
:105E3000FFFFFFFFFFFFFFFFFFFFFFFFFFFFFFFF72
:105E4000FFFFFFFFFFFFFFFFFFFFFFFFFFFFFFFF62
:105E5000FFFFFFFFFFFFFFFFFFFFFFFFFFFFFFFF52
:105E6000FFFFFFFFFFFFFFFFFFFFFFFFFFFFFFFF42
:105E7000FFFFFFFFFFFFFFFFFFFFFFFFFFFFFFFF32
:105E8000FFFFFFFFFFFFFFFFFFFFFFFFFFFFFFFF22
:105E9000FFFFFFFFFFFFFFFFFFFFFFFFFFFFFFFF12
:105EA000FFFFFFFFFFFFFFFFFFFFFFFFFFFFFFFF02
:105EB000FFFFFFFFFFFFFFFFFFFFFFFFFFFFFFFFF2
:105EC000FFFFFFFFFFFFFFFFFFFFFFFFFFFFFFFFE2
:105ED000FFFFFFFFFFFFFFFFFFFFFFFFFFFFFFFFD2
:105EE000FFFFFFFFFFFFFFFFFFFFFFFFFFFFFFFFC2
:105EF000FFFFFFFFFFFFFFFFFFFFFFFFFFFFFFFFB2
:105F0000FFFFFFFFFFFFFFFFFFFFFFFFFFFFFFFFA1
:105F1000FFFFFFFFFFFFFFFFFFFFFFFFFFFFFFFF91
:105F2000FFFFFFFFFFFFFFFFFFFFFFFFFFFFFFFF81
:105F3000FFFFFFFFFFFFFFFFFFFFFFFFFFFFFFFF71
:105F4000FFFFFFFFFFFFFFFFFFFFFFFFFFFFFFFF61
:105F5000FFFFFFFFFFFFFFFFFFFFFFFFFFFFFFFF51
:105F6000FFFFFFFFFFFFFFFFFFFFFFFFFFFFFFFF41
:105F7000FFFFFFFFFFFFFFFFFFFFFFFFFFFFFFFF31
:105F8000FFFFFFFFFFFFFFFFFFFFFFFFFFFFFFFF21
:105F9000FFFFFFFFFFFFFFFFFFFFFFFFFFFFFFFF11
:105FA000FFFFFFFFFFFFFFFFFFFFFFFFFFFFFFFF01
:105FB000FFFFFFFFFFFFFFFFFFFFFFFFFFFFFFFFF1
:105FC000FFFFFFFFFFFFFFFFFFFFFFFFFFFFFFFFE1
:105FD000FFFFFFFFFFFFFFFFFFFFFFFFFFFFFFFFD1
:105FE000FFFFFFFFFFFFFFFFFFFFFFFFFFFFFFFFC1
:105FF000FFFFFFFFFFFFFFFFFFFFFFFFFFFFFFFFB1
:10600000FFFFFFFFFFFFFFFFFFFFFFFFFFFFFFFFA0
:10601000FFFFFFFFFFFFFFFFFFFFFFFFFFFFFFFF90
:10602000FFFFFFFFFFFFFFFFFFFFFFFFFFFFFFFF80
:10603000FFFFFFFFFFFFFFFFFFFFFFFFFFFFFFFF70
:10604000FFFFFFFFFFFFFFFFFFFFFFFFFFFFFFFF60
:10605000FFFFFFFFFFFFFFFFFFFFFFFFFFFFFFFF50
:10606000FFFFFFFFFFFFFFFFFFFFFFFFFFFFFFFF40
:10607000FFFFFFFFFFFFFFFFFFFFFFFFFFFFFFFF30
:10608000FFFFFFFFFFFFFFFFFFFFFFFFFFFFFFFF20
:10609000FFFFFFFFFFFFFFFFFFFFFFFFFFFFFFFF10
:1060A000FFFFFFFFFFFFFFFFFFFFFFFFFFFFFFFF00
:1060B000FFFFFFFFFFFFFFFFFFFFFFFFFFFFFFFFF0
:1060C000FFFFFFFFFFFFFFFFFFFFFFFFFFFFFFFFE0
:1060D000FFFFFFFFFFFFFFFFFFFFFFFFFFFFFFFFD0
:1060E000FFFFFFFFFFFFFFFFFFFFFFFFFFFFFFFFC0
:1060F000FFFFFFFFFFFFFFFFFFFFFFFFFFFFFFFFB0
:10610000FFFFFFFFFFFFFFFFFFFFFFFFFFFFFFFF9F
:10611000FFFFFFFFFFFFFFFFFFFFFFFFFFFFFFFF8F
:10612000FFFFFFFFFFFFFFFFFFFFFFFFFFFFFFFF7F
:10613000FFFFFFFFFFFFFFFFFFFFFFFFFFFFFFFF6F
:10614000FFFFFFFFFFFFFFFFFFFFFFFFFFFFFFFF5F
:10615000FFFFFFFFFFFFFFFFFFFFFFFFFFFFFFFF4F
:10616000FFFFFFFFFFFFFFFFFFFFFFFFFFFFFFFF3F
:10617000FFFFFFFFFFFFFFFFFFFFFFFFFFFFFFFF2F
:10618000FFFFFFFFFFFFFFFFFFFFFFFFFFFFFFFF1F
:10619000FFFFFFFFFFFFFFFFFFFFFFFFFFFFFFFF0F
:1061A000FFFFFFFFFFFFFFFFFFFFFFFFFFFFFFFFFF
:1061B000FFFFFFFFFFFFFFFFFFFFFFFFFFFFFFFFEF
:1061C000FFFFFFFFFFFFFFFFFFFFFFFFFFFFFFFFDF
:1061D000FFFFFFFFFFFFFFFFFFFFFFFFFFFFFFFFCF
:1061E000FFFFFFFFFFFFFFFFFFFFFFFFFFFFFFFFBF
:1061F000FFFFFFFFFFFFFFFFFFFFFFFFFFFFFFFFAF
:10620000FFFFFFFFFFFFFFFFFFFFFFFFFFFFFFFF9E
:10621000FFFFFFFFFFFFFFFFFFFFFFFFFFFFFFFF8E
:10622000FFFFFFFFFFFFFFFFFFFFFFFFFFFFFFFF7E
:10623000FFFFFFFFFFFFFFFFFFFFFFFFFFFFFFFF6E
:10624000FFFFFFFFFFFFFFFFFFFFFFFFFFFFFFFF5E
:10625000FFFFFFFFFFFFFFFFFFFFFFFFFFFFFFFF4E
:10626000FFFFFFFFFFFFFFFFFFFFFFFFFFFFFFFF3E
:10627000FFFFFFFFFFFFFFFFFFFFFFFFFFFFFFFF2E
:10628000FFFFFFFFFFFFFFFFFFFFFFFFFFFFFFFF1E
:10629000FFFFFFFFFFFFFFFFFFFFFFFFFFFFFFFF0E
:1062A000FFFFFFFFFFFFFFFFFFFFFFFFFFFFFFFFFE
:1062B000FFFFFFFFFFFFFFFFFFFFFFFFFFFFFFFFEE
:1062C000FFFFFFFFFFFFFFFFFFFFFFFFFFFFFFFFDE
:1062D000FFFFFFFFFFFFFFFFFFFFFFFFFFFFFFFFCE
:1062E000FFFFFFFFFFFFFFFFFFFFFFFFFFFFFFFFBE
:1062F000FFFFFFFFFFFFFFFFFFFFFFFFFFFFFFFFAE
:10630000FFFFFFFFFFFFFFFFFFFFFFFFFFFFFFFF9D
:10631000FFFFFFFFFFFFFFFFFFFFFFFFFFFFFFFF8D
:10632000FFFFFFFFFFFFFFFFFFFFFFFFFFFFFFFF7D
:10633000FFFFFFFFFFFFFFFFFFFFFFFFFFFFFFFF6D
:10634000FFFFFFFFFFFFFFFFFFFFFFFFFFFFFFFF5D
:10635000FFFFFFFFFFFFFFFFFFFFFFFFFFFFFFFF4D
:10636000FFFFFFFFFFFFFFFFFFFFFFFFFFFFFFFF3D
:10637000FFFFFFFFFFFFFFFFFFFFFFFFFFFFFFFF2D
:10638000FFFFFFFFFFFFFFFFFFFFFFFFFFFFFFFF1D
:10639000FFFFFFFFFFFFFFFFFFFFFFFFFFFFFFFF0D
:1063A000FFFFFFFFFFFFFFFFFFFFFFFFFFFFFFFFFD
:1063B000FFFFFFFFFFFFFFFFFFFFFFFFFFFFFFFFED
:1063C000FFFFFFFFFFFFFFFFFFFFFFFFFFFFFFFFDD
:1063D000FFFFFFFFFFFFFFFFFFFFFFFFFFFFFFFFCD
:1063E000FFFFFFFFFFFFFFFFFFFFFFFFFFFFFFFFBD
:1063F000FFFFFFFFFFFFFFFFFFFFFFFFFFFFFFFFAD
:10640000FFFFFFFFFFFFFFFFFFFFFFFFFFFFFFFF9C
:10641000FFFFFFFFFFFFFFFFFFFFFFFFFFFFFFFF8C
:10642000FFFFFFFFFFFFFFFFFFFFFFFFFFFFFFFF7C
:10643000FFFFFFFFFFFFFFFFFFFFFFFFFFFFFFFF6C
:10644000FFFFFFFFFFFFFFFFFFFFFFFFFFFFFFFF5C
:10645000FFFFFFFFFFFFFFFFFFFFFFFFFFFFFFFF4C
:10646000FFFFFFFFFFFFFFFFFFFFFFFFFFFFFFFF3C
:10647000FFFFFFFFFFFFFFFFFFFFFFFFFFFFFFFF2C
:10648000FFFFFFFFFFFFFFFFFFFFFFFFFFFFFFFF1C
:10649000FFFFFFFFFFFFFFFFFFFFFFFFFFFFFFFF0C
:1064A000FFFFFFFFFFFFFFFFFFFFFFFFFFFFFFFFFC
:1064B000FFFFFFFFFFFFFFFFFFFFFFFFFFFFFFFFEC
:1064C000FFFFFFFFFFFFFFFFFFFFFFFFFFFFFFFFDC
:1064D000FFFFFFFFFFFFFFFFFFFFFFFFFFFFFFFFCC
:1064E000FFFFFFFFFFFFFFFFFFFFFFFFFFFFFFFFBC
:1064F000FFFFFFFFFFFFFFFFFFFFFFFFFFFFFFFFAC
:10650000FFFFFFFFFFFFFFFFFFFFFFFFFFFFFFFF9B
:10651000FFFFFFFFFFFFFFFFFFFFFFFFFFFFFFFF8B
:10652000FFFFFFFFFFFFFFFFFFFFFFFFFFFFFFFF7B
:10653000FFFFFFFFFFFFFFFFFFFFFFFFFFFFFFFF6B
:10654000FFFFFFFFFFFFFFFFFFFFFFFFFFFFFFFF5B
:10655000FFFFFFFFFFFFFFFFFFFFFFFFFFFFFFFF4B
:10656000FFFFFFFFFFFFFFFFFFFFFFFFFFFFFFFF3B
:10657000FFFFFFFFFFFFFFFFFFFFFFFFFFFFFFFF2B
:10658000FFFFFFFFFFFFFFFFFFFFFFFFFFFFFFFF1B
:10659000FFFFFFFFFFFFFFFFFFFFFFFFFFFFFFFF0B
:1065A000FFFFFFFFFFFFFFFFFFFFFFFFFFFFFFFFFB
:1065B000FFFFFFFFFFFFFFFFFFFFFFFFFFFFFFFFEB
:1065C000FFFFFFFFFFFFFFFFFFFFFFFFFFFFFFFFDB
:1065D000FFFFFFFFFFFFFFFFFFFFFFFFFFFFFFFFCB
:1065E000FFFFFFFFFFFFFFFFFFFFFFFFFFFFFFFFBB
:1065F000FFFFFFFFFFFFFFFFFFFFFFFFFFFFFFFFAB
:10660000FFFFFFFFFFFFFFFFFFFFFFFFFFFFFFFF9A
:10661000FFFFFFFFFFFFFFFFFFFFFFFFFFFFFFFF8A
:10662000FFFFFFFFFFFFFFFFFFFFFFFFFFFFFFFF7A
:10663000FFFFFFFFFFFFFFFFFFFFFFFFFFFFFFFF6A
:10664000FFFFFFFFFFFFFFFFFFFFFFFFFFFFFFFF5A
:10665000FFFFFFFFFFFFFFFFFFFFFFFFFFFFFFFF4A
:10666000FFFFFFFFFFFFFFFFFFFFFFFFFFFFFFFF3A
:10667000FFFFFFFFFFFFFFFFFFFFFFFFFFFFFFFF2A
:10668000FFFFFFFFFFFFFFFFFFFFFFFFFFFFFFFF1A
:10669000FFFFFFFFFFFFFFFFFFFFFFFFFFFFFFFF0A
:1066A000FFFFFFFFFFFFFFFFFFFFFFFFFFFFFFFFFA
:1066B000FFFFFFFFFFFFFFFFFFFFFFFFFFFFFFFFEA
:1066C000FFFFFFFFFFFFFFFFFFFFFFFFFFFFFFFFDA
:1066D000FFFFFFFFFFFFFFFFFFFFFFFFFFFFFFFFCA
:1066E000FFFFFFFFFFFFFFFFFFFFFFFFFFFFFFFFBA
:1066F000FFFFFFFFFFFFFFFFFFFFFFFFFFFFFFFFAA
:10670000FFFFFFFFFFFFFFFFFFFFFFFFFFFFFFFF99
:10671000FFFFFFFFFFFFFFFFFFFFFFFFFFFFFFFF89
:10672000FFFFFFFFFFFFFFFFFFFFFFFFFFFFFFFF79
:10673000FFFFFFFFFFFFFFFFFFFFFFFFFFFFFFFF69
:10674000FFFFFFFFFFFFFFFFFFFFFFFFFFFFFFFF59
:10675000FFFFFFFFFFFFFFFFFFFFFFFFFFFFFFFF49
:10676000FFFFFFFFFFFFFFFFFFFFFFFFFFFFFFFF39
:10677000FFFFFFFFFFFFFFFFFFFFFFFFFFFFFFFF29
:10678000FFFFFFFFFFFFFFFFFFFFFFFFFFFFFFFF19
:10679000FFFFFFFFFFFFFFFFFFFFFFFFFFFFFFFF09
:1067A000FFFFFFFFFFFFFFFFFFFFFFFFFFFFFFFFF9
:1067B000FFFFFFFFFFFFFFFFFFFFFFFFFFFFFFFFE9
:1067C000FFFFFFFFFFFFFFFFFFFFFFFFFFFFFFFFD9
:1067D000FFFFFFFFFFFFFFFFFFFFFFFFFFFFFFFFC9
:1067E000FFFFFFFFFFFFFFFFFFFFFFFFFFFFFFFFB9
:1067F000FFFFFFFFFFFFFFFFFFFFFFFFFFFFFFFFA9
:10680000FFFFFFFFFFFFFFFFFFFFFFFFFFFFFFFF98
:10681000FFFFFFFFFFFFFFFFFFFFFFFFFFFFFFFF88
:10682000FFFFFFFFFFFFFFFFFFFFFFFFFFFFFFFF78
:10683000FFFFFFFFFFFFFFFFFFFFFFFFFFFFFFFF68
:10684000FFFFFFFFFFFFFFFFFFFFFFFFFFFFFFFF58
:10685000FFFFFFFFFFFFFFFFFFFFFFFFFFFFFFFF48
:10686000FFFFFFFFFFFFFFFFFFFFFFFFFFFFFFFF38
:10687000FFFFFFFFFFFFFFFFFFFFFFFFFFFFFFFF28
:10688000FFFFFFFFFFFFFFFFFFFFFFFFFFFFFFFF18
:10689000FFFFFFFFFFFFFFFFFFFFFFFFFFFFFFFF08
:1068A000FFFFFFFFFFFFFFFFFFFFFFFFFFFFFFFFF8
:1068B000FFFFFFFFFFFFFFFFFFFFFFFFFFFFFFFFE8
:1068C000FFFFFFFFFFFFFFFFFFFFFFFFFFFFFFFFD8
:1068D000FFFFFFFFFFFFFFFFFFFFFFFFFFFFFFFFC8
:1068E000FFFFFFFFFFFFFFFFFFFFFFFFFFFFFFFFB8
:1068F000FFFFFFFFFFFFFFFFFFFFFFFFFFFFFFFFA8
:10690000FFFFFFFFFFFFFFFFFFFFFFFFFFFFFFFF97
:10691000FFFFFFFFFFFFFFFFFFFFFFFFFFFFFFFF87
:10692000FFFFFFFFFFFFFFFFFFFFFFFFFFFFFFFF77
:10693000FFFFFFFFFFFFFFFFFFFFFFFFFFFFFFFF67
:10694000FFFFFFFFFFFFFFFFFFFFFFFFFFFFFFFF57
:10695000FFFFFFFFFFFFFFFFFFFFFFFFFFFFFFFF47
:10696000FFFFFFFFFFFFFFFFFFFFFFFFFFFFFFFF37
:10697000FFFFFFFFFFFFFFFFFFFFFFFFFFFFFFFF27
:10698000FFFFFFFFFFFFFFFFFFFFFFFFFFFFFFFF17
:10699000FFFFFFFFFFFFFFFFFFFFFFFFFFFFFFFF07
:1069A000FFFFFFFFFFFFFFFFFFFFFFFFFFFFFFFFF7
:1069B000FFFFFFFFFFFFFFFFFFFFFFFFFFFFFFFFE7
:1069C000FFFFFFFFFFFFFFFFFFFFFFFFFFFFFFFFD7
:1069D000FFFFFFFFFFFFFFFFFFFFFFFFFFFFFFFFC7
:1069E000FFFFFFFFFFFFFFFFFFFFFFFFFFFFFFFFB7
:1069F000FFFFFFFFFFFFFFFFFFFFFFFFFFFFFFFFA7
:106A0000FFFFFFFFFFFFFFFFFFFFFFFFFFFFFFFF96
:106A1000FFFFFFFFFFFFFFFFFFFFFFFFFFFFFFFF86
:106A2000FFFFFFFFFFFFFFFFFFFFFFFFFFFFFFFF76
:106A3000FFFFFFFFFFFFFFFFFFFFFFFFFFFFFFFF66
:106A4000FFFFFFFFFFFFFFFFFFFFFFFFFFFFFFFF56
:106A5000FFFFFFFFFFFFFFFFFFFFFFFFFFFFFFFF46
:106A6000FFFFFFFFFFFFFFFFFFFFFFFFFFFFFFFF36
:106A7000FFFFFFFFFFFFFFFFFFFFFFFFFFFFFFFF26
:106A8000FFFFFFFFFFFFFFFFFFFFFFFFFFFFFFFF16
:106A9000FFFFFFFFFFFFFFFFFFFFFFFFFFFFFFFF06
:106AA000FFFFFFFFFFFFFFFFFFFFFFFFFFFFFFFFF6
:106AB000FFFFFFFFFFFFFFFFFFFFFFFFFFFFFFFFE6
:106AC000FFFFFFFFFFFFFFFFFFFFFFFFFFFFFFFFD6
:106AD000FFFFFFFFFFFFFFFFFFFFFFFFFFFFFFFFC6
:106AE000FFFFFFFFFFFFFFFFFFFFFFFFFFFFFFFFB6
:106AF000FFFFFFFFFFFFFFFFFFFFFFFFFFFFFFFFA6
:106B0000FFFFFFFFFFFFFFFFFFFFFFFFFFFFFFFF95
:106B1000FFFFFFFFFFFFFFFFFFFFFFFFFFFFFFFF85
:106B2000FFFFFFFFFFFFFFFFFFFFFFFFFFFFFFFF75
:106B3000FFFFFFFFFFFFFFFFFFFFFFFFFFFFFFFF65
:106B4000FFFFFFFFFFFFFFFFFFFFFFFFFFFFFFFF55
:106B5000FFFFFFFFFFFFFFFFFFFFFFFFFFFFFFFF45
:106B6000FFFFFFFFFFFFFFFFFFFFFFFFFFFFFFFF35
:106B7000FFFFFFFFFFFFFFFFFFFFFFFFFFFFFFFF25
:106B8000FFFFFFFFFFFFFFFFFFFFFFFFFFFFFFFF15
:106B9000FFFFFFFFFFFFFFFFFFFFFFFFFFFFFFFF05
:106BA000FFFFFFFFFFFFFFFFFFFFFFFFFFFFFFFFF5
:106BB000FFFFFFFFFFFFFFFFFFFFFFFFFFFFFFFFE5
:106BC000FFFFFFFFFFFFFFFFFFFFFFFFFFFFFFFFD5
:106BD000FFFFFFFFFFFFFFFFFFFFFFFFFFFFFFFFC5
:106BE000FFFFFFFFFFFFFFFFFFFFFFFFFFFFFFFFB5
:106BF000FFFFFFFFFFFFFFFFFFFFFFFFFFFFFFFFA5
:106C0000FFFFFFFFFFFFFFFFFFFFFFFFFFFFFFFF94
:106C1000FFFFFFFFFFFFFFFFFFFFFFFFFFFFFFFF84
:106C2000FFFFFFFFFFFFFFFFFFFFFFFFFFFFFFFF74
:106C3000FFFFFFFFFFFFFFFFFFFFFFFFFFFFFFFF64
:106C4000FFFFFFFFFFFFFFFFFFFFFFFFFFFFFFFF54
:106C5000FFFFFFFFFFFFFFFFFFFFFFFFFFFFFFFF44
:106C6000FFFFFFFFFFFFFFFFFFFFFFFFFFFFFFFF34
:106C7000FFFFFFFFFFFFFFFFFFFFFFFFFFFFFFFF24
:106C8000FFFFFFFFFFFFFFFFFFFFFFFFFFFFFFFF14
:106C9000FFFFFFFFFFFFFFFFFFFFFFFFFFFFFFFF04
:106CA000FFFFFFFFFFFFFFFFFFFFFFFFFFFFFFFFF4
:106CB000FFFFFFFFFFFFFFFFFFFFFFFFFFFFFFFFE4
:106CC000FFFFFFFFFFFFFFFFFFFFFFFFFFFFFFFFD4
:106CD000FFFFFFFFFFFFFFFFFFFFFFFFFFFFFFFFC4
:106CE000FFFFFFFFFFFFFFFFFFFFFFFFFFFFFFFFB4
:106CF000FFFFFFFFFFFFFFFFFFFFFFFFFFFFFFFFA4
:106D0000FFFFFFFFFFFFFFFFFFFFFFFFFFFFFFFF93
:106D1000FFFFFFFFFFFFFFFFFFFFFFFFFFFFFFFF83
:106D2000FFFFFFFFFFFFFFFFFFFFFFFFFFFFFFFF73
:106D3000FFFFFFFFFFFFFFFFFFFFFFFFFFFFFFFF63
:106D4000FFFFFFFFFFFFFFFFFFFFFFFFFFFFFFFF53
:106D5000FFFFFFFFFFFFFFFFFFFFFFFFFFFFFFFF43
:106D6000FFFFFFFFFFFFFFFFFFFFFFFFFFFFFFFF33
:106D7000FFFFFFFFFFFFFFFFFFFFFFFFFFFFFFFF23
:106D8000FFFFFFFFFFFFFFFFFFFFFFFFFFFFFFFF13
:106D9000FFFFFFFFFFFFFFFFFFFFFFFFFFFFFFFF03
:106DA000FFFFFFFFFFFFFFFFFFFFFFFFFFFFFFFFF3
:106DB000FFFFFFFFFFFFFFFFFFFFFFFFFFFFFFFFE3
:106DC000FFFFFFFFFFFFFFFFFFFFFFFFFFFFFFFFD3
:106DD000FFFFFFFFFFFFFFFFFFFFFFFFFFFFFFFFC3
:106DE000FFFFFFFFFFFFFFFFFFFFFFFFFFFFFFFFB3
:106DF000FFFFFFFFFFFFFFFFFFFFFFFFFFFFFFFFA3
:106E0000FFFFFFFFFFFFFFFFFFFFFFFFFFFFFFFF92
:106E1000FFFFFFFFFFFFFFFFFFFFFFFFFFFFFFFF82
:106E2000FFFFFFFFFFFFFFFFFFFFFFFFFFFFFFFF72
:106E3000FFFFFFFFFFFFFFFFFFFFFFFFFFFFFFFF62
:106E4000FFFFFFFFFFFFFFFFFFFFFFFFFFFFFFFF52
:106E5000FFFFFFFFFFFFFFFFFFFFFFFFFFFFFFFF42
:106E6000FFFFFFFFFFFFFFFFFFFFFFFFFFFFFFFF32
:106E7000FFFFFFFFFFFFFFFFFFFFFFFFFFFFFFFF22
:106E8000FFFFFFFFFFFFFFFFFFFFFFFFFFFFFFFF12
:106E9000FFFFFFFFFFFFFFFFFFFFFFFFFFFFFFFF02
:106EA000FFFFFFFFFFFFFFFFFFFFFFFFFFFFFFFFF2
:106EB000FFFFFFFFFFFFFFFFFFFFFFFFFFFFFFFFE2
:106EC000FFFFFFFFFFFFFFFFFFFFFFFFFFFFFFFFD2
:106ED000FFFFFFFFFFFFFFFFFFFFFFFFFFFFFFFFC2
:106EE000FFFFFFFFFFFFFFFFFFFFFFFFFFFFFFFFB2
:106EF000FFFFFFFFFFFFFFFFFFFFFFFFFFFFFFFFA2
:106F0000FFFFFFFFFFFFFFFFFFFFFFFFFFFFFFFF91
:106F1000FFFFFFFFFFFFFFFFFFFFFFFFFFFFFFFF81
:106F2000FFFFFFFFFFFFFFFFFFFFFFFFFFFFFFFF71
:106F3000FFFFFFFFFFFFFFFFFFFFFFFFFFFFFFFF61
:106F4000FFFFFFFFFFFFFFFFFFFFFFFFFFFFFFFF51
:106F5000FFFFFFFFFFFFFFFFFFFFFFFFFFFFFFFF41
:106F6000FFFFFFFFFFFFFFFFFFFFFFFFFFFFFFFF31
:106F7000FFFFFFFFFFFFFFFFFFFFFFFFFFFFFFFF21
:106F8000FFFFFFFFFFFFFFFFFFFFFFFFFFFFFFFF11
:106F9000FFFFFFFFFFFFFFFFFFFFFFFFFFFFFFFF01
:106FA000FFFFFFFFFFFFFFFFFFFFFFFFFFFFFFFFF1
:106FB000FFFFFFFFFFFFFFFFFFFFFFFFFFFFFFFFE1
:106FC000FFFFFFFFFFFFFFFFFFFFFFFFFFFFFFFFD1
:106FD000FFFFFFFFFFFFFFFFFFFFFFFFFFFFFFFFC1
:106FE000FFFFFFFFFFFFFFFFFFFFFFFFFFFFFFFFB1
:106FF000FFFFFFFFFFFFFFFFFFFFFFFFFFFFFFFFA1
:10700000FFFFFFFFFFFFFFFFFFFFFFFFFFFFFFFF90
:10701000FFFFFFFFFFFFFFFFFFFFFFFFFFFFFFFF80
:10702000FFFFFFFFFFFFFFFFFFFFFFFFFFFFFFFF70
:10703000FFFFFFFFFFFFFFFFFFFFFFFFFFFFFFFF60
:10704000FFFFFFFFFFFFFFFFFFFFFFFFFFFFFFFF50
:10705000FFFFFFFFFFFFFFFFFFFFFFFFFFFFFFFF40
:10706000FFFFFFFFFFFFFFFFFFFFFFFFFFFFFFFF30
:10707000FFFFFFFFFFFFFFFFFFFFFFFFFFFFFFFF20
:10708000FFFFFFFFFFFFFFFFFFFFFFFFFFFFFFFF10
:10709000FFFFFFFFFFFFFFFFFFFFFFFFFFFFFFFF00
:1070A000FFFFFFFFFFFFFFFFFFFFFFFFFFFFFFFFF0
:1070B000FFFFFFFFFFFFFFFFFFFFFFFFFFFFFFFFE0
:1070C000FFFFFFFFFFFFFFFFFFFFFFFFFFFFFFFFD0
:1070D000FFFFFFFFFFFFFFFFFFFFFFFFFFFFFFFFC0
:1070E000FFFFFFFFFFFFFFFFFFFFFFFFFFFFFFFFB0
:1070F000FFFFFFFFFFFFFFFFFFFFFFFFFFFFFFFFA0
:10710000FFFFFFFFFFFFFFFFFFFFFFFFFFFFFFFF8F
:10711000FFFFFFFFFFFFFFFFFFFFFFFFFFFFFFFF7F
:10712000FFFFFFFFFFFFFFFFFFFFFFFFFFFFFFFF6F
:10713000FFFFFFFFFFFFFFFFFFFFFFFFFFFFFFFF5F
:10714000FFFFFFFFFFFFFFFFFFFFFFFFFFFFFFFF4F
:10715000FFFFFFFFFFFFFFFFFFFFFFFFFFFFFFFF3F
:10716000FFFFFFFFFFFFFFFFFFFFFFFFFFFFFFFF2F
:10717000FFFFFFFFFFFFFFFFFFFFFFFFFFFFFFFF1F
:10718000FFFFFFFFFFFFFFFFFFFFFFFFFFFFFFFF0F
:10719000FFFFFFFFFFFFFFFFFFFFFFFFFFFFFFFFFF
:1071A000FFFFFFFFFFFFFFFFFFFFFFFFFFFFFFFFEF
:1071B000FFFFFFFFFFFFFFFFFFFFFFFFFFFFFFFFDF
:1071C000FFFFFFFFFFFFFFFFFFFFFFFFFFFFFFFFCF
:1071D000FFFFFFFFFFFFFFFFFFFFFFFFFFFFFFFFBF
:1071E000FFFFFFFFFFFFFFFFFFFFFFFFFFFFFFFFAF
:1071F000FFFFFFFFFFFFFFFFFFFFFFFFFFFFFFFF9F
:10720000FFFFFFFFFFFFFFFFFFFFFFFFFFFFFFFF8E
:10721000FFFFFFFFFFFFFFFFFFFFFFFFFFFFFFFF7E
:10722000FFFFFFFFFFFFFFFFFFFFFFFFFFFFFFFF6E
:10723000FFFFFFFFFFFFFFFFFFFFFFFFFFFFFFFF5E
:10724000FFFFFFFFFFFFFFFFFFFFFFFFFFFFFFFF4E
:10725000FFFFFFFFFFFFFFFFFFFFFFFFFFFFFFFF3E
:10726000FFFFFFFFFFFFFFFFFFFFFFFFFFFFFFFF2E
:10727000FFFFFFFFFFFFFFFFFFFFFFFFFFFFFFFF1E
:10728000FFFFFFFFFFFFFFFFFFFFFFFFFFFFFFFF0E
:10729000FFFFFFFFFFFFFFFFFFFFFFFFFFFFFFFFFE
:1072A000FFFFFFFFFFFFFFFFFFFFFFFFFFFFFFFFEE
:1072B000FFFFFFFFFFFFFFFFFFFFFFFFFFFFFFFFDE
:1072C000FFFFFFFFFFFFFFFFFFFFFFFFFFFFFFFFCE
:1072D000FFFFFFFFFFFFFFFFFFFFFFFFFFFFFFFFBE
:1072E000FFFFFFFFFFFFFFFFFFFFFFFFFFFFFFFFAE
:1072F000FFFFFFFFFFFFFFFFFFFFFFFFFFFFFFFF9E
:10730000FFFFFFFFFFFFFFFFFFFFFFFFFFFFFFFF8D
:10731000FFFFFFFFFFFFFFFFFFFFFFFFFFFFFFFF7D
:10732000FFFFFFFFFFFFFFFFFFFFFFFFFFFFFFFF6D
:10733000FFFFFFFFFFFFFFFFFFFFFFFFFFFFFFFF5D
:10734000FFFFFFFFFFFFFFFFFFFFFFFFFFFFFFFF4D
:10735000FFFFFFFFFFFFFFFFFFFFFFFFFFFFFFFF3D
:10736000FFFFFFFFFFFFFFFFFFFFFFFFFFFFFFFF2D
:10737000FFFFFFFFFFFFFFFFFFFFFFFFFFFFFFFF1D
:10738000FFFFFFFFFFFFFFFFFFFFFFFFFFFFFFFF0D
:10739000FFFFFFFFFFFFFFFFFFFFFFFFFFFFFFFFFD
:1073A000FFFFFFFFFFFFFFFFFFFFFFFFFFFFFFFFED
:1073B000FFFFFFFFFFFFFFFFFFFFFFFFFFFFFFFFDD
:1073C000FFFFFFFFFFFFFFFFFFFFFFFFFFFFFFFFCD
:1073D000FFFFFFFFFFFFFFFFFFFFFFFFFFFFFFFFBD
:1073E000FFFFFFFFFFFFFFFFFFFFFFFFFFFFFFFFAD
:1073F000FFFFFFFFFFFFFFFFFFFFFFFFFFFFFFFF9D
:10740000FFFFFFFFFFFFFFFFFFFFFFFFFFFFFFFF8C
:10741000FFFFFFFFFFFFFFFFFFFFFFFFFFFFFFFF7C
:10742000FFFFFFFFFFFFFFFFFFFFFFFFFFFFFFFF6C
:10743000FFFFFFFFFFFFFFFFFFFFFFFFFFFFFFFF5C
:10744000FFFFFFFFFFFFFFFFFFFFFFFFFFFFFFFF4C
:10745000FFFFFFFFFFFFFFFFFFFFFFFFFFFFFFFF3C
:10746000FFFFFFFFFFFFFFFFFFFFFFFFFFFFFFFF2C
:10747000FFFFFFFFFFFFFFFFFFFFFFFFFFFFFFFF1C
:10748000FFFFFFFFFFFFFFFFFFFFFFFFFFFFFFFF0C
:10749000FFFFFFFFFFFFFFFFFFFFFFFFFFFFFFFFFC
:1074A000FFFFFFFFFFFFFFFFFFFFFFFFFFFFFFFFEC
:1074B000FFFFFFFFFFFFFFFFFFFFFFFFFFFFFFFFDC
:1074C000FFFFFFFFFFFFFFFFFFFFFFFFFFFFFFFFCC
:1074D000FFFFFFFFFFFFFFFFFFFFFFFFFFFFFFFFBC
:1074E000FFFFFFFFFFFFFFFFFFFFFFFFFFFFFFFFAC
:1074F000FFFFFFFFFFFFFFFFFFFFFFFFFFFFFFFF9C
:10750000FFFFFFFFFFFFFFFFFFFFFFFFFFFFFFFF8B
:10751000FFFFFFFFFFFFFFFFFFFFFFFFFFFFFFFF7B
:10752000FFFFFFFFFFFFFFFFFFFFFFFFFFFFFFFF6B
:10753000FFFFFFFFFFFFFFFFFFFFFFFFFFFFFFFF5B
:10754000FFFFFFFFFFFFFFFFFFFFFFFFFFFFFFFF4B
:10755000FFFFFFFFFFFFFFFFFFFFFFFFFFFFFFFF3B
:10756000FFFFFFFFFFFFFFFFFFFFFFFFFFFFFFFF2B
:10757000FFFFFFFFFFFFFFFFFFFFFFFFFFFFFFFF1B
:10758000FFFFFFFFFFFFFFFFFFFFFFFFFFFFFFFF0B
:10759000FFFFFFFFFFFFFFFFFFFFFFFFFFFFFFFFFB
:1075A000FFFFFFFFFFFFFFFFFFFFFFFFFFFFFFFFEB
:1075B000FFFFFFFFFFFFFFFFFFFFFFFFFFFFFFFFDB
:1075C000FFFFFFFFFFFFFFFFFFFFFFFFFFFFFFFFCB
:1075D000FFFFFFFFFFFFFFFFFFFFFFFFFFFFFFFFBB
:1075E000FFFFFFFFFFFFFFFFFFFFFFFFFFFFFFFFAB
:1075F000FFFFFFFFFFFFFFFFFFFFFFFFFFFFFFFF9B
:10760000FFFFFFFFFFFFFFFFFFFFFFFFFFFFFFFF8A
:10761000FFFFFFFFFFFFFFFFFFFFFFFFFFFFFFFF7A
:10762000FFFFFFFFFFFFFFFFFFFFFFFFFFFFFFFF6A
:10763000FFFFFFFFFFFFFFFFFFFFFFFFFFFFFFFF5A
:10764000FFFFFFFFFFFFFFFFFFFFFFFFFFFFFFFF4A
:10765000FFFFFFFFFFFFFFFFFFFFFFFFFFFFFFFF3A
:10766000FFFFFFFFFFFFFFFFFFFFFFFFFFFFFFFF2A
:10767000FFFFFFFFFFFFFFFFFFFFFFFFFFFFFFFF1A
:10768000FFFFFFFFFFFFFFFFFFFFFFFFFFFFFFFF0A
:10769000FFFFFFFFFFFFFFFFFFFFFFFFFFFFFFFFFA
:1076A000FFFFFFFFFFFFFFFFFFFFFFFFFFFFFFFFEA
:1076B000FFFFFFFFFFFFFFFFFFFFFFFFFFFFFFFFDA
:1076C000FFFFFFFFFFFFFFFFFFFFFFFFFFFFFFFFCA
:1076D000FFFFFFFFFFFFFFFFFFFFFFFFFFFFFFFFBA
:1076E000FFFFFFFFFFFFFFFFFFFFFFFFFFFFFFFFAA
:1076F000FFFFFFFFFFFFFFFFFFFFFFFFFFFFFFFF9A
:10770000FFFFFFFFFFFFFFFFFFFFFFFFFFFFFFFF89
:10771000FFFFFFFFFFFFFFFFFFFFFFFFFFFFFFFF79
:10772000FFFFFFFFFFFFFFFFFFFFFFFFFFFFFFFF69
:10773000FFFFFFFFFFFFFFFFFFFFFFFFFFFFFFFF59
:10774000FFFFFFFFFFFFFFFFFFFFFFFFFFFFFFFF49
:10775000FFFFFFFFFFFFFFFFFFFFFFFFFFFFFFFF39
:10776000FFFFFFFFFFFFFFFFFFFFFFFFFFFFFFFF29
:10777000FFFFFFFFFFFFFFFFFFFFFFFFFFFFFFFF19
:10778000FFFFFFFFFFFFFFFFFFFFFFFFFFFFFFFF09
:10779000FFFFFFFFFFFFFFFFFFFFFFFFFFFFFFFFF9
:1077A000FFFFFFFFFFFFFFFFFFFFFFFFFFFFFFFFE9
:1077B000FFFFFFFFFFFFFFFFFFFFFFFFFFFFFFFFD9
:1077C000FFFFFFFFFFFFFFFFFFFFFFFFFFFFFFFFC9
:1077D000FFFFFFFFFFFFFFFFFFFFFFFFFFFFFFFFB9
:1077E000FFFFFFFFFFFFFFFFFFFFFFFFFFFFFFFFA9
:1077F000FFFFFFFFFFFFFFFFFFFFFFFFFFFFFFFF99
:10780000FFFFFFFFFFFFFFFFFFFFFFFFFFFFFFFF88
:10781000FFFFFFFFFFFFFFFFFFFFFFFFFFFFFFFF78
:10782000FFFFFFFFFFFFFFFFFFFFFFFFFFFFFFFF68
:10783000FFFFFFFFFFFFFFFFFFFFFFFFFFFFFFFF58
:10784000FFFFFFFFFFFFFFFFFFFFFFFFFFFFFFFF48
:10785000FFFFFFFFFFFFFFFFFFFFFFFFFFFFFFFF38
:10786000FFFFFFFFFFFFFFFFFFFFFFFFFFFFFFFF28
:10787000FFFFFFFFFFFFFFFFFFFFFFFFFFFFFFFF18
:10788000FFFFFFFFFFFFFFFFFFFFFFFFFFFFFFFF08
:10789000FFFFFFFFFFFFFFFFFFFFFFFFFFFFFFFFF8
:1078A000FFFFFFFFFFFFFFFFFFFFFFFFFFFFFFFFE8
:1078B000FFFFFFFFFFFFFFFFFFFFFFFFFFFFFFFFD8
:1078C000FFFFFFFFFFFFFFFFFFFFFFFFFFFFFFFFC8
:1078D000FFFFFFFFFFFFFFFFFFFFFFFFFFFFFFFFB8
:1078E000FFFFFFFFFFFFFFFFFFFFFFFFFFFFFFFFA8
:1078F000FFFFFFFFFFFFFFFFFFFFFFFFFFFFFFFF98
:10790000FFFFFFFFFFFFFFFFFFFFFFFFFFFFFFFF87
:10791000FFFFFFFFFFFFFFFFFFFFFFFFFFFFFFFF77
:10792000FFFFFFFFFFFFFFFFFFFFFFFFFFFFFFFF67
:10793000FFFFFFFFFFFFFFFFFFFFFFFFFFFFFFFF57
:10794000FFFFFFFFFFFFFFFFFFFFFFFFFFFFFFFF47
:10795000FFFFFFFFFFFFFFFFFFFFFFFFFFFFFFFF37
:10796000FFFFFFFFFFFFFFFFFFFFFFFFFFFFFFFF27
:10797000FFFFFFFFFFFFFFFFFFFFFFFFFFFFFFFF17
:10798000FFFFFFFFFFFFFFFFFFFFFFFFFFFFFFFF07
:10799000FFFFFFFFFFFFFFFFFFFFFFFFFFFFFFFFF7
:1079A000FFFFFFFFFFFFFFFFFFFFFFFFFFFFFFFFE7
:1079B000FFFFFFFFFFFFFFFFFFFFFFFFFFFFFFFFD7
:1079C000FFFFFFFFFFFFFFFFFFFFFFFFFFFFFFFFC7
:1079D000FFFFFFFFFFFFFFFFFFFFFFFFFFFFFFFFB7
:1079E000FFFFFFFFFFFFFFFFFFFFFFFFFFFFFFFFA7
:1079F000FFFFFFFFFFFFFFFFFFFFFFFFFFFFFFFF97
:107A0000FFFFFFFFFFFFFFFFFFFFFFFFFFFFFFFF86
:107A1000FFFFFFFFFFFFFFFFFFFFFFFFFFFFFFFF76
:107A2000FFFFFFFFFFFFFFFFFFFFFFFFFFFFFFFF66
:107A3000FFFFFFFFFFFFFFFFFFFFFFFFFFFFFFFF56
:107A4000FFFFFFFFFFFFFFFFFFFFFFFFFFFFFFFF46
:107A5000FFFFFFFFFFFFFFFFFFFFFFFFFFFFFFFF36
:107A6000FFFFFFFFFFFFFFFFFFFFFFFFFFFFFFFF26
:107A7000FFFFFFFFFFFFFFFFFFFFFFFFFFFFFFFF16
:107A8000FFFFFFFFFFFFFFFFFFFFFFFFFFFFFFFF06
:107A9000FFFFFFFFFFFFFFFFFFFFFFFFFFFFFFFFF6
:107AA000FFFFFFFFFFFFFFFFFFFFFFFFFFFFFFFFE6
:107AB000FFFFFFFFFFFFFFFFFFFFFFFFFFFFFFFFD6
:107AC000FFFFFFFFFFFFFFFFFFFFFFFFFFFFFFFFC6
:107AD000FFFFFFFFFFFFFFFFFFFFFFFFFFFFFFFFB6
:107AE000FFFFFFFFFFFFFFFFFFFFFFFFFFFFFFFFA6
:107AF000FFFFFFFFFFFFFFFFFFFFFFFFFFFFFFFF96
:107B0000FFFFFFFFFFFFFFFFFFFFFFFFFFFFFFFF85
:107B1000FFFFFFFFFFFFFFFFFFFFFFFFFFFFFFFF75
:107B2000FFFFFFFFFFFFFFFFFFFFFFFFFFFFFFFF65
:107B3000FFFFFFFFFFFFFFFFFFFFFFFFFFFFFFFF55
:107B4000FFFFFFFFFFFFFFFFFFFFFFFFFFFFFFFF45
:107B5000FFFFFFFFFFFFFFFFFFFFFFFFFFFFFFFF35
:107B6000FFFFFFFFFFFFFFFFFFFFFFFFFFFFFFFF25
:107B7000FFFFFFFFFFFFFFFFFFFFFFFFFFFFFFFF15
:107B8000FFFFFFFFFFFFFFFFFFFFFFFFFFFFFFFF05
:107B9000FFFFFFFFFFFFFFFFFFFFFFFFFFFFFFFFF5
:107BA000FFFFFFFFFFFFFFFFFFFFFFFFFFFFFFFFE5
:107BB000FFFFFFFFFFFFFFFFFFFFFFFFFFFFFFFFD5
:107BC000FFFFFFFFFFFFFFFFFFFFFFFFFFFFFFFFC5
:107BD000FFFFFFFFFFFFFFFFFFFFFFFFFFFFFFFFB5
:107BE000FFFFFFFFFFFFFFFFFFFFFFFFFFFFFFFFA5
:107BF000FFFFFFFFFFFFFFFFFFFFFFFFFFFFFFFF95
:107C0000FFFFFFFFFFFFFFFFFFFFFFFFFFFFFFFF84
:107C1000FFFFFFFFFFFFFFFFFFFFFFFFFFFFFFFF74
:107C2000FFFFFFFFFFFFFFFFFFFFFFFFFFFFFFFF64
:107C3000FFFFFFFFFFFFFFFFFFFFFFFFFFFFFFFF54
:107C4000FFFFFFFFFFFFFFFFFFFFFFFFFFFFFFFF44
:107C5000FFFFFFFFFFFFFFFFFFFFFFFFFFFFFFFF34
:107C6000FFFFFFFFFFFFFFFFFFFFFFFFFFFFFFFF24
:107C7000FFFFFFFFFFFFFFFFFFFFFFFFFFFFFFFF14
:107C8000FFFFFFFFFFFFFFFFFFFFFFFFFFFFFFFF04
:107C9000FFFFFFFFFFFFFFFFFFFFFFFFFFFFFFFFF4
:107CA000FFFFFFFFFFFFFFFFFFFFFFFFFFFFFFFFE4
:107CB000FFFFFFFFFFFFFFFFFFFFFFFFFFFFFFFFD4
:107CC000FFFFFFFFFFFFFFFFFFFFFFFFFFFFFFFFC4
:107CD000FFFFFFFFFFFFFFFFFFFFFFFFFFFFFFFFB4
:107CE000FFFFFFFFFFFFFFFFFFFFFFFFFFFFFFFFA4
:107CF000FFFFFFFFFFFFFFFFFFFFFFFFFFFFFFFF94
:107D0000FFFFFFFFFFFFFFFFFFFFFFFFFFFFFFFF83
:107D1000FFFFFFFFFFFFFFFFFFFFFFFFFFFFFFFF73
:107D2000FFFFFFFFFFFFFFFFFFFFFFFFFFFFFFFF63
:107D3000FFFFFFFFFFFFFFFFFFFFFFFFFFFFFFFF53
:107D4000FFFFFFFFFFFFFFFFFFFFFFFFFFFFFFFF43
:107D5000FFFFFFFFFFFFFFFFFFFFFFFFFFFFFFFF33
:107D6000FFFFFFFFFFFFFFFFFFFFFFFFFFFFFFFF23
:107D7000FFFFFFFFFFFFFFFFFFFFFFFFFFFFFFFF13
:107D8000FFFFFFFFFFFFFFFFFFFFFFFFFFFFFFFF03
:107D9000FFFFFFFFFFFFFFFFFFFFFFFFFFFFFFFFF3
:107DA000FFFFFFFFFFFFFFFFFFFFFFFFFFFFFFFFE3
:107DB000FFFFFFFFFFFFFFFFFFFFFFFFFFFFFFFFD3
:107DC000FFFFFFFFFFFFFFFFFFFFFFFFFFFFFFFFC3
:107DD000FFFFFFFFFFFFFFFFFFFFFFFFFFFFFFFFB3
:107DE000FFFFFFFFFFFFFFFFFFFFFFFFFFFFFFFFA3
:107DF000FFFFFFFFFFFFFFFFFFFFFFFFFFFFFFFF93
:107E0000FFFFFFFFFFFFFFFFFFFFFFFFFFFFFFFF82
:107E1000FFFFFFFFFFFFFFFFFFFFFFFFFFFFFFFF72
:107E2000FFFFFFFFFFFFFFFFFFFFFFFFFFFFFFFF62
:107E3000FFFFFFFFFFFFFFFFFFFFFFFFFFFFFFFF52
:107E4000FFFFFFFFFFFFFFFFFFFFFFFFFFFFFFFF42
:107E5000FFFFFFFFFFFFFFFFFFFFFFFFFFFFFFFF32
:107E6000FFFFFFFFFFFFFFFFFFFFFFFFFFFFFFFF22
:107E7000FFFFFFFFFFFFFFFFFFFFFFFFFFFFFFFF12
:107E8000FFFFFFFFFFFFFFFFFFFFFFFFFFFFFFFF02
:107E9000FFFFFFFFFFFFFFFFFFFFFFFFFFFFFFFFF2
:107EA000FFFFFFFFFFFFFFFFFFFFFFFFFFFFFFFFE2
:107EB000FFFFFFFFFFFFFFFFFFFFFFFFFFFFFFFFD2
:107EC000FFFFFFFFFFFFFFFFFFFFFFFFFFFFFFFFC2
:107ED000FFFFFFFFFFFFFFFFFFFFFFFFFFFFFFFFB2
:107EE000FFFFFFFFFFFFFFFFFFFFFFFFFFFFFFFFA2
:107EF000FFFFFFFFFFFFFFFFFFFFFFFFFFFFFFFF92
:107F0000FFFFFFFFFFFFFFFFFFFFFFFFFFFFFFFF81
:107F1000FFFFFFFFFFFFFFFFFFFFFFFFFFFFFFFF71
:107F2000FFFFFFFFFFFFFFFFFFFFFFFFFFFFFFFF61
:107F3000FFFFFFFFFFFFFFFFFFFFFFFFFFFFFFFF51
:107F4000FFFFFFFFFFFFFFFFFFFFFFFFFFFFFFFF41
:107F5000FFFFFFFFFFFFFFFFFFFFFFFFFFFFFFFF31
:107F6000FFFFFFFFFFFFFFFFFFFFFFFFFFFFFFFF21
:107F7000FFFFFFFFFFFFFFFFFFFFFFFFFFFFFFFF11
:107F8000FFFFFFFFFFFFFFFFFFFFFFFFFFFFFFFF01
:107F9000FFFFFFFFFFFFFFFFFFFFFFFFFFFFFFFFF1
:107FA000FFFFFFFFFFFFFFFFFFFFFFFFFFFFFFFFE1
:107FB000FFFFFFFFFFFFFFFFFFFFFFFFFFFFFFFFD1
:107FC000FFFFFFFFFFFFFFFFFFFFFFFFFFFFFFFFC1
:107FD000FFFFFFFFFFFFFFFFFFFFFFFFFFFFFFFFB1
:107FE000FFFFFFFFFFFFFFFFFFFFFFFFFFFFFFFFA1
:107FF000FFFFFFFFFFFFFFFFFFFFFFFFFFFFFFFF91
:10800000FFFFFFFFFFFFFFFFFFFFFFFFFFFFFFFF80
:10801000FFFFFFFFFFFFFFFFFFFFFFFFFFFFFFFF70
:10802000FFFFFFFFFFFFFFFFFFFFFFFFFFFFFFFF60
:10803000FFFFFFFFFFFFFFFFFFFFFFFFFFFFFFFF50
:10804000FFFFFFFFFFFFFFFFFFFFFFFFFFFFFFFF40
:10805000FFFFFFFFFFFFFFFFFFFFFFFFFFFFFFFF30
:10806000FFFFFFFFFFFFFFFFFFFFFFFFFFFFFFFF20
:10807000FFFFFFFFFFFFFFFFFFFFFFFFFFFFFFFF10
:10808000FFFFFFFFFFFFFFFFFFFFFFFFFFFFFFFF00
:10809000FFFFFFFFFFFFFFFFFFFFFFFFFFFFFFFFF0
:1080A000FFFFFFFFFFFFFFFFFFFFFFFFFFFFFFFFE0
:1080B000FFFFFFFFFFFFFFFFFFFFFFFFFFFFFFFFD0
:1080C000FFFFFFFFFFFFFFFFFFFFFFFFFFFFFFFFC0
:1080D000FFFFFFFFFFFFFFFFFFFFFFFFFFFFFFFFB0
:1080E000FFFFFFFFFFFFFFFFFFFFFFFFFFFFFFFFA0
:1080F000FFFFFFFFFFFFFFFFFFFFFFFFFFFFFFFF90
:10810000FFFFFFFFFFFFFFFFFFFFFFFFFFFFFFFF7F
:10811000FFFFFFFFFFFFFFFFFFFFFFFFFFFFFFFF6F
:10812000FFFFFFFFFFFFFFFFFFFFFFFFFFFFFFFF5F
:10813000FFFFFFFFFFFFFFFFFFFFFFFFFFFFFFFF4F
:10814000FFFFFFFFFFFFFFFFFFFFFFFFFFFFFFFF3F
:10815000FFFFFFFFFFFFFFFFFFFFFFFFFFFFFFFF2F
:10816000FFFFFFFFFFFFFFFFFFFFFFFFFFFFFFFF1F
:10817000FFFFFFFFFFFFFFFFFFFFFFFFFFFFFFFF0F
:10818000FFFFFFFFFFFFFFFFFFFFFFFFFFFFFFFFFF
:10819000FFFFFFFFFFFFFFFFFFFFFFFFFFFFFFFFEF
:1081A000FFFFFFFFFFFFFFFFFFFFFFFFFFFFFFFFDF
:1081B000FFFFFFFFFFFFFFFFFFFFFFFFFFFFFFFFCF
:1081C000FFFFFFFFFFFFFFFFFFFFFFFFFFFFFFFFBF
:1081D000FFFFFFFFFFFFFFFFFFFFFFFFFFFFFFFFAF
:1081E000FFFFFFFFFFFFFFFFFFFFFFFFFFFFFFFF9F
:1081F000FFFFFFFFFFFFFFFFFFFFFFFFFFFFFFFF8F
:10820000FFFFFFFFFFFFFFFFFFFFFFFFFFFFFFFF7E
:10821000FFFFFFFFFFFFFFFFFFFFFFFFFFFFFFFF6E
:10822000FFFFFFFFFFFFFFFFFFFFFFFFFFFFFFFF5E
:10823000FFFFFFFFFFFFFFFFFFFFFFFFFFFFFFFF4E
:10824000FFFFFFFFFFFFFFFFFFFFFFFFFFFFFFFF3E
:10825000FFFFFFFFFFFFFFFFFFFFFFFFFFFFFFFF2E
:10826000FFFFFFFFFFFFFFFFFFFFFFFFFFFFFFFF1E
:10827000FFFFFFFFFFFFFFFFFFFFFFFFFFFFFFFF0E
:10828000FFFFFFFFFFFFFFFFFFFFFFFFFFFFFFFFFE
:10829000FFFFFFFFFFFFFFFFFFFFFFFFFFFFFFFFEE
:1082A000FFFFFFFFFFFFFFFFFFFFFFFFFFFFFFFFDE
:1082B000FFFFFFFFFFFFFFFFFFFFFFFFFFFFFFFFCE
:1082C000FFFFFFFFFFFFFFFFFFFFFFFFFFFFFFFFBE
:1082D000FFFFFFFFFFFFFFFFFFFFFFFFFFFFFFFFAE
:1082E000FFFFFFFFFFFFFFFFFFFFFFFFFFFFFFFF9E
:1082F000FFFFFFFFFFFFFFFFFFFFFFFFFFFFFFFF8E
:10830000FFFFFFFFFFFFFFFFFFFFFFFFFFFFFFFF7D
:10831000FFFFFFFFFFFFFFFFFFFFFFFFFFFFFFFF6D
:10832000FFFFFFFFFFFFFFFFFFFFFFFFFFFFFFFF5D
:10833000FFFFFFFFFFFFFFFFFFFFFFFFFFFFFFFF4D
:10834000FFFFFFFFFFFFFFFFFFFFFFFFFFFFFFFF3D
:10835000FFFFFFFFFFFFFFFFFFFFFFFFFFFFFFFF2D
:10836000FFFFFFFFFFFFFFFFFFFFFFFFFFFFFFFF1D
:10837000FFFFFFFFFFFFFFFFFFFFFFFFFFFFFFFF0D
:10838000FFFFFFFFFFFFFFFFFFFFFFFFFFFFFFFFFD
:10839000FFFFFFFFFFFFFFFFFFFFFFFFFFFFFFFFED
:1083A000FFFFFFFFFFFFFFFFFFFFFFFFFFFFFFFFDD
:1083B000FFFFFFFFFFFFFFFFFFFFFFFFFFFFFFFFCD
:1083C000FFFFFFFFFFFFFFFFFFFFFFFFFFFFFFFFBD
:1083D000FFFFFFFFFFFFFFFFFFFFFFFFFFFFFFFFAD
:1083E000FFFFFFFFFFFFFFFFFFFFFFFFFFFFFFFF9D
:1083F000FFFFFFFFFFFFFFFFFFFFFFFFFFFFFFFF8D
:10840000FFFFFFFFFFFFFFFFFFFFFFFFFFFFFFFF7C
:10841000FFFFFFFFFFFFFFFFFFFFFFFFFFFFFFFF6C
:10842000FFFFFFFFFFFFFFFFFFFFFFFFFFFFFFFF5C
:10843000FFFFFFFFFFFFFFFFFFFFFFFFFFFFFFFF4C
:10844000FFFFFFFFFFFFFFFFFFFFFFFFFFFFFFFF3C
:10845000FFFFFFFFFFFFFFFFFFFFFFFFFFFFFFFF2C
:10846000FFFFFFFFFFFFFFFFFFFFFFFFFFFFFFFF1C
:10847000FFFFFFFFFFFFFFFFFFFFFFFFFFFFFFFF0C
:10848000FFFFFFFFFFFFFFFFFFFFFFFFFFFFFFFFFC
:10849000FFFFFFFFFFFFFFFFFFFFFFFFFFFFFFFFEC
:1084A000FFFFFFFFFFFFFFFFFFFFFFFFFFFFFFFFDC
:1084B000FFFFFFFFFFFFFFFFFFFFFFFFFFFFFFFFCC
:1084C000FFFFFFFFFFFFFFFFFFFFFFFFFFFFFFFFBC
:1084D000FFFFFFFFFFFFFFFFFFFFFFFFFFFFFFFFAC
:1084E000FFFFFFFFFFFFFFFFFFFFFFFFFFFFFFFF9C
:1084F000FFFFFFFFFFFFFFFFFFFFFFFFFFFFFFFF8C
:10850000FFFFFFFFFFFFFFFFFFFFFFFFFFFFFFFF7B
:10851000FFFFFFFFFFFFFFFFFFFFFFFFFFFFFFFF6B
:10852000FFFFFFFFFFFFFFFFFFFFFFFFFFFFFFFF5B
:10853000FFFFFFFFFFFFFFFFFFFFFFFFFFFFFFFF4B
:10854000FFFFFFFFFFFFFFFFFFFFFFFFFFFFFFFF3B
:10855000FFFFFFFFFFFFFFFFFFFFFFFFFFFFFFFF2B
:10856000FFFFFFFFFFFFFFFFFFFFFFFFFFFFFFFF1B
:10857000FFFFFFFFFFFFFFFFFFFFFFFFFFFFFFFF0B
:10858000FFFFFFFFFFFFFFFFFFFFFFFFFFFFFFFFFB
:10859000FFFFFFFFFFFFFFFFFFFFFFFFFFFFFFFFEB
:1085A000FFFFFFFFFFFFFFFFFFFFFFFFFFFFFFFFDB
:1085B000FFFFFFFFFFFFFFFFFFFFFFFFFFFFFFFFCB
:1085C000FFFFFFFFFFFFFFFFFFFFFFFFFFFFFFFFBB
:1085D000FFFFFFFFFFFFFFFFFFFFFFFFFFFFFFFFAB
:1085E000FFFFFFFFFFFFFFFFFFFFFFFFFFFFFFFF9B
:1085F000FFFFFFFFFFFFFFFFFFFFFFFFFFFFFFFF8B
:10860000FFFFFFFFFFFFFFFFFFFFFFFFFFFFFFFF7A
:10861000FFFFFFFFFFFFFFFFFFFFFFFFFFFFFFFF6A
:10862000FFFFFFFFFFFFFFFFFFFFFFFFFFFFFFFF5A
:10863000FFFFFFFFFFFFFFFFFFFFFFFFFFFFFFFF4A
:10864000FFFFFFFFFFFFFFFFFFFFFFFFFFFFFFFF3A
:10865000FFFFFFFFFFFFFFFFFFFFFFFFFFFFFFFF2A
:10866000FFFFFFFFFFFFFFFFFFFFFFFFFFFFFFFF1A
:10867000FFFFFFFFFFFFFFFFFFFFFFFFFFFFFFFF0A
:10868000FFFFFFFFFFFFFFFFFFFFFFFFFFFFFFFFFA
:10869000FFFFFFFFFFFFFFFFFFFFFFFFFFFFFFFFEA
:1086A000FFFFFFFFFFFFFFFFFFFFFFFFFFFFFFFFDA
:1086B000FFFFFFFFFFFFFFFFFFFFFFFFFFFFFFFFCA
:1086C000FFFFFFFFFFFFFFFFFFFFFFFFFFFFFFFFBA
:1086D000FFFFFFFFFFFFFFFFFFFFFFFFFFFFFFFFAA
:1086E000FFFFFFFFFFFFFFFFFFFFFFFFFFFFFFFF9A
:1086F000FFFFFFFFFFFFFFFFFFFFFFFFFFFFFFFF8A
:10870000FFFFFFFFFFFFFFFFFFFFFFFFFFFFFFFF79
:10871000FFFFFFFFFFFFFFFFFFFFFFFFFFFFFFFF69
:10872000FFFFFFFFFFFFFFFFFFFFFFFFFFFFFFFF59
:10873000FFFFFFFFFFFFFFFFFFFFFFFFFFFFFFFF49
:10874000FFFFFFFFFFFFFFFFFFFFFFFFFFFFFFFF39
:10875000FFFFFFFFFFFFFFFFFFFFFFFFFFFFFFFF29
:10876000FFFFFFFFFFFFFFFFFFFFFFFFFFFFFFFF19
:10877000FFFFFFFFFFFFFFFFFFFFFFFFFFFFFFFF09
:10878000FFFFFFFFFFFFFFFFFFFFFFFFFFFFFFFFF9
:10879000FFFFFFFFFFFFFFFFFFFFFFFFFFFFFFFFE9
:1087A000FFFFFFFFFFFFFFFFFFFFFFFFFFFFFFFFD9
:1087B000FFFFFFFFFFFFFFFFFFFFFFFFFFFFFFFFC9
:1087C000FFFFFFFFFFFFFFFFFFFFFFFFFFFFFFFFB9
:1087D000FFFFFFFFFFFFFFFFFFFFFFFFFFFFFFFFA9
:1087E000FFFFFFFFFFFFFFFFFFFFFFFFFFFFFFFF99
:1087F000FFFFFFFFFFFFFFFFFFFFFFFFFFFFFFFF89
:10880000FFFFFFFFFFFFFFFFFFFFFFFFFFFFFFFF78
:10881000FFFFFFFFFFFFFFFFFFFFFFFFFFFFFFFF68
:10882000FFFFFFFFFFFFFFFFFFFFFFFFFFFFFFFF58
:10883000FFFFFFFFFFFFFFFFFFFFFFFFFFFFFFFF48
:10884000FFFFFFFFFFFFFFFFFFFFFFFFFFFFFFFF38
:10885000FFFFFFFFFFFFFFFFFFFFFFFFFFFFFFFF28
:10886000FFFFFFFFFFFFFFFFFFFFFFFFFFFFFFFF18
:10887000FFFFFFFFFFFFFFFFFFFFFFFFFFFFFFFF08
:10888000FFFFFFFFFFFFFFFFFFFFFFFFFFFFFFFFF8
:10889000FFFFFFFFFFFFFFFFFFFFFFFFFFFFFFFFE8
:1088A000FFFFFFFFFFFFFFFFFFFFFFFFFFFFFFFFD8
:1088B000FFFFFFFFFFFFFFFFFFFFFFFFFFFFFFFFC8
:1088C000FFFFFFFFFFFFFFFFFFFFFFFFFFFFFFFFB8
:1088D000FFFFFFFFFFFFFFFFFFFFFFFFFFFFFFFFA8
:1088E000FFFFFFFFFFFFFFFFFFFFFFFFFFFFFFFF98
:1088F000FFFFFFFFFFFFFFFFFFFFFFFFFFFFFFFF88
:10890000FFFFFFFFFFFFFFFFFFFFFFFFFFFFFFFF77
:10891000FFFFFFFFFFFFFFFFFFFFFFFFFFFFFFFF67
:10892000FFFFFFFFFFFFFFFFFFFFFFFFFFFFFFFF57
:10893000FFFFFFFFFFFFFFFFFFFFFFFFFFFFFFFF47
:10894000FFFFFFFFFFFFFFFFFFFFFFFFFFFFFFFF37
:10895000FFFFFFFFFFFFFFFFFFFFFFFFFFFFFFFF27
:10896000FFFFFFFFFFFFFFFFFFFFFFFFFFFFFFFF17
:10897000FFFFFFFFFFFFFFFFFFFFFFFFFFFFFFFF07
:10898000FFFFFFFFFFFFFFFFFFFFFFFFFFFFFFFFF7
:10899000FFFFFFFFFFFFFFFFFFFFFFFFFFFFFFFFE7
:1089A000FFFFFFFFFFFFFFFFFFFFFFFFFFFFFFFFD7
:1089B000FFFFFFFFFFFFFFFFFFFFFFFFFFFFFFFFC7
:1089C000FFFFFFFFFFFFFFFFFFFFFFFFFFFFFFFFB7
:1089D000FFFFFFFFFFFFFFFFFFFFFFFFFFFFFFFFA7
:1089E000FFFFFFFFFFFFFFFFFFFFFFFFFFFFFFFF97
:1089F000FFFFFFFFFFFFFFFFFFFFFFFFFFFFFFFF87
:108A0000FFFFFFFFFFFFFFFFFFFFFFFFFFFFFFFF76
:108A1000FFFFFFFFFFFFFFFFFFFFFFFFFFFFFFFF66
:108A2000FFFFFFFFFFFFFFFFFFFFFFFFFFFFFFFF56
:108A3000FFFFFFFFFFFFFFFFFFFFFFFFFFFFFFFF46
:108A4000FFFFFFFFFFFFFFFFFFFFFFFFFFFFFFFF36
:108A5000FFFFFFFFFFFFFFFFFFFFFFFFFFFFFFFF26
:108A6000FFFFFFFFFFFFFFFFFFFFFFFFFFFFFFFF16
:108A7000FFFFFFFFFFFFFFFFFFFFFFFFFFFFFFFF06
:108A8000FFFFFFFFFFFFFFFFFFFFFFFFFFFFFFFFF6
:108A9000FFFFFFFFFFFFFFFFFFFFFFFFFFFFFFFFE6
:108AA000FFFFFFFFFFFFFFFFFFFFFFFFFFFFFFFFD6
:108AB000FFFFFFFFFFFFFFFFFFFFFFFFFFFFFFFFC6
:108AC000FFFFFFFFFFFFFFFFFFFFFFFFFFFFFFFFB6
:108AD000FFFFFFFFFFFFFFFFFFFFFFFFFFFFFFFFA6
:108AE000FFFFFFFFFFFFFFFFFFFFFFFFFFFFFFFF96
:108AF000FFFFFFFFFFFFFFFFFFFFFFFFFFFFFFFF86
:108B0000FFFFFFFFFFFFFFFFFFFFFFFFFFFFFFFF75
:108B1000FFFFFFFFFFFFFFFFFFFFFFFFFFFFFFFF65
:108B2000FFFFFFFFFFFFFFFFFFFFFFFFFFFFFFFF55
:108B3000FFFFFFFFFFFFFFFFFFFFFFFFFFFFFFFF45
:108B4000FFFFFFFFFFFFFFFFFFFFFFFFFFFFFFFF35
:108B5000FFFFFFFFFFFFFFFFFFFFFFFFFFFFFFFF25
:108B6000FFFFFFFFFFFFFFFFFFFFFFFFFFFFFFFF15
:108B7000FFFFFFFFFFFFFFFFFFFFFFFFFFFFFFFF05
:108B8000FFFFFFFFFFFFFFFFFFFFFFFFFFFFFFFFF5
:108B9000FFFFFFFFFFFFFFFFFFFFFFFFFFFFFFFFE5
:108BA000FFFFFFFFFFFFFFFFFFFFFFFFFFFFFFFFD5
:108BB000FFFFFFFFFFFFFFFFFFFFFFFFFFFFFFFFC5
:108BC000FFFFFFFFFFFFFFFFFFFFFFFFFFFFFFFFB5
:108BD000FFFFFFFFFFFFFFFFFFFFFFFFFFFFFFFFA5
:108BE000FFFFFFFFFFFFFFFFFFFFFFFFFFFFFFFF95
:108BF000FFFFFFFFFFFFFFFFFFFFFFFFFFFFFFFF85
:108C0000FFFFFFFFFFFFFFFFFFFFFFFFFFFFFFFF74
:108C1000FFFFFFFFFFFFFFFFFFFFFFFFFFFFFFFF64
:108C2000FFFFFFFFFFFFFFFFFFFFFFFFFFFFFFFF54
:108C3000FFFFFFFFFFFFFFFFFFFFFFFFFFFFFFFF44
:108C4000FFFFFFFFFFFFFFFFFFFFFFFFFFFFFFFF34
:108C5000FFFFFFFFFFFFFFFFFFFFFFFFFFFFFFFF24
:108C6000FFFFFFFFFFFFFFFFFFFFFFFFFFFFFFFF14
:108C7000FFFFFFFFFFFFFFFFFFFFFFFFFFFFFFFF04
:108C8000FFFFFFFFFFFFFFFFFFFFFFFFFFFFFFFFF4
:108C9000FFFFFFFFFFFFFFFFFFFFFFFFFFFFFFFFE4
:108CA000FFFFFFFFFFFFFFFFFFFFFFFFFFFFFFFFD4
:108CB000FFFFFFFFFFFFFFFFFFFFFFFFFFFFFFFFC4
:108CC000FFFFFFFFFFFFFFFFFFFFFFFFFFFFFFFFB4
:108CD000FFFFFFFFFFFFFFFFFFFFFFFFFFFFFFFFA4
:108CE000FFFFFFFFFFFFFFFFFFFFFFFFFFFFFFFF94
:108CF000FFFFFFFFFFFFFFFFFFFFFFFFFFFFFFFF84
:108D0000FFFFFFFFFFFFFFFFFFFFFFFFFFFFFFFF73
:108D1000FFFFFFFFFFFFFFFFFFFFFFFFFFFFFFFF63
:108D2000FFFFFFFFFFFFFFFFFFFFFFFFFFFFFFFF53
:108D3000FFFFFFFFFFFFFFFFFFFFFFFFFFFFFFFF43
:108D4000FFFFFFFFFFFFFFFFFFFFFFFFFFFFFFFF33
:108D5000FFFFFFFFFFFFFFFFFFFFFFFFFFFFFFFF23
:108D6000FFFFFFFFFFFFFFFFFFFFFFFFFFFFFFFF13
:108D7000FFFFFFFFFFFFFFFFFFFFFFFFFFFFFFFF03
:108D8000FFFFFFFFFFFFFFFFFFFFFFFFFFFFFFFFF3
:108D9000FFFFFFFFFFFFFFFFFFFFFFFFFFFFFFFFE3
:108DA000FFFFFFFFFFFFFFFFFFFFFFFFFFFFFFFFD3
:108DB000FFFFFFFFFFFFFFFFFFFFFFFFFFFFFFFFC3
:108DC000FFFFFFFFFFFFFFFFFFFFFFFFFFFFFFFFB3
:108DD000FFFFFFFFFFFFFFFFFFFFFFFFFFFFFFFFA3
:108DE000FFFFFFFFFFFFFFFFFFFFFFFFFFFFFFFF93
:108DF000FFFFFFFFFFFFFFFFFFFFFFFFFFFFFFFF83
:108E0000FFFFFFFFFFFFFFFFFFFFFFFFFFFFFFFF72
:108E1000FFFFFFFFFFFFFFFFFFFFFFFFFFFFFFFF62
:108E2000FFFFFFFFFFFFFFFFFFFFFFFFFFFFFFFF52
:108E3000FFFFFFFFFFFFFFFFFFFFFFFFFFFFFFFF42
:108E4000FFFFFFFFFFFFFFFFFFFFFFFFFFFFFFFF32
:108E5000FFFFFFFFFFFFFFFFFFFFFFFFFFFFFFFF22
:108E6000FFFFFFFFFFFFFFFFFFFFFFFFFFFFFFFF12
:108E7000FFFFFFFFFFFFFFFFFFFFFFFFFFFFFFFF02
:108E8000FFFFFFFFFFFFFFFFFFFFFFFFFFFFFFFFF2
:108E9000FFFFFFFFFFFFFFFFFFFFFFFFFFFFFFFFE2
:108EA000FFFFFFFFFFFFFFFFFFFFFFFFFFFFFFFFD2
:108EB000FFFFFFFFFFFFFFFFFFFFFFFFFFFFFFFFC2
:108EC000FFFFFFFFFFFFFFFFFFFFFFFFFFFFFFFFB2
:108ED000FFFFFFFFFFFFFFFFFFFFFFFFFFFFFFFFA2
:108EE000FFFFFFFFFFFFFFFFFFFFFFFFFFFFFFFF92
:108EF000FFFFFFFFFFFFFFFFFFFFFFFFFFFFFFFF82
:108F0000FFFFFFFFFFFFFFFFFFFFFFFFFFFFFFFF71
:108F1000FFFFFFFFFFFFFFFFFFFFFFFFFFFFFFFF61
:108F2000FFFFFFFFFFFFFFFFFFFFFFFFFFFFFFFF51
:108F3000FFFFFFFFFFFFFFFFFFFFFFFFFFFFFFFF41
:108F4000FFFFFFFFFFFFFFFFFFFFFFFFFFFFFFFF31
:108F5000FFFFFFFFFFFFFFFFFFFFFFFFFFFFFFFF21
:108F6000FFFFFFFFFFFFFFFFFFFFFFFFFFFFFFFF11
:108F7000FFFFFFFFFFFFFFFFFFFFFFFFFFFFFFFF01
:108F8000FFFFFFFFFFFFFFFFFFFFFFFFFFFFFFFFF1
:108F9000FFFFFFFFFFFFFFFFFFFFFFFFFFFFFFFFE1
:108FA000FFFFFFFFFFFFFFFFFFFFFFFFFFFFFFFFD1
:108FB000FFFFFFFFFFFFFFFFFFFFFFFFFFFFFFFFC1
:108FC000FFFFFFFFFFFFFFFFFFFFFFFFFFFFFFFFB1
:108FD000FFFFFFFFFFFFFFFFFFFFFFFFFFFFFFFFA1
:108FE000FFFFFFFFFFFFFFFFFFFFFFFFFFFFFFFF91
:108FF000FFFFFFFFFFFFFFFFFFFFFFFFFFFFFFFF81
:10900000FFFFFFFFFFFFFFFFFFFFFFFFFFFFFFFF70
:10901000FFFFFFFFFFFFFFFFFFFFFFFFFFFFFFFF60
:10902000FFFFFFFFFFFFFFFFFFFFFFFFFFFFFFFF50
:10903000FFFFFFFFFFFFFFFFFFFFFFFFFFFFFFFF40
:10904000FFFFFFFFFFFFFFFFFFFFFFFFFFFFFFFF30
:10905000FFFFFFFFFFFFFFFFFFFFFFFFFFFFFFFF20
:10906000FFFFFFFFFFFFFFFFFFFFFFFFFFFFFFFF10
:10907000FFFFFFFFFFFFFFFFFFFFFFFFFFFFFFFF00
:10908000FFFFFFFFFFFFFFFFFFFFFFFFFFFFFFFFF0
:10909000FFFFFFFFFFFFFFFFFFFFFFFFFFFFFFFFE0
:1090A000FFFFFFFFFFFFFFFFFFFFFFFFFFFFFFFFD0
:1090B000FFFFFFFFFFFFFFFFFFFFFFFFFFFFFFFFC0
:1090C000FFFFFFFFFFFFFFFFFFFFFFFFFFFFFFFFB0
:1090D000FFFFFFFFFFFFFFFFFFFFFFFFFFFFFFFFA0
:1090E000FFFFFFFFFFFFFFFFFFFFFFFFFFFFFFFF90
:1090F000FFFFFFFFFFFFFFFFFFFFFFFFFFFFFFFF80
:10910000FFFFFFFFFFFFFFFFFFFFFFFFFFFFFFFF6F
:10911000FFFFFFFFFFFFFFFFFFFFFFFFFFFFFFFF5F
:10912000FFFFFFFFFFFFFFFFFFFFFFFFFFFFFFFF4F
:10913000FFFFFFFFFFFFFFFFFFFFFFFFFFFFFFFF3F
:10914000FFFFFFFFFFFFFFFFFFFFFFFFFFFFFFFF2F
:10915000FFFFFFFFFFFFFFFFFFFFFFFFFFFFFFFF1F
:10916000FFFFFFFFFFFFFFFFFFFFFFFFFFFFFFFF0F
:10917000FFFFFFFFFFFFFFFFFFFFFFFFFFFFFFFFFF
:10918000FFFFFFFFFFFFFFFFFFFFFFFFFFFFFFFFEF
:10919000FFFFFFFFFFFFFFFFFFFFFFFFFFFFFFFFDF
:1091A000FFFFFFFFFFFFFFFFFFFFFFFFFFFFFFFFCF
:1091B000FFFFFFFFFFFFFFFFFFFFFFFFFFFFFFFFBF
:1091C000FFFFFFFFFFFFFFFFFFFFFFFFFFFFFFFFAF
:1091D000FFFFFFFFFFFFFFFFFFFFFFFFFFFFFFFF9F
:1091E000FFFFFFFFFFFFFFFFFFFFFFFFFFFFFFFF8F
:1091F000FFFFFFFFFFFFFFFFFFFFFFFFFFFFFFFF7F
:10920000FFFFFFFFFFFFFFFFFFFFFFFFFFFFFFFF6E
:10921000FFFFFFFFFFFFFFFFFFFFFFFFFFFFFFFF5E
:10922000FFFFFFFFFFFFFFFFFFFFFFFFFFFFFFFF4E
:10923000FFFFFFFFFFFFFFFFFFFFFFFFFFFFFFFF3E
:10924000FFFFFFFFFFFFFFFFFFFFFFFFFFFFFFFF2E
:10925000FFFFFFFFFFFFFFFFFFFFFFFFFFFFFFFF1E
:10926000FFFFFFFFFFFFFFFFFFFFFFFFFFFFFFFF0E
:10927000FFFFFFFFFFFFFFFFFFFFFFFFFFFFFFFFFE
:10928000FFFFFFFFFFFFFFFFFFFFFFFFFFFFFFFFEE
:10929000FFFFFFFFFFFFFFFFFFFFFFFFFFFFFFFFDE
:1092A000FFFFFFFFFFFFFFFFFFFFFFFFFFFFFFFFCE
:1092B000FFFFFFFFFFFFFFFFFFFFFFFFFFFFFFFFBE
:1092C000FFFFFFFFFFFFFFFFFFFFFFFFFFFFFFFFAE
:1092D000FFFFFFFFFFFFFFFFFFFFFFFFFFFFFFFF9E
:1092E000FFFFFFFFFFFFFFFFFFFFFFFFFFFFFFFF8E
:1092F000FFFFFFFFFFFFFFFFFFFFFFFFFFFFFFFF7E
:10930000FFFFFFFFFFFFFFFFFFFFFFFFFFFFFFFF6D
:10931000FFFFFFFFFFFFFFFFFFFFFFFFFFFFFFFF5D
:10932000FFFFFFFFFFFFFFFFFFFFFFFFFFFFFFFF4D
:10933000FFFFFFFFFFFFFFFFFFFFFFFFFFFFFFFF3D
:10934000FFFFFFFFFFFFFFFFFFFFFFFFFFFFFFFF2D
:10935000FFFFFFFFFFFFFFFFFFFFFFFFFFFFFFFF1D
:10936000FFFFFFFFFFFFFFFFFFFFFFFFFFFFFFFF0D
:10937000FFFFFFFFFFFFFFFFFFFFFFFFFFFFFFFFFD
:10938000FFFFFFFFFFFFFFFFFFFFFFFFFFFFFFFFED
:10939000FFFFFFFFFFFFFFFFFFFFFFFFFFFFFFFFDD
:1093A000FFFFFFFFFFFFFFFFFFFFFFFFFFFFFFFFCD
:1093B000FFFFFFFFFFFFFFFFFFFFFFFFFFFFFFFFBD
:1093C000FFFFFFFFFFFFFFFFFFFFFFFFFFFFFFFFAD
:1093D000FFFFFFFFFFFFFFFFFFFFFFFFFFFFFFFF9D
:1093E000FFFFFFFFFFFFFFFFFFFFFFFFFFFFFFFF8D
:1093F000FFFFFFFFFFFFFFFFFFFFFFFFFFFFFFFF7D
:10940000FFFFFFFFFFFFFFFFFFFFFFFFFFFFFFFF6C
:10941000FFFFFFFFFFFFFFFFFFFFFFFFFFFFFFFF5C
:10942000FFFFFFFFFFFFFFFFFFFFFFFFFFFFFFFF4C
:10943000FFFFFFFFFFFFFFFFFFFFFFFFFFFFFFFF3C
:10944000FFFFFFFFFFFFFFFFFFFFFFFFFFFFFFFF2C
:10945000FFFFFFFFFFFFFFFFFFFFFFFFFFFFFFFF1C
:10946000FFFFFFFFFFFFFFFFFFFFFFFFFFFFFFFF0C
:10947000FFFFFFFFFFFFFFFFFFFFFFFFFFFFFFFFFC
:10948000FFFFFFFFFFFFFFFFFFFFFFFFFFFFFFFFEC
:10949000FFFFFFFFFFFFFFFFFFFFFFFFFFFFFFFFDC
:1094A000FFFFFFFFFFFFFFFFFFFFFFFFFFFFFFFFCC
:1094B000FFFFFFFFFFFFFFFFFFFFFFFFFFFFFFFFBC
:1094C000FFFFFFFFFFFFFFFFFFFFFFFFFFFFFFFFAC
:1094D000FFFFFFFFFFFFFFFFFFFFFFFFFFFFFFFF9C
:1094E000FFFFFFFFFFFFFFFFFFFFFFFFFFFFFFFF8C
:1094F000FFFFFFFFFFFFFFFFFFFFFFFFFFFFFFFF7C
:10950000FFFFFFFFFFFFFFFFFFFFFFFFFFFFFFFF6B
:10951000FFFFFFFFFFFFFFFFFFFFFFFFFFFFFFFF5B
:10952000FFFFFFFFFFFFFFFFFFFFFFFFFFFFFFFF4B
:10953000FFFFFFFFFFFFFFFFFFFFFFFFFFFFFFFF3B
:10954000FFFFFFFFFFFFFFFFFFFFFFFFFFFFFFFF2B
:10955000FFFFFFFFFFFFFFFFFFFFFFFFFFFFFFFF1B
:10956000FFFFFFFFFFFFFFFFFFFFFFFFFFFFFFFF0B
:10957000FFFFFFFFFFFFFFFFFFFFFFFFFFFFFFFFFB
:10958000FFFFFFFFFFFFFFFFFFFFFFFFFFFFFFFFEB
:10959000FFFFFFFFFFFFFFFFFFFFFFFFFFFFFFFFDB
:1095A000FFFFFFFFFFFFFFFFFFFFFFFFFFFFFFFFCB
:1095B000FFFFFFFFFFFFFFFFFFFFFFFFFFFFFFFFBB
:1095C000FFFFFFFFFFFFFFFFFFFFFFFFFFFFFFFFAB
:1095D000FFFFFFFFFFFFFFFFFFFFFFFFFFFFFFFF9B
:1095E000FFFFFFFFFFFFFFFFFFFFFFFFFFFFFFFF8B
:1095F000FFFFFFFFFFFFFFFFFFFFFFFFFFFFFFFF7B
:10960000FFFFFFFFFFFFFFFFFFFFFFFFFFFFFFFF6A
:10961000FFFFFFFFFFFFFFFFFFFFFFFFFFFFFFFF5A
:10962000FFFFFFFFFFFFFFFFFFFFFFFFFFFFFFFF4A
:10963000FFFFFFFFFFFFFFFFFFFFFFFFFFFFFFFF3A
:10964000FFFFFFFFFFFFFFFFFFFFFFFFFFFFFFFF2A
:10965000FFFFFFFFFFFFFFFFFFFFFFFFFFFFFFFF1A
:10966000FFFFFFFFFFFFFFFFFFFFFFFFFFFFFFFF0A
:10967000FFFFFFFFFFFFFFFFFFFFFFFFFFFFFFFFFA
:10968000FFFFFFFFFFFFFFFFFFFFFFFFFFFFFFFFEA
:10969000FFFFFFFFFFFFFFFFFFFFFFFFFFFFFFFFDA
:1096A000FFFFFFFFFFFFFFFFFFFFFFFFFFFFFFFFCA
:1096B000FFFFFFFFFFFFFFFFFFFFFFFFFFFFFFFFBA
:1096C000FFFFFFFFFFFFFFFFFFFFFFFFFFFFFFFFAA
:1096D000FFFFFFFFFFFFFFFFFFFFFFFFFFFFFFFF9A
:1096E000FFFFFFFFFFFFFFFFFFFFFFFFFFFFFFFF8A
:1096F000FFFFFFFFFFFFFFFFFFFFFFFFFFFFFFFF7A
:10970000FFFFFFFFFFFFFFFFFFFFFFFFFFFFFFFF69
:10971000FFFFFFFFFFFFFFFFFFFFFFFFFFFFFFFF59
:10972000FFFFFFFFFFFFFFFFFFFFFFFFFFFFFFFF49
:10973000FFFFFFFFFFFFFFFFFFFFFFFFFFFFFFFF39
:10974000FFFFFFFFFFFFFFFFFFFFFFFFFFFFFFFF29
:10975000FFFFFFFFFFFFFFFFFFFFFFFFFFFFFFFF19
:10976000FFFFFFFFFFFFFFFFFFFFFFFFFFFFFFFF09
:10977000FFFFFFFFFFFFFFFFFFFFFFFFFFFFFFFFF9
:10978000FFFFFFFFFFFFFFFFFFFFFFFFFFFFFFFFE9
:10979000FFFFFFFFFFFFFFFFFFFFFFFFFFFFFFFFD9
:1097A000FFFFFFFFFFFFFFFFFFFFFFFFFFFFFFFFC9
:1097B000FFFFFFFFFFFFFFFFFFFFFFFFFFFFFFFFB9
:1097C000FFFFFFFFFFFFFFFFFFFFFFFFFFFFFFFFA9
:1097D000FFFFFFFFFFFFFFFFFFFFFFFFFFFFFFFF99
:1097E000FFFFFFFFFFFFFFFFFFFFFFFFFFFFFFFF89
:1097F000FFFFFFFFFFFFFFFFFFFFFFFFFFFFFFFF79
:10980000FFFFFFFFFFFFFFFFFFFFFFFFFFFFFFFF68
:10981000FFFFFFFFFFFFFFFFFFFFFFFFFFFFFFFF58
:10982000FFFFFFFFFFFFFFFFFFFFFFFFFFFFFFFF48
:10983000FFFFFFFFFFFFFFFFFFFFFFFFFFFFFFFF38
:10984000FFFFFFFFFFFFFFFFFFFFFFFFFFFFFFFF28
:10985000FFFFFFFFFFFFFFFFFFFFFFFFFFFFFFFF18
:10986000FFFFFFFFFFFFFFFFFFFFFFFFFFFFFFFF08
:10987000FFFFFFFFFFFFFFFFFFFFFFFFFFFFFFFFF8
:10988000FFFFFFFFFFFFFFFFFFFFFFFFFFFFFFFFE8
:10989000FFFFFFFFFFFFFFFFFFFFFFFFFFFFFFFFD8
:1098A000FFFFFFFFFFFFFFFFFFFFFFFFFFFFFFFFC8
:1098B000FFFFFFFFFFFFFFFFFFFFFFFFFFFFFFFFB8
:1098C000FFFFFFFFFFFFFFFFFFFFFFFFFFFFFFFFA8
:1098D000FFFFFFFFFFFFFFFFFFFFFFFFFFFFFFFF98
:1098E000FFFFFFFFFFFFFFFFFFFFFFFFFFFFFFFF88
:1098F000FFFFFFFFFFFFFFFFFFFFFFFFFFFFFFFF78
:10990000FFFFFFFFFFFFFFFFFFFFFFFFFFFFFFFF67
:10991000FFFFFFFFFFFFFFFFFFFFFFFFFFFFFFFF57
:10992000FFFFFFFFFFFFFFFFFFFFFFFFFFFFFFFF47
:10993000FFFFFFFFFFFFFFFFFFFFFFFFFFFFFFFF37
:10994000FFFFFFFFFFFFFFFFFFFFFFFFFFFFFFFF27
:10995000FFFFFFFFFFFFFFFFFFFFFFFFFFFFFFFF17
:10996000FFFFFFFFFFFFFFFFFFFFFFFFFFFFFFFF07
:10997000FFFFFFFFFFFFFFFFFFFFFFFFFFFFFFFFF7
:10998000FFFFFFFFFFFFFFFFFFFFFFFFFFFFFFFFE7
:10999000FFFFFFFFFFFFFFFFFFFFFFFFFFFFFFFFD7
:1099A000FFFFFFFFFFFFFFFFFFFFFFFFFFFFFFFFC7
:1099B000FFFFFFFFFFFFFFFFFFFFFFFFFFFFFFFFB7
:1099C000FFFFFFFFFFFFFFFFFFFFFFFFFFFFFFFFA7
:1099D000FFFFFFFFFFFFFFFFFFFFFFFFFFFFFFFF97
:1099E000FFFFFFFFFFFFFFFFFFFFFFFFFFFFFFFF87
:1099F000FFFFFFFFFFFFFFFFFFFFFFFFFFFFFFFF77
:109A0000FFFFFFFFFFFFFFFFFFFFFFFFFFFFFFFF66
:109A1000FFFFFFFFFFFFFFFFFFFFFFFFFFFFFFFF56
:109A2000FFFFFFFFFFFFFFFFFFFFFFFFFFFFFFFF46
:109A3000FFFFFFFFFFFFFFFFFFFFFFFFFFFFFFFF36
:109A4000FFFFFFFFFFFFFFFFFFFFFFFFFFFFFFFF26
:109A5000FFFFFFFFFFFFFFFFFFFFFFFFFFFFFFFF16
:109A6000FFFFFFFFFFFFFFFFFFFFFFFFFFFFFFFF06
:109A7000FFFFFFFFFFFFFFFFFFFFFFFFFFFFFFFFF6
:109A8000FFFFFFFFFFFFFFFFFFFFFFFFFFFFFFFFE6
:109A9000FFFFFFFFFFFFFFFFFFFFFFFFFFFFFFFFD6
:109AA000FFFFFFFFFFFFFFFFFFFFFFFFFFFFFFFFC6
:109AB000FFFFFFFFFFFFFFFFFFFFFFFFFFFFFFFFB6
:109AC000FFFFFFFFFFFFFFFFFFFFFFFFFFFFFFFFA6
:109AD000FFFFFFFFFFFFFFFFFFFFFFFFFFFFFFFF96
:109AE000FFFFFFFFFFFFFFFFFFFFFFFFFFFFFFFF86
:109AF000FFFFFFFFFFFFFFFFFFFFFFFFFFFFFFFF76
:109B0000FFFFFFFFFFFFFFFFFFFFFFFFFFFFFFFF65
:109B1000FFFFFFFFFFFFFFFFFFFFFFFFFFFFFFFF55
:109B2000FFFFFFFFFFFFFFFFFFFFFFFFFFFFFFFF45
:109B3000FFFFFFFFFFFFFFFFFFFFFFFFFFFFFFFF35
:109B4000FFFFFFFFFFFFFFFFFFFFFFFFFFFFFFFF25
:109B5000FFFFFFFFFFFFFFFFFFFFFFFFFFFFFFFF15
:109B6000FFFFFFFFFFFFFFFFFFFFFFFFFFFFFFFF05
:109B7000FFFFFFFFFFFFFFFFFFFFFFFFFFFFFFFFF5
:109B8000FFFFFFFFFFFFFFFFFFFFFFFFFFFFFFFFE5
:109B9000FFFFFFFFFFFFFFFFFFFFFFFFFFFFFFFFD5
:109BA000FFFFFFFFFFFFFFFFFFFFFFFFFFFFFFFFC5
:109BB000FFFFFFFFFFFFFFFFFFFFFFFFFFFFFFFFB5
:109BC000FFFFFFFFFFFFFFFFFFFFFFFFFFFFFFFFA5
:109BD000FFFFFFFFFFFFFFFFFFFFFFFFFFFFFFFF95
:109BE000FFFFFFFFFFFFFFFFFFFFFFFFFFFFFFFF85
:109BF000FFFFFFFFFFFFFFFFFFFFFFFFFFFFFFFF75
:109C0000FFFFFFFFFFFFFFFFFFFFFFFFFFFFFFFF64
:109C1000FFFFFFFFFFFFFFFFFFFFFFFFFFFFFFFF54
:109C2000FFFFFFFFFFFFFFFFFFFFFFFFFFFFFFFF44
:109C3000FFFFFFFFFFFFFFFFFFFFFFFFFFFFFFFF34
:109C4000FFFFFFFFFFFFFFFFFFFFFFFFFFFFFFFF24
:109C5000FFFFFFFFFFFFFFFFFFFFFFFFFFFFFFFF14
:109C6000FFFFFFFFFFFFFFFFFFFFFFFFFFFFFFFF04
:109C7000FFFFFFFFFFFFFFFFFFFFFFFFFFFFFFFFF4
:109C8000FFFFFFFFFFFFFFFFFFFFFFFFFFFFFFFFE4
:109C9000FFFFFFFFFFFFFFFFFFFFFFFFFFFFFFFFD4
:109CA000FFFFFFFFFFFFFFFFFFFFFFFFFFFFFFFFC4
:109CB000FFFFFFFFFFFFFFFFFFFFFFFFFFFFFFFFB4
:109CC000FFFFFFFFFFFFFFFFFFFFFFFFFFFFFFFFA4
:109CD000FFFFFFFFFFFFFFFFFFFFFFFFFFFFFFFF94
:109CE000FFFFFFFFFFFFFFFFFFFFFFFFFFFFFFFF84
:109CF000FFFFFFFFFFFFFFFFFFFFFFFFFFFFFFFF74
:109D0000FFFFFFFFFFFFFFFFFFFFFFFFFFFFFFFF63
:109D1000FFFFFFFFFFFFFFFFFFFFFFFFFFFFFFFF53
:109D2000FFFFFFFFFFFFFFFFFFFFFFFFFFFFFFFF43
:109D3000FFFFFFFFFFFFFFFFFFFFFFFFFFFFFFFF33
:109D4000FFFFFFFFFFFFFFFFFFFFFFFFFFFFFFFF23
:109D5000FFFFFFFFFFFFFFFFFFFFFFFFFFFFFFFF13
:109D6000FFFFFFFFFFFFFFFFFFFFFFFFFFFFFFFF03
:109D7000FFFFFFFFFFFFFFFFFFFFFFFFFFFFFFFFF3
:109D8000FFFFFFFFFFFFFFFFFFFFFFFFFFFFFFFFE3
:109D9000FFFFFFFFFFFFFFFFFFFFFFFFFFFFFFFFD3
:109DA000FFFFFFFFFFFFFFFFFFFFFFFFFFFFFFFFC3
:109DB000FFFFFFFFFFFFFFFFFFFFFFFFFFFFFFFFB3
:109DC000FFFFFFFFFFFFFFFFFFFFFFFFFFFFFFFFA3
:109DD000FFFFFFFFFFFFFFFFFFFFFFFFFFFFFFFF93
:109DE000FFFFFFFFFFFFFFFFFFFFFFFFFFFFFFFF83
:109DF000FFFFFFFFFFFFFFFFFFFFFFFFFFFFFFFF73
:109E0000FFFFFFFFFFFFFFFFFFFFFFFFFFFFFFFF62
:109E1000FFFFFFFFFFFFFFFFFFFFFFFFFFFFFFFF52
:109E2000FFFFFFFFFFFFFFFFFFFFFFFFFFFFFFFF42
:109E3000FFFFFFFFFFFFFFFFFFFFFFFFFFFFFFFF32
:109E4000FFFFFFFFFFFFFFFFFFFFFFFFFFFFFFFF22
:109E5000FFFFFFFFFFFFFFFFFFFFFFFFFFFFFFFF12
:109E6000FFFFFFFFFFFFFFFFFFFFFFFFFFFFFFFF02
:109E7000FFFFFFFFFFFFFFFFFFFFFFFFFFFFFFFFF2
:109E8000FFFFFFFFFFFFFFFFFFFFFFFFFFFFFFFFE2
:109E9000FFFFFFFFFFFFFFFFFFFFFFFFFFFFFFFFD2
:109EA000FFFFFFFFFFFFFFFFFFFFFFFFFFFFFFFFC2
:109EB000FFFFFFFFFFFFFFFFFFFFFFFFFFFFFFFFB2
:109EC000FFFFFFFFFFFFFFFFFFFFFFFFFFFFFFFFA2
:109ED000FFFFFFFFFFFFFFFFFFFFFFFFFFFFFFFF92
:109EE000FFFFFFFFFFFFFFFFFFFFFFFFFFFFFFFF82
:109EF000FFFFFFFFFFFFFFFFFFFFFFFFFFFFFFFF72
:109F0000FFFFFFFFFFFFFFFFFFFFFFFFFFFFFFFF61
:109F1000FFFFFFFFFFFFFFFFFFFFFFFFFFFFFFFF51
:109F2000FFFFFFFFFFFFFFFFFFFFFFFFFFFFFFFF41
:109F3000FFFFFFFFFFFFFFFFFFFFFFFFFFFFFFFF31
:109F4000FFFFFFFFFFFFFFFFFFFFFFFFFFFFFFFF21
:109F5000FFFFFFFFFFFFFFFFFFFFFFFFFFFFFFFF11
:109F6000FFFFFFFFFFFFFFFFFFFFFFFFFFFFFFFF01
:109F7000FFFFFFFFFFFFFFFFFFFFFFFFFFFFFFFFF1
:109F8000FFFFFFFFFFFFFFFFFFFFFFFFFFFFFFFFE1
:109F9000FFFFFFFFFFFFFFFFFFFFFFFFFFFFFFFFD1
:109FA000FFFFFFFFFFFFFFFFFFFFFFFFFFFFFFFFC1
:109FB000FFFFFFFFFFFFFFFFFFFFFFFFFFFFFFFFB1
:109FC000FFFFFFFFFFFFFFFFFFFFFFFFFFFFFFFFA1
:109FD000FFFFFFFFFFFFFFFFFFFFFFFFFFFFFFFF91
:109FE000FFFFFFFFFFFFFFFFFFFFFFFFFFFFFFFF81
:109FF000FFFFFFFFFFFFFFFFFFFFFFFFFFFFFFFF71
:10A00000FFFFFFFFFFFFFFFFFFFFFFFFFFFFFFFF60
:10A01000FFFFFFFFFFFFFFFFFFFFFFFFFFFFFFFF50
:10A02000FFFFFFFFFFFFFFFFFFFFFFFFFFFFFFFF40
:10A03000FFFFFFFFFFFFFFFFFFFFFFFFFFFFFFFF30
:10A04000FFFFFFFFFFFFFFFFFFFFFFFFFFFFFFFF20
:10A05000FFFFFFFFFFFFFFFFFFFFFFFFFFFFFFFF10
:10A06000FFFFFFFFFFFFFFFFFFFFFFFFFFFFFFFF00
:10A07000FFFFFFFFFFFFFFFFFFFFFFFFFFFFFFFFF0
:10A08000FFFFFFFFFFFFFFFFFFFFFFFFFFFFFFFFE0
:10A09000FFFFFFFFFFFFFFFFFFFFFFFFFFFFFFFFD0
:10A0A000FFFFFFFFFFFFFFFFFFFFFFFFFFFFFFFFC0
:10A0B000FFFFFFFFFFFFFFFFFFFFFFFFFFFFFFFFB0
:10A0C000FFFFFFFFFFFFFFFFFFFFFFFFFFFFFFFFA0
:10A0D000FFFFFFFFFFFFFFFFFFFFFFFFFFFFFFFF90
:10A0E000FFFFFFFFFFFFFFFFFFFFFFFFFFFFFFFF80
:10A0F000FFFFFFFFFFFFFFFFFFFFFFFFFFFFFFFF70
:10A10000FFFFFFFFFFFFFFFFFFFFFFFFFFFFFFFF5F
:10A11000FFFFFFFFFFFFFFFFFFFFFFFFFFFFFFFF4F
:10A12000FFFFFFFFFFFFFFFFFFFFFFFFFFFFFFFF3F
:10A13000FFFFFFFFFFFFFFFFFFFFFFFFFFFFFFFF2F
:10A14000FFFFFFFFFFFFFFFFFFFFFFFFFFFFFFFF1F
:10A15000FFFFFFFFFFFFFFFFFFFFFFFFFFFFFFFF0F
:10A16000FFFFFFFFFFFFFFFFFFFFFFFFFFFFFFFFFF
:10A17000FFFFFFFFFFFFFFFFFFFFFFFFFFFFFFFFEF
:10A18000FFFFFFFFFFFFFFFFFFFFFFFFFFFFFFFFDF
:10A19000FFFFFFFFFFFFFFFFFFFFFFFFFFFFFFFFCF
:10A1A000FFFFFFFFFFFFFFFFFFFFFFFFFFFFFFFFBF
:10A1B000FFFFFFFFFFFFFFFFFFFFFFFFFFFFFFFFAF
:10A1C000FFFFFFFFFFFFFFFFFFFFFFFFFFFFFFFF9F
:10A1D000FFFFFFFFFFFFFFFFFFFFFFFFFFFFFFFF8F
:10A1E000FFFFFFFFFFFFFFFFFFFFFFFFFFFFFFFF7F
:10A1F000FFFFFFFFFFFFFFFFFFFFFFFFFFFFFFFF6F
:10A20000FFFFFFFFFFFFFFFFFFFFFFFFFFFFFFFF5E
:10A21000FFFFFFFFFFFFFFFFFFFFFFFFFFFFFFFF4E
:10A22000FFFFFFFFFFFFFFFFFFFFFFFFFFFFFFFF3E
:10A23000FFFFFFFFFFFFFFFFFFFFFFFFFFFFFFFF2E
:10A24000FFFFFFFFFFFFFFFFFFFFFFFFFFFFFFFF1E
:10A25000FFFFFFFFFFFFFFFFFFFFFFFFFFFFFFFF0E
:10A26000FFFFFFFFFFFFFFFFFFFFFFFFFFFFFFFFFE
:10A27000FFFFFFFFFFFFFFFFFFFFFFFFFFFFFFFFEE
:10A28000FFFFFFFFFFFFFFFFFFFFFFFFFFFFFFFFDE
:10A29000FFFFFFFFFFFFFFFFFFFFFFFFFFFFFFFFCE
:10A2A000FFFFFFFFFFFFFFFFFFFFFFFFFFFFFFFFBE
:10A2B000FFFFFFFFFFFFFFFFFFFFFFFFFFFFFFFFAE
:10A2C000FFFFFFFFFFFFFFFFFFFFFFFFFFFFFFFF9E
:10A2D000FFFFFFFFFFFFFFFFFFFFFFFFFFFFFFFF8E
:10A2E000FFFFFFFFFFFFFFFFFFFFFFFFFFFFFFFF7E
:10A2F000FFFFFFFFFFFFFFFFFFFFFFFFFFFFFFFF6E
:10A30000FFFFFFFFFFFFFFFFFFFFFFFFFFFFFFFF5D
:10A31000FFFFFFFFFFFFFFFFFFFFFFFFFFFFFFFF4D
:10A32000FFFFFFFFFFFFFFFFFFFFFFFFFFFFFFFF3D
:10A33000FFFFFFFFFFFFFFFFFFFFFFFFFFFFFFFF2D
:10A34000FFFFFFFFFFFFFFFFFFFFFFFFFFFFFFFF1D
:10A35000FFFFFFFFFFFFFFFFFFFFFFFFFFFFFFFF0D
:10A36000FFFFFFFFFFFFFFFFFFFFFFFFFFFFFFFFFD
:10A37000FFFFFFFFFFFFFFFFFFFFFFFFFFFFFFFFED
:10A38000FFFFFFFFFFFFFFFFFFFFFFFFFFFFFFFFDD
:10A39000FFFFFFFFFFFFFFFFFFFFFFFFFFFFFFFFCD
:10A3A000FFFFFFFFFFFFFFFFFFFFFFFFFFFFFFFFBD
:10A3B000FFFFFFFFFFFFFFFFFFFFFFFFFFFFFFFFAD
:10A3C000FFFFFFFFFFFFFFFFFFFFFFFFFFFFFFFF9D
:10A3D000FFFFFFFFFFFFFFFFFFFFFFFFFFFFFFFF8D
:10A3E000FFFFFFFFFFFFFFFFFFFFFFFFFFFFFFFF7D
:10A3F000FFFFFFFFFFFFFFFFFFFFFFFFFFFFFFFF6D
:10A40000FFFFFFFFFFFFFFFFFFFFFFFFFFFFFFFF5C
:10A41000FFFFFFFFFFFFFFFFFFFFFFFFFFFFFFFF4C
:10A42000FFFFFFFFFFFFFFFFFFFFFFFFFFFFFFFF3C
:10A43000FFFFFFFFFFFFFFFFFFFFFFFFFFFFFFFF2C
:10A44000FFFFFFFFFFFFFFFFFFFFFFFFFFFFFFFF1C
:10A45000FFFFFFFFFFFFFFFFFFFFFFFFFFFFFFFF0C
:10A46000FFFFFFFFFFFFFFFFFFFFFFFFFFFFFFFFFC
:10A47000FFFFFFFFFFFFFFFFFFFFFFFFFFFFFFFFEC
:10A48000FFFFFFFFFFFFFFFFFFFFFFFFFFFFFFFFDC
:10A49000FFFFFFFFFFFFFFFFFFFFFFFFFFFFFFFFCC
:10A4A000FFFFFFFFFFFFFFFFFFFFFFFFFFFFFFFFBC
:10A4B000FFFFFFFFFFFFFFFFFFFFFFFFFFFFFFFFAC
:10A4C000FFFFFFFFFFFFFFFFFFFFFFFFFFFFFFFF9C
:10A4D000FFFFFFFFFFFFFFFFFFFFFFFFFFFFFFFF8C
:10A4E000FFFFFFFFFFFFFFFFFFFFFFFFFFFFFFFF7C
:10A4F000FFFFFFFFFFFFFFFFFFFFFFFFFFFFFFFF6C
:10A50000FFFFFFFFFFFFFFFFFFFFFFFFFFFFFFFF5B
:10A51000FFFFFFFFFFFFFFFFFFFFFFFFFFFFFFFF4B
:10A52000FFFFFFFFFFFFFFFFFFFFFFFFFFFFFFFF3B
:10A53000FFFFFFFFFFFFFFFFFFFFFFFFFFFFFFFF2B
:10A54000FFFFFFFFFFFFFFFFFFFFFFFFFFFFFFFF1B
:10A55000FFFFFFFFFFFFFFFFFFFFFFFFFFFFFFFF0B
:10A56000FFFFFFFFFFFFFFFFFFFFFFFFFFFFFFFFFB
:10A57000FFFFFFFFFFFFFFFFFFFFFFFFFFFFFFFFEB
:10A58000FFFFFFFFFFFFFFFFFFFFFFFFFFFFFFFFDB
:10A59000FFFFFFFFFFFFFFFFFFFFFFFFFFFFFFFFCB
:10A5A000FFFFFFFFFFFFFFFFFFFFFFFFFFFFFFFFBB
:10A5B000FFFFFFFFFFFFFFFFFFFFFFFFFFFFFFFFAB
:10A5C000FFFFFFFFFFFFFFFFFFFFFFFFFFFFFFFF9B
:10A5D000FFFFFFFFFFFFFFFFFFFFFFFFFFFFFFFF8B
:10A5E000FFFFFFFFFFFFFFFFFFFFFFFFFFFFFFFF7B
:10A5F000FFFFFFFFFFFFFFFFFFFFFFFFFFFFFFFF6B
:10A60000FFFFFFFFFFFFFFFFFFFFFFFFFFFFFFFF5A
:10A61000FFFFFFFFFFFFFFFFFFFFFFFFFFFFFFFF4A
:10A62000FFFFFFFFFFFFFFFFFFFFFFFFFFFFFFFF3A
:10A63000FFFFFFFFFFFFFFFFFFFFFFFFFFFFFFFF2A
:10A64000FFFFFFFFFFFFFFFFFFFFFFFFFFFFFFFF1A
:10A65000FFFFFFFFFFFFFFFFFFFFFFFFFFFFFFFF0A
:10A66000FFFFFFFFFFFFFFFFFFFFFFFFFFFFFFFFFA
:10A67000FFFFFFFFFFFFFFFFFFFFFFFFFFFFFFFFEA
:10A68000FFFFFFFFFFFFFFFFFFFFFFFFFFFFFFFFDA
:10A69000FFFFFFFFFFFFFFFFFFFFFFFFFFFFFFFFCA
:10A6A000FFFFFFFFFFFFFFFFFFFFFFFFFFFFFFFFBA
:10A6B000FFFFFFFFFFFFFFFFFFFFFFFFFFFFFFFFAA
:10A6C000FFFFFFFFFFFFFFFFFFFFFFFFFFFFFFFF9A
:10A6D000FFFFFFFFFFFFFFFFFFFFFFFFFFFFFFFF8A
:10A6E000FFFFFFFFFFFFFFFFFFFFFFFFFFFFFFFF7A
:10A6F000FFFFFFFFFFFFFFFFFFFFFFFFFFFFFFFF6A
:10A70000FFFFFFFFFFFFFFFFFFFFFFFFFFFFFFFF59
:10A71000FFFFFFFFFFFFFFFFFFFFFFFFFFFFFFFF49
:10A72000FFFFFFFFFFFFFFFFFFFFFFFFFFFFFFFF39
:10A73000FFFFFFFFFFFFFFFFFFFFFFFFFFFFFFFF29
:10A74000FFFFFFFFFFFFFFFFFFFFFFFFFFFFFFFF19
:10A75000FFFFFFFFFFFFFFFFFFFFFFFFFFFFFFFF09
:10A76000FFFFFFFFFFFFFFFFFFFFFFFFFFFFFFFFF9
:10A77000FFFFFFFFFFFFFFFFFFFFFFFFFFFFFFFFE9
:10A78000FFFFFFFFFFFFFFFFFFFFFFFFFFFFFFFFD9
:10A79000FFFFFFFFFFFFFFFFFFFFFFFFFFFFFFFFC9
:10A7A000FFFFFFFFFFFFFFFFFFFFFFFFFFFFFFFFB9
:10A7B000FFFFFFFFFFFFFFFFFFFFFFFFFFFFFFFFA9
:10A7C000FFFFFFFFFFFFFFFFFFFFFFFFFFFFFFFF99
:10A7D000FFFFFFFFFFFFFFFFFFFFFFFFFFFFFFFF89
:10A7E000FFFFFFFFFFFFFFFFFFFFFFFFFFFFFFFF79
:10A7F000FFFFFFFFFFFFFFFFFFFFFFFFFFFFFFFF69
:10A80000FFFFFFFFFFFFFFFFFFFFFFFFFFFFFFFF58
:10A81000FFFFFFFFFFFFFFFFFFFFFFFFFFFFFFFF48
:10A82000FFFFFFFFFFFFFFFFFFFFFFFFFFFFFFFF38
:10A83000FFFFFFFFFFFFFFFFFFFFFFFFFFFFFFFF28
:10A84000FFFFFFFFFFFFFFFFFFFFFFFFFFFFFFFF18
:10A85000FFFFFFFFFFFFFFFFFFFFFFFFFFFFFFFF08
:10A86000FFFFFFFFFFFFFFFFFFFFFFFFFFFFFFFFF8
:10A87000FFFFFFFFFFFFFFFFFFFFFFFFFFFFFFFFE8
:10A88000FFFFFFFFFFFFFFFFFFFFFFFFFFFFFFFFD8
:10A89000FFFFFFFFFFFFFFFFFFFFFFFFFFFFFFFFC8
:10A8A000FFFFFFFFFFFFFFFFFFFFFFFFFFFFFFFFB8
:10A8B000FFFFFFFFFFFFFFFFFFFFFFFFFFFFFFFFA8
:10A8C000FFFFFFFFFFFFFFFFFFFFFFFFFFFFFFFF98
:10A8D000FFFFFFFFFFFFFFFFFFFFFFFFFFFFFFFF88
:10A8E000FFFFFFFFFFFFFFFFFFFFFFFFFFFFFFFF78
:10A8F000FFFFFFFFFFFFFFFFFFFFFFFFFFFFFFFF68
:10A90000FFFFFFFFFFFFFFFFFFFFFFFFFFFFFFFF57
:10A91000FFFFFFFFFFFFFFFFFFFFFFFFFFFFFFFF47
:10A92000FFFFFFFFFFFFFFFFFFFFFFFFFFFFFFFF37
:10A93000FFFFFFFFFFFFFFFFFFFFFFFFFFFFFFFF27
:10A94000FFFFFFFFFFFFFFFFFFFFFFFFFFFFFFFF17
:10A95000FFFFFFFFFFFFFFFFFFFFFFFFFFFFFFFF07
:10A96000FFFFFFFFFFFFFFFFFFFFFFFFFFFFFFFFF7
:10A97000FFFFFFFFFFFFFFFFFFFFFFFFFFFFFFFFE7
:10A98000FFFFFFFFFFFFFFFFFFFFFFFFFFFFFFFFD7
:10A99000FFFFFFFFFFFFFFFFFFFFFFFFFFFFFFFFC7
:10A9A000FFFFFFFFFFFFFFFFFFFFFFFFFFFFFFFFB7
:10A9B000FFFFFFFFFFFFFFFFFFFFFFFFFFFFFFFFA7
:10A9C000FFFFFFFFFFFFFFFFFFFFFFFFFFFFFFFF97
:10A9D000FFFFFFFFFFFFFFFFFFFFFFFFFFFFFFFF87
:10A9E000FFFFFFFFFFFFFFFFFFFFFFFFFFFFFFFF77
:10A9F000FFFFFFFFFFFFFFFFFFFFFFFFFFFFFFFF67
:10AA0000FFFFFFFFFFFFFFFFFFFFFFFFFFFFFFFF56
:10AA1000FFFFFFFFFFFFFFFFFFFFFFFFFFFFFFFF46
:10AA2000FFFFFFFFFFFFFFFFFFFFFFFFFFFFFFFF36
:10AA3000FFFFFFFFFFFFFFFFFFFFFFFFFFFFFFFF26
:10AA4000FFFFFFFFFFFFFFFFFFFFFFFFFFFFFFFF16
:10AA5000FFFFFFFFFFFFFFFFFFFFFFFFFFFFFFFF06
:10AA6000FFFFFFFFFFFFFFFFFFFFFFFFFFFFFFFFF6
:10AA7000FFFFFFFFFFFFFFFFFFFFFFFFFFFFFFFFE6
:10AA8000FFFFFFFFFFFFFFFFFFFFFFFFFFFFFFFFD6
:10AA9000FFFFFFFFFFFFFFFFFFFFFFFFFFFFFFFFC6
:10AAA000FFFFFFFFFFFFFFFFFFFFFFFFFFFFFFFFB6
:10AAB000FFFFFFFFFFFFFFFFFFFFFFFFFFFFFFFFA6
:10AAC000FFFFFFFFFFFFFFFFFFFFFFFFFFFFFFFF96
:10AAD000FFFFFFFFFFFFFFFFFFFFFFFFFFFFFFFF86
:10AAE000FFFFFFFFFFFFFFFFFFFFFFFFFFFFFFFF76
:10AAF000FFFFFFFFFFFFFFFFFFFFFFFFFFFFFFFF66
:10AB0000FFFFFFFFFFFFFFFFFFFFFFFFFFFFFFFF55
:10AB1000FFFFFFFFFFFFFFFFFFFFFFFFFFFFFFFF45
:10AB2000FFFFFFFFFFFFFFFFFFFFFFFFFFFFFFFF35
:10AB3000FFFFFFFFFFFFFFFFFFFFFFFFFFFFFFFF25
:10AB4000FFFFFFFFFFFFFFFFFFFFFFFFFFFFFFFF15
:10AB5000FFFFFFFFFFFFFFFFFFFFFFFFFFFFFFFF05
:10AB6000FFFFFFFFFFFFFFFFFFFFFFFFFFFFFFFFF5
:10AB7000FFFFFFFFFFFFFFFFFFFFFFFFFFFFFFFFE5
:10AB8000FFFFFFFFFFFFFFFFFFFFFFFFFFFFFFFFD5
:10AB9000FFFFFFFFFFFFFFFFFFFFFFFFFFFFFFFFC5
:10ABA000FFFFFFFFFFFFFFFFFFFFFFFFFFFFFFFFB5
:10ABB000FFFFFFFFFFFFFFFFFFFFFFFFFFFFFFFFA5
:10ABC000FFFFFFFFFFFFFFFFFFFFFFFFFFFFFFFF95
:10ABD000FFFFFFFFFFFFFFFFFFFFFFFFFFFFFFFF85
:10ABE000FFFFFFFFFFFFFFFFFFFFFFFFFFFFFFFF75
:10ABF000FFFFFFFFFFFFFFFFFFFFFFFFFFFFFFFF65
:10AC0000FFFFFFFFFFFFFFFFFFFFFFFFFFFFFFFF54
:10AC1000FFFFFFFFFFFFFFFFFFFFFFFFFFFFFFFF44
:10AC2000FFFFFFFFFFFFFFFFFFFFFFFFFFFFFFFF34
:10AC3000FFFFFFFFFFFFFFFFFFFFFFFFFFFFFFFF24
:10AC4000FFFFFFFFFFFFFFFFFFFFFFFFFFFFFFFF14
:10AC5000FFFFFFFFFFFFFFFFFFFFFFFFFFFFFFFF04
:10AC6000FFFFFFFFFFFFFFFFFFFFFFFFFFFFFFFFF4
:10AC7000FFFFFFFFFFFFFFFFFFFFFFFFFFFFFFFFE4
:10AC8000FFFFFFFFFFFFFFFFFFFFFFFFFFFFFFFFD4
:10AC9000FFFFFFFFFFFFFFFFFFFFFFFFFFFFFFFFC4
:10ACA000FFFFFFFFFFFFFFFFFFFFFFFFFFFFFFFFB4
:10ACB000FFFFFFFFFFFFFFFFFFFFFFFFFFFFFFFFA4
:10ACC000FFFFFFFFFFFFFFFFFFFFFFFFFFFFFFFF94
:10ACD000FFFFFFFFFFFFFFFFFFFFFFFFFFFFFFFF84
:10ACE000FFFFFFFFFFFFFFFFFFFFFFFFFFFFFFFF74
:10ACF000FFFFFFFFFFFFFFFFFFFFFFFFFFFFFFFF64
:10AD0000FFFFFFFFFFFFFFFFFFFFFFFFFFFFFFFF53
:10AD1000FFFFFFFFFFFFFFFFFFFFFFFFFFFFFFFF43
:10AD2000FFFFFFFFFFFFFFFFFFFFFFFFFFFFFFFF33
:10AD3000FFFFFFFFFFFFFFFFFFFFFFFFFFFFFFFF23
:10AD4000FFFFFFFFFFFFFFFFFFFFFFFFFFFFFFFF13
:10AD5000FFFFFFFFFFFFFFFFFFFFFFFFFFFFFFFF03
:10AD6000FFFFFFFFFFFFFFFFFFFFFFFFFFFFFFFFF3
:10AD7000FFFFFFFFFFFFFFFFFFFFFFFFFFFFFFFFE3
:10AD8000FFFFFFFFFFFFFFFFFFFFFFFFFFFFFFFFD3
:10AD9000FFFFFFFFFFFFFFFFFFFFFFFFFFFFFFFFC3
:10ADA000FFFFFFFFFFFFFFFFFFFFFFFFFFFFFFFFB3
:10ADB000FFFFFFFFFFFFFFFFFFFFFFFFFFFFFFFFA3
:10ADC000FFFFFFFFFFFFFFFFFFFFFFFFFFFFFFFF93
:10ADD000FFFFFFFFFFFFFFFFFFFFFFFFFFFFFFFF83
:10ADE000FFFFFFFFFFFFFFFFFFFFFFFFFFFFFFFF73
:10ADF000FFFFFFFFFFFFFFFFFFFFFFFFFFFFFFFF63
:10AE0000FFFFFFFFFFFFFFFFFFFFFFFFFFFFFFFF52
:10AE1000FFFFFFFFFFFFFFFFFFFFFFFFFFFFFFFF42
:10AE2000FFFFFFFFFFFFFFFFFFFFFFFFFFFFFFFF32
:10AE3000FFFFFFFFFFFFFFFFFFFFFFFFFFFFFFFF22
:10AE4000FFFFFFFFFFFFFFFFFFFFFFFFFFFFFFFF12
:10AE5000FFFFFFFFFFFFFFFFFFFFFFFFFFFFFFFF02
:10AE6000FFFFFFFFFFFFFFFFFFFFFFFFFFFFFFFFF2
:10AE7000FFFFFFFFFFFFFFFFFFFFFFFFFFFFFFFFE2
:10AE8000FFFFFFFFFFFFFFFFFFFFFFFFFFFFFFFFD2
:10AE9000FFFFFFFFFFFFFFFFFFFFFFFFFFFFFFFFC2
:10AEA000FFFFFFFFFFFFFFFFFFFFFFFFFFFFFFFFB2
:10AEB000FFFFFFFFFFFFFFFFFFFFFFFFFFFFFFFFA2
:10AEC000FFFFFFFFFFFFFFFFFFFFFFFFFFFFFFFF92
:10AED000FFFFFFFFFFFFFFFFFFFFFFFFFFFFFFFF82
:10AEE000FFFFFFFFFFFFFFFFFFFFFFFFFFFFFFFF72
:10AEF000FFFFFFFFFFFFFFFFFFFFFFFFFFFFFFFF62
:10AF0000FFFFFFFFFFFFFFFFFFFFFFFFFFFFFFFF51
:10AF1000FFFFFFFFFFFFFFFFFFFFFFFFFFFFFFFF41
:10AF2000FFFFFFFFFFFFFFFFFFFFFFFFFFFFFFFF31
:10AF3000FFFFFFFFFFFFFFFFFFFFFFFFFFFFFFFF21
:10AF4000FFFFFFFFFFFFFFFFFFFFFFFFFFFFFFFF11
:10AF5000FFFFFFFFFFFFFFFFFFFFFFFFFFFFFFFF01
:10AF6000FFFFFFFFFFFFFFFFFFFFFFFFFFFFFFFFF1
:10AF7000FFFFFFFFFFFFFFFFFFFFFFFFFFFFFFFFE1
:10AF8000FFFFFFFFFFFFFFFFFFFFFFFFFFFFFFFFD1
:10AF9000FFFFFFFFFFFFFFFFFFFFFFFFFFFFFFFFC1
:10AFA000FFFFFFFFFFFFFFFFFFFFFFFFFFFFFFFFB1
:10AFB000FFFFFFFFFFFFFFFFFFFFFFFFFFFFFFFFA1
:10AFC000FFFFFFFFFFFFFFFFFFFFFFFFFFFFFFFF91
:10AFD000FFFFFFFFFFFFFFFFFFFFFFFFFFFFFFFF81
:10AFE000FFFFFFFFFFFFFFFFFFFFFFFFFFFFFFFF71
:10AFF000FFFFFFFFFFFFFFFFFFFFFFFFFFFFFFFF61
:10B00000FFFFFFFFFFFFFFFFFFFFFFFFFFFFFFFF50
:10B01000FFFFFFFFFFFFFFFFFFFFFFFFFFFFFFFF40
:10B02000FFFFFFFFFFFFFFFFFFFFFFFFFFFFFFFF30
:10B03000FFFFFFFFFFFFFFFFFFFFFFFFFFFFFFFF20
:10B04000FFFFFFFFFFFFFFFFFFFFFFFFFFFFFFFF10
:10B05000FFFFFFFFFFFFFFFFFFFFFFFFFFFFFFFF00
:10B06000FFFFFFFFFFFFFFFFFFFFFFFFFFFFFFFFF0
:10B07000FFFFFFFFFFFFFFFFFFFFFFFFFFFFFFFFE0
:10B08000FFFFFFFFFFFFFFFFFFFFFFFFFFFFFFFFD0
:10B09000FFFFFFFFFFFFFFFFFFFFFFFFFFFFFFFFC0
:10B0A000FFFFFFFFFFFFFFFFFFFFFFFFFFFFFFFFB0
:10B0B000FFFFFFFFFFFFFFFFFFFFFFFFFFFFFFFFA0
:10B0C000FFFFFFFFFFFFFFFFFFFFFFFFFFFFFFFF90
:10B0D000FFFFFFFFFFFFFFFFFFFFFFFFFFFFFFFF80
:10B0E000FFFFFFFFFFFFFFFFFFFFFFFFFFFFFFFF70
:10B0F000FFFFFFFFFFFFFFFFFFFFFFFFFFFFFFFF60
:10B10000FFFFFFFFFFFFFFFFFFFFFFFFFFFFFFFF4F
:10B11000FFFFFFFFFFFFFFFFFFFFFFFFFFFFFFFF3F
:10B12000FFFFFFFFFFFFFFFFFFFFFFFFFFFFFFFF2F
:10B13000FFFFFFFFFFFFFFFFFFFFFFFFFFFFFFFF1F
:10B14000FFFFFFFFFFFFFFFFFFFFFFFFFFFFFFFF0F
:10B15000FFFFFFFFFFFFFFFFFFFFFFFFFFFFFFFFFF
:10B16000FFFFFFFFFFFFFFFFFFFFFFFFFFFFFFFFEF
:10B17000FFFFFFFFFFFFFFFFFFFFFFFFFFFFFFFFDF
:10B18000FFFFFFFFFFFFFFFFFFFFFFFFFFFFFFFFCF
:10B19000FFFFFFFFFFFFFFFFFFFFFFFFFFFFFFFFBF
:10B1A000FFFFFFFFFFFFFFFFFFFFFFFFFFFFFFFFAF
:10B1B000FFFFFFFFFFFFFFFFFFFFFFFFFFFFFFFF9F
:10B1C000FFFFFFFFFFFFFFFFFFFFFFFFFFFFFFFF8F
:10B1D000FFFFFFFFFFFFFFFFFFFFFFFFFFFFFFFF7F
:10B1E000FFFFFFFFFFFFFFFFFFFFFFFFFFFFFFFF6F
:10B1F000FFFFFFFFFFFFFFFFFFFFFFFFFFFFFFFF5F
:10B20000FFFFFFFFFFFFFFFFFFFFFFFFFFFFFFFF4E
:10B21000FFFFFFFFFFFFFFFFFFFFFFFFFFFFFFFF3E
:10B22000FFFFFFFFFFFFFFFFFFFFFFFFFFFFFFFF2E
:10B23000FFFFFFFFFFFFFFFFFFFFFFFFFFFFFFFF1E
:10B24000FFFFFFFFFFFFFFFFFFFFFFFFFFFFFFFF0E
:10B25000FFFFFFFFFFFFFFFFFFFFFFFFFFFFFFFFFE
:10B26000FFFFFFFFFFFFFFFFFFFFFFFFFFFFFFFFEE
:10B27000FFFFFFFFFFFFFFFFFFFFFFFFFFFFFFFFDE
:10B28000FFFFFFFFFFFFFFFFFFFFFFFFFFFFFFFFCE
:10B29000FFFFFFFFFFFFFFFFFFFFFFFFFFFFFFFFBE
:10B2A000FFFFFFFFFFFFFFFFFFFFFFFFFFFFFFFFAE
:10B2B000FFFFFFFFFFFFFFFFFFFFFFFFFFFFFFFF9E
:10B2C000FFFFFFFFFFFFFFFFFFFFFFFFFFFFFFFF8E
:10B2D000FFFFFFFFFFFFFFFFFFFFFFFFFFFFFFFF7E
:10B2E000FFFFFFFFFFFFFFFFFFFFFFFFFFFFFFFF6E
:10B2F000FFFFFFFFFFFFFFFFFFFFFFFFFFFFFFFF5E
:10B30000FFFFFFFFFFFFFFFFFFFFFFFFFFFFFFFF4D
:10B31000FFFFFFFFFFFFFFFFFFFFFFFFFFFFFFFF3D
:10B32000FFFFFFFFFFFFFFFFFFFFFFFFFFFFFFFF2D
:10B33000FFFFFFFFFFFFFFFFFFFFFFFFFFFFFFFF1D
:10B34000FFFFFFFFFFFFFFFFFFFFFFFFFFFFFFFF0D
:10B35000FFFFFFFFFFFFFFFFFFFFFFFFFFFFFFFFFD
:10B36000FFFFFFFFFFFFFFFFFFFFFFFFFFFFFFFFED
:10B37000FFFFFFFFFFFFFFFFFFFFFFFFFFFFFFFFDD
:10B38000FFFFFFFFFFFFFFFFFFFFFFFFFFFFFFFFCD
:10B39000FFFFFFFFFFFFFFFFFFFFFFFFFFFFFFFFBD
:10B3A000FFFFFFFFFFFFFFFFFFFFFFFFFFFFFFFFAD
:10B3B000FFFFFFFFFFFFFFFFFFFFFFFFFFFFFFFF9D
:10B3C000FFFFFFFFFFFFFFFFFFFFFFFFFFFFFFFF8D
:10B3D000FFFFFFFFFFFFFFFFFFFFFFFFFFFFFFFF7D
:10B3E000FFFFFFFFFFFFFFFFFFFFFFFFFFFFFFFF6D
:10B3F000FFFFFFFFFFFFFFFFFFFFFFFFFFFFFFFF5D
:10B40000FFFFFFFFFFFFFFFFFFFFFFFFFFFFFFFF4C
:10B41000FFFFFFFFFFFFFFFFFFFFFFFFFFFFFFFF3C
:10B42000FFFFFFFFFFFFFFFFFFFFFFFFFFFFFFFF2C
:10B43000FFFFFFFFFFFFFFFFFFFFFFFFFFFFFFFF1C
:10B44000FFFFFFFFFFFFFFFFFFFFFFFFFFFFFFFF0C
:10B45000FFFFFFFFFFFFFFFFFFFFFFFFFFFFFFFFFC
:10B46000FFFFFFFFFFFFFFFFFFFFFFFFFFFFFFFFEC
:10B47000FFFFFFFFFFFFFFFFFFFFFFFFFFFFFFFFDC
:10B48000FFFFFFFFFFFFFFFFFFFFFFFFFFFFFFFFCC
:10B49000FFFFFFFFFFFFFFFFFFFFFFFFFFFFFFFFBC
:10B4A000FFFFFFFFFFFFFFFFFFFFFFFFFFFFFFFFAC
:10B4B000FFFFFFFFFFFFFFFFFFFFFFFFFFFFFFFF9C
:10B4C000FFFFFFFFFFFFFFFFFFFFFFFFFFFFFFFF8C
:10B4D000FFFFFFFFFFFFFFFFFFFFFFFFFFFFFFFF7C
:10B4E000FFFFFFFFFFFFFFFFFFFFFFFFFFFFFFFF6C
:10B4F000FFFFFFFFFFFFFFFFFFFFFFFFFFFFFFFF5C
:10B50000FFFFFFFFFFFFFFFFFFFFFFFFFFFFFFFF4B
:10B51000FFFFFFFFFFFFFFFFFFFFFFFFFFFFFFFF3B
:10B52000FFFFFFFFFFFFFFFFFFFFFFFFFFFFFFFF2B
:10B53000FFFFFFFFFFFFFFFFFFFFFFFFFFFFFFFF1B
:10B54000FFFFFFFFFFFFFFFFFFFFFFFFFFFFFFFF0B
:10B55000FFFFFFFFFFFFFFFFFFFFFFFFFFFFFFFFFB
:10B56000FFFFFFFFFFFFFFFFFFFFFFFFFFFFFFFFEB
:10B57000FFFFFFFFFFFFFFFFFFFFFFFFFFFFFFFFDB
:10B58000FFFFFFFFFFFFFFFFFFFFFFFFFFFFFFFFCB
:10B59000FFFFFFFFFFFFFFFFFFFFFFFFFFFFFFFFBB
:10B5A000FFFFFFFFFFFFFFFFFFFFFFFFFFFFFFFFAB
:10B5B000FFFFFFFFFFFFFFFFFFFFFFFFFFFFFFFF9B
:10B5C000FFFFFFFFFFFFFFFFFFFFFFFFFFFFFFFF8B
:10B5D000FFFFFFFFFFFFFFFFFFFFFFFFFFFFFFFF7B
:10B5E000FFFFFFFFFFFFFFFFFFFFFFFFFFFFFFFF6B
:10B5F000FFFFFFFFFFFFFFFFFFFFFFFFFFFFFFFF5B
:10B60000FFFFFFFFFFFFFFFFFFFFFFFFFFFFFFFF4A
:10B61000FFFFFFFFFFFFFFFFFFFFFFFFFFFFFFFF3A
:10B62000FFFFFFFFFFFFFFFFFFFFFFFFFFFFFFFF2A
:10B63000FFFFFFFFFFFFFFFFFFFFFFFFFFFFFFFF1A
:10B64000FFFFFFFFFFFFFFFFFFFFFFFFFFFFFFFF0A
:10B65000FFFFFFFFFFFFFFFFFFFFFFFFFFFFFFFFFA
:10B66000FFFFFFFFFFFFFFFFFFFFFFFFFFFFFFFFEA
:10B67000FFFFFFFFFFFFFFFFFFFFFFFFFFFFFFFFDA
:10B68000FFFFFFFFFFFFFFFFFFFFFFFFFFFFFFFFCA
:10B69000FFFFFFFFFFFFFFFFFFFFFFFFFFFFFFFFBA
:10B6A000FFFFFFFFFFFFFFFFFFFFFFFFFFFFFFFFAA
:10B6B000FFFFFFFFFFFFFFFFFFFFFFFFFFFFFFFF9A
:10B6C000FFFFFFFFFFFFFFFFFFFFFFFFFFFFFFFF8A
:10B6D000FFFFFFFFFFFFFFFFFFFFFFFFFFFFFFFF7A
:10B6E000FFFFFFFFFFFFFFFFFFFFFFFFFFFFFFFF6A
:10B6F000FFFFFFFFFFFFFFFFFFFFFFFFFFFFFFFF5A
:10B70000FFFFFFFFFFFFFFFFFFFFFFFFFFFFFFFF49
:10B71000FFFFFFFFFFFFFFFFFFFFFFFFFFFFFFFF39
:10B72000FFFFFFFFFFFFFFFFFFFFFFFFFFFFFFFF29
:10B73000FFFFFFFFFFFFFFFFFFFFFFFFFFFFFFFF19
:10B74000FFFFFFFFFFFFFFFFFFFFFFFFFFFFFFFF09
:10B75000FFFFFFFFFFFFFFFFFFFFFFFFFFFFFFFFF9
:10B76000FFFFFFFFFFFFFFFFFFFFFFFFFFFFFFFFE9
:10B77000FFFFFFFFFFFFFFFFFFFFFFFFFFFFFFFFD9
:10B78000FFFFFFFFFFFFFFFFFFFFFFFFFFFFFFFFC9
:10B79000FFFFFFFFFFFFFFFFFFFFFFFFFFFFFFFFB9
:10B7A000FFFFFFFFFFFFFFFFFFFFFFFFFFFFFFFFA9
:10B7B000FFFFFFFFFFFFFFFFFFFFFFFFFFFFFFFF99
:10B7C000FFFFFFFFFFFFFFFFFFFFFFFFFFFFFFFF89
:10B7D000FFFFFFFFFFFFFFFFFFFFFFFFFFFFFFFF79
:10B7E000FFFFFFFFFFFFFFFFFFFFFFFFFFFFFFFF69
:10B7F000FFFFFFFFFFFFFFFFFFFFFFFFFFFFFFFF59
:10B80000FFFFFFFFFFFFFFFFFFFFFFFFFFFFFFFF48
:10B81000FFFFFFFFFFFFFFFFFFFFFFFFFFFFFFFF38
:10B82000FFFFFFFFFFFFFFFFFFFFFFFFFFFFFFFF28
:10B83000FFFFFFFFFFFFFFFFFFFFFFFFFFFFFFFF18
:10B84000FFFFFFFFFFFFFFFFFFFFFFFFFFFFFFFF08
:10B85000FFFFFFFFFFFFFFFFFFFFFFFFFFFFFFFFF8
:10B86000FFFFFFFFFFFFFFFFFFFFFFFFFFFFFFFFE8
:10B87000FFFFFFFFFFFFFFFFFFFFFFFFFFFFFFFFD8
:10B88000FFFFFFFFFFFFFFFFFFFFFFFFFFFFFFFFC8
:10B89000FFFFFFFFFFFFFFFFFFFFFFFFFFFFFFFFB8
:10B8A000FFFFFFFFFFFFFFFFFFFFFFFFFFFFFFFFA8
:10B8B000FFFFFFFFFFFFFFFFFFFFFFFFFFFFFFFF98
:10B8C000FFFFFFFFFFFFFFFFFFFFFFFFFFFFFFFF88
:10B8D000FFFFFFFFFFFFFFFFFFFFFFFFFFFFFFFF78
:10B8E000FFFFFFFFFFFFFFFFFFFFFFFFFFFFFFFF68
:10B8F000FFFFFFFFFFFFFFFFFFFFFFFFFFFFFFFF58
:10B90000FFFFFFFFFFFFFFFFFFFFFFFFFFFFFFFF47
:10B91000FFFFFFFFFFFFFFFFFFFFFFFFFFFFFFFF37
:10B92000FFFFFFFFFFFFFFFFFFFFFFFFFFFFFFFF27
:10B93000FFFFFFFFFFFFFFFFFFFFFFFFFFFFFFFF17
:10B94000FFFFFFFFFFFFFFFFFFFFFFFFFFFFFFFF07
:10B95000FFFFFFFFFFFFFFFFFFFFFFFFFFFFFFFFF7
:10B96000FFFFFFFFFFFFFFFFFFFFFFFFFFFFFFFFE7
:10B97000FFFFFFFFFFFFFFFFFFFFFFFFFFFFFFFFD7
:10B98000FFFFFFFFFFFFFFFFFFFFFFFFFFFFFFFFC7
:10B99000FFFFFFFFFFFFFFFFFFFFFFFFFFFFFFFFB7
:10B9A000FFFFFFFFFFFFFFFFFFFFFFFFFFFFFFFFA7
:10B9B000FFFFFFFFFFFFFFFFFFFFFFFFFFFFFFFF97
:10B9C000FFFFFFFFFFFFFFFFFFFFFFFFFFFFFFFF87
:10B9D000FFFFFFFFFFFFFFFFFFFFFFFFFFFFFFFF77
:10B9E000FFFFFFFFFFFFFFFFFFFFFFFFFFFFFFFF67
:10B9F000FFFFFFFFFFFFFFFFFFFFFFFFFFFFFFFF57
:10BA0000FFFFFFFFFFFFFFFFFFFFFFFFFFFFFFFF46
:10BA1000FFFFFFFFFFFFFFFFFFFFFFFFFFFFFFFF36
:10BA2000FFFFFFFFFFFFFFFFFFFFFFFFFFFFFFFF26
:10BA3000FFFFFFFFFFFFFFFFFFFFFFFFFFFFFFFF16
:10BA4000FFFFFFFFFFFFFFFFFFFFFFFFFFFFFFFF06
:10BA5000FFFFFFFFFFFFFFFFFFFFFFFFFFFFFFFFF6
:10BA6000FFFFFFFFFFFFFFFFFFFFFFFFFFFFFFFFE6
:10BA7000FFFFFFFFFFFFFFFFFFFFFFFFFFFFFFFFD6
:10BA8000FFFFFFFFFFFFFFFFFFFFFFFFFFFFFFFFC6
:10BA9000FFFFFFFFFFFFFFFFFFFFFFFFFFFFFFFFB6
:10BAA000FFFFFFFFFFFFFFFFFFFFFFFFFFFFFFFFA6
:10BAB000FFFFFFFFFFFFFFFFFFFFFFFFFFFFFFFF96
:10BAC000FFFFFFFFFFFFFFFFFFFFFFFFFFFFFFFF86
:10BAD000FFFFFFFFFFFFFFFFFFFFFFFFFFFFFFFF76
:10BAE000FFFFFFFFFFFFFFFFFFFFFFFFFFFFFFFF66
:10BAF000FFFFFFFFFFFFFFFFFFFFFFFFFFFFFFFF56
:10BB0000FFFFFFFFFFFFFFFFFFFFFFFFFFFFFFFF45
:10BB1000FFFFFFFFFFFFFFFFFFFFFFFFFFFFFFFF35
:10BB2000FFFFFFFFFFFFFFFFFFFFFFFFFFFFFFFF25
:10BB3000FFFFFFFFFFFFFFFFFFFFFFFFFFFFFFFF15
:10BB4000FFFFFFFFFFFFFFFFFFFFFFFFFFFFFFFF05
:10BB5000FFFFFFFFFFFFFFFFFFFFFFFFFFFFFFFFF5
:10BB6000FFFFFFFFFFFFFFFFFFFFFFFFFFFFFFFFE5
:10BB7000FFFFFFFFFFFFFFFFFFFFFFFFFFFFFFFFD5
:10BB8000FFFFFFFFFFFFFFFFFFFFFFFFFFFFFFFFC5
:10BB9000FFFFFFFFFFFFFFFFFFFFFFFFFFFFFFFFB5
:10BBA000FFFFFFFFFFFFFFFFFFFFFFFFFFFFFFFFA5
:10BBB000FFFFFFFFFFFFFFFFFFFFFFFFFFFFFFFF95
:10BBC000FFFFFFFFFFFFFFFFFFFFFFFFFFFFFFFF85
:10BBD000FFFFFFFFFFFFFFFFFFFFFFFFFFFFFFFF75
:10BBE000FFFFFFFFFFFFFFFFFFFFFFFFFFFFFFFF65
:10BBF000FFFFFFFFFFFFFFFFFFFFFFFFFFFFFFFF55
:10BC0000FFFFFFFFFFFFFFFFFFFFFFFFFFFFFFFF44
:10BC1000FFFFFFFFFFFFFFFFFFFFFFFFFFFFFFFF34
:10BC2000FFFFFFFFFFFFFFFFFFFFFFFFFFFFFFFF24
:10BC3000FFFFFFFFFFFFFFFFFFFFFFFFFFFFFFFF14
:10BC4000FFFFFFFFFFFFFFFFFFFFFFFFFFFFFFFF04
:10BC5000FFFFFFFFFFFFFFFFFFFFFFFFFFFFFFFFF4
:10BC6000FFFFFFFFFFFFFFFFFFFFFFFFFFFFFFFFE4
:10BC7000FFFFFFFFFFFFFFFFFFFFFFFFFFFFFFFFD4
:10BC8000FFFFFFFFFFFFFFFFFFFFFFFFFFFFFFFFC4
:10BC9000FFFFFFFFFFFFFFFFFFFFFFFFFFFFFFFFB4
:10BCA000FFFFFFFFFFFFFFFFFFFFFFFFFFFFFFFFA4
:10BCB000FFFFFFFFFFFFFFFFFFFFFFFFFFFFFFFF94
:10BCC000FFFFFFFFFFFFFFFFFFFFFFFFFFFFFFFF84
:10BCD000FFFFFFFFFFFFFFFFFFFFFFFFFFFFFFFF74
:10BCE000FFFFFFFFFFFFFFFFFFFFFFFFFFFFFFFF64
:10BCF000FFFFFFFFFFFFFFFFFFFFFFFFFFFFFFFF54
:10BD0000FFFFFFFFFFFFFFFFFFFFFFFFFFFFFFFF43
:10BD1000FFFFFFFFFFFFFFFFFFFFFFFFFFFFFFFF33
:10BD2000FFFFFFFFFFFFFFFFFFFFFFFFFFFFFFFF23
:10BD3000FFFFFFFFFFFFFFFFFFFFFFFFFFFFFFFF13
:10BD4000FFFFFFFFFFFFFFFFFFFFFFFFFFFFFFFF03
:10BD5000FFFFFFFFFFFFFFFFFFFFFFFFFFFFFFFFF3
:10BD6000FFFFFFFFFFFFFFFFFFFFFFFFFFFFFFFFE3
:10BD7000FFFFFFFFFFFFFFFFFFFFFFFFFFFFFFFFD3
:10BD8000FFFFFFFFFFFFFFFFFFFFFFFFFFFFFFFFC3
:10BD9000FFFFFFFFFFFFFFFFFFFFFFFFFFFFFFFFB3
:10BDA000FFFFFFFFFFFFFFFFFFFFFFFFFFFFFFFFA3
:10BDB000FFFFFFFFFFFFFFFFFFFFFFFFFFFFFFFF93
:10BDC000FFFFFFFFFFFFFFFFFFFFFFFFFFFFFFFF83
:10BDD000FFFFFFFFFFFFFFFFFFFFFFFFFFFFFFFF73
:10BDE000FFFFFFFFFFFFFFFFFFFFFFFFFFFFFFFF63
:10BDF000FFFFFFFFFFFFFFFFFFFFFFFFFFFFFFFF53
:10BE0000FFFFFFFFFFFFFFFFFFFFFFFFFFFFFFFF42
:10BE1000FFFFFFFFFFFFFFFFFFFFFFFFFFFFFFFF32
:10BE2000FFFFFFFFFFFFFFFFFFFFFFFFFFFFFFFF22
:10BE3000FFFFFFFFFFFFFFFFFFFFFFFFFFFFFFFF12
:10BE4000FFFFFFFFFFFFFFFFFFFFFFFFFFFFFFFF02
:10BE5000FFFFFFFFFFFFFFFFFFFFFFFFFFFFFFFFF2
:10BE6000FFFFFFFFFFFFFFFFFFFFFFFFFFFFFFFFE2
:10BE7000FFFFFFFFFFFFFFFFFFFFFFFFFFFFFFFFD2
:10BE8000FFFFFFFFFFFFFFFFFFFFFFFFFFFFFFFFC2
:10BE9000FFFFFFFFFFFFFFFFFFFFFFFFFFFFFFFFB2
:10BEA000FFFFFFFFFFFFFFFFFFFFFFFFFFFFFFFFA2
:10BEB000FFFFFFFFFFFFFFFFFFFFFFFFFFFFFFFF92
:10BEC000FFFFFFFFFFFFFFFFFFFFFFFFFFFFFFFF82
:10BED000FFFFFFFFFFFFFFFFFFFFFFFFFFFFFFFF72
:10BEE000FFFFFFFFFFFFFFFFFFFFFFFFFFFFFFFF62
:10BEF000FFFFFFFFFFFFFFFFFFFFFFFFFFFFFFFF52
:10BF0000FFFFFFFFFFFFFFFFFFFFFFFFFFFFFFFF41
:10BF1000FFFFFFFFFFFFFFFFFFFFFFFFFFFFFFFF31
:10BF2000FFFFFFFFFFFFFFFFFFFFFFFFFFFFFFFF21
:10BF3000FFFFFFFFFFFFFFFFFFFFFFFFFFFFFFFF11
:10BF4000FFFFFFFFFFFFFFFFFFFFFFFFFFFFFFFF01
:10BF5000FFFFFFFFFFFFFFFFFFFFFFFFFFFFFFFFF1
:10BF6000FFFFFFFFFFFFFFFFFFFFFFFFFFFFFFFFE1
:10BF7000FFFFFFFFFFFFFFFFFFFFFFFFFFFFFFFFD1
:10BF8000FFFFFFFFFFFFFFFFFFFFFFFFFFFFFFFFC1
:10BF9000FFFFFFFFFFFFFFFFFFFFFFFFFFFFFFFFB1
:10BFA000FFFFFFFFFFFFFFFFFFFFFFFFFFFFFFFFA1
:10BFB000FFFFFFFFFFFFFFFFFFFFFFFFFFFFFFFF91
:10BFC000FFFFFFFFFFFFFFFFFFFFFFFFFFFFFFFF81
:10BFD000FFFFFFFFFFFFFFFFFFFFFFFFFFFFFFFF71
:10BFE000FFFFFFFFFFFFFFFFFFFFFFFFFFFFFFFF61
:10BFF000FFFFFFFFFFFFFFFFFFFFFFFFFFFFFFFF51
:10C00000FFFFFFFFFFFFFFFFFFFFFFFFFFFFFFFF40
:10C01000FFFFFFFFFFFFFFFFFFFFFFFFFFFFFFFF30
:10C02000FFFFFFFFFFFFFFFFFFFFFFFFFFFFFFFF20
:10C03000FFFFFFFFFFFFFFFFFFFFFFFFFFFFFFFF10
:10C04000FFFFFFFFFFFFFFFFFFFFFFFFFFFFFFFF00
:10C05000FFFFFFFFFFFFFFFFFFFFFFFFFFFFFFFFF0
:10C06000FFFFFFFFFFFFFFFFFFFFFFFFFFFFFFFFE0
:10C07000FFFFFFFFFFFFFFFFFFFFFFFFFFFFFFFFD0
:10C08000FFFFFFFFFFFFFFFFFFFFFFFFFFFFFFFFC0
:10C09000FFFFFFFFFFFFFFFFFFFFFFFFFFFFFFFFB0
:10C0A000FFFFFFFFFFFFFFFFFFFFFFFFFFFFFFFFA0
:10C0B000FFFFFFFFFFFFFFFFFFFFFFFFFFFFFFFF90
:10C0C000FFFFFFFFFFFFFFFFFFFFFFFFFFFFFFFF80
:10C0D000FFFFFFFFFFFFFFFFFFFFFFFFFFFFFFFF70
:10C0E000FFFFFFFFFFFFFFFFFFFFFFFFFFFFFFFF60
:10C0F000FFFFFFFFFFFFFFFFFFFFFFFFFFFFFFFF50
:10C10000FFFFFFFFFFFFFFFFFFFFFFFFFFFFFFFF3F
:10C11000FFFFFFFFFFFFFFFFFFFFFFFFFFFFFFFF2F
:10C12000FFFFFFFFFFFFFFFFFFFFFFFFFFFFFFFF1F
:10C13000FFFFFFFFFFFFFFFFFFFFFFFFFFFFFFFF0F
:10C14000FFFFFFFFFFFFFFFFFFFFFFFFFFFFFFFFFF
:10C15000FFFFFFFFFFFFFFFFFFFFFFFFFFFFFFFFEF
:10C16000FFFFFFFFFFFFFFFFFFFFFFFFFFFFFFFFDF
:10C17000FFFFFFFFFFFFFFFFFFFFFFFFFFFFFFFFCF
:10C18000FFFFFFFFFFFFFFFFFFFFFFFFFFFFFFFFBF
:10C19000FFFFFFFFFFFFFFFFFFFFFFFFFFFFFFFFAF
:10C1A000FFFFFFFFFFFFFFFFFFFFFFFFFFFFFFFF9F
:10C1B000FFFFFFFFFFFFFFFFFFFFFFFFFFFFFFFF8F
:10C1C000FFFFFFFFFFFFFFFFFFFFFFFFFFFFFFFF7F
:10C1D000FFFFFFFFFFFFFFFFFFFFFFFFFFFFFFFF6F
:10C1E000FFFFFFFFFFFFFFFFFFFFFFFFFFFFFFFF5F
:10C1F000FFFFFFFFFFFFFFFFFFFFFFFFFFFFFFFF4F
:10C20000FFFFFFFFFFFFFFFFFFFFFFFFFFFFFFFF3E
:10C21000FFFFFFFFFFFFFFFFFFFFFFFFFFFFFFFF2E
:10C22000FFFFFFFFFFFFFFFFFFFFFFFFFFFFFFFF1E
:10C23000FFFFFFFFFFFFFFFFFFFFFFFFFFFFFFFF0E
:10C24000FFFFFFFFFFFFFFFFFFFFFFFFFFFFFFFFFE
:10C25000FFFFFFFFFFFFFFFFFFFFFFFFFFFFFFFFEE
:10C26000FFFFFFFFFFFFFFFFFFFFFFFFFFFFFFFFDE
:10C27000FFFFFFFFFFFFFFFFFFFFFFFFFFFFFFFFCE
:10C28000FFFFFFFFFFFFFFFFFFFFFFFFFFFFFFFFBE
:10C29000FFFFFFFFFFFFFFFFFFFFFFFFFFFFFFFFAE
:10C2A000FFFFFFFFFFFFFFFFFFFFFFFFFFFFFFFF9E
:10C2B000FFFFFFFFFFFFFFFFFFFFFFFFFFFFFFFF8E
:10C2C000FFFFFFFFFFFFFFFFFFFFFFFFFFFFFFFF7E
:10C2D000FFFFFFFFFFFFFFFFFFFFFFFFFFFFFFFF6E
:10C2E000FFFFFFFFFFFFFFFFFFFFFFFFFFFFFFFF5E
:10C2F000FFFFFFFFFFFFFFFFFFFFFFFFFFFFFFFF4E
:10C30000FFFFFFFFFFFFFFFFFFFFFFFFFFFFFFFF3D
:10C31000FFFFFFFFFFFFFFFFFFFFFFFFFFFFFFFF2D
:10C32000FFFFFFFFFFFFFFFFFFFFFFFFFFFFFFFF1D
:10C33000FFFFFFFFFFFFFFFFFFFFFFFFFFFFFFFF0D
:10C34000FFFFFFFFFFFFFFFFFFFFFFFFFFFFFFFFFD
:10C35000FFFFFFFFFFFFFFFFFFFFFFFFFFFFFFFFED
:10C36000FFFFFFFFFFFFFFFFFFFFFFFFFFFFFFFFDD
:10C37000FFFFFFFFFFFFFFFFFFFFFFFFFFFFFFFFCD
:10C38000FFFFFFFFFFFFFFFFFFFFFFFFFFFFFFFFBD
:10C39000FFFFFFFFFFFFFFFFFFFFFFFFFFFFFFFFAD
:10C3A000FFFFFFFFFFFFFFFFFFFFFFFFFFFFFFFF9D
:10C3B000FFFFFFFFFFFFFFFFFFFFFFFFFFFFFFFF8D
:10C3C000FFFFFFFFFFFFFFFFFFFFFFFFFFFFFFFF7D
:10C3D000FFFFFFFFFFFFFFFFFFFFFFFFFFFFFFFF6D
:10C3E000FFFFFFFFFFFFFFFFFFFFFFFFFFFFFFFF5D
:10C3F000FFFFFFFFFFFFFFFFFFFFFFFFFFFFFFFF4D
:10C40000FFFFFFFFFFFFFFFFFFFFFFFFFFFFFFFF3C
:10C41000FFFFFFFFFFFFFFFFFFFFFFFFFFFFFFFF2C
:10C42000FFFFFFFFFFFFFFFFFFFFFFFFFFFFFFFF1C
:10C43000FFFFFFFFFFFFFFFFFFFFFFFFFFFFFFFF0C
:10C44000FFFFFFFFFFFFFFFFFFFFFFFFFFFFFFFFFC
:10C45000FFFFFFFFFFFFFFFFFFFFFFFFFFFFFFFFEC
:10C46000FFFFFFFFFFFFFFFFFFFFFFFFFFFFFFFFDC
:10C47000FFFFFFFFFFFFFFFFFFFFFFFFFFFFFFFFCC
:10C48000FFFFFFFFFFFFFFFFFFFFFFFFFFFFFFFFBC
:10C49000FFFFFFFFFFFFFFFFFFFFFFFFFFFFFFFFAC
:10C4A000FFFFFFFFFFFFFFFFFFFFFFFFFFFFFFFF9C
:10C4B000FFFFFFFFFFFFFFFFFFFFFFFFFFFFFFFF8C
:10C4C000FFFFFFFFFFFFFFFFFFFFFFFFFFFFFFFF7C
:10C4D000FFFFFFFFFFFFFFFFFFFFFFFFFFFFFFFF6C
:10C4E000FFFFFFFFFFFFFFFFFFFFFFFFFFFFFFFF5C
:10C4F000FFFFFFFFFFFFFFFFFFFFFFFFFFFFFFFF4C
:10C50000FFFFFFFFFFFFFFFFFFFFFFFFFFFFFFFF3B
:10C51000FFFFFFFFFFFFFFFFFFFFFFFFFFFFFFFF2B
:10C52000FFFFFFFFFFFFFFFFFFFFFFFFFFFFFFFF1B
:10C53000FFFFFFFFFFFFFFFFFFFFFFFFFFFFFFFF0B
:10C54000FFFFFFFFFFFFFFFFFFFFFFFFFFFFFFFFFB
:10C55000FFFFFFFFFFFFFFFFFFFFFFFFFFFFFFFFEB
:10C56000FFFFFFFFFFFFFFFFFFFFFFFFFFFFFFFFDB
:10C57000FFFFFFFFFFFFFFFFFFFFFFFFFFFFFFFFCB
:10C58000FFFFFFFFFFFFFFFFFFFFFFFFFFFFFFFFBB
:10C59000FFFFFFFFFFFFFFFFFFFFFFFFFFFFFFFFAB
:10C5A000FFFFFFFFFFFFFFFFFFFFFFFFFFFFFFFF9B
:10C5B000FFFFFFFFFFFFFFFFFFFFFFFFFFFFFFFF8B
:10C5C000FFFFFFFFFFFFFFFFFFFFFFFFFFFFFFFF7B
:10C5D000FFFFFFFFFFFFFFFFFFFFFFFFFFFFFFFF6B
:10C5E000FFFFFFFFFFFFFFFFFFFFFFFFFFFFFFFF5B
:10C5F000FFFFFFFFFFFFFFFFFFFFFFFFFFFFFFFF4B
:10C60000FFFFFFFFFFFFFFFFFFFFFFFFFFFFFFFF3A
:10C61000FFFFFFFFFFFFFFFFFFFFFFFFFFFFFFFF2A
:10C62000FFFFFFFFFFFFFFFFFFFFFFFFFFFFFFFF1A
:10C63000FFFFFFFFFFFFFFFFFFFFFFFFFFFFFFFF0A
:10C64000FFFFFFFFFFFFFFFFFFFFFFFFFFFFFFFFFA
:10C65000FFFFFFFFFFFFFFFFFFFFFFFFFFFFFFFFEA
:10C66000FFFFFFFFFFFFFFFFFFFFFFFFFFFFFFFFDA
:10C67000FFFFFFFFFFFFFFFFFFFFFFFFFFFFFFFFCA
:10C68000FFFFFFFFFFFFFFFFFFFFFFFFFFFFFFFFBA
:10C69000FFFFFFFFFFFFFFFFFFFFFFFFFFFFFFFFAA
:10C6A000FFFFFFFFFFFFFFFFFFFFFFFFFFFFFFFF9A
:10C6B000FFFFFFFFFFFFFFFFFFFFFFFFFFFFFFFF8A
:10C6C000FFFFFFFFFFFFFFFFFFFFFFFFFFFFFFFF7A
:10C6D000FFFFFFFFFFFFFFFFFFFFFFFFFFFFFFFF6A
:10C6E000FFFFFFFFFFFFFFFFFFFFFFFFFFFFFFFF5A
:10C6F000FFFFFFFFFFFFFFFFFFFFFFFFFFFFFFFF4A
:10C70000FFFFFFFFFFFFFFFFFFFFFFFFFFFFFFFF39
:10C71000FFFFFFFFFFFFFFFFFFFFFFFFFFFFFFFF29
:10C72000FFFFFFFFFFFFFFFFFFFFFFFFFFFFFFFF19
:10C73000FFFFFFFFFFFFFFFFFFFFFFFFFFFFFFFF09
:10C74000FFFFFFFFFFFFFFFFFFFFFFFFFFFFFFFFF9
:10C75000FFFFFFFFFFFFFFFFFFFFFFFFFFFFFFFFE9
:10C76000FFFFFFFFFFFFFFFFFFFFFFFFFFFFFFFFD9
:10C77000FFFFFFFFFFFFFFFFFFFFFFFFFFFFFFFFC9
:10C78000FFFFFFFFFFFFFFFFFFFFFFFFFFFFFFFFB9
:10C79000FFFFFFFFFFFFFFFFFFFFFFFFFFFFFFFFA9
:10C7A000FFFFFFFFFFFFFFFFFFFFFFFFFFFFFFFF99
:10C7B000FFFFFFFFFFFFFFFFFFFFFFFFFFFFFFFF89
:10C7C000FFFFFFFFFFFFFFFFFFFFFFFFFFFFFFFF79
:10C7D000FFFFFFFFFFFFFFFFFFFFFFFFFFFFFFFF69
:10C7E000FFFFFFFFFFFFFFFFFFFFFFFFFFFFFFFF59
:10C7F000FFFFFFFFFFFFFFFFFFFFFFFFFFFFFFFF49
:10C80000FFFFFFFFFFFFFFFFFFFFFFFFFFFFFFFF38
:10C81000FFFFFFFFFFFFFFFFFFFFFFFFFFFFFFFF28
:10C82000FFFFFFFFFFFFFFFFFFFFFFFFFFFFFFFF18
:10C83000FFFFFFFFFFFFFFFFFFFFFFFFFFFFFFFF08
:10C84000FFFFFFFFFFFFFFFFFFFFFFFFFFFFFFFFF8
:10C85000FFFFFFFFFFFFFFFFFFFFFFFFFFFFFFFFE8
:10C86000FFFFFFFFFFFFFFFFFFFFFFFFFFFFFFFFD8
:10C87000FFFFFFFFFFFFFFFFFFFFFFFFFFFFFFFFC8
:10C88000FFFFFFFFFFFFFFFFFFFFFFFFFFFFFFFFB8
:10C89000FFFFFFFFFFFFFFFFFFFFFFFFFFFFFFFFA8
:10C8A000FFFFFFFFFFFFFFFFFFFFFFFFFFFFFFFF98
:10C8B000FFFFFFFFFFFFFFFFFFFFFFFFFFFFFFFF88
:10C8C000FFFFFFFFFFFFFFFFFFFFFFFFFFFFFFFF78
:10C8D000FFFFFFFFFFFFFFFFFFFFFFFFFFFFFFFF68
:10C8E000FFFFFFFFFFFFFFFFFFFFFFFFFFFFFFFF58
:10C8F000FFFFFFFFFFFFFFFFFFFFFFFFFFFFFFFF48
:10C90000FFFFFFFFFFFFFFFFFFFFFFFFFFFFFFFF37
:10C91000FFFFFFFFFFFFFFFFFFFFFFFFFFFFFFFF27
:10C92000FFFFFFFFFFFFFFFFFFFFFFFFFFFFFFFF17
:10C93000FFFFFFFFFFFFFFFFFFFFFFFFFFFFFFFF07
:10C94000FFFFFFFFFFFFFFFFFFFFFFFFFFFFFFFFF7
:10C95000FFFFFFFFFFFFFFFFFFFFFFFFFFFFFFFFE7
:10C96000FFFFFFFFFFFFFFFFFFFFFFFFFFFFFFFFD7
:10C97000FFFFFFFFFFFFFFFFFFFFFFFFFFFFFFFFC7
:10C98000FFFFFFFFFFFFFFFFFFFFFFFFFFFFFFFFB7
:10C99000FFFFFFFFFFFFFFFFFFFFFFFFFFFFFFFFA7
:10C9A000FFFFFFFFFFFFFFFFFFFFFFFFFFFFFFFF97
:10C9B000FFFFFFFFFFFFFFFFFFFFFFFFFFFFFFFF87
:10C9C000FFFFFFFFFFFFFFFFFFFFFFFFFFFFFFFF77
:10C9D000FFFFFFFFFFFFFFFFFFFFFFFFFFFFFFFF67
:10C9E000FFFFFFFFFFFFFFFFFFFFFFFFFFFFFFFF57
:10C9F000FFFFFFFFFFFFFFFFFFFFFFFFFFFFFFFF47
:10CA0000FFFFFFFFFFFFFFFFFFFFFFFFFFFFFFFF36
:10CA1000FFFFFFFFFFFFFFFFFFFFFFFFFFFFFFFF26
:10CA2000FFFFFFFFFFFFFFFFFFFFFFFFFFFFFFFF16
:10CA3000FFFFFFFFFFFFFFFFFFFFFFFFFFFFFFFF06
:10CA4000FFFFFFFFFFFFFFFFFFFFFFFFFFFFFFFFF6
:10CA5000FFFFFFFFFFFFFFFFFFFFFFFFFFFFFFFFE6
:10CA6000FFFFFFFFFFFFFFFFFFFFFFFFFFFFFFFFD6
:10CA7000FFFFFFFFFFFFFFFFFFFFFFFFFFFFFFFFC6
:10CA8000FFFFFFFFFFFFFFFFFFFFFFFFFFFFFFFFB6
:10CA9000FFFFFFFFFFFFFFFFFFFFFFFFFFFFFFFFA6
:10CAA000FFFFFFFFFFFFFFFFFFFFFFFFFFFFFFFF96
:10CAB000FFFFFFFFFFFFFFFFFFFFFFFFFFFFFFFF86
:10CAC000FFFFFFFFFFFFFFFFFFFFFFFFFFFFFFFF76
:10CAD000FFFFFFFFFFFFFFFFFFFFFFFFFFFFFFFF66
:10CAE000FFFFFFFFFFFFFFFFFFFFFFFFFFFFFFFF56
:10CAF000FFFFFFFFFFFFFFFFFFFFFFFFFFFFFFFF46
:10CB0000FFFFFFFFFFFFFFFFFFFFFFFFFFFFFFFF35
:10CB1000FFFFFFFFFFFFFFFFFFFFFFFFFFFFFFFF25
:10CB2000FFFFFFFFFFFFFFFFFFFFFFFFFFFFFFFF15
:10CB3000FFFFFFFFFFFFFFFFFFFFFFFFFFFFFFFF05
:10CB4000FFFFFFFFFFFFFFFFFFFFFFFFFFFFFFFFF5
:10CB5000FFFFFFFFFFFFFFFFFFFFFFFFFFFFFFFFE5
:10CB6000FFFFFFFFFFFFFFFFFFFFFFFFFFFFFFFFD5
:10CB7000FFFFFFFFFFFFFFFFFFFFFFFFFFFFFFFFC5
:10CB8000FFFFFFFFFFFFFFFFFFFFFFFFFFFFFFFFB5
:10CB9000FFFFFFFFFFFFFFFFFFFFFFFFFFFFFFFFA5
:10CBA000FFFFFFFFFFFFFFFFFFFFFFFFFFFFFFFF95
:10CBB000FFFFFFFFFFFFFFFFFFFFFFFFFFFFFFFF85
:10CBC000FFFFFFFFFFFFFFFFFFFFFFFFFFFFFFFF75
:10CBD000FFFFFFFFFFFFFFFFFFFFFFFFFFFFFFFF65
:10CBE000FFFFFFFFFFFFFFFFFFFFFFFFFFFFFFFF55
:10CBF000FFFFFFFFFFFFFFFFFFFFFFFFFFFFFFFF45
:10CC0000FFFFFFFFFFFFFFFFFFFFFFFFFFFFFFFF34
:10CC1000FFFFFFFFFFFFFFFFFFFFFFFFFFFFFFFF24
:10CC2000FFFFFFFFFFFFFFFFFFFFFFFFFFFFFFFF14
:10CC3000FFFFFFFFFFFFFFFFFFFFFFFFFFFFFFFF04
:10CC4000FFFFFFFFFFFFFFFFFFFFFFFFFFFFFFFFF4
:10CC5000FFFFFFFFFFFFFFFFFFFFFFFFFFFFFFFFE4
:10CC6000FFFFFFFFFFFFFFFFFFFFFFFFFFFFFFFFD4
:10CC7000FFFFFFFFFFFFFFFFFFFFFFFFFFFFFFFFC4
:10CC8000FFFFFFFFFFFFFFFFFFFFFFFFFFFFFFFFB4
:10CC9000FFFFFFFFFFFFFFFFFFFFFFFFFFFFFFFFA4
:10CCA000FFFFFFFFFFFFFFFFFFFFFFFFFFFFFFFF94
:10CCB000FFFFFFFFFFFFFFFFFFFFFFFFFFFFFFFF84
:10CCC000FFFFFFFFFFFFFFFFFFFFFFFFFFFFFFFF74
:10CCD000FFFFFFFFFFFFFFFFFFFFFFFFFFFFFFFF64
:10CCE000FFFFFFFFFFFFFFFFFFFFFFFFFFFFFFFF54
:10CCF000FFFFFFFFFFFFFFFFFFFFFFFFFFFFFFFF44
:10CD0000FFFFFFFFFFFFFFFFFFFFFFFFFFFFFFFF33
:10CD1000FFFFFFFFFFFFFFFFFFFFFFFFFFFFFFFF23
:10CD2000FFFFFFFFFFFFFFFFFFFFFFFFFFFFFFFF13
:10CD3000FFFFFFFFFFFFFFFFFFFFFFFFFFFFFFFF03
:10CD4000FFFFFFFFFFFFFFFFFFFFFFFFFFFFFFFFF3
:10CD5000FFFFFFFFFFFFFFFFFFFFFFFFFFFFFFFFE3
:10CD6000FFFFFFFFFFFFFFFFFFFFFFFFFFFFFFFFD3
:10CD7000FFFFFFFFFFFFFFFFFFFFFFFFFFFFFFFFC3
:10CD8000FFFFFFFFFFFFFFFFFFFFFFFFFFFFFFFFB3
:10CD9000FFFFFFFFFFFFFFFFFFFFFFFFFFFFFFFFA3
:10CDA000FFFFFFFFFFFFFFFFFFFFFFFFFFFFFFFF93
:10CDB000FFFFFFFFFFFFFFFFFFFFFFFFFFFFFFFF83
:10CDC000FFFFFFFFFFFFFFFFFFFFFFFFFFFFFFFF73
:10CDD000FFFFFFFFFFFFFFFFFFFFFFFFFFFFFFFF63
:10CDE000FFFFFFFFFFFFFFFFFFFFFFFFFFFFFFFF53
:10CDF000FFFFFFFFFFFFFFFFFFFFFFFFFFFFFFFF43
:10CE0000FFFFFFFFFFFFFFFFFFFFFFFFFFFFFFFF32
:10CE1000FFFFFFFFFFFFFFFFFFFFFFFFFFFFFFFF22
:10CE2000FFFFFFFFFFFFFFFFFFFFFFFFFFFFFFFF12
:10CE3000FFFFFFFFFFFFFFFFFFFFFFFFFFFFFFFF02
:10CE4000FFFFFFFFFFFFFFFFFFFFFFFFFFFFFFFFF2
:10CE5000FFFFFFFFFFFFFFFFFFFFFFFFFFFFFFFFE2
:10CE6000FFFFFFFFFFFFFFFFFFFFFFFFFFFFFFFFD2
:10CE7000FFFFFFFFFFFFFFFFFFFFFFFFFFFFFFFFC2
:10CE8000FFFFFFFFFFFFFFFFFFFFFFFFFFFFFFFFB2
:10CE9000FFFFFFFFFFFFFFFFFFFFFFFFFFFFFFFFA2
:10CEA000FFFFFFFFFFFFFFFFFFFFFFFFFFFFFFFF92
:10CEB000FFFFFFFFFFFFFFFFFFFFFFFFFFFFFFFF82
:10CEC000FFFFFFFFFFFFFFFFFFFFFFFFFFFFFFFF72
:10CED000FFFFFFFFFFFFFFFFFFFFFFFFFFFFFFFF62
:10CEE000FFFFFFFFFFFFFFFFFFFFFFFFFFFFFFFF52
:10CEF000FFFFFFFFFFFFFFFFFFFFFFFFFFFFFFFF42
:10CF0000FFFFFFFFFFFFFFFFFFFFFFFFFFFFFFFF31
:10CF1000FFFFFFFFFFFFFFFFFFFFFFFFFFFFFFFF21
:10CF2000FFFFFFFFFFFFFFFFFFFFFFFFFFFFFFFF11
:10CF3000FFFFFFFFFFFFFFFFFFFFFFFFFFFFFFFF01
:10CF4000FFFFFFFFFFFFFFFFFFFFFFFFFFFFFFFFF1
:10CF5000FFFFFFFFFFFFFFFFFFFFFFFFFFFFFFFFE1
:10CF6000FFFFFFFFFFFFFFFFFFFFFFFFFFFFFFFFD1
:10CF7000FFFFFFFFFFFFFFFFFFFFFFFFFFFFFFFFC1
:10CF8000FFFFFFFFFFFFFFFFFFFFFFFFFFFFFFFFB1
:10CF9000FFFFFFFFFFFFFFFFFFFFFFFFFFFFFFFFA1
:10CFA000FFFFFFFFFFFFFFFFFFFFFFFFFFFFFFFF91
:10CFB000FFFFFFFFFFFFFFFFFFFFFFFFFFFFFFFF81
:10CFC000FFFFFFFFFFFFFFFFFFFFFFFFFFFFFFFF71
:10CFD000FFFFFFFFFFFFFFFFFFFFFFFFFFFFFFFF61
:10CFE000FFFFFFFFFFFFFFFFFFFFFFFFFFFFFFFF51
:10CFF000FFFFFFFFFFFFFFFFFFFFFFFFFFFFFFFF41
:10D00000FFFFFFFFFFFFFFFFFFFFFFFFFFFFFFFF30
:10D01000FFFFFFFFFFFFFFFFFFFFFFFFFFFFFFFF20
:10D02000FFFFFFFFFFFFFFFFFFFFFFFFFFFFFFFF10
:10D03000FFFFFFFFFFFFFFFFFFFFFFFFFFFFFFFF00
:10D04000FFFFFFFFFFFFFFFFFFFFFFFFFFFFFFFFF0
:10D05000FFFFFFFFFFFFFFFFFFFFFFFFFFFFFFFFE0
:10D06000FFFFFFFFFFFFFFFFFFFFFFFFFFFFFFFFD0
:10D07000FFFFFFFFFFFFFFFFFFFFFFFFFFFFFFFFC0
:10D08000FFFFFFFFFFFFFFFFFFFFFFFFFFFFFFFFB0
:10D09000FFFFFFFFFFFFFFFFFFFFFFFFFFFFFFFFA0
:10D0A000FFFFFFFFFFFFFFFFFFFFFFFFFFFFFFFF90
:10D0B000FFFFFFFFFFFFFFFFFFFFFFFFFFFFFFFF80
:10D0C000FFFFFFFFFFFFFFFFFFFFFFFFFFFFFFFF70
:10D0D000FFFFFFFFFFFFFFFFFFFFFFFFFFFFFFFF60
:10D0E000FFFFFFFFFFFFFFFFFFFFFFFFFFFFFFFF50
:10D0F000FFFFFFFFFFFFFFFFFFFFFFFFFFFFFFFF40
:10D10000FFFFFFFFFFFFFFFFFFFFFFFFFFFFFFFF2F
:10D11000FFFFFFFFFFFFFFFFFFFFFFFFFFFFFFFF1F
:10D12000FFFFFFFFFFFFFFFFFFFFFFFFFFFFFFFF0F
:10D13000FFFFFFFFFFFFFFFFFFFFFFFFFFFFFFFFFF
:10D14000FFFFFFFFFFFFFFFFFFFFFFFFFFFFFFFFEF
:10D15000FFFFFFFFFFFFFFFFFFFFFFFFFFFFFFFFDF
:10D16000FFFFFFFFFFFFFFFFFFFFFFFFFFFFFFFFCF
:10D17000FFFFFFFFFFFFFFFFFFFFFFFFFFFFFFFFBF
:10D18000FFFFFFFFFFFFFFFFFFFFFFFFFFFFFFFFAF
:10D19000FFFFFFFFFFFFFFFFFFFFFFFFFFFFFFFF9F
:10D1A000FFFFFFFFFFFFFFFFFFFFFFFFFFFFFFFF8F
:10D1B000FFFFFFFFFFFFFFFFFFFFFFFFFFFFFFFF7F
:10D1C000FFFFFFFFFFFFFFFFFFFFFFFFFFFFFFFF6F
:10D1D000FFFFFFFFFFFFFFFFFFFFFFFFFFFFFFFF5F
:10D1E000FFFFFFFFFFFFFFFFFFFFFFFFFFFFFFFF4F
:10D1F000FFFFFFFFFFFFFFFFFFFFFFFFFFFFFFFF3F
:10D20000FFFFFFFFFFFFFFFFFFFFFFFFFFFFFFFF2E
:10D21000FFFFFFFFFFFFFFFFFFFFFFFFFFFFFFFF1E
:10D22000FFFFFFFFFFFFFFFFFFFFFFFFFFFFFFFF0E
:10D23000FFFFFFFFFFFFFFFFFFFFFFFFFFFFFFFFFE
:10D24000FFFFFFFFFFFFFFFFFFFFFFFFFFFFFFFFEE
:10D25000FFFFFFFFFFFFFFFFFFFFFFFFFFFFFFFFDE
:10D26000FFFFFFFFFFFFFFFFFFFFFFFFFFFFFFFFCE
:10D27000FFFFFFFFFFFFFFFFFFFFFFFFFFFFFFFFBE
:10D28000FFFFFFFFFFFFFFFFFFFFFFFFFFFFFFFFAE
:10D29000FFFFFFFFFFFFFFFFFFFFFFFFFFFFFFFF9E
:10D2A000FFFFFFFFFFFFFFFFFFFFFFFFFFFFFFFF8E
:10D2B000FFFFFFFFFFFFFFFFFFFFFFFFFFFFFFFF7E
:10D2C000FFFFFFFFFFFFFFFFFFFFFFFFFFFFFFFF6E
:10D2D000FFFFFFFFFFFFFFFFFFFFFFFFFFFFFFFF5E
:10D2E000FFFFFFFFFFFFFFFFFFFFFFFFFFFFFFFF4E
:10D2F000FFFFFFFFFFFFFFFFFFFFFFFFFFFFFFFF3E
:10D30000FFFFFFFFFFFFFFFFFFFFFFFFFFFFFFFF2D
:10D31000FFFFFFFFFFFFFFFFFFFFFFFFFFFFFFFF1D
:10D32000FFFFFFFFFFFFFFFFFFFFFFFFFFFFFFFF0D
:10D33000FFFFFFFFFFFFFFFFFFFFFFFFFFFFFFFFFD
:10D34000FFFFFFFFFFFFFFFFFFFFFFFFFFFFFFFFED
:10D35000FFFFFFFFFFFFFFFFFFFFFFFFFFFFFFFFDD
:10D36000FFFFFFFFFFFFFFFFFFFFFFFFFFFFFFFFCD
:10D37000FFFFFFFFFFFFFFFFFFFFFFFFFFFFFFFFBD
:10D38000FFFFFFFFFFFFFFFFFFFFFFFFFFFFFFFFAD
:10D39000FFFFFFFFFFFFFFFFFFFFFFFFFFFFFFFF9D
:10D3A000FFFFFFFFFFFFFFFFFFFFFFFFFFFFFFFF8D
:10D3B000FFFFFFFFFFFFFFFFFFFFFFFFFFFFFFFF7D
:10D3C000FFFFFFFFFFFFFFFFFFFFFFFFFFFFFFFF6D
:10D3D000FFFFFFFFFFFFFFFFFFFFFFFFFFFFFFFF5D
:10D3E000FFFFFFFFFFFFFFFFFFFFFFFFFFFFFFFF4D
:10D3F000FFFFFFFFFFFFFFFFFFFFFFFFFFFFFFFF3D
:10D40000FFFFFFFFFFFFFFFFFFFFFFFFFFFFFFFF2C
:10D41000FFFFFFFFFFFFFFFFFFFFFFFFFFFFFFFF1C
:10D42000FFFFFFFFFFFFFFFFFFFFFFFFFFFFFFFF0C
:10D43000FFFFFFFFFFFFFFFFFFFFFFFFFFFFFFFFFC
:10D44000FFFFFFFFFFFFFFFFFFFFFFFFFFFFFFFFEC
:10D45000FFFFFFFFFFFFFFFFFFFFFFFFFFFFFFFFDC
:10D46000FFFFFFFFFFFFFFFFFFFFFFFFFFFFFFFFCC
:10D47000FFFFFFFFFFFFFFFFFFFFFFFFFFFFFFFFBC
:10D48000FFFFFFFFFFFFFFFFFFFFFFFFFFFFFFFFAC
:10D49000FFFFFFFFFFFFFFFFFFFFFFFFFFFFFFFF9C
:10D4A000FFFFFFFFFFFFFFFFFFFFFFFFFFFFFFFF8C
:10D4B000FFFFFFFFFFFFFFFFFFFFFFFFFFFFFFFF7C
:10D4C000FFFFFFFFFFFFFFFFFFFFFFFFFFFFFFFF6C
:10D4D000FFFFFFFFFFFFFFFFFFFFFFFFFFFFFFFF5C
:10D4E000FFFFFFFFFFFFFFFFFFFFFFFFFFFFFFFF4C
:10D4F000FFFFFFFFFFFFFFFFFFFFFFFFFFFFFFFF3C
:10D50000FFFFFFFFFFFFFFFFFFFFFFFFFFFFFFFF2B
:10D51000FFFFFFFFFFFFFFFFFFFFFFFFFFFFFFFF1B
:10D52000FFFFFFFFFFFFFFFFFFFFFFFFFFFFFFFF0B
:10D53000FFFFFFFFFFFFFFFFFFFFFFFFFFFFFFFFFB
:10D54000FFFFFFFFFFFFFFFFFFFFFFFFFFFFFFFFEB
:10D55000FFFFFFFFFFFFFFFFFFFFFFFFFFFFFFFFDB
:10D56000FFFFFFFFFFFFFFFFFFFFFFFFFFFFFFFFCB
:10D57000FFFFFFFFFFFFFFFFFFFFFFFFFFFFFFFFBB
:10D58000FFFFFFFFFFFFFFFFFFFFFFFFFFFFFFFFAB
:10D59000FFFFFFFFFFFFFFFFFFFFFFFFFFFFFFFF9B
:10D5A000FFFFFFFFFFFFFFFFFFFFFFFFFFFFFFFF8B
:10D5B000FFFFFFFFFFFFFFFFFFFFFFFFFFFFFFFF7B
:10D5C000FFFFFFFFFFFFFFFFFFFFFFFFFFFFFFFF6B
:10D5D000FFFFFFFFFFFFFFFFFFFFFFFFFFFFFFFF5B
:10D5E000FFFFFFFFFFFFFFFFFFFFFFFFFFFFFFFF4B
:10D5F000FFFFFFFFFFFFFFFFFFFFFFFFFFFFFFFF3B
:10D60000FFFFFFFFFFFFFFFFFFFFFFFFFFFFFFFF2A
:10D61000FFFFFFFFFFFFFFFFFFFFFFFFFFFFFFFF1A
:10D62000FFFFFFFFFFFFFFFFFFFFFFFFFFFFFFFF0A
:10D63000FFFFFFFFFFFFFFFFFFFFFFFFFFFFFFFFFA
:10D64000FFFFFFFFFFFFFFFFFFFFFFFFFFFFFFFFEA
:10D65000FFFFFFFFFFFFFFFFFFFFFFFFFFFFFFFFDA
:10D66000FFFFFFFFFFFFFFFFFFFFFFFFFFFFFFFFCA
:10D67000FFFFFFFFFFFFFFFFFFFFFFFFFFFFFFFFBA
:10D68000FFFFFFFFFFFFFFFFFFFFFFFFFFFFFFFFAA
:10D69000FFFFFFFFFFFFFFFFFFFFFFFFFFFFFFFF9A
:10D6A000FFFFFFFFFFFFFFFFFFFFFFFFFFFFFFFF8A
:10D6B000FFFFFFFFFFFFFFFFFFFFFFFFFFFFFFFF7A
:10D6C000FFFFFFFFFFFFFFFFFFFFFFFFFFFFFFFF6A
:10D6D000FFFFFFFFFFFFFFFFFFFFFFFFFFFFFFFF5A
:10D6E000FFFFFFFFFFFFFFFFFFFFFFFFFFFFFFFF4A
:10D6F000FFFFFFFFFFFFFFFFFFFFFFFFFFFFFFFF3A
:10D70000FFFFFFFFFFFFFFFFFFFFFFFFFFFFFFFF29
:10D71000FFFFFFFFFFFFFFFFFFFFFFFFFFFFFFFF19
:10D72000FFFFFFFFFFFFFFFFFFFFFFFFFFFFFFFF09
:10D73000FFFFFFFFFFFFFFFFFFFFFFFFFFFFFFFFF9
:10D74000FFFFFFFFFFFFFFFFFFFFFFFFFFFFFFFFE9
:10D75000FFFFFFFFFFFFFFFFFFFFFFFFFFFFFFFFD9
:10D76000FFFFFFFFFFFFFFFFFFFFFFFFFFFFFFFFC9
:10D77000FFFFFFFFFFFFFFFFFFFFFFFFFFFFFFFFB9
:10D78000FFFFFFFFFFFFFFFFFFFFFFFFFFFFFFFFA9
:10D79000FFFFFFFFFFFFFFFFFFFFFFFFFFFFFFFF99
:10D7A000FFFFFFFFFFFFFFFFFFFFFFFFFFFFFFFF89
:10D7B000FFFFFFFFFFFFFFFFFFFFFFFFFFFFFFFF79
:10D7C000FFFFFFFFFFFFFFFFFFFFFFFFFFFFFFFF69
:10D7D000FFFFFFFFFFFFFFFFFFFFFFFFFFFFFFFF59
:10D7E000FFFFFFFFFFFFFFFFFFFFFFFFFFFFFFFF49
:10D7F000FFFFFFFFFFFFFFFFFFFFFFFFFFFFFFFF39
:10D80000FFFFFFFFFFFFFFFFFFFFFFFFFFFFFFFF28
:10D81000FFFFFFFFFFFFFFFFFFFFFFFFFFFFFFFF18
:10D82000FFFFFFFFFFFFFFFFFFFFFFFFFFFFFFFF08
:10D83000FFFFFFFFFFFFFFFFFFFFFFFFFFFFFFFFF8
:10D84000FFFFFFFFFFFFFFFFFFFFFFFFFFFFFFFFE8
:10D85000FFFFFFFFFFFFFFFFFFFFFFFFFFFFFFFFD8
:10D86000FFFFFFFFFFFFFFFFFFFFFFFFFFFFFFFFC8
:10D87000FFFFFFFFFFFFFFFFFFFFFFFFFFFFFFFFB8
:10D88000FFFFFFFFFFFFFFFFFFFFFFFFFFFFFFFFA8
:10D89000FFFFFFFFFFFFFFFFFFFFFFFFFFFFFFFF98
:10D8A000FFFFFFFFFFFFFFFFFFFFFFFFFFFFFFFF88
:10D8B000FFFFFFFFFFFFFFFFFFFFFFFFFFFFFFFF78
:10D8C000FFFFFFFFFFFFFFFFFFFFFFFFFFFFFFFF68
:10D8D000FFFFFFFFFFFFFFFFFFFFFFFFFFFFFFFF58
:10D8E000FFFFFFFFFFFFFFFFFFFFFFFFFFFFFFFF48
:10D8F000FFFFFFFFFFFFFFFFFFFFFFFFFFFFFFFF38
:10D90000FFFFFFFFFFFFFFFFFFFFFFFFFFFFFFFF27
:10D91000FFFFFFFFFFFFFFFFFFFFFFFFFFFFFFFF17
:10D92000FFFFFFFFFFFFFFFFFFFFFFFFFFFFFFFF07
:10D93000FFFFFFFFFFFFFFFFFFFFFFFFFFFFFFFFF7
:10D94000FFFFFFFFFFFFFFFFFFFFFFFFFFFFFFFFE7
:10D95000FFFFFFFFFFFFFFFFFFFFFFFFFFFFFFFFD7
:10D96000FFFFFFFFFFFFFFFFFFFFFFFFFFFFFFFFC7
:10D97000FFFFFFFFFFFFFFFFFFFFFFFFFFFFFFFFB7
:10D98000FFFFFFFFFFFFFFFFFFFFFFFFFFFFFFFFA7
:10D99000FFFFFFFFFFFFFFFFFFFFFFFFFFFFFFFF97
:10D9A000FFFFFFFFFFFFFFFFFFFFFFFFFFFFFFFF87
:10D9B000FFFFFFFFFFFFFFFFFFFFFFFFFFFFFFFF77
:10D9C000FFFFFFFFFFFFFFFFFFFFFFFFFFFFFFFF67
:10D9D000FFFFFFFFFFFFFFFFFFFFFFFFFFFFFFFF57
:10D9E000FFFFFFFFFFFFFFFFFFFFFFFFFFFFFFFF47
:10D9F000FFFFFFFFFFFFFFFFFFFFFFFFFFFFFFFF37
:10DA0000FFFFFFFFFFFFFFFFFFFFFFFFFFFFFFFF26
:10DA1000FFFFFFFFFFFFFFFFFFFFFFFFFFFFFFFF16
:10DA2000FFFFFFFFFFFFFFFFFFFFFFFFFFFFFFFF06
:10DA3000FFFFFFFFFFFFFFFFFFFFFFFFFFFFFFFFF6
:10DA4000FFFFFFFFFFFFFFFFFFFFFFFFFFFFFFFFE6
:10DA5000FFFFFFFFFFFFFFFFFFFFFFFFFFFFFFFFD6
:10DA6000FFFFFFFFFFFFFFFFFFFFFFFFFFFFFFFFC6
:10DA7000FFFFFFFFFFFFFFFFFFFFFFFFFFFFFFFFB6
:10DA8000FFFFFFFFFFFFFFFFFFFFFFFFFFFFFFFFA6
:10DA9000FFFFFFFFFFFFFFFFFFFFFFFFFFFFFFFF96
:10DAA000FFFFFFFFFFFFFFFFFFFFFFFFFFFFFFFF86
:10DAB000FFFFFFFFFFFFFFFFFFFFFFFFFFFFFFFF76
:10DAC000FFFFFFFFFFFFFFFFFFFFFFFFFFFFFFFF66
:10DAD000FFFFFFFFFFFFFFFFFFFFFFFFFFFFFFFF56
:10DAE000FFFFFFFFFFFFFFFFFFFFFFFFFFFFFFFF46
:10DAF000FFFFFFFFFFFFFFFFFFFFFFFFFFFFFFFF36
:10DB0000FFFFFFFFFFFFFFFFFFFFFFFFFFFFFFFF25
:10DB1000FFFFFFFFFFFFFFFFFFFFFFFFFFFFFFFF15
:10DB2000FFFFFFFFFFFFFFFFFFFFFFFFFFFFFFFF05
:10DB3000FFFFFFFFFFFFFFFFFFFFFFFFFFFFFFFFF5
:10DB4000FFFFFFFFFFFFFFFFFFFFFFFFFFFFFFFFE5
:10DB5000FFFFFFFFFFFFFFFFFFFFFFFFFFFFFFFFD5
:10DB6000FFFFFFFFFFFFFFFFFFFFFFFFFFFFFFFFC5
:10DB7000FFFFFFFFFFFFFFFFFFFFFFFFFFFFFFFFB5
:10DB8000FFFFFFFFFFFFFFFFFFFFFFFFFFFFFFFFA5
:10DB9000FFFFFFFFFFFFFFFFFFFFFFFFFFFFFFFF95
:10DBA000FFFFFFFFFFFFFFFFFFFFFFFFFFFFFFFF85
:10DBB000FFFFFFFFFFFFFFFFFFFFFFFFFFFFFFFF75
:10DBC000FFFFFFFFFFFFFFFFFFFFFFFFFFFFFFFF65
:10DBD000FFFFFFFFFFFFFFFFFFFFFFFFFFFFFFFF55
:10DBE000FFFFFFFFFFFFFFFFFFFFFFFFFFFFFFFF45
:10DBF000FFFFFFFFFFFFFFFFFFFFFFFFFFFFFFFF35
:10DC0000FFFFFFFFFFFFFFFFFFFFFFFFFFFFFFFF24
:10DC1000FFFFFFFFFFFFFFFFFFFFFFFFFFFFFFFF14
:10DC2000FFFFFFFFFFFFFFFFFFFFFFFFFFFFFFFF04
:10DC3000FFFFFFFFFFFFFFFFFFFFFFFFFFFFFFFFF4
:10DC4000FFFFFFFFFFFFFFFFFFFFFFFFFFFFFFFFE4
:10DC5000FFFFFFFFFFFFFFFFFFFFFFFFFFFFFFFFD4
:10DC6000FFFFFFFFFFFFFFFFFFFFFFFFFFFFFFFFC4
:10DC7000FFFFFFFFFFFFFFFFFFFFFFFFFFFFFFFFB4
:10DC8000FFFFFFFFFFFFFFFFFFFFFFFFFFFFFFFFA4
:10DC9000FFFFFFFFFFFFFFFFFFFFFFFFFFFFFFFF94
:10DCA000FFFFFFFFFFFFFFFFFFFFFFFFFFFFFFFF84
:10DCB000FFFFFFFFFFFFFFFFFFFFFFFFFFFFFFFF74
:10DCC000FFFFFFFFFFFFFFFFFFFFFFFFFFFFFFFF64
:10DCD000FFFFFFFFFFFFFFFFFFFFFFFFFFFFFFFF54
:10DCE000FFFFFFFFFFFFFFFFFFFFFFFFFFFFFFFF44
:10DCF000FFFFFFFFFFFFFFFFFFFFFFFFFFFFFFFF34
:10DD0000FFFFFFFFFFFFFFFFFFFFFFFFFFFFFFFF23
:10DD1000FFFFFFFFFFFFFFFFFFFFFFFFFFFFFFFF13
:10DD2000FFFFFFFFFFFFFFFFFFFFFFFFFFFFFFFF03
:10DD3000FFFFFFFFFFFFFFFFFFFFFFFFFFFFFFFFF3
:10DD4000FFFFFFFFFFFFFFFFFFFFFFFFFFFFFFFFE3
:10DD5000FFFFFFFFFFFFFFFFFFFFFFFFFFFFFFFFD3
:10DD6000FFFFFFFFFFFFFFFFFFFFFFFFFFFFFFFFC3
:10DD7000FFFFFFFFFFFFFFFFFFFFFFFFFFFFFFFFB3
:10DD8000FFFFFFFFFFFFFFFFFFFFFFFFFFFFFFFFA3
:10DD9000FFFFFFFFFFFFFFFFFFFFFFFFFFFFFFFF93
:10DDA000FFFFFFFFFFFFFFFFFFFFFFFFFFFFFFFF83
:10DDB000FFFFFFFFFFFFFFFFFFFFFFFFFFFFFFFF73
:10DDC000FFFFFFFFFFFFFFFFFFFFFFFFFFFFFFFF63
:10DDD000FFFFFFFFFFFFFFFFFFFFFFFFFFFFFFFF53
:10DDE000FFFFFFFFFFFFFFFFFFFFFFFFFFFFFFFF43
:10DDF000FFFFFFFFFFFFFFFFFFFFFFFFFFFFFFFF33
:10DE0000FFFFFFFFFFFFFFFFFFFFFFFFFFFFFFFF22
:10DE1000FFFFFFFFFFFFFFFFFFFFFFFFFFFFFFFF12
:10DE2000FFFFFFFFFFFFFFFFFFFFFFFFFFFFFFFF02
:10DE3000FFFFFFFFFFFFFFFFFFFFFFFFFFFFFFFFF2
:10DE4000FFFFFFFFFFFFFFFFFFFFFFFFFFFFFFFFE2
:10DE5000FFFFFFFFFFFFFFFFFFFFFFFFFFFFFFFFD2
:10DE6000FFFFFFFFFFFFFFFFFFFFFFFFFFFFFFFFC2
:10DE7000FFFFFFFFFFFFFFFFFFFFFFFFFFFFFFFFB2
:10DE8000FFFFFFFFFFFFFFFFFFFFFFFFFFFFFFFFA2
:10DE9000FFFFFFFFFFFFFFFFFFFFFFFFFFFFFFFF92
:10DEA000FFFFFFFFFFFFFFFFFFFFFFFFFFFFFFFF82
:10DEB000FFFFFFFFFFFFFFFFFFFFFFFFFFFFFFFF72
:10DEC000FFFFFFFFFFFFFFFFFFFFFFFFFFFFFFFF62
:10DED000FFFFFFFFFFFFFFFFFFFFFFFFFFFFFFFF52
:10DEE000FFFFFFFFFFFFFFFFFFFFFFFFFFFFFFFF42
:10DEF000FFFFFFFFFFFFFFFFFFFFFFFFFFFFFFFF32
:10DF0000FFFFFFFFFFFFFFFFFFFFFFFFFFFFFFFF21
:10DF1000FFFFFFFFFFFFFFFFFFFFFFFFFFFFFFFF11
:10DF2000FFFFFFFFFFFFFFFFFFFFFFFFFFFFFFFF01
:10DF3000FFFFFFFFFFFFFFFFFFFFFFFFFFFFFFFFF1
:10DF4000FFFFFFFFFFFFFFFFFFFFFFFFFFFFFFFFE1
:10DF5000FFFFFFFFFFFFFFFFFFFFFFFFFFFFFFFFD1
:10DF6000FFFFFFFFFFFFFFFFFFFFFFFFFFFFFFFFC1
:10DF7000FFFFFFFFFFFFFFFFFFFFFFFFFFFFFFFFB1
:10DF8000FFFFFFFFFFFFFFFFFFFFFFFFFFFFFFFFA1
:10DF9000FFFFFFFFFFFFFFFFFFFFFFFFFFFFFFFF91
:10DFA000FFFFFFFFFFFFFFFFFFFFFFFFFFFFFFFF81
:10DFB000FFFFFFFFFFFFFFFFFFFFFFFFFFFFFFFF71
:10DFC000FFFFFFFFFFFFFFFFFFFFFFFFFFFFFFFF61
:10DFD000FFFFFFFFFFFFFFFFFFFFFFFFFFFFFFFF51
:10DFE000FFFFFFFFFFFFFFFFFFFFFFFFFFFFFFFF41
:10DFF000FFFFFFFFFFFFFFFFFFFFFFFFFFFFFFFF31
:10E00000FFFFFFFFFFFFFFFFFFFFFFFFFFFFFFFF20
:10E01000FFFFFFFFFFFFFFFFFFFFFFFFFFFFFFFF10
:10E02000FFFFFFFFFFFFFFFFFFFFFFFFFFFFFFFF00
:10E03000FFFFFFFFFFFFFFFFFFFFFFFFFFFFFFFFF0
:10E04000FFFFFFFFFFFFFFFFFFFFFFFFFFFFFFFFE0
:10E05000FFFFFFFFFFFFFFFFFFFFFFFFFFFFFFFFD0
:10E06000FFFFFFFFFFFFFFFFFFFFFFFFFFFFFFFFC0
:10E07000FFFFFFFFFFFFFFFFFFFFFFFFFFFFFFFFB0
:10E08000FFFFFFFFFFFFFFFFFFFFFFFFFFFFFFFFA0
:10E09000FFFFFFFFFFFFFFFFFFFFFFFFFFFFFFFF90
:10E0A000FFFFFFFFFFFFFFFFFFFFFFFFFFFFFFFF80
:10E0B000FFFFFFFFFFFFFFFFFFFFFFFFFFFFFFFF70
:10E0C000FFFFFFFFFFFFFFFFFFFFFFFFFFFFFFFF60
:10E0D000FFFFFFFFFFFFFFFFFFFFFFFFFFFFFFFF50
:10E0E000FFFFFFFFFFFFFFFFFFFFFFFFFFFFFFFF40
:10E0F000FFFFFFFFFFFFFFFFFFFFFFFFFFFFFFFF30
:10E10000FFFFFFFFFFFFFFFFFFFFFFFFFFFFFFFF1F
:10E11000FFFFFFFFFFFFFFFFFFFFFFFFFFFFFFFF0F
:10E12000FFFFFFFFFFFFFFFFFFFFFFFFFFFFFFFFFF
:10E13000FFFFFFFFFFFFFFFFFFFFFFFFFFFFFFFFEF
:10E14000FFFFFFFFFFFFFFFFFFFFFFFFFFFFFFFFDF
:10E15000FFFFFFFFFFFFFFFFFFFFFFFFFFFFFFFFCF
:10E16000FFFFFFFFFFFFFFFFFFFFFFFFFFFFFFFFBF
:10E17000FFFFFFFFFFFFFFFFFFFFFFFFFFFFFFFFAF
:10E18000FFFFFFFFFFFFFFFFFFFFFFFFFFFFFFFF9F
:10E19000FFFFFFFFFFFFFFFFFFFFFFFFFFFFFFFF8F
:10E1A000FFFFFFFFFFFFFFFFFFFFFFFFFFFFFFFF7F
:10E1B000FFFFFFFFFFFFFFFFFFFFFFFFFFFFFFFF6F
:10E1C000FFFFFFFFFFFFFFFFFFFFFFFFFFFFFFFF5F
:10E1D000FFFFFFFFFFFFFFFFFFFFFFFFFFFFFFFF4F
:10E1E000FFFFFFFFFFFFFFFFFFFFFFFFFFFFFFFF3F
:10E1F000FFFFFFFFFFFFFFFFFFFFFFFFFFFFFFFF2F
:10E20000FFFFFFFFFFFFFFFFFFFFFFFFFFFFFFFF1E
:10E21000FFFFFFFFFFFFFFFFFFFFFFFFFFFFFFFF0E
:10E22000FFFFFFFFFFFFFFFFFFFFFFFFFFFFFFFFFE
:10E23000FFFFFFFFFFFFFFFFFFFFFFFFFFFFFFFFEE
:10E24000FFFFFFFFFFFFFFFFFFFFFFFFFFFFFFFFDE
:10E25000FFFFFFFFFFFFFFFFFFFFFFFFFFFFFFFFCE
:10E26000FFFFFFFFFFFFFFFFFFFFFFFFFFFFFFFFBE
:10E27000FFFFFFFFFFFFFFFFFFFFFFFFFFFFFFFFAE
:10E28000FFFFFFFFFFFFFFFFFFFFFFFFFFFFFFFF9E
:10E29000FFFFFFFFFFFFFFFFFFFFFFFFFFFFFFFF8E
:10E2A000FFFFFFFFFFFFFFFFFFFFFFFFFFFFFFFF7E
:10E2B000FFFFFFFFFFFFFFFFFFFFFFFFFFFFFFFF6E
:10E2C000FFFFFFFFFFFFFFFFFFFFFFFFFFFFFFFF5E
:10E2D000FFFFFFFFFFFFFFFFFFFFFFFFFFFFFFFF4E
:10E2E000FFFFFFFFFFFFFFFFFFFFFFFFFFFFFFFF3E
:10E2F000FFFFFFFFFFFFFFFFFFFFFFFFFFFFFFFF2E
:10E30000FFFFFFFFFFFFFFFFFFFFFFFFFFFFFFFF1D
:10E31000FFFFFFFFFFFFFFFFFFFFFFFFFFFFFFFF0D
:10E32000FFFFFFFFFFFFFFFFFFFFFFFFFFFFFFFFFD
:10E33000FFFFFFFFFFFFFFFFFFFFFFFFFFFFFFFFED
:10E34000FFFFFFFFFFFFFFFFFFFFFFFFFFFFFFFFDD
:10E35000FFFFFFFFFFFFFFFFFFFFFFFFFFFFFFFFCD
:10E36000FFFFFFFFFFFFFFFFFFFFFFFFFFFFFFFFBD
:10E37000FFFFFFFFFFFFFFFFFFFFFFFFFFFFFFFFAD
:10E38000FFFFFFFFFFFFFFFFFFFFFFFFFFFFFFFF9D
:10E39000FFFFFFFFFFFFFFFFFFFFFFFFFFFFFFFF8D
:10E3A000FFFFFFFFFFFFFFFFFFFFFFFFFFFFFFFF7D
:10E3B000FFFFFFFFFFFFFFFFFFFFFFFFFFFFFFFF6D
:10E3C000FFFFFFFFFFFFFFFFFFFFFFFFFFFFFFFF5D
:10E3D000FFFFFFFFFFFFFFFFFFFFFFFFFFFFFFFF4D
:10E3E000FFFFFFFFFFFFFFFFFFFFFFFFFFFFFFFF3D
:10E3F000FFFFFFFFFFFFFFFFFFFFFFFFFFFFFFFF2D
:10E40000FFFFFFFFFFFFFFFFFFFFFFFFFFFFFFFF1C
:10E41000FFFFFFFFFFFFFFFFFFFFFFFFFFFFFFFF0C
:10E42000FFFFFFFFFFFFFFFFFFFFFFFFFFFFFFFFFC
:10E43000FFFFFFFFFFFFFFFFFFFFFFFFFFFFFFFFEC
:10E44000FFFFFFFFFFFFFFFFFFFFFFFFFFFFFFFFDC
:10E45000FFFFFFFFFFFFFFFFFFFFFFFFFFFFFFFFCC
:10E46000FFFFFFFFFFFFFFFFFFFFFFFFFFFFFFFFBC
:10E47000FFFFFFFFFFFFFFFFFFFFFFFFFFFFFFFFAC
:10E48000FFFFFFFFFFFFFFFFFFFFFFFFFFFFFFFF9C
:10E49000FFFFFFFFFFFFFFFFFFFFFFFFFFFFFFFF8C
:10E4A000FFFFFFFFFFFFFFFFFFFFFFFFFFFFFFFF7C
:10E4B000FFFFFFFFFFFFFFFFFFFFFFFFFFFFFFFF6C
:10E4C000FFFFFFFFFFFFFFFFFFFFFFFFFFFFFFFF5C
:10E4D000FFFFFFFFFFFFFFFFFFFFFFFFFFFFFFFF4C
:10E4E000FFFFFFFFFFFFFFFFFFFFFFFFFFFFFFFF3C
:10E4F000FFFFFFFFFFFFFFFFFFFFFFFFFFFFFFFF2C
:10E50000FFFFFFFFFFFFFFFFFFFFFFFFFFFFFFFF1B
:10E51000FFFFFFFFFFFFFFFFFFFFFFFFFFFFFFFF0B
:10E52000FFFFFFFFFFFFFFFFFFFFFFFFFFFFFFFFFB
:10E53000FFFFFFFFFFFFFFFFFFFFFFFFFFFFFFFFEB
:10E54000FFFFFFFFFFFFFFFFFFFFFFFFFFFFFFFFDB
:10E55000FFFFFFFFFFFFFFFFFFFFFFFFFFFFFFFFCB
:10E56000FFFFFFFFFFFFFFFFFFFFFFFFFFFFFFFFBB
:10E57000FFFFFFFFFFFFFFFFFFFFFFFFFFFFFFFFAB
:10E58000FFFFFFFFFFFFFFFFFFFFFFFFFFFFFFFF9B
:10E59000FFFFFFFFFFFFFFFFFFFFFFFFFFFFFFFF8B
:10E5A000FFFFFFFFFFFFFFFFFFFFFFFFFFFFFFFF7B
:10E5B000FFFFFFFFFFFFFFFFFFFFFFFFFFFFFFFF6B
:10E5C000FFFFFFFFFFFFFFFFFFFFFFFFFFFFFFFF5B
:10E5D000FFFFFFFFFFFFFFFFFFFFFFFFFFFFFFFF4B
:10E5E000FFFFFFFFFFFFFFFFFFFFFFFFFFFFFFFF3B
:10E5F000FFFFFFFFFFFFFFFFFFFFFFFFFFFFFFFF2B
:10E60000FFFFFFFFFFFFFFFFFFFFFFFFFFFFFFFF1A
:10E61000FFFFFFFFFFFFFFFFFFFFFFFFFFFFFFFF0A
:10E62000FFFFFFFFFFFFFFFFFFFFFFFFFFFFFFFFFA
:10E63000FFFFFFFFFFFFFFFFFFFFFFFFFFFFFFFFEA
:10E64000FFFFFFFFFFFFFFFFFFFFFFFFFFFFFFFFDA
:10E65000FFFFFFFFFFFFFFFFFFFFFFFFFFFFFFFFCA
:10E66000FFFFFFFFFFFFFFFFFFFFFFFFFFFFFFFFBA
:10E67000FFFFFFFFFFFFFFFFFFFFFFFFFFFFFFFFAA
:10E68000FFFFFFFFFFFFFFFFFFFFFFFFFFFFFFFF9A
:10E69000FFFFFFFFFFFFFFFFFFFFFFFFFFFFFFFF8A
:10E6A000FFFFFFFFFFFFFFFFFFFFFFFFFFFFFFFF7A
:10E6B000FFFFFFFFFFFFFFFFFFFFFFFFFFFFFFFF6A
:10E6C000FFFFFFFFFFFFFFFFFFFFFFFFFFFFFFFF5A
:10E6D000FFFFFFFFFFFFFFFFFFFFFFFFFFFFFFFF4A
:10E6E000FFFFFFFFFFFFFFFFFFFFFFFFFFFFFFFF3A
:10E6F000FFFFFFFFFFFFFFFFFFFFFFFFFFFFFFFF2A
:10E70000FFFFFFFFFFFFFFFFFFFFFFFFFFFFFFFF19
:10E71000FFFFFFFFFFFFFFFFFFFFFFFFFFFFFFFF09
:10E72000FFFFFFFFFFFFFFFFFFFFFFFFFFFFFFFFF9
:10E73000FFFFFFFFFFFFFFFFFFFFFFFFFFFFFFFFE9
:10E74000FFFFFFFFFFFFFFFFFFFFFFFFFFFFFFFFD9
:10E75000FFFFFFFFFFFFFFFFFFFFFFFFFFFFFFFFC9
:10E76000FFFFFFFFFFFFFFFFFFFFFFFFFFFFFFFFB9
:10E77000FFFFFFFFFFFFFFFFFFFFFFFFFFFFFFFFA9
:10E78000FFFFFFFFFFFFFFFFFFFFFFFFFFFFFFFF99
:10E79000FFFFFFFFFFFFFFFFFFFFFFFFFFFFFFFF89
:10E7A000FFFFFFFFFFFFFFFFFFFFFFFFFFFFFFFF79
:10E7B000FFFFFFFFFFFFFFFFFFFFFFFFFFFFFFFF69
:10E7C000FFFFFFFFFFFFFFFFFFFFFFFFFFFFFFFF59
:10E7D000FFFFFFFFFFFFFFFFFFFFFFFFFFFFFFFF49
:10E7E000FFFFFFFFFFFFFFFFFFFFFFFFFFFFFFFF39
:10E7F000FFFFFFFFFFFFFFFFFFFFFFFFFFFFFFFF29
:10E80000FFFFFFFFFFFFFFFFFFFFFFFFFFFFFFFF18
:10E81000FFFFFFFFFFFFFFFFFFFFFFFFFFFFFFFF08
:10E82000FFFFFFFFFFFFFFFFFFFFFFFFFFFFFFFFF8
:10E83000FFFFFFFFFFFFFFFFFFFFFFFFFFFFFFFFE8
:10E84000FFFFFFFFFFFFFFFFFFFFFFFFFFFFFFFFD8
:10E85000FFFFFFFFFFFFFFFFFFFFFFFFFFFFFFFFC8
:10E86000FFFFFFFFFFFFFFFFFFFFFFFFFFFFFFFFB8
:10E87000FFFFFFFFFFFFFFFFFFFFFFFFFFFFFFFFA8
:10E88000FFFFFFFFFFFFFFFFFFFFFFFFFFFFFFFF98
:10E89000FFFFFFFFFFFFFFFFFFFFFFFFFFFFFFFF88
:10E8A000FFFFFFFFFFFFFFFFFFFFFFFFFFFFFFFF78
:10E8B000FFFFFFFFFFFFFFFFFFFFFFFFFFFFFFFF68
:10E8C000FFFFFFFFFFFFFFFFFFFFFFFFFFFFFFFF58
:10E8D000FFFFFFFFFFFFFFFFFFFFFFFFFFFFFFFF48
:10E8E000FFFFFFFFFFFFFFFFFFFFFFFFFFFFFFFF38
:10E8F000FFFFFFFFFFFFFFFFFFFFFFFFFFFFFFFF28
:10E90000FFFFFFFFFFFFFFFFFFFFFFFFFFFFFFFF17
:10E91000FFFFFFFFFFFFFFFFFFFFFFFFFFFFFFFF07
:10E92000FFFFFFFFFFFFFFFFFFFFFFFFFFFFFFFFF7
:10E93000FFFFFFFFFFFFFFFFFFFFFFFFFFFFFFFFE7
:10E94000FFFFFFFFFFFFFFFFFFFFFFFFFFFFFFFFD7
:10E95000FFFFFFFFFFFFFFFFFFFFFFFFFFFFFFFFC7
:10E96000FFFFFFFFFFFFFFFFFFFFFFFFFFFFFFFFB7
:10E97000FFFFFFFFFFFFFFFFFFFFFFFFFFFFFFFFA7
:10E98000FFFFFFFFFFFFFFFFFFFFFFFFFFFFFFFF97
:10E99000FFFFFFFFFFFFFFFFFFFFFFFFFFFFFFFF87
:10E9A000FFFFFFFFFFFFFFFFFFFFFFFFFFFFFFFF77
:10E9B000FFFFFFFFFFFFFFFFFFFFFFFFFFFFFFFF67
:10E9C000FFFFFFFFFFFFFFFFFFFFFFFFFFFFFFFF57
:10E9D000FFFFFFFFFFFFFFFFFFFFFFFFFFFFFFFF47
:10E9E000FFFFFFFFFFFFFFFFFFFFFFFFFFFFFFFF37
:10E9F000FFFFFFFFFFFFFFFFFFFFFFFFFFFFFFFF27
:10EA0000FFFFFFFFFFFFFFFFFFFFFFFFFFFFFFFF16
:10EA1000FFFFFFFFFFFFFFFFFFFFFFFFFFFFFFFF06
:10EA2000FFFFFFFFFFFFFFFFFFFFFFFFFFFFFFFFF6
:10EA3000FFFFFFFFFFFFFFFFFFFFFFFFFFFFFFFFE6
:10EA4000FFFFFFFFFFFFFFFFFFFFFFFFFFFFFFFFD6
:10EA5000FFFFFFFFFFFFFFFFFFFFFFFFFFFFFFFFC6
:10EA6000FFFFFFFFFFFFFFFFFFFFFFFFFFFFFFFFB6
:10EA7000FFFFFFFFFFFFFFFFFFFFFFFFFFFFFFFFA6
:10EA8000FFFFFFFFFFFFFFFFFFFFFFFFFFFFFFFF96
:10EA9000FFFFFFFFFFFFFFFFFFFFFFFFFFFFFFFF86
:10EAA000FFFFFFFFFFFFFFFFFFFFFFFFFFFFFFFF76
:10EAB000FFFFFFFFFFFFFFFFFFFFFFFFFFFFFFFF66
:10EAC000FFFFFFFFFFFFFFFFFFFFFFFFFFFFFFFF56
:10EAD000FFFFFFFFFFFFFFFFFFFFFFFFFFFFFFFF46
:10EAE000FFFFFFFFFFFFFFFFFFFFFFFFFFFFFFFF36
:10EAF000FFFFFFFFFFFFFFFFFFFFFFFFFFFFFFFF26
:10EB0000FFFFFFFFFFFFFFFFFFFFFFFFFFFFFFFF15
:10EB1000FFFFFFFFFFFFFFFFFFFFFFFFFFFFFFFF05
:10EB2000FFFFFFFFFFFFFFFFFFFFFFFFFFFFFFFFF5
:10EB3000FFFFFFFFFFFFFFFFFFFFFFFFFFFFFFFFE5
:10EB4000FFFFFFFFFFFFFFFFFFFFFFFFFFFFFFFFD5
:10EB5000FFFFFFFFFFFFFFFFFFFFFFFFFFFFFFFFC5
:10EB6000FFFFFFFFFFFFFFFFFFFFFFFFFFFFFFFFB5
:10EB7000FFFFFFFFFFFFFFFFFFFFFFFFFFFFFFFFA5
:10EB8000FFFFFFFFFFFFFFFFFFFFFFFFFFFFFFFF95
:10EB9000FFFFFFFFFFFFFFFFFFFFFFFFFFFFFFFF85
:10EBA000FFFFFFFFFFFFFFFFFFFFFFFFFFFFFFFF75
:10EBB000FFFFFFFFFFFFFFFFFFFFFFFFFFFFFFFF65
:10EBC000FFFFFFFFFFFFFFFFFFFFFFFFFFFFFFFF55
:10EBD000FFFFFFFFFFFFFFFFFFFFFFFFFFFFFFFF45
:10EBE000FFFFFFFFFFFFFFFFFFFFFFFFFFFFFFFF35
:10EBF000FFFFFFFFFFFFFFFFFFFFFFFFFFFFFFFF25
:10EC0000FFFFFFFFFFFFFFFFFFFFFFFFFFFFFFFF14
:10EC1000FFFFFFFFFFFFFFFFFFFFFFFFFFFFFFFF04
:10EC2000FFFFFFFFFFFFFFFFFFFFFFFFFFFFFFFFF4
:10EC3000FFFFFFFFFFFFFFFFFFFFFFFFFFFFFFFFE4
:10EC4000FFFFFFFFFFFFFFFFFFFFFFFFFFFFFFFFD4
:10EC5000FFFFFFFFFFFFFFFFFFFFFFFFFFFFFFFFC4
:10EC6000FFFFFFFFFFFFFFFFFFFFFFFFFFFFFFFFB4
:10EC7000FFFFFFFFFFFFFFFFFFFFFFFFFFFFFFFFA4
:10EC8000FFFFFFFFFFFFFFFFFFFFFFFFFFFFFFFF94
:10EC9000FFFFFFFFFFFFFFFFFFFFFFFFFFFFFFFF84
:10ECA000FFFFFFFFFFFFFFFFFFFFFFFFFFFFFFFF74
:10ECB000FFFFFFFFFFFFFFFFFFFFFFFFFFFFFFFF64
:10ECC000FFFFFFFFFFFFFFFFFFFFFFFFFFFFFFFF54
:10ECD000FFFFFFFFFFFFFFFFFFFFFFFFFFFFFFFF44
:10ECE000FFFFFFFFFFFFFFFFFFFFFFFFFFFFFFFF34
:10ECF000FFFFFFFFFFFFFFFFFFFFFFFFFFFFFFFF24
:10ED0000FFFFFFFFFFFFFFFFFFFFFFFFFFFFFFFF13
:10ED1000FFFFFFFFFFFFFFFFFFFFFFFFFFFFFFFF03
:10ED2000FFFFFFFFFFFFFFFFFFFFFFFFFFFFFFFFF3
:10ED3000FFFFFFFFFFFFFFFFFFFFFFFFFFFFFFFFE3
:10ED4000FFFFFFFFFFFFFFFFFFFFFFFFFFFFFFFFD3
:10ED5000FFFFFFFFFFFFFFFFFFFFFFFFFFFFFFFFC3
:10ED6000FFFFFFFFFFFFFFFFFFFFFFFFFFFFFFFFB3
:10ED7000FFFFFFFFFFFFFFFFFFFFFFFFFFFFFFFFA3
:10ED8000FFFFFFFFFFFFFFFFFFFFFFFFFFFFFFFF93
:10ED9000FFFFFFFFFFFFFFFFFFFFFFFFFFFFFFFF83
:10EDA000FFFFFFFFFFFFFFFFFFFFFFFFFFFFFFFF73
:10EDB000FFFFFFFFFFFFFFFFFFFFFFFFFFFFFFFF63
:10EDC000FFFFFFFFFFFFFFFFFFFFFFFFFFFFFFFF53
:10EDD000FFFFFFFFFFFFFFFFFFFFFFFFFFFFFFFF43
:10EDE000FFFFFFFFFFFFFFFFFFFFFFFFFFFFFFFF33
:10EDF000FFFFFFFFFFFFFFFFFFFFFFFFFFFFFFFF23
:10EE0000FFFFFFFFFFFFFFFFFFFFFFFFFFFFFFFF12
:10EE1000FFFFFFFFFFFFFFFFFFFFFFFFFFFFFFFF02
:10EE2000FFFFFFFFFFFFFFFFFFFFFFFFFFFFFFFFF2
:10EE3000FFFFFFFFFFFFFFFFFFFFFFFFFFFFFFFFE2
:10EE4000FFFFFFFFFFFFFFFFFFFFFFFFFFFFFFFFD2
:10EE5000FFFFFFFFFFFFFFFFFFFFFFFFFFFFFFFFC2
:10EE6000FFFFFFFFFFFFFFFFFFFFFFFFFFFFFFFFB2
:10EE7000FFFFFFFFFFFFFFFFFFFFFFFFFFFFFFFFA2
:10EE8000FFFFFFFFFFFFFFFFFFFFFFFFFFFFFFFF92
:10EE9000FFFFFFFFFFFFFFFFFFFFFFFFFFFFFFFF82
:10EEA000FFFFFFFFFFFFFFFFFFFFFFFFFFFFFFFF72
:10EEB000FFFFFFFFFFFFFFFFFFFFFFFFFFFFFFFF62
:10EEC000FFFFFFFFFFFFFFFFFFFFFFFFFFFFFFFF52
:10EED000FFFFFFFFFFFFFFFFFFFFFFFFFFFFFFFF42
:10EEE000FFFFFFFFFFFFFFFFFFFFFFFFFFFFFFFF32
:10EEF000FFFFFFFFFFFFFFFFFFFFFFFFFFFFFFFF22
:10EF0000FFFFFFFFFFFFFFFFFFFFFFFFFFFFFFFF11
:10EF1000FFFFFFFFFFFFFFFFFFFFFFFFFFFFFFFF01
:10EF2000FFFFFFFFFFFFFFFFFFFFFFFFFFFFFFFFF1
:10EF3000FFFFFFFFFFFFFFFFFFFFFFFFFFFFFFFFE1
:10EF4000FFFFFFFFFFFFFFFFFFFFFFFFFFFFFFFFD1
:10EF5000FFFFFFFFFFFFFFFFFFFFFFFFFFFFFFFFC1
:10EF6000FFFFFFFFFFFFFFFFFFFFFFFFFFFFFFFFB1
:10EF7000FFFFFFFFFFFFFFFFFFFFFFFFFFFFFFFFA1
:10EF8000FFFFFFFFFFFFFFFFFFFFFFFFFFFFFFFF91
:10EF9000FFFFFFFFFFFFFFFFFFFFFFFFFFFFFFFF81
:10EFA000FFFFFFFFFFFFFFFFFFFFFFFFFFFFFFFF71
:10EFB000FFFFFFFFFFFFFFFFFFFFFFFFFFFFFFFF61
:10EFC000FFFFFFFFFFFFFFFFFFFFFFFFFFFFFFFF51
:10EFD000FFFFFFFFFFFFFFFFFFFFFFFFFFFFFFFF41
:10EFE000FFFFFFFFFFFFFFFFFFFFFFFFFFFFFFFF31
:10EFF000FFFFFFFFFFFFFFFFFFFFFFFFFFFFFFFF21
:10F00000FFFFFFFFFFFFFFFFFFFFFFFFFFFFFFFF10
:10F01000FFFFFFFFFFFFFFFFFFFFFFFFFFFFFFFF00
:10F02000FFFFFFFFFFFFFFFFFFFFFFFFFFFFFFFFF0
:10F03000FFFFFFFFFFFFFFFFFFFFFFFFFFFFFFFFE0
:10F04000FFFFFFFFFFFFFFFFFFFFFFFFFFFFFFFFD0
:10F05000FFFFFFFFFFFFFFFFFFFFFFFFFFFFFFFFC0
:10F06000FFFFFFFFFFFFFFFFFFFFFFFFFFFFFFFFB0
:10F07000FFFFFFFFFFFFFFFFFFFFFFFFFFFFFFFFA0
:10F08000FFFFFFFFFFFFFFFFFFFFFFFFFFFFFFFF90
:10F09000FFFFFFFFFFFFFFFFFFFFFFFFFFFFFFFF80
:10F0A000FFFFFFFFFFFFFFFFFFFFFFFFFFFFFFFF70
:10F0B000FFFFFFFFFFFFFFFFFFFFFFFFFFFFFFFF60
:10F0C000FFFFFFFFFFFFFFFFFFFFFFFFFFFFFFFF50
:10F0D000FFFFFFFFFFFFFFFFFFFFFFFFFFFFFFFF40
:10F0E000FFFFFFFFFFFFFFFFFFFFFFFFFFFFFFFF30
:10F0F000FFFFFFFFFFFFFFFFFFFFFFFFFFFFFFFF20
:10F10000FFFFFFFFFFFFFFFFFFFFFFFFFFFFFFFF0F
:10F11000FFFFFFFFFFFFFFFFFFFFFFFFFFFFFFFFFF
:10F12000FFFFFFFFFFFFFFFFFFFFFFFFFFFFFFFFEF
:10F13000FFFFFFFFFFFFFFFFFFFFFFFFFFFFFFFFDF
:10F14000FFFFFFFFFFFFFFFFFFFFFFFFFFFFFFFFCF
:10F15000FFFFFFFFFFFFFFFFFFFFFFFFFFFFFFFFBF
:10F16000FFFFFFFFFFFFFFFFFFFFFFFFFFFFFFFFAF
:10F17000FFFFFFFFFFFFFFFFFFFFFFFFFFFFFFFF9F
:10F18000FFFFFFFFFFFFFFFFFFFFFFFFFFFFFFFF8F
:10F19000FFFFFFFFFFFFFFFFFFFFFFFFFFFFFFFF7F
:10F1A000FFFFFFFFFFFFFFFFFFFFFFFFFFFFFFFF6F
:10F1B000FFFFFFFFFFFFFFFFFFFFFFFFFFFFFFFF5F
:10F1C000FFFFFFFFFFFFFFFFFFFFFFFFFFFFFFFF4F
:10F1D000FFFFFFFFFFFFFFFFFFFFFFFFFFFFFFFF3F
:10F1E000FFFFFFFFFFFFFFFFFFFFFFFFFFFFFFFF2F
:10F1F000FFFFFFFFFFFFFFFFFFFFFFFFFFFFFFFF1F
:10F20000FFFFFFFFFFFFFFFFFFFFFFFFFFFFFFFF0E
:10F21000FFFFFFFFFFFFFFFFFFFFFFFFFFFFFFFFFE
:10F22000FFFFFFFFFFFFFFFFFFFFFFFFFFFFFFFFEE
:10F23000FFFFFFFFFFFFFFFFFFFFFFFFFFFFFFFFDE
:10F24000FFFFFFFFFFFFFFFFFFFFFFFFFFFFFFFFCE
:10F25000FFFFFFFFFFFFFFFFFFFFFFFFFFFFFFFFBE
:10F26000FFFFFFFFFFFFFFFFFFFFFFFFFFFFFFFFAE
:10F27000FFFFFFFFFFFFFFFFFFFFFFFFFFFFFFFF9E
:10F28000FFFFFFFFFFFFFFFFFFFFFFFFFFFFFFFF8E
:10F29000FFFFFFFFFFFFFFFFFFFFFFFFFFFFFFFF7E
:10F2A000FFFFFFFFFFFFFFFFFFFFFFFFFFFFFFFF6E
:10F2B000FFFFFFFFFFFFFFFFFFFFFFFFFFFFFFFF5E
:10F2C000FFFFFFFFFFFFFFFFFFFFFFFFFFFFFFFF4E
:10F2D000FFFFFFFFFFFFFFFFFFFFFFFFFFFFFFFF3E
:10F2E000FFFFFFFFFFFFFFFFFFFFFFFFFFFFFFFF2E
:10F2F000FFFFFFFFFFFFFFFFFFFFFFFFFFFFFFFF1E
:10F30000FFFFFFFFFFFFFFFFFFFFFFFFFFFFFFFF0D
:10F31000FFFFFFFFFFFFFFFFFFFFFFFFFFFFFFFFFD
:10F32000FFFFFFFFFFFFFFFFFFFFFFFFFFFFFFFFED
:10F33000FFFFFFFFFFFFFFFFFFFFFFFFFFFFFFFFDD
:10F34000FFFFFFFFFFFFFFFFFFFFFFFFFFFFFFFFCD
:10F35000FFFFFFFFFFFFFFFFFFFFFFFFFFFFFFFFBD
:10F36000FFFFFFFFFFFFFFFFFFFFFFFFFFFFFFFFAD
:10F37000FFFFFFFFFFFFFFFFFFFFFFFFFFFFFFFF9D
:10F38000FFFFFFFFFFFFFFFFFFFFFFFFFFFFFFFF8D
:10F39000FFFFFFFFFFFFFFFFFFFFFFFFFFFFFFFF7D
:10F3A000FFFFFFFFFFFFFFFFFFFFFFFFFFFFFFFF6D
:10F3B000FFFFFFFFFFFFFFFFFFFFFFFFFFFFFFFF5D
:10F3C000FFFFFFFFFFFFFFFFFFFFFFFFFFFFFFFF4D
:10F3D000FFFFFFFFFFFFFFFFFFFFFFFFFFFFFFFF3D
:10F3E000FFFFFFFFFFFFFFFFFFFFFFFFFFFFFFFF2D
:10F3F000FFFFFFFFFFFFFFFFFFFFFFFFFFFFFFFF1D
:10F40000FFFFFFFFFFFFFFFFFFFFFFFFFFFFFFFF0C
:10F41000FFFFFFFFFFFFFFFFFFFFFFFFFFFFFFFFFC
:10F42000FFFFFFFFFFFFFFFFFFFFFFFFFFFFFFFFEC
:10F43000FFFFFFFFFFFFFFFFFFFFFFFFFFFFFFFFDC
:10F44000FFFFFFFFFFFFFFFFFFFFFFFFFFFFFFFFCC
:10F45000FFFFFFFFFFFFFFFFFFFFFFFFFFFFFFFFBC
:10F46000FFFFFFFFFFFFFFFFFFFFFFFFFFFFFFFFAC
:10F47000FFFFFFFFFFFFFFFFFFFFFFFFFFFFFFFF9C
:10F48000FFFFFFFFFFFFFFFFFFFFFFFFFFFFFFFF8C
:10F49000FFFFFFFFFFFFFFFFFFFFFFFFFFFFFFFF7C
:10F4A000FFFFFFFFFFFFFFFFFFFFFFFFFFFFFFFF6C
:10F4B000FFFFFFFFFFFFFFFFFFFFFFFFFFFFFFFF5C
:10F4C000FFFFFFFFFFFFFFFFFFFFFFFFFFFFFFFF4C
:10F4D000FFFFFFFFFFFFFFFFFFFFFFFFFFFFFFFF3C
:10F4E000FFFFFFFFFFFFFFFFFFFFFFFFFFFFFFFF2C
:10F4F000FFFFFFFFFFFFFFFFFFFFFFFFFFFFFFFF1C
:10F50000FFFFFFFFFFFFFFFFFFFFFFFFFFFFFFFF0B
:10F51000FFFFFFFFFFFFFFFFFFFFFFFFFFFFFFFFFB
:10F52000FFFFFFFFFFFFFFFFFFFFFFFFFFFFFFFFEB
:10F53000FFFFFFFFFFFFFFFFFFFFFFFFFFFFFFFFDB
:10F54000FFFFFFFFFFFFFFFFFFFFFFFFFFFFFFFFCB
:10F55000FFFFFFFFFFFFFFFFFFFFFFFFFFFFFFFFBB
:10F56000FFFFFFFFFFFFFFFFFFFFFFFFFFFFFFFFAB
:10F57000FFFFFFFFFFFFFFFFFFFFFFFFFFFFFFFF9B
:10F58000FFFFFFFFFFFFFFFFFFFFFFFFFFFFFFFF8B
:10F59000FFFFFFFFFFFFFFFFFFFFFFFFFFFFFFFF7B
:10F5A000FFFFFFFFFFFFFFFFFFFFFFFFFFFFFFFF6B
:10F5B000FFFFFFFFFFFFFFFFFFFFFFFFFFFFFFFF5B
:10F5C000FFFFFFFFFFFFFFFFFFFFFFFFFFFFFFFF4B
:10F5D000FFFFFFFFFFFFFFFFFFFFFFFFFFFFFFFF3B
:10F5E000FFFFFFFFFFFFFFFFFFFFFFFFFFFFFFFF2B
:10F5F000FFFFFFFFFFFFFFFFFFFFFFFFFFFFFFFF1B
:10F60000FFFFFFFFFFFFFFFFFFFFFFFFFFFFFFFF0A
:10F61000FFFFFFFFFFFFFFFFFFFFFFFFFFFFFFFFFA
:10F62000FFFFFFFFFFFFFFFFFFFFFFFFFFFFFFFFEA
:10F63000FFFFFFFFFFFFFFFFFFFFFFFFFFFFFFFFDA
:10F64000FFFFFFFFFFFFFFFFFFFFFFFFFFFFFFFFCA
:10F65000FFFFFFFFFFFFFFFFFFFFFFFFFFFFFFFFBA
:10F66000FFFFFFFFFFFFFFFFFFFFFFFFFFFFFFFFAA
:10F67000FFFFFFFFFFFFFFFFFFFFFFFFFFFFFFFF9A
:10F68000FFFFFFFFFFFFFFFFFFFFFFFFFFFFFFFF8A
:10F69000FFFFFFFFFFFFFFFFFFFFFFFFFFFFFFFF7A
:10F6A000FFFFFFFFFFFFFFFFFFFFFFFFFFFFFFFF6A
:10F6B000FFFFFFFFFFFFFFFFFFFFFFFFFFFFFFFF5A
:10F6C000FFFFFFFFFFFFFFFFFFFFFFFFFFFFFFFF4A
:10F6D000FFFFFFFFFFFFFFFFFFFFFFFFFFFFFFFF3A
:10F6E000FFFFFFFFFFFFFFFFFFFFFFFFFFFFFFFF2A
:10F6F000FFFFFFFFFFFFFFFFFFFFFFFFFFFFFFFF1A
:10F70000FFFFFFFFFFFFFFFFFFFFFFFFFFFFFFFF09
:10F71000FFFFFFFFFFFFFFFFFFFFFFFFFFFFFFFFF9
:10F72000FFFFFFFFFFFFFFFFFFFFFFFFFFFFFFFFE9
:10F73000FFFFFFFFFFFFFFFFFFFFFFFFFFFFFFFFD9
:10F74000FFFFFFFFFFFFFFFFFFFFFFFFFFFFFFFFC9
:10F75000FFFFFFFFFFFFFFFFFFFFFFFFFFFFFFFFB9
:10F76000FFFFFFFFFFFFFFFFFFFFFFFFFFFFFFFFA9
:10F77000FFFFFFFFFFFFFFFFFFFFFFFFFFFFFFFF99
:10F78000FFFFFFFFFFFFFFFFFFFFFFFFFFFFFFFF89
:10F79000FFFFFFFFFFFFFFFFFFFFFFFFFFFFFFFF79
:10F7A000FFFFFFFFFFFFFFFFFFFFFFFFFFFFFFFF69
:10F7B000FFFFFFFFFFFFFFFFFFFFFFFFFFFFFFFF59
:10F7C000FFFFFFFFFFFFFFFFFFFFFFFFFFFFFFFF49
:10F7D000FFFFFFFFFFFFFFFFFFFFFFFFFFFFFFFF39
:10F7E000FFFFFFFFFFFFFFFFFFFFFFFFFFFFFFFF29
:10F7F000FFFFFFFFFFFFFFFFFFFFFFFFFFFFFFFF19
:10F80000FFFFFFFFFFFFFFFFFFFFFFFFFFFFFFFF08
:10F81000FFFFFFFFFFFFFFFFFFFFFFFFFFFFFFFFF8
:10F82000FFFFFFFFFFFFFFFFFFFFFFFFFFFFFFFFE8
:10F83000FFFFFFFFFFFFFFFFFFFFFFFFFFFFFFFFD8
:10F84000FFFFFFFFFFFFFFFFFFFFFFFFFFFFFFFFC8
:10F85000FFFFFFFFFFFFFFFFFFFFFFFFFFFFFFFFB8
:10F86000FFFFFFFFFFFFFFFFFFFFFFFFFFFFFFFFA8
:10F87000FFFFFFFFFFFFFFFFFFFFFFFFFFFFFFFF98
:10F88000FFFFFFFFFFFFFFFFFFFFFFFFFFFFFFFF88
:10F89000FFFFFFFFFFFFFFFFFFFFFFFFFFFFFFFF78
:10F8A000FFFFFFFFFFFFFFFFFFFFFFFFFFFFFFFF68
:10F8B000FFFFFFFFFFFFFFFFFFFFFFFFFFFFFFFF58
:10F8C000FFFFFFFFFFFFFFFFFFFFFFFFFFFFFFFF48
:10F8D000FFFFFFFFFFFFFFFFFFFFFFFFFFFFFFFF38
:10F8E000FFFFFFFFFFFFFFFFFFFFFFFFFFFFFFFF28
:10F8F000FFFFFFFFFFFFFFFFFFFFFFFFFFFFFFFF18
:10F90000FFFFFFFFFFFFFFFFFFFFFFFFFFFFFFFF07
:10F91000FFFFFFFFFFFFFFFFFFFFFFFFFFFFFFFFF7
:10F92000FFFFFFFFFFFFFFFFFFFFFFFFFFFFFFFFE7
:10F93000FFFFFFFFFFFFFFFFFFFFFFFFFFFFFFFFD7
:10F94000FFFFFFFFFFFFFFFFFFFFFFFFFFFFFFFFC7
:10F95000FFFFFFFFFFFFFFFFFFFFFFFFFFFFFFFFB7
:10F96000FFFFFFFFFFFFFFFFFFFFFFFFFFFFFFFFA7
:10F97000FFFFFFFFFFFFFFFFFFFFFFFFFFFFFFFF97
:10F98000FFFFFFFFFFFFFFFFFFFFFFFFFFFFFFFF87
:10F99000FFFFFFFFFFFFFFFFFFFFFFFFFFFFFFFF77
:10F9A000FFFFFFFFFFFFFFFFFFFFFFFFFFFFFFFF67
:10F9B000FFFFFFFFFFFFFFFFFFFFFFFFFFFFFFFF57
:10F9C000FFFFFFFFFFFFFFFFFFFFFFFFFFFFFFFF47
:10F9D000FFFFFFFFFFFFFFFFFFFFFFFFFFFFFFFF37
:10F9E000FFFFFFFFFFFFFFFFFFFFFFFFFFFFFFFF27
:10F9F000FFFFFFFFFFFFFFFFFFFFFFFFFFFFFFFF17
:10FA0000FFFFFFFFFFFFFFFFFFFFFFFFFFFFFFFF06
:10FA1000FFFFFFFFFFFFFFFFFFFFFFFFFFFFFFFFF6
:10FA2000FFFFFFFFFFFFFFFFFFFFFFFFFFFFFFFFE6
:10FA3000FFFFFFFFFFFFFFFFFFFFFFFFFFFFFFFFD6
:10FA4000FFFFFFFFFFFFFFFFFFFFFFFFFFFFFFFFC6
:10FA5000FFFFFFFFFFFFFFFFFFFFFFFFFFFFFFFFB6
:10FA6000FFFFFFFFFFFFFFFFFFFFFFFFFFFFFFFFA6
:10FA7000FFFFFFFFFFFFFFFFFFFFFFFFFFFFFFFF96
:10FA8000FFFFFFFFFFFFFFFFFFFFFFFFFFFFFFFF86
:10FA9000FFFFFFFFFFFFFFFFFFFFFFFFFFFFFFFF76
:10FAA000FFFFFFFFFFFFFFFFFFFFFFFFFFFFFFFF66
:10FAB000FFFFFFFFFFFFFFFFFFFFFFFFFFFFFFFF56
:10FAC000FFFFFFFFFFFFFFFFFFFFFFFFFFFFFFFF46
:10FAD000FFFFFFFFFFFFFFFFFFFFFFFFFFFFFFFF36
:10FAE000FFFFFFFFFFFFFFFFFFFFFFFFFFFFFFFF26
:10FAF000FFFFFFFFFFFFFFFFFFFFFFFFFFFFFFFF16
:10FB0000FFFFFFFFFFFFFFFFFFFFFFFFFFFFFFFF05
:10FB1000FFFFFFFFFFFFFFFFFFFFFFFFFFFFFFFFF5
:10FB2000FFFFFFFFFFFFFFFFFFFFFFFFFFFFFFFFE5
:10FB3000FFFFFFFFFFFFFFFFFFFFFFFFFFFFFFFFD5
:10FB4000FFFFFFFFFFFFFFFFFFFFFFFFFFFFFFFFC5
:10FB5000FFFFFFFFFFFFFFFFFFFFFFFFFFFFFFFFB5
:10FB6000FFFFFFFFFFFFFFFFFFFFFFFFFFFFFFFFA5
:10FB7000FFFFFFFFFFFFFFFFFFFFFFFFFFFFFFFF95
:10FB8000FFFFFFFFFFFFFFFFFFFFFFFFFFFFFFFF85
:10FB9000FFFFFFFFFFFFFFFFFFFFFFFFFFFFFFFF75
:10FBA000FFFFFFFFFFFFFFFFFFFFFFFFFFFFFFFF65
:10FBB000FFFFFFFFFFFFFFFFFFFFFFFFFFFFFFFF55
:10FBC000FFFFFFFFFFFFFFFFFFFFFFFFFFFFFFFF45
:10FBD000FFFFFFFFFFFFFFFFFFFFFFFFFFFFFFFF35
:10FBE000FFFFFFFFFFFFFFFFFFFFFFFFFFFFFFFF25
:10FBF000FFFFFFFFFFFFFFFFFFFFFFFFFFFFFFFF15
:10FC0000FFFFFFFFFFFFFFFFFFFFFFFFFFFFFFFF04
:10FC1000FFFFFFFFFFFFFFFFFFFFFFFFFFFFFFFFF4
:10FC2000FFFFFFFFFFFFFFFFFFFFFFFFFFFFFFFFE4
:10FC3000FFFFFFFFFFFFFFFFFFFFFFFFFFFFFFFFD4
:10FC4000FFFFFFFFFFFFFFFFFFFFFFFFFFFFFFFFC4
:10FC5000FFFFFFFFFFFFFFFFFFFFFFFFFFFFFFFFB4
:10FC6000FFFFFFFFFFFFFFFFFFFFFFFFFFFFFFFFA4
:10FC7000FFFFFFFFFFFFFFFFFFFFFFFFFFFFFFFF94
:10FC8000FFFFFFFFFFFFFFFFFFFFFFFFFFFFFFFF84
:10FC9000FFFFFFFFFFFFFFFFFFFFFFFFFFFFFFFF74
:10FCA000FFFFFFFFFFFFFFFFFFFFFFFFFFFFFFFF64
:10FCB000FFFFFFFFFFFFFFFFFFFFFFFFFFFFFFFF54
:10FCC000FFFFFFFFFFFFFFFFFFFFFFFFFFFFFFFF44
:10FCD000FFFFFFFFFFFFFFFFFFFFFFFFFFFFFFFF34
:10FCE000FFFFFFFFFFFFFFFFFFFFFFFFFFFFFFFF24
:10FCF000FFFFFFFFFFFFFFFFFFFFFFFFFFFFFFFF14
:10FD0000FFFFFFFFFFFFFFFFFFFFFFFFFFFFFFFF03
:10FD1000FFFFFFFFFFFFFFFFFFFFFFFFFFFFFFFFF3
:10FD2000FFFFFFFFFFFFFFFFFFFFFFFFFFFFFFFFE3
:10FD3000FFFFFFFFFFFFFFFFFFFFFFFFFFFFFFFFD3
:10FD4000FFFFFFFFFFFFFFFFFFFFFFFFFFFFFFFFC3
:10FD5000FFFFFFFFFFFFFFFFFFFFFFFFFFFFFFFFB3
:10FD6000FFFFFFFFFFFFFFFFFFFFFFFFFFFFFFFFA3
:10FD7000FFFFFFFFFFFFFFFFFFFFFFFFFFFFFFFF93
:10FD8000FFFFFFFFFFFFFFFFFFFFFFFFFFFFFFFF83
:10FD9000FFFFFFFFFFFFFFFFFFFFFFFFFFFFFFFF73
:10FDA000FFFFFFFFFFFFFFFFFFFFFFFFFFFFFFFF63
:10FDB000FFFFFFFFFFFFFFFFFFFFFFFFFFFFFFFF53
:10FDC000FFFFFFFFFFFFFFFFFFFFFFFFFFFFFFFF43
:10FDD000FFFFFFFFFFFFFFFFFFFFFFFFFFFFFFFF33
:10FDE000FFFFFFFFFFFFFFFFFFFFFFFFFFFFFFFF23
:10FDF000FFFFFFFFFFFFFFFFFFFFFFFFFFFFFFFF13
:10FE0000FFFFFFFFFFFFFFFFFFFFFFFFFFFFFFFF02
:10FE1000FFFFFFFFFFFFFFFFFFFFFFFFFFFFFFFFF2
:10FE2000FFFFFFFFFFFFFFFFFFFFFFFFFFFFFFFFE2
:10FE3000FFFFFFFFFFFFFFFFFFFFFFFFFFFFFFFFD2
:10FE4000FFFFFFFFFFFFFFFFFFFFFFFFFFFFFFFFC2
:10FE5000FFFFFFFFFFFFFFFFFFFFFFFFFFFFFFFFB2
:10FE6000FFFFFFFFFFFFFFFFFFFFFFFFFFFFFFFFA2
:10FE7000FFFFFFFFFFFFFFFFFFFFFFFFFFFFFFFF92
:10FE8000FFFFFFFFFFFFFFFFFFFFFFFFFFFFFFFF82
:10FE9000FFFFFFFFFFFFFFFFFFFFFFFFFFFFFFFF72
:10FEA000FFFFFFFFFFFFFFFFFFFFFFFFFFFFFFFF62
:10FEB000FFFFFFFFFFFFFFFFFFFFFFFFFFFFFFFF52
:10FEC000FFFFFFFFFFFFFFFFFFFFFFFFFFFFFFFF42
:10FED000FFFFFFFFFFFFFFFFFFFFFFFFFFFFFFFF32
:10FEE000FFFFFFFFFFFFFFFFFFFFFFFFFFFFFFFF22
:10FEF000FFFFFFFFFFFFFFFFFFFFFFFFFFFFFFFF12
:10FF0000FFFFFFFFFFFFFFFFFFFFFFFFFFFFFFFF01
:10FF1000FFFFFFFFFFFFFFFFFFFFFFFFFFFFFFFFF1
:10FF2000FFFFFFFFFFFFFFFFFFFFFFFFFFFFFFFFE1
:10FF3000FFFFFFFFFFFFFFFFFFFFFFFFFFFFFFFFD1
:10FF4000FFFFFFFFFFFFFFFFFFFFFFFFFFFFFFFFC1
:10FF5000FFFFFFFFFFFFFFFFFFFFFFFFFFFFFFFFB1
:10FF6000FFFFFFFFFFFFFFFFFFFFFFFFFFFFFFFFA1
:10FF7000FFFFFFFFFFFFFFFFFFFFFFFFFFFFFFFF91
:10FF8000FFFFFFFFFFFFFFFFFFFFFFFFFFFFFFFF81
:10FF9000FFFFFFFFFFFFFFFFFFFFFFFFFFFFFFFF71
:10FFA000FFFFFFFFFFFFFFFFFFFFFFFFFFFFFFFF61
:10FFB000FFFFFFFFFFFFFFFFFFFFFFFFFFFFFFFF51
:10FFC000FFFFFFFFFFFFFFFFFFFFFFFFFFFFFFFF41
:10FFD000FFFFFFFFFFFFFFFFFFFFFFFFFFFFFFFF31
:10FFE000FFFFFFFFFFFFFFFFFFFFFFFFFFFFFFFF21
:10FFF000FFFFFFFFFFFFFFFFFFFFFFFFFFFFCC6FD4
:020000040020DA
:080000000F06000000000000E3
:020000040030CA
:0E0000001D187F7C018991FF00C0FFE0FF40CA
:0200000400F00A
:10000000C8006E00B400B4000100580201000E0FD9
:100010002C0164009600FA000000580200001E1F28
:100020008A023002440244020100580202002E2FCC
:10003000000406000000003700000000F89B0200EA
:100040000864FDFF000000000014004B4C4D4E4FB3
:1000500000000000000000000000000000000000A0
:100060000000000000000000000000000000000090
:100070000000000000000000000000000000647F9D
:10008000000000000000000001000000000000006F
:00000001FF
